time,seconds_elapsed,rotationRateX,rotationRateY,rotationRateZ,gravityX,gravityY,gravityZ,accelerationX,accelerationY,accelerationZ,quaternionW,quaternionX,quaternionY,quaternionZ,pitch,roll,yaw
1771355008660744448,3.50974440574646,-0.1419100612401962,0.0132198613137006,0.0302828606218099,-0.8419870734214783,0.4668520987033844,0.2703833878040313,0.0068581104278564,0.0219327211380004,0.0264152586460113,-0.3082942786112058,-0.4021144362987022,0.6881102240409577,-0.5193871811699001,-0.485727796308799,-1.8815197688872485,1.415157578686194
1771355008670775296,3.519775390625,-0.1709696799516677,0.0009485487826168,0.0440940149128437,-0.8414872288703918,0.4667934477329254,0.2720359265804291,0.0128738284111022,0.0165897607803344,0.0350168049335479,-0.3082617783213332,-0.4018184753738715,0.6888830646473391,-0.5186105112405884,-0.485661467478033,-1.8834716982670616,1.4127724702244846
1771355008680807424,3.5298073291778564,-0.1562550812959671,-0.0078808953985571,0.0509343408048152,-0.8408417701721191,0.4670257568359375,0.2736277282238006,0.0147157311439514,0.030120849609375,0.0325246751308441,-0.3081467723062471,-0.4014038820787311,0.6897019575054363,-0.5179109303862267,-0.4859241625429368,-1.8854091314727703,1.4103263450068704
1771355008690838272,3.5398383140563965,-0.1007398962974548,-0.0183284766972064,0.0487127341330051,-0.8401156663894653,0.4675449728965759,0.2749676406383514,0.0191776156425476,0.040481150150299,0.0220751762390136,-0.3078936609346776,-0.4009942647771545,0.6904255407337265,-0.5174143468531439,-0.4865114586625706,-1.8871047211864544,1.4083440832596363
1771355008700869376,3.5498692989349365,-0.0234173238277435,-0.0288354456424713,0.0463763438165187,-0.8394230008125305,0.4681868255138397,0.2759892642498016,0.0197209119796752,0.0480332374572753,0.0167963206768035,-0.3075075768705654,-0.400735603720322,0.6909454468591424,-0.5171503017262115,-0.487237695472879,-1.8884473585297916,1.4071787752367355
1771355008710900224,3.559900283813477,0.0300858467817306,-0.0390012636780738,0.0494602844119071,-0.8387991189956665,0.4688833057880401,0.276703417301178,0.0181965231895446,0.0428812503814697,0.0087428390979766,-0.3070234916506657,-0.4006360755235836,0.6912614900599835,-0.517092808996482,-0.4880260797206435,-1.8894360746288843,1.4067902336640723
1771355008720931328,3.5699312686920166,0.0342916883528232,-0.0376487784087657,0.0499154180288314,-0.8382478952407837,0.4696636497974396,0.2770497500896454,0.0147920846939086,0.022554337978363,-0.0050160884857177,-0.3065293613631717,-0.4005691255172536,0.6914255193938066,-0.5172184423735018,-0.4889097710727751,-1.8900041896779691,1.40688769320442
1771355008730962432,3.5799624919891357,-0.0017139809206128,-0.0380000509321689,0.0488610714673996,-0.8377768397331238,0.470260351896286,0.2774622440338135,0.0098195672035217,0.0083468556404113,-0.007412165403366,-0.3061293259338521,-0.4005113487148531,0.6916081134296578,-0.5172560059464618,-0.4895857738283746,-1.8906154918316276,1.4068111023812708
1771355008740994560,3.589994430541992,-0.0751884654164314,-0.0214647483080625,0.0501162186264991,-0.8372321724891663,0.4706920981407165,0.2783732414245605,0.0075658559799194,-0.0083049833774566,-0.0051951110363006,-0.3058026826374971,-0.4003696930477881,0.6920193124094323,-0.5170089520045976,-0.4900750507516988,-1.8917897547236375,1.405920127788309
1771355008751025408,3.600025415420532,-0.136434257030487,-0.0195422116667032,0.052645955234766,-0.8366689682006836,0.4707498848438263,0.2799632847309112,0.0006552338600158,-0.0253916084766387,-0.0060070753097534,-0.3055982020127583,-0.4002051997892584,0.6926885637046893,-0.5163603862250081,-0.4901405434116368,-1.8937013399603,1.404071189788051
1771355008761056512,3.610056400299072,-0.16433946788311,-0.0186499208211898,0.0523402243852615,-0.8361011743545532,0.4709155559539795,0.2813780009746551,0.0012469291687011,-0.0162646174430847,-0.0003874003887176,-0.3054932869669871,-0.3998582431541831,0.6933991581791421,-0.5157372725322857,-0.4903283345800359,-1.895426365928501,1.4019372750425447
1771355008771087360,3.620087385177612,-0.1438166201114654,-0.0233139134943485,0.0481936819851398,-0.8354724049568176,0.4714178442955017,0.2824024260044098,0.0014727711677551,-0.0068182349205017,-0.0006337165832519,-0.3053726887960408,-0.3993473484257985,0.6940626066787934,-0.5153118723069973,-0.4908977985879622,-1.896754676674076,1.3999366930622248
1771355008781118464,3.630118370056152,-0.0739901289343833,-0.0208938997238874,0.0371607393026351,-0.8347658514976501,0.4723488092422485,0.2829350531101227,0.0018802881240844,0.0011771023273468,-0.00726979970932,-0.3051039028622773,-0.3988013306877035,0.6945682276845918,-0.515212526797391,-0.491953717827895,-1.8975838452368392,1.398599746025107
1771355008791150336,3.640150308609009,-0.0107517717406153,-0.0231746304780244,0.0292383711785078,-0.834172785282135,0.4734222888946533,0.2828908264636993,0.0046897530555725,0.0113188922405242,-0.0120472908020019,-0.3047789912571873,-0.3983570233744027,0.6948072388378811,-0.5154264104491612,-0.4931720260680816,-1.8977524404828845,1.3981777700197082
1771355008801181440,3.650181293487549,0.0219315141439437,-0.0147225558757781,0.0211141314357519,-0.8338815569877625,0.4742836654186249,0.2823057770729065,-0.00127774477005,0.0011954307556152,-0.0173675119876861,-0.3045703350014864,-0.3980680655529203,0.6947623392997297,-0.5158333133457002,-0.4941501867703391,-1.8972293378419067,1.3985229254256433
1771355008811212288,3.660212278366089,0.0105036264285445,-0.0112042538821697,0.0184930469840765,-0.8337778449058533,0.4747896492481231,0.2817607820034027,-0.0053791403770446,-0.0149050652980804,-0.0252605974674224,-0.3044805032189678,-0.397904420044354,0.6946599676809333,-0.5161503209032997,-0.4947250141590889,-1.896680590398524,1.3989231189555575
1771355008821243648,3.670243501663208,-0.0191288348287343,-0.0060703447088599,0.0149822030216455,-0.8337816596031189,0.4748207628726959,0.2816969156265259,-0.0069164633750915,-0.0267617404460906,-0.0245253145694732,-0.3045018305063949,-0.3978658018219421,0.6946590966485735,-0.5161686469233737,-0.494760360167505,-1.8966104350888184,1.3988925555344216
1771355008831274496,3.680274486541748,-0.0472656637430191,-0.0013980951625853,0.009139759466052,-0.8339076638221741,0.474477469921112,0.2819027602672577,-0.0028995871543884,-0.0267083048820495,-0.0181851387023925,-0.3046618780071859,-0.3978847601484853,0.6947223177455225,-0.5159745752381723,-0.4943703321142984,-1.8967861593969115,1.398501945680249
1771355008841306368,3.690306425094605,-0.0393487066030502,0.0009679901413619,0.005852619651705,-0.833993136882782,0.474111944437027,0.2822646200656891,-0.001974880695343,-0.0195831358432769,-0.0107496976852417,-0.3048044926667305,-0.3979060857359578,0.6948403080127755,-0.5157149526710317,-0.4939551398972987,-1.8971444015673655,1.3979623967655557
1771355008851337472,3.700337409973145,-0.0326175689697265,0.0018777260556817,-0.0086869075894355,-0.8340551257133484,0.473861962556839,0.2825008332729339,-0.0020959377288818,-0.0207827687263488,-0.0055538713932037,-0.3049109628930576,-0.3979112112592063,0.6949223611897026,-0.515537403585775,-0.4936712324907665,-1.8973759333300333,1.3975763148939522
1771355008861368320,3.710368394851685,-0.0249160602688789,0.0064654205925762,-0.0131959058344364,-0.834166407585144,0.4737410247325897,0.2823754847049713,-0.0013743638992309,-0.0200972557067871,-0.0123559534549713,-0.3050528589084745,-0.3978524358087391,0.6949109201745111,-0.5155143259499989,-0.4935339047739852,-1.8972005937176424,1.3974265666244516
1771355008871399424,3.7203993797302246,-0.0382057689130306,0.0098641458898782,-0.0165485590696334,-0.8342288136482239,0.4738653004169464,0.281982272863388,-0.0033108592033386,-0.0171392560005188,-0.0158690214157104,-0.3051786058409388,-0.3976786577805015,0.6948689291864416,-0.5156305851232356,-0.4936750366677255,-1.8967549121661351,1.397370923067089
1771355008881430272,3.7304303646087646,-0.0545146092772483,0.0029046414420008,-0.0172931794077157,-0.83444744348526,0.473736435174942,0.2815510630607605,-0.0033361911773681,-0.0274932086467742,-0.0103567242622375,-0.3054407146715717,-0.397541343170873,0.6947923515047397,-0.5156843290042917,-0.4935286904704216,-1.8962115512902875,1.3972607208139176
1771355008891462400,3.740462303161621,-0.0552397891879081,0.0017914394848048,-0.0270629860460758,-0.834847629070282,0.4733285009860992,0.2810512781143188,-0.00073903799057,-0.0234688520431518,-0.0100856721401214,-0.3058462904428583,-0.397460558011487,0.6946587251395065,-0.5156864452591865,-0.4930655439670697,-1.895528715362536,1.3971613952715232
1771355008901493248,3.750493288040161,-0.0423855111002922,0.0069177583791315,-0.0277468860149383,-0.835347056388855,0.4727013707160949,0.280622273683548,-0.0018722414970397,-0.0079948902130126,-0.0159432590007781,-0.3063006727614729,-0.3974779530617479,0.6944943590098795,-0.5156247069306706,-0.4923537480072585,-1.894886499996508,1.397113555890388
1771355008911524352,3.760524272918701,-0.0233854539692401,0.0129993539303541,-0.0282169338315725,-0.8357765078544617,0.4720967411994934,0.2803618907928467,0.0022497177124023,0.0013988316059112,-0.0148436427116394,-0.3066713789465058,-0.397546673587983,0.6943612806685674,-0.5155307072965183,-0.4916677585056038,-1.894451385307481,1.3970806546145915
1771355008921555456,3.77055549621582,-0.0321065969765186,0.0106722833588719,-0.0281724575906991,-0.8361095786094666,0.4715839922428131,0.2802310287952423,0.0107616782188415,-0.0103413164615631,-0.0229068994522094,-0.3069652340574146,-0.3976094627748562,0.6942782129326649,-0.5154191340183734,-0.4910861848523996,-1.894190571467107,1.3969853337039295
1771355008931587584,3.7805874347686768,-0.0426447242498397,0.0124781718477606,-0.0329405814409256,-0.8364110589027405,0.4709838032722473,0.280340313911438,0.0176244974136352,-0.0193847119808197,-0.0171872675418853,-0.307243022683015,-0.3977059056655481,0.6942623163560165,-0.5152004728249013,-0.4904057070734544,-1.8941994123997583,1.3967069531793366
1771355008941618432,3.790618419647217,-0.0392627753317356,0.0124543374404311,-0.0386061929166317,-0.8367469310760498,0.4704203605651855,0.2802843153476715,0.0123450756072998,-0.0081400871276855,-0.0119432210922241,-0.3075596014019485,-0.3977609782961312,0.6942106032137738,-0.515038778210906,-0.4897670612872631,-1.8940182933136664,1.3964843370994664
1771355008951649536,3.800649404525757,-0.0256044864654541,0.0202776379883289,-0.0425053276121616,-0.8371167778968811,0.4698872864246368,0.2800742089748382,0.0019269585609436,-0.0088277161121368,-0.0122519731521606,-0.3078835557796787,-0.3978192853705248,0.6941015172041555,-0.5149472318857906,-0.4891630756599196,-1.893659514811127,1.3964307863496352
1771355008961680384,3.810680389404297,-0.0241319388151168,0.0221180170774459,-0.0367054939270019,-0.8375405669212341,0.4692248702049255,0.2799180746078491,-0.0075523257255554,0.0017682313919067,-0.0164597928524017,-0.3082390492129163,-0.3979284734529981,0.6939826800313906,-0.5148104332003255,-0.488412802731744,-1.8933395638995223,1.3963769339130336
1771355008971711488,3.820711374282837,-0.0293373521417379,0.033130720257759,-0.0355209186673164,-0.8379359841346741,0.4686517119407654,0.2796945869922638,-0.0082096457481384,0.0031653046607971,-0.0094919204711914,-0.3085815740624634,-0.3979975374499023,0.6938625580521917,-0.5147136966491177,-0.4877638802713799,-1.892957751570265,1.3963350395077396
1771355008981743360,3.830743312835694,-0.0375926196575164,0.0340726785361766,-0.0427354238927364,-0.8383224010467529,0.4682338833808899,0.2792358100414276,-0.005030870437622,-0.0049007833003997,-0.0055694580078125,-0.3089513637070034,-0.397959969945359,0.6937187989167547,-0.5147146435689579,-0.4872909698021831,-1.8923268083558031,1.3963127343748167
1771355008991774208,3.8407742977142334,-0.0494681857526302,0.0315661095082759,-0.0419418029487133,-0.8386359810829163,0.4679002165794372,0.2788532972335815,-0.0073112845420837,-0.0025681853294372,-0.002043604850769,-0.3092934004989529,-0.3978709137080429,0.6936320191258666,-0.5146950371849833,-0.4869133750917175,-1.891804016562896,1.3961387472232747
1771355009001805312,3.8508052825927734,-0.0580878630280494,0.03081576526165,-0.0437642037868499,-0.8390153050422668,0.4674707949161529,0.2784324288368225,-0.0071457028388977,0.0098241865634918,0.0055030882358551,-0.3096968261160069,-0.3977877616456903,0.6935280140870443,-0.5146569418382134,-0.4864275470801018,-1.891216856459097,1.3959420274333878
1771355009011836416,3.8608362674713135,-0.054828155785799,0.0315366834402084,-0.044016670435667,-0.8393782377243042,0.4669267535209656,0.278251051902771,-0.0028459429740905,0.0045851469039916,0.0070272982120513,-0.31009292940222,-0.3977488558836253,0.6934849488707352,-0.5145064551554409,-0.4858122125838116,-1.8908929241291652,1.3955726472018946
1771355009021867520,3.8708674907684326,-0.0488286726176738,0.0219419822096824,-0.043697889894247,-0.839659571647644,0.4664801955223083,0.2781511843204498,0.0024250745773315,0.0050316452980041,0.0052961111068725,-0.310407265923592,-0.3977189774812593,0.6934660852655297,-0.5143653912555967,-0.4853072883384081,-1.8906856901309872,1.395231953435769
1771355009031899392,3.880899429321289,-0.0421635806560516,0.0252275243401527,-0.0488124899566173,-0.8399983048439026,0.4659712612628937,0.2779817283153534,0.0072192549705505,0.0101640224456787,0.0037260353565216,-0.3107453911222179,-0.3977258202776542,0.693401061679029,-0.5142436571933878,-0.484732016651629,-1.8903834761809832,1.3950107723263527
1771355009041930496,3.890930414199829,-0.0534735806286335,0.0315104536712169,-0.0566155537962913,-0.8403933644294739,0.4654810428619385,0.2776084542274475,0.0043948292732238,-0.0083277523517608,-0.0144249200820922,-0.3111307476160367,-0.397704119260322,0.6932789187130594,-0.5141920475425246,-0.4841780613900486,-1.889842855814995,1.39490109826386
1771355009051961344,3.900961399078369,-0.0530256368219852,0.0308502539992332,-0.0585783012211322,-0.840785801410675,0.4649102091789245,0.2773764729499817,0.0080526471138,-0.0006768107414245,-0.0086234807968139,-0.3115314574845582,-0.397692599730878,0.6932018747714469,-0.5140621775575597,-0.4835332032071329,-1.889455036576809,1.3946338980203004
1771355009061992448,3.910992383956909,-0.0702417269349098,0.0354613848030567,-0.054488219320774,-0.8411833643913269,0.4642435312271118,0.2772876024246216,0.0124785900115966,0.0106862485408782,0.010248988866806,-0.3119444613199638,-0.3977072793399807,0.6931613953238666,-0.5138548495674006,-0.4827803264756363,-1.8892191231032869,1.3942421505286575
1771355009072023296,3.921023368835449,-0.0809505656361579,0.0251347124576568,-0.0416720248758792,-0.8415210843086243,0.4635985195636749,0.2773423492908478,0.0089710354804992,0.00310680270195,0.0272077322006225,-0.3123488627868102,-0.3976793932302122,0.6931971436703742,-0.5135825646074186,-0.4820522319890015,-1.8891584839432956,1.3936178489047373
1771355009082055424,3.9310553073883057,-0.0920269191265106,0.025937121361494,-0.0365939065814018,-0.841677188873291,0.4631654024124145,0.277592122554779,0.013430118560791,0.0076750218868255,0.0424915254116058,-0.3126357897108426,-0.3975860079397789,0.6933407684876023,-0.5132863050117342,-0.4815634820373702,-1.8893709914947376,1.3927958489639738
1771355009092086272,3.9410862922668457,-0.0727909058332443,0.0161087252199649,-0.0347744338214397,-0.8418044447898865,0.4627347886562347,0.277924120426178,0.0125808119773864,0.0104097425937652,0.0364069938659668,-0.3128862470798811,-0.3975186617903004,0.6934990847084617,-0.5129718668627347,-0.481077670915241,-1.8896817219012931,1.3919789721645452
1771355009102117376,3.9511172771453857,-0.067201554775238,0.0080156465992331,-0.0293298680335283,-0.841884195804596,0.4623956978321075,0.2782471179962158,0.0072740912437438,0.0152502357959747,0.027645856142044,-0.3130792472066875,-0.3974555560612503,0.6936516707599306,-0.5126967187764011,-0.4806951952549999,-1.889999417447657,1.3912531401656272
1771355009112148480,3.961148500442505,-0.0577103160321712,-0.0005224482156336,-0.0352498106658458,-0.8419085144996643,0.4621550738811493,0.2785724103450775,0.0016833543777465,0.0138581097126007,0.02165949344635,-0.3131987318993451,-0.3974096006872685,0.6937952212965713,-0.5124649383766924,-0.4804238475717415,-1.8903390804902025,1.3906503814834237
1771355009122179584,3.971179485321045,-0.0471685491502285,-0.0073336157947778,-0.0293152201920747,-0.8421182036399841,0.4617556929588318,0.2786009907722473,-0.0012502670288085,0.0155391991138458,0.0098815858364105,-0.3134276718850238,-0.3974214285479865,0.693798745344788,-0.5123109955509141,-0.4799735401926924,-1.890295426501604,1.3903530725294129
1771355009132211456,3.981211423873902,-0.0403527170419693,-0.013075390830636,-0.0261607058346271,-0.8422051668167114,0.4615110754966736,0.2787436544895172,-0.0025214552879333,0.0166383385658264,0.0087013244628906,-0.3135504346026054,-0.3974205353373775,0.6938506631375837,-0.5121662836920515,-0.4796977587535678,-1.8904173162662945,1.390037878415935
1771355009142242304,3.9912424087524414,-0.0694418102502822,-0.0121471462771296,-0.0259039774537086,-0.8421048521995544,0.4613603949546814,0.2792953252792358,-0.0013399124145507,0.0126385986804962,0.0071884095668792,-0.3135493714587609,-0.3974057406092718,0.6940578794785931,-0.5118975416724216,-0.4795279342747072,-1.891043148463534,1.3893963627495045
1771355009152273408,4.0012733936309814,-0.0784656554460525,-0.0099460436031222,-0.0287666097283363,-0.842002272605896,0.46097332239151,0.2802428305149078,-0.006340742111206,-0.0001731216907501,0.0018464624881744,-0.3135666482600946,-0.3974595368884745,0.6943682967558295,-0.5114241568133548,-0.4790917046115364,-1.89209296368376,1.3884258871181718
1771355009162304512,4.0113043785095215,-0.0760988220572471,-0.025601701810956,-0.0246424376964569,-0.8417844176292419,0.4605907201766968,0.2815228998661041,0.0012540817260742,-0.0034832060337066,0.0067308843135833,-0.3134904881524212,-0.3975495691717991,0.6947775077218441,-0.5108446386949761,-0.4786605911213277,-1.8935388230907304,1.3872736277094
1771355009172336384,4.021336317062378,-0.0628716945648193,-0.0215750019997358,-0.0356037430465221,-0.8415996432304382,0.4602230191230774,0.2826743423938751,0.0046550631523132,0.0169193148612976,0.0191292762756347,-0.3134246622669464,-0.3976450127059682,0.6951371171501792,-0.5103212733587645,-0.4782463751254915,-1.8948348262403696,1.3862627711668554
1771355009182367232,4.031367301940918,-0.0292387269437313,-0.0307446662336587,-0.0347352884709835,-0.8414718508720398,0.4599475264549255,0.283501923084259,0.0041000843048095,0.007032424211502,0.0246188342571258,-0.3133557707515025,-0.3977514127248112,0.6953738437529581,-0.5099580155427473,-0.4779361060065944,-1.8957641859916727,1.3856374459399017
1771355009192398336,4.041398286819458,0.0063906395807862,-0.0373088233172893,-0.0302143041044473,-0.8413927555084229,0.4597404599189758,0.2840717136859894,0.0054858326911926,0.0199805796146392,0.030381292104721,-0.3132343111772419,-0.3979396179753872,0.6954709988064942,-0.5097532086709213,-0.4777029215483239,-1.896400630768249,1.385524654006034
1771355009202429184,4.051429271697998,0.0037312963977456,-0.031622976064682,-0.0270896162837743,-0.8413347601890564,0.4596840441226959,0.2843347489833832,0.0065875649452209,0.0176413655281066,0.0244267880916595,-0.313114730889122,-0.3980807602692005,0.6954847798436261,-0.5096976689008338,-0.4776393900702572,-1.8967021583204295,1.3856585127834475
1771355009212460544,4.061460494995117,-0.0203996058553457,-0.0343407317996025,-0.016671597957611,-0.8412567377090454,0.4596496522426605,0.2846210896968841,0.0054109096527099,0.0073760747909545,0.0034954249858856,-0.3130163646902336,-0.3981686625068321,0.6955373866941366,-0.509617655170086,-0.4776006641032376,-1.8970357240215616,1.3856357685816545
1771355009222492416,4.071492433547974,-0.0657519996166229,-0.0300798080861568,-0.003549670567736,-0.8411499857902527,0.4595820009708404,0.2850461304187774,0.0078368782997131,0.0030645430088043,0.0056338608264923,-0.3129814871626902,-0.3981611805705339,0.6956944252449715,-0.5094306693138626,-0.477524488280099,-1.8975275730178875,1.385192953000914
1771355009232523520,4.081523418426514,-0.1044754236936569,-0.0306936670094728,-0.0028601782396435,-0.8411291837692261,0.4592832028865814,0.2855879664421081,0.0041694641113281,-0.0049527883529663,0.0030015408992767,-0.313098377257421,-0.3981063133700269,0.6959205058799691,-0.5090926839673061,-0.4771880805648043,-1.898112816720243,1.3843368212932092
1771355009242554368,4.091554403305054,-0.1465810537338256,-0.0219879262149333,-0.0077337631955742,-0.8410715460777283,0.4588478207588196,0.2864562273025512,0.003974437713623,-0.0031135976314544,-0.0031159222126007,-0.3132655542619084,-0.398009000291848,0.6962879836013418,-0.5085631723816474,-0.4766980284890397,-1.8990590113554668,1.3829726034556586
1771355009252585472,4.101585388183594,-0.1609288454055786,-0.023785825818777,-0.0123788490891456,-0.8409132361412048,0.458443284034729,0.2875670194625854,0.0034040212631225,-0.0147634446620941,-0.0134123265743255,-0.3134231686259068,-0.3978334195042229,0.696786972465624,-0.5079197395369617,-0.4762427849052459,-1.900299556592568,1.3811986830290175
1771355009262616320,4.111616373062134,-0.1450102478265762,-0.0214176084846258,-0.0153243038803339,-0.8407900929450989,0.4578979015350342,0.2887932062149048,0.0044711232185363,0.0129425227642059,-0.0085197985172271,-0.3135857977196392,-0.3977342392132825,0.6972833540346449,-0.5072152728405475,-0.4756292184087486,-1.9016494553045733,1.3794401160374323
1771355009272648448,4.12164831161499,-0.1297114491462707,-0.0203637965023517,-0.0176516417413949,-0.8406131267547607,0.4574978053569793,0.2899407148361206,0.0038210153579711,0.019491970539093,0.0049964487552642,-0.3136807648143055,-0.397626581176886,0.6977560192740114,-0.5065907059902364,-0.4751792084874654,-1.9029345951035392,1.3778379575358757
1771355009282679296,4.13167929649353,-0.1136486828327179,-0.0307894069701433,-0.0129162743687629,-0.8404451608657837,0.4571396112442016,0.2909899950027466,-0.002190887928009,0.0095809698104858,0.0152081251144409,-0.3137513081985088,-0.3975420550137476,0.6981799954633018,-0.5060287422932832,-0.4747764229965149,-1.9041114432945097,1.376420350034231
1771355009292710400,4.14171028137207,-0.0786638036370277,-0.0368145406246185,-0.0113106546923518,-0.8403792977333069,0.4568608999252319,0.2916170954704284,0.0006577372550964,0.0269799828529357,0.0165341794490814,-0.3138372410190786,-0.3974840134756737,0.6984375438524699,-0.5056654623199085,-0.4744630940728698,-1.9048018546307128,1.3755040115513846
1771355009302741248,4.15174126625061,-0.0620802976191043,-0.045310690999031,-0.0129498299211263,-0.8402689099311829,0.4566592276096344,0.2922512292861938,-0.0027182698249816,0.0244961977005004,0.007278949022293,-0.3138303977914102,-0.3974878357231271,0.6986623139728583,-0.5053562778129087,-0.4742363906494332,-1.9055159407979851,1.3748176347255463
1771355009312772608,4.1617724895477295,-0.037392258644104,-0.0347240939736366,-0.0065457266755402,-0.8402112722396851,0.4564389884471893,0.2927607595920563,-0.0012347698211669,0.024121344089508,-0.0102442204952239,-0.3138225310973801,-0.3975421104195552,0.6988137478326496,-0.5051090819406333,-0.4739888425950477,-1.9060781222104184,1.374369307173314
1771355009322804480,4.171804428100586,-0.0410084761679172,-0.0386727638542652,-0.0078176520764827,-0.8401583433151245,0.4563215374946594,0.2930945456027984,-0.0044003129005432,0.0209733545780181,-0.0223579704761505,-0.3138078911842943,-0.3975680377843762,0.6989183989371638,-0.5049527384236137,-0.4738568390702757,-1.906451907686344,1.3740680681866002
1771355009332835328,4.181835412979126,-0.0485710576176643,-0.0527811273932457,-0.0123508851975202,-0.8401768207550049,0.4560717344284057,0.2934311926364898,-0.0013455748558044,0.002454936504364,-0.0209854543209075,-0.3138464929887545,-0.3976299345523272,0.6990036040315576,-0.5047622397660929,-0.4735761095985078,-1.906802260351954,1.3737687985522231
1771355009342866432,4.191866397857666,-0.0170901846140623,-0.0623715668916702,-0.013889392837882,-0.8400396108627319,0.4560735821723938,0.2938211560249328,0.0034152865409851,0.0134394466876983,-0.0178810954093933,-0.3137349006972221,-0.3976754270398366,0.6991171802015091,-0.504638512557147,-0.473578197371545,-1.9072667688219105,1.3735652970015564
1771355009352897280,4.201897382736206,0.0443787649273872,-0.0717139318585395,-0.0095833279192447,-0.8397941589355469,0.4562468528747558,0.2942529618740082,0.0019339323043823,0.0295777916908264,-0.0145592391490936,-0.3134270997949847,-0.3978382411796381,0.6991789607270571,-0.5046157492819908,-0.4737729067743071,-1.9078158886991992,1.3737895295246656
1771355009362929408,4.2119293212890625,0.0800642371177673,-0.0619910024106502,-0.0062173590995371,-0.8395670056343079,0.4563983082771301,0.2946656942367553,-0.0022603869438171,0.0276562571525573,-0.0191835463047027,-0.3130326431895196,-0.3981445118478081,0.6991521966662352,-0.504656036284861,-0.4739430959363635,-1.9083380696143075,1.374424028316788
1771355009372960256,4.2219603061676025,0.0820717364549636,-0.060755830258131,-0.0077950153499841,-0.8392653465270996,0.4567898511886596,0.2949180603027344,-0.0025772452354431,0.0193148851394653,-0.0292320251464843,-0.312565089262862,-0.3983963178370518,0.6990989926003381,-0.5048207845331656,-0.4743831978198797,-1.9087180369132164,1.3752200398633974
1771355009382991360,4.231991291046143,0.053546167910099,-0.0513117276132106,0.0024879816919565,-0.8390176296234131,0.4571769833564758,0.2950235307216644,4.351139068603515e-05,0.006186693906784,-0.0328011214733123,-0.3121713071545764,-0.3985900451115013,0.6990262757499225,-0.5050123036159696,-0.4748184502894172,-1.9089222491905584,1.3759730260592098
1771355009393022208,4.242022275924683,0.0088015990331768,-0.0491556301712989,-0.0008300505578517,-0.838821291923523,0.4575557708740234,0.2949942052364349,-0.0001832246780395,-0.0042781829833984,-0.0263174772262573,-0.3119127106207232,-0.3986402586777195,0.6989871611194409,-0.5051864492730157,-0.4752443775906698,-1.9089644202695863,1.3764248534095012
1771355009403053568,4.252053499221802,-0.0299824588000774,-0.0357299707829952,0.0021942351013422,-0.8387457728385925,0.4577723443508148,0.294872909784317,-0.0003349781036376,-0.0074244439601898,-0.0237394571304321,-0.3118402200427879,-0.3985934875296159,0.698970445074755,-0.5052912538516997,-0.4754879729186636,-1.908863863157242,1.3765574882351097
1771355009413084160,4.262084245681763,-0.0301198773086071,-0.014770358800888,0.0015167272649705,-0.8387646079063416,0.4577627778053283,0.2948342561721802,0.002750813961029,-0.0047445893287658,-0.0235329866409301,-0.3118901761406203,-0.3985429750628986,0.698985427738263,-0.5052795237172913,-0.4754772056967056,-1.9088158542429028,1.376439082927768
1771355009423115264,4.272115230560303,-0.0294140521436929,-0.004072175361216,-0.0058216131292283,-0.8387541174888611,0.4578624367713928,0.2947096824645996,-0.0007083415985107,-0.0018077194690704,-0.0235151946544647,-0.311935360975886,-0.3984317903774723,0.6990042536001145,-0.5053133596814019,-0.4755893213568232,-1.9086875567752373,1.3763029657810246
1771355009433146112,4.282146215438843,-0.0279181543737649,0.0148000484332442,-0.016725393012166,-0.8387731909751892,0.4580018520355224,0.294437974691391,-0.0034355521202087,0.0006315112113952,-0.0257764160633087,-0.3120181649023882,-0.3982756544833897,0.6989960618246693,-0.5053965038932796,-0.4757461370813389,-1.9083920889286323,1.3761944733103315
1771355009443177216,4.292177200317383,-0.0330276079475879,0.017945509403944,-0.0133431795984506,-0.8388827443122864,0.4580689668655395,0.2940210998058319,-0.0027920007705688,0.0029142796993255,-0.0295863449573516,-0.3121812635209863,-0.3981087606678536,0.6989420315727929,-0.5055019813872083,-0.4758216407040589,-1.9079087552521092,1.3761265266405194
1771355009453209344,4.302209377288818,-0.0216215550899505,0.0329739935696125,-0.0077987443655729,-0.8390672206878662,0.4581543505191803,0.2933610677719116,0.0012224316596984,0.0100615918636322,-0.021754652261734,-0.3124176057038881,-0.3978921082530959,0.6988293071184939,-0.5056823837278189,-0.4759176794023711,-1.907139351537935,1.3761396239404886
1771355009463240448,4.312240362167358,-0.0420987755060195,0.0338911861181259,-0.0100413914769887,-0.8393202424049377,0.4581374228000641,0.2926632761955261,0.0105696320533752,-0.0047835409641265,-0.0210872888565063,-0.3127182506322677,-0.3976820396103264,0.6986992400347167,-0.5058416029160726,-0.4758986480788318,-1.9063043625302023,1.3761276553856443
1771355009473271296,4.322271347045898,-0.0350171625614166,0.0270042493939399,-0.0034575252793729,-0.8395547270774841,0.458001971244812,0.2922019064426422,0.0157327651977539,-0.007470965385437,-0.0095480978488922,-0.3130062781684271,-0.3975230024347485,0.6986246635487222,-0.5058913508625668,-0.4757462546715412,-1.9057274784731095,1.375968520898332
1771355009483302400,4.3323023319244385,-0.0383343994617462,0.0313686393201351,-0.0058479784056544,-0.8397720456123352,0.4578601419925689,0.2918000519275665,0.0080458521842956,0.0104474127292633,-0.0040955245494842,-0.3132757493927762,-0.3973788505195754,0.6985628598795808,-0.505923294772183,-0.4755867185549495,-1.9052201999733651,1.375796126933384
1771355009493333248,4.3423333168029785,-0.031914047896862,0.0291177369654178,-0.010810513049364,-0.8399889469146729,0.457723468542099,0.2913894951343536,-0.0034558176994323,0.0065557062625885,-0.0088119506835937,-0.313543562003408,-0.3972347414639798,0.6984978952615069,-0.5059601865428666,-0.4754329900460118,-1.9047039485983064,1.3756347728757494
1771355009503365376,4.352365255355835,-0.0524037033319473,0.0415846593677997,-0.0119902938604354,-0.8402209281921387,0.4575659036636352,0.2909682691097259,-0.0102125406265258,-0.0073400437831878,-0.0051406323909759,-0.3138449262243246,-0.3970646874450869,0.6984438165193473,-0.5059815652371222,-0.4752558029896403,-1.904170878981921,1.3753927177511414
1771355009513396224,4.362396240234375,-0.0549992173910141,0.0429218299686908,-0.0101377982646226,-0.8404783010482788,0.4573882520198822,0.2905039191246032,-0.0091006755828857,-0.0075133144855499,0.0048605501651763,-0.3141917860680492,-0.3968601524468196,0.6983938569221119,-0.5059957491927696,-0.4750559984735982,-1.903582744435526,1.3750736692103047
1771355009523427328,4.372427225112915,-0.0647967234253883,0.0392820909619331,-0.0249771978706121,-0.840772271156311,0.4571603834629059,0.2900111377239227,-0.0036643743515014,-0.0101388990879058,0.0075811147689819,-0.3145899970380927,-0.3966339456716347,0.6983459593708112,-0.5059917067778293,-0.4747997804432986,-1.90295109384517,1.3746788804065206
1771355009533458176,4.382458209991455,-0.0621420815587043,0.0456893891096115,-0.0189856179058551,-0.8410202264785767,0.4569472670555115,0.2896278202533722,-0.0065292119979858,-0.0132827162742614,0.0072472095489501,-0.3149503365024207,-0.3964179587231744,0.6983313745015394,-0.5059569329975233,-0.4745601661651201,-1.9024528114966393,1.3742299877665498
1771355009543490304,4.392490386962891,-0.040933821350336,0.0580264814198017,-0.0257034413516521,-0.8413219451904297,0.4566772580146789,0.2891772389411926,-0.0084705352783203,0.009448230266571,0.0147778987884521,-0.3153176174349004,-0.3962578411795864,0.6982609447802348,-0.5059508310893274,-0.4742566373842519,-1.901863528323214,1.3739559326121005
1771355009553521408,4.402521371841431,-0.0543311201035976,0.048232976347208,-0.0326969027519226,-0.8416019082069397,0.4563226699829101,0.2889220118522644,-0.0010647177696228,-0.0030908584594726,0.0140260457992553,-0.3156619996262103,-0.3961461583677563,0.698232934094484,-0.5058621656806677,-0.4738581062047549,-1.9014899879649645,1.3735882421742789
1771355009563552256,4.412552356719971,-0.0630696639418602,0.0326782464981079,-0.0268123820424079,-0.8417766094207764,0.4560598134994507,0.2888284623622894,0.0077005624771118,-0.0114338397979736,0.0157980322837829,-0.3159324973428393,-0.3960163692761784,0.6982730640884189,-0.5057396090439218,-0.4735627191129213,-1.901326824934258,1.3730987422167102
1771355009573583360,4.422583341598511,-0.0752373784780502,0.027581226080656,-0.0206522233784198,-0.8419642448425293,0.4557439386844635,0.2887799441814422,0.0084375739097595,0.0024927258491516,0.0253069400787353,-0.3162409608778287,-0.3958655143527735,0.698341224219227,-0.5055707067442827,-0.4732078316187919,-1.9012068585083837,1.3724699256944557
1771355009583614464,4.432614326477051,-0.0758142173290252,0.0103770717978477,-0.0210716724395751,-0.8421756029129028,0.4552784860134125,0.2888975739479065,0.0101290941238403,-0.0029774606227874,0.0314760208129882,-0.3165556506850572,-0.3957846226710882,0.6984291781290467,-0.5053155114579412,-0.4726849621803503,-1.9012547912446416,1.3717858336084965
1771355009593646336,4.442646265029907,-0.0850061178207397,0.0043178470805287,-0.0162106044590473,-0.8422858715057373,0.4548363089561462,0.2892724573612213,0.0125281810760498,-0.0032677054405212,0.038059115409851,-0.3167877180339055,-0.3957279142869528,0.6985954794071327,-0.5049845126508784,-0.4721884024164708,-1.9016127923885504,1.370967995087713
1771355009603677184,4.452677249908447,-0.1088220551609993,-0.0060212099924683,-0.0211076252162456,-0.8423736095428467,0.4543109834194183,0.2898419201374054,0.0153319835662841,-0.0149952173233032,0.0264575481414794,-0.3170145084404737,-0.3956934406488741,0.6988187623701588,-0.504560093615045,-0.4715986336813498,-1.9021853888268336,1.3699848795180012
1771355009613708288,4.462708234786987,-0.1448780596256256,-0.025461221113801,-0.0103820096701383,-0.8424190282821655,0.4536864459514618,0.290687084197998,0.0143702030181884,-0.0140044093132019,0.0196156799793243,-0.317263240215848,-0.3956338526261371,0.6991547723448837,-0.503984694907906,-0.470897688306902,-1.9030655860236871,1.368620300815385
1771355009623739136,4.472739219665527,-0.1344984769821167,-0.0391385480761528,-0.0131865851581096,-0.8422908186912537,0.4532437026500702,0.2917473912239074,0.0172785520553588,0.0004458725452423,0.0288244485855102,-0.3173901520053808,-0.3955310385581521,0.6995919469036295,-0.5033784488902515,-0.4704009298110565,-1.9042369562970072,1.3670868168519528
1771355009633771520,4.482771396636963,-0.1115609407424926,-0.0355802997946739,-0.0258720200508832,-0.8422251343727112,0.452696293592453,0.2927842438220978,0.0110790729522705,-0.0051713287830352,0.0186323523521423,-0.3175085155768601,-0.3955315442451794,0.6999620789741573,-0.5027883444086535,-0.4697869009231574,-1.9053598214139833,1.365792076559445
1771355009643802368,4.492802381515503,-0.0687231123447418,-0.0336387231945991,-0.0360801853239536,-0.842212438583374,0.4521000981330871,0.2937413156032562,0.0062290430068969,0.0093867778778076,0.0146082937717437,-0.3176095203640888,-0.3956179503706968,0.7002550188805226,-0.5022485578848842,-0.4691183876197891,-1.906378012377347,1.3647766254788074
1771355009653833472,4.502833366394043,-0.018451415002346,-0.0232302900403738,-0.0369587615132331,-0.8421643376350403,0.451706200838089,0.2944840788841247,0.0065777897834777,0.0285488963127136,0.010661244392395,-0.3175788781219483,-0.3957788414240238,0.7004292577779081,-0.501898091488314,-0.4686768542727311,-1.907181847184874,1.3643089910932489
1771355009663864320,4.512864351272583,-0.0260472819209098,-0.0300355982035398,-0.0302595775574445,-0.842118501663208,0.4513244330883026,0.2951994836330414,0.0063489079475402,0.0181122124195098,0.0166138410568237,-0.3175155124173789,-0.3959825325288632,0.7005694663882381,-0.5015816881513048,-0.4682489797823971,-1.907955582212412,1.363996573149589
1771355009673895424,4.522895336151123,-0.0340506136417388,-0.0272091869264841,-0.0269737690687179,-0.8420202136039734,0.450946569442749,0.2960560321807861,0.0041295886039733,0.0115015506744384,0.0211589336395263,-0.3174232900966727,-0.3961828381357875,0.7007618568435614,-0.5012129782020556,-0.4678255601608242,-1.9088976527979644,1.363558204614951
1771355009683927296,4.5329272747039795,-0.0472259819507598,-0.0369238667190074,-0.0174774695187807,-0.8419599533081055,0.4505267441272735,0.2968658804893493,0.0037029385566711,0.0158124268054962,0.0181670486927032,-0.3173789603109833,-0.3963638402606937,0.7009483936606121,-0.5008370321483769,-0.467355261526516,-1.909775826442548,1.3630741256539958
1771355009693958400,4.5429582595825195,-0.0261894054710865,-0.0435620620846748,-0.0181448590010404,-0.841877281665802,0.4501687288284302,0.2976421117782593,0.0020029544830322,0.0084189772605896,0.0134845077991485,-0.3173201760222606,-0.3965224804162029,0.7011354939302232,-0.5004866453807648,-0.4669542961615816,-1.9106264226094336,1.362601537136095
1771355009703989248,4.55298924446106,-0.0103688100352883,-0.0554798394441604,-0.0046282508410513,-0.8416537642478943,0.4500057101249695,0.2985199391841888,0.0037324428558349,0.0165928304195404,0.0081817209720611,-0.3171124498824953,-0.3966979497516351,0.701349209198288,-0.500179816348771,-0.4667717441026572,-1.9116366360939911,1.3622367764620216
1771355009714020352,4.5630202293396,0.0288960374891757,-0.0601499564945697,-0.0066293496638536,-0.8414478898048401,0.449947714805603,0.2991867065429687,0.004335343837738,0.0235630869865417,0.0069656670093536,-0.3168589170201044,-0.3969102065724511,0.7014667770900053,-0.500007137734728,-0.4667067913239732,-1.9124173402914568,1.3622339313891447
1771355009724052480,4.573052406311035,0.0362373068928718,-0.0636161938309669,-0.0027581790927797,-0.8412076830863953,0.45008584856987,0.2996540367603302,-0.0001772046089172,0.0165431797504425,0.0022563934326171,-0.3165300067966672,-0.3971220104039292,0.701513455993492,-0.4999817915127917,-0.4668614678555083,-1.9130005593705457,1.362544409165364
1771355009734083328,4.583083391189575,0.0275687184184789,-0.0646971762180328,-0.0024007828906178,-0.840910017490387,0.4503912031650543,0.300030916929245,-0.0033131837844848,0.0075099170207977,-0.0011417269706726,-0.3161681491849185,-0.3972666269217692,0.7015658829811035,-0.5000223898497446,-0.4672034367446496,-1.9135100831322789,1.3628639543886991
1771355009744114432,4.593114376068115,0.0095245605334639,-0.0550521351397037,0.000523367896676,-0.8406187295913696,0.4505834877490997,0.3005577027797699,-0.0017732977867126,0.0109643340110778,-0.0136313438415527,-0.3158435901845538,-0.3974097083633826,0.7016725604718127,-0.4999640572123103,-0.4674188437279344,-1.914175505521065,1.3629677874540935
1771355009754145280,4.603145360946655,-0.0022617923095822,-0.0537274777889251,-0.0037243738770484,-0.840359628200531,0.4506544470787048,0.3011752068996429,0.0003631711006164,0.0065599679946899,-0.0020113885402679,-0.3155638615305683,-0.3975649369263817,0.7018046195447203,-0.4998319216222951,-0.4674983175253948,-1.9149245364453231,1.3629393970912718
1771355009764177408,4.613177299499512,-0.0116031849756836,-0.0576005168259143,0.0021604131907224,-0.8400842547416687,0.4507289528846741,0.3018311858177185,0.0060082077980041,0.0050511062145233,0.0093717873096466,-0.3152977435135115,-0.3976866867030557,0.7019692972804387,-0.499671709467911,-0.4675817941407258,-1.915720400983354,1.3627855325898317
1771355009774208256,4.623208284378052,-0.0194240901619195,-0.063456006348133,0.0084806270897388,-0.8398233652114868,0.4507730305194855,0.3024905025959015,0.0054879784584045,0.0092184543609619,0.0134580433368682,-0.3150723745091824,-0.3977753928228429,0.702153821109098,-0.4994839428820729,-0.4676311700950228,-1.9165143200083663,1.3625122343196558
1771355009784239360,4.633239269256592,-0.0085216416046023,-0.0610849931836128,0.0028232741169631,-0.8395407199859619,0.4509048461914062,0.3030778169631958,0.0073874592781066,0.0064620971679687,0.0125044286251068,-0.314827996982951,-0.3978380288175544,0.7023274245908147,-0.4993439733536557,-0.4677788176918768,-1.9172407071346065,1.3622903957837371
1771355009794270208,4.643270254135132,0.0192061271518468,-0.0619430653750896,0.0072001791559159,-0.8392331004142761,0.4511656165122986,0.3035417199134826,0.0070796608924865,0.0064913034439086,0.0030378401279449,-0.3145165694905089,-0.3979229447176777,0.7024444361733212,-0.4993080556458078,-0.4680710040873593,-1.9178466730965509,1.36233179128447
1771355009804301312,4.653301239013672,0.022350788116455,-0.0566612184047699,0.0019103423692286,-0.838999330997467,0.4513944983482361,0.3038480579853058,-0.0012413263320922,0.0065675973892211,3.078579902648926e-05,-0.314229795168543,-0.398045673455668,0.7024839274033131,-0.4993353423903678,-0.4683274767562455,-1.91825862358118,1.362590595313764
1771355009814333440,4.663333415985107,0.0238117985427379,-0.0474235117435455,-0.0006841092836111,-0.8388480544090271,0.4515304267406463,0.3040627241134643,-0.0039405822753906,-0.0041275024414062,-0.0099190771579742,-0.3140023728979583,-0.3981889604550138,0.7024791243707867,-0.4993707093567148,-0.4684798447447762,-1.9185425843717592,1.362916550195238
1771355009824364544,4.6733644008636475,0.0162222310900688,-0.0445546209812164,0.0039370073936879,-0.8387339115142822,0.4517163932323456,0.3041017353534698,-0.0024983882904052,-0.0007734298706054,-0.0141999721527099,-0.3138278114539748,-0.398267514106613,0.7024484677620436,-0.499461012572724,-0.468688272363801,-1.9186272559886235,1.3632442945292158
1771355009834395392,4.6833953857421875,0.0179138705134391,-0.0383670330047607,0.0027116872370243,-0.8386030197143555,0.4518492817878723,0.3042653501033783,-0.0018815994262695,-0.0027068257331848,-0.0058948993682861,-0.3136490207388245,-0.3983600463753913,0.702454232678658,-0.4994914441599682,-0.4688372196695474,-1.9188497004291445,1.3634669430626607
1771355009844426496,4.6934263706207275,0.007784804329276,-0.038548793643713,0.0065248017199337,-0.8384025692939758,0.4519730806350708,0.3046340048313141,-0.0030587911605834,-0.0021897256374359,0.0048599541187286,-0.3134344898662615,-0.398450726520055,0.7025340018193379,-0.4994416504444313,-0.4689760001658779,-1.9193148550692365,1.363503750073235
1771355009854458368,4.703458309173584,-0.0004126718267798,-0.034235805273056,0.0009012706577777,-0.8382031917572021,0.4520583748817444,0.305055558681488,-0.0066150426864624,-0.0038466751575469,0.0079326927661895,-0.3132293913475263,-0.3985447690710034,0.7026306630223701,-0.4993592576689004,-0.4690716262345848,-1.91983536795955,1.3634767253438496
1771355009864489216,4.713489294052124,-0.0146724777296185,-0.0348041206598281,-0.008854953572154,-0.8380395770072937,0.4520412087440491,0.3055295646190643,-1.883506774902344e-05,-0.0073696076869964,0.0095491111278533,-0.3130765217246969,-0.3986356705171422,0.7027477373183818,-0.4992176528573923,-0.4690523793341079,-1.920397450386768,1.3633207891437074
1771355009874520320,4.723520278930664,-0.0205151867121458,-0.0469851531088352,-0.0053369179368019,-0.8379265069961548,0.4519557356834411,0.3059661984443664,0.0029502511024475,-0.0133876204490661,0.0045959949493408,-0.3129689471461803,-0.3987311683886705,0.7028488802797724,-0.4990665077397311,-0.4689565413692684,-1.9209007275531955,1.3631597852762167
1771355009884551168,4.733551263809204,-0.027264080941677,-0.0514888279139995,0.0093312412500381,-0.8377607464790344,0.4519579410552978,0.3064169585704803,0.0009686350822448,0.0008009374141693,0.0184428095817565,-0.3128314210275227,-0.3987910692881957,0.7029752175061632,-0.4989270436045358,-0.4689590253706422,-1.921439108927787,1.3629500946221205
1771355009894583296,4.7435832023620605,-0.0321626998484134,-0.0732425898313522,0.014870349317789,-0.837583065032959,0.4519442021846771,0.3069224953651428,-0.0009791254997253,0.002920389175415,0.0288929343223571,-0.3126974606998773,-0.3988428888540064,0.7031255963470822,-0.4987576430834141,-0.4689436372371862,-1.922039800665371,1.3626591759035849
1771355009904614144,4.753614187240601,-0.0314234048128128,-0.102552942931652,0.0261009000241756,-0.8372831344604492,0.4520643949508667,0.3075623512268066,0.0015593171119689,0.0076523721218109,0.0343718230724334,-0.3124560910988589,-0.3988937870791944,0.7033241992766625,-0.4985879828784224,-0.4690783740722224,-1.922829023839299,1.3623499874193852
1771355009914645504,4.76364541053772,-0.0604276247322559,-0.1380853652954101,0.0479950122535228,-0.8367891311645508,0.4522537887096405,0.3086272180080414,0.0030487775802612,0.0195327401161193,0.0528229773044586,-0.3120610306165992,-0.3989778459856964,0.7036549443946073,-0.4983015333748371,-0.4692907199284764,-1.92414071646865,1.3618264284593182
1771355009924676352,4.77367639541626,-0.0974564850330352,-0.1836773604154586,0.0611696727573871,-0.8360686302185059,0.4524096548557281,0.3103464245796203,0.006204068660736,0.0086041390895843,0.0743886232376098,-0.3115368105208128,-0.3990768639951531,0.7042093958838722,-0.4977666530106513,-0.4694654594454278,-1.926228986788144,1.3607672641916653
1771355009934707456,4.7837073802948,-0.1609896570444107,-0.2228194326162338,0.0955686569213867,-0.835083544254303,0.4526461064815521,0.3126452267169952,0.0081334710121154,0.0242826342582702,0.0853191614151001,-0.310881775010723,-0.3991165602145521,0.7050025405454295,-0.4970210611630075,-0.4697306132859455,-1.9290302988189656,1.3591099722377606
1771355009944739328,4.793739318847656,-0.2660681307315826,-0.2662012577056885,0.1193203255534172,-0.8338398337364197,0.4528452754020691,0.3156616389751434,0.0031971931457519,0.0172474980354309,0.0936858654022216,-0.3101817554670634,-0.3990280159921217,0.7061214201994572,-0.4959399869987141,-0.4699540024516239,-1.9326878088884043,1.3564597267676068
1771355009954770432,4.803770303726196,-0.348821073770523,-0.3320378065109253,0.148392453789711,-0.8323037028312683,0.4529521465301513,0.3195382058620453,0.0045297741889953,-0.0031841397285461,0.0895957350730896,-0.3094325713303047,-0.3988111472501004,0.7076148423679414,-0.4944515098622428,-0.4700738616875269,-1.937364406504844,1.3526631331223844
1771355009964801280,4.813801288604736,-0.4133414626121521,-0.3940665423870086,0.1862112134695053,-0.8303505778312683,0.4531289637088775,0.3243333399295807,0.0073372721672058,0.0234487950801849,0.1135481595993042,-0.3084805673497144,-0.3985169790944914,0.7094722556982622,-0.4926185978208092,-0.4702722162480701,-1.943171411339152,1.347941751497517
1771355009974832384,4.823832273483276,-0.4683136343955993,-0.4783859550952911,0.2165536731481552,-0.8280088305473328,0.4533307552337646,0.3299886584281921,0.00166916847229,0.0356523692607879,0.1480844914913177,-0.3073209862856789,-0.3981936986048772,0.7116432421978325,-0.4904685800427534,-0.4704985726307885,-1.9500372213882835,1.342456755737082
1771355009984864256,4.833864212036133,-0.5091547966003418,-0.5759891867637634,0.2595328390598297,-0.8251639008522034,0.4536462426185608,0.3366150856018066,0.0017843842506408,0.0506414473056793,0.1820158958435058,-0.3058316224594725,-0.3978891874771904,0.7141370592868145,-0.4880158759556625,-0.4708525795194802,-1.958126387972846,1.3363224889851348
1771355009994895104,4.843895196914673,-0.5335560441017151,-0.6901764869689941,0.3014917373657226,-0.821716845035553,0.4541867673397064,0.3442319333553314,0.004166305065155,0.0710817575454711,0.2254854142665863,-0.3039087235511418,-0.39763165800395,0.7169414405559118,-0.4853075695442269,-0.4714591748371112,-1.9675041677264795,1.3296862956580675
1771355010004926208,4.853926181793213,-0.5740892291069031,-0.821538507938385,0.3430716693401336,-0.8176116943359375,0.4548751711845398,0.3529867231845855,0.0109406113624572,0.0631454288959503,0.2544046342372894,-0.3014976535232922,-0.3974941309994969,0.7200637266018464,-0.482292214262907,-0.4722320298785915,-1.9783526935450333,1.3225825245970888
1771355010014957312,4.863957405090332,-0.6535491943359375,-0.938560426235199,0.3833130896091461,-0.8128037452697754,0.4556071758270263,0.3630043268203735,0.0111985206604003,0.0587055683135986,0.2449058294296264,-0.2986738830745992,-0.3973784955336795,0.7235969191920729,-0.4788441696169946,-0.4730541758171208,-1.9908255581495875,1.3145735441938824
1771355010024989440,4.8739893436431885,-0.7081260681152344,-1.04750657081604,0.4277926683425903,-0.807266116142273,0.4563669562339782,0.3742335736751556,0.0076903104782104,0.0615316033363342,0.2102543115615844,-0.2954358726448548,-0.3972787745031169,0.7275206912753994,-0.4749746424315042,-0.4739078769405586,-2.00488698051753,1.3056884504224402
1771355010035020288,4.8840203285217285,-0.7745282649993896,-1.159720778465271,0.4782734215259552,-0.8009774684906006,0.4571696817874908,0.386563628911972,-0.0080437064170837,0.0686635673046112,0.1987483203411102,-0.2917991629047034,-0.3971551117735682,0.7318125641482186,-0.4707139251584532,-0.4748102220372098,-2.0204393382619164,1.295931704782647
1771355010045051392,4.8940513134002686,-0.8328220844268799,-1.2896430492401123,0.5278180241584778,-0.793847918510437,0.4580042958259582,0.4000470340251922,-0.0203763246536254,0.0727726519107818,0.2291948795318603,-0.2877227655240398,-0.397007123069674,0.7364841229203472,-0.4660387495028128,-0.4757488936978786,-2.037586269927385,1.2852669855308647
1771355010055082240,4.904082298278809,-0.865314245223999,-1.4250237941741943,0.5740281343460083,-0.7857685685157776,0.4588938355445862,0.4147095680236816,-0.0141122937202453,0.0877217054367065,0.2766203284263611,-0.2831103520177477,-0.3968943651600492,0.7415049871830406,-0.4609703586734649,-0.4767498025676021,-2.056416813757743,1.2738635039035675
1771355010065114368,4.914114236831665,-0.9286186099052428,-1.5640605688095093,0.6185135841369629,-0.7766827344894409,0.4597645998001098,0.4305583238601684,-0.0223132371902465,0.1000040769577026,0.303160548210144,-0.277949782347069,-0.3968348350790529,0.7468609514005726,-0.4554829846200447,-0.4777301006245892,-2.076977343607146,1.2617300701513674
1771355010075145216,4.924145221710205,-0.9423596858978271,-1.6987276077270508,0.6464472413063049,-0.7665722966194153,0.4605077505111694,0.4475482404232025,-0.0391527414321899,0.092821717262268,0.3027263581752777,-0.2722469589657662,-0.3968693855656548,0.7525083487626026,-0.4495635875476246,-0.4785671138749772,-2.099241616011666,1.2489588693087226
1771355010085176320,4.934176206588745,-0.9393002390861512,-1.8107314109802248,0.676624596118927,-0.7554620504379272,0.4612658023834228,0.4653076529502868,-0.0533301830291748,0.1066358685493469,0.2842345833778381,-0.2659680919804618,-0.3970375422793361,0.7582974495054926,-0.4434041328397632,-0.479421318766749,-2.122842894581481,1.236030799605253
1771355010095207168,4.944207191467285,-0.9592046737670898,-1.9136369228363037,0.7098634839057922,-0.7433768510818481,0.4619827568531036,0.4836967587471008,-0.068482220172882,0.122413545846939,0.2587957978248596,-0.2592006739728144,-0.3972615512803694,0.7642196289034585,-0.4369971988690199,-0.4802295247143577,-2.147645943130372,1.222810696114921
1771355010105239296,4.954239368438721,-1.060592532157898,-2.0033297538757324,0.7531694173812866,-0.7303187251091003,0.4624470472335815,0.5027695894241333,-0.0707218647003173,0.135148137807846,0.2509536147117615,-0.252075275577684,-0.3974267700780692,0.7703484552841928,-0.4302013949215864,-0.480753093792004,-2.1737114340713233,1.2088498728458172
1771355010115270400,4.964270353317261,-1.199179768562317,-2.1352949142456055,0.791175127029419,-0.7160921096801758,0.462240606546402,0.523015558719635,-0.0720394849777221,0.0965514183044433,0.2695715427398681,-0.2446436451824064,-0.3974541563311722,0.7768770624888396,-0.4226601077253666,-0.4805203024492747,-2.2016184755652404,1.1933913681427852
1771355010125301248,4.974301338195801,-1.284648895263672,-2.2799761295318604,0.8243873715400696,-0.7005365490913391,0.4613143503665924,0.5444611310958862,-0.0757544040679931,0.1133469641208648,0.3007232546806335,-0.2367917111250871,-0.3974261966353237,0.7837620702870348,-0.4143660592578685,-0.4794760178084918,-2.231483044637295,1.1766627175280364
1771355010135332352,4.984332323074341,-1.2531719207763672,-2.4321422576904297,0.8494836688041687,-0.6835446953773499,0.4600067734718323,0.5667102932929993,-0.0878939628601074,0.1588591933250427,0.3132641315460205,-0.2283202007893784,-0.3974701563454329,0.7908050483573903,-0.4056042065935138,-0.478002830547531,-2.2630166549614668,1.1594770267286
1771355010145364224,4.994364261627197,-1.1109368801116943,-2.58038592338562,0.8648980855941772,-0.6650545001029968,0.4589485824108124,0.5891255140304565,-0.1099546551704406,0.1823325455188751,0.3113415241241455,-0.2189706367783606,-0.3977612292336511,0.7977147082060216,-0.3968490400954095,-0.4768114138547439,-2.295727528132685,1.1429999958002908
1771355010155395328,5.004395246505737,-0.903124451637268,-2.72222638130188,0.8777906894683838,-0.6450477838516235,0.4585899412631988,0.6112352609634399,-0.1396353840827942,0.1877570748329162,0.2866833806037903,-0.2086037215103816,-0.3983982700247658,0.8042987262120481,-0.3884158082612582,-0.4764078182863316,-2.3292862377860444,1.1279166375700524
1771355010165426176,5.014426231384277,-0.7423425316810608,-2.8141427040100098,0.9008912444114684,-0.6236402988433838,0.4591721892356872,0.6326404809951782,-0.1620805859565735,0.2075759172439575,0.264469563961029,-0.1972757108630536,-0.39932735937758,0.8104677011347476,-0.38047621331879,-0.4770631159003553,-2.363358500319035,1.1143473320110533
1771355010175457280,5.024457216262817,-0.7094892263412476,-2.879772663116455,0.947637975215912,-0.601018488407135,0.46016725897789,0.6534700989723206,-0.1767373085021972,0.2374646067619323,0.2080870270729065,-0.1853708018308821,-0.4002420928174887,0.8164198128540556,-0.3726965330710896,-0.4781835945311762,-2.3979813066185787,1.1011499582532212
1771355010185489408,5.034489393234253,-0.7581526041030884,-2.950373888015747,0.9921905398368835,-0.5771276950836182,0.4610686302185058,0.6740468740463257,-0.1798455715179443,0.2116456031799316,0.1985116004943847,-0.1730510320408983,-0.4010052232062936,0.8223249118971737,-0.3647325759919778,-0.4791990978545528,-2.4335026909609057,1.0875366214982307
1771355010195520512,5.044520378112793,-0.93725848197937,-3.054573774337769,1.051404356956482,-0.5517569780349731,0.4609949588775635,0.6950163245201111,-0.178711712360382,0.1591221988201141,0.2139801383018493,-0.1604776126227335,-0.4014912025286486,0.8284400909145053,-0.3560038160025132,-0.4791160860337434,-2.4705968658419835,1.072479404872878
1771355010205551360,5.054551362991333,-1.069680094718933,-3.178525686264038,1.1000746488571167,-0.5247226357460022,0.4595708847045898,0.716561496257782,-0.2015803456306457,0.132134348154068,0.2633273005485534,-0.1476357739358631,-0.4017159642768272,0.834808377175344,-0.3462987367178011,-0.4775119696516561,-2.509530061066957,1.0558447972769227
1771355010215582464,5.064582347869873,-1.120214343070984,-3.2980339527130127,1.1192318201065063,-0.4959773421287536,0.4571586549282074,0.7382495999336243,-0.2118168175220489,0.1753486394882202,0.2770091891288757,-0.1343587463040517,-0.4017995168263361,0.8412383483120089,-0.3358912636504723,-0.4747978473990693,-2.5500247770721134,1.0383778328030724
1771355010225614336,5.0746142864227295,-1.0520857572555542,-3.393082618713379,1.102073073387146,-0.4657653868198395,0.4543311893939972,0.7593724131584167,-0.2455079555511474,0.1858666539192199,0.2519498467445373,-0.1205452407310604,-0.4019455272183224,0.8474231488031606,-0.3252427325524372,-0.4716213126075519,-2.5914106319156187,1.0212085370086723
1771355010235645184,5.0846452713012695,-0.9985395073890686,-3.509925842285156,1.073534607887268,-0.434178352355957,0.4513196051120758,0.7796152234077454,-0.2824659943580627,0.1664325296878814,0.2584860324859619,-0.1061613161875917,-0.4022266318278107,0.8532416648484036,-0.3145189982298847,-0.4682435697341268,-2.6334569563522905,1.0047369861107949
1771355010245676288,5.09467625617981,-0.8333665132522583,-3.638333320617676,0.9683709144592284,-0.4012449085712433,0.4483318626880646,0.7987496852874756,-0.3366701304912567,0.1053180396556854,0.2705557346343994,-0.0910704847786424,-0.4029447421732415,0.8584930845072558,-0.3038606957528001,-0.4648982646744661,-2.6760738110956273,0.9897958283852264
1771355010255707136,5.10470724105835,-0.6700420379638672,-3.700514793395996,0.9120466709136964,-0.367277055978775,0.4458465576171875,0.8162892460823059,-0.3669148087501526,0.1383666396141052,0.2034554481506347,-0.075328370247736,-0.4040873223857437,0.8630515945216234,-0.2935658998660864,-0.4621197965494537,-2.718792824877461,0.9766751303993068
1771355010265739520,5.114739418029785,-0.4332984983921051,-3.694340705871582,0.8940812349319458,-0.3326490521430969,0.44443079829216,0.8317607641220093,-0.3705522418022156,0.2174191772937774,0.1259266138076782,-0.0590846755112409,-0.4053586959744444,0.8669283229395532,-0.2839518360164336,-0.460538764685153,-2.761143553846777,0.964972556267176
1771355010275770368,5.124770402908325,-0.2715905606746673,-3.7089762687683105,0.9243994951248168,-0.2974911034107208,0.4444227218627929,0.844977617263794,-0.3206271231174469,0.2352189123630523,0.0857930779457092,-0.0424013296620695,-0.4064814344811415,0.870207815037283,-0.2751603781129328,-0.4605297363531346,-2.803075090849699,0.9540596879251964
1771355010285801472,5.134801387786865,-0.2201403230428695,-3.7383551597595215,0.9652254581451416,-0.2614732384681701,0.4450466930866241,0.8564841151237488,-0.3065199255943298,0.1501376330852508,0.1106789112091064,-0.025307397818958,-0.4073859868654201,0.8730857447235514,-0.266678528025941,-0.4612263915179259,-2.8452927214130863,0.9432058113758308
1771355010295832320,5.144832372665405,-0.3957017660140991,-3.755542039871216,1.0246888399124146,-0.224668875336647,0.4448475539684295,0.8669688701629639,-0.3196122050285339,0.0893169939517974,0.1469320654869079,-0.0082032490321522,-0.4079114131116766,0.8758382965333673,-0.2577758712509986,-0.4610040472859761,-2.8880275393698662,0.931537091376014
1771355010305864448,5.154864311218262,-0.6368792057037354,-3.842885971069336,1.0617730617523191,-0.1868391782045364,0.4424495697021484,0.8771142959594727,-0.3598832488059997,0.043313980102539,0.2157201766967773,0.0087416600618585,-0.4081191732850713,0.8786329668348417,-0.2477224899684955,-0.4583283160592759,-2.931713830551814,0.9188093842131612
1771355010315895296,5.164895296096802,-0.7062670588493347,-3.9786336421966553,1.0653318166732788,-0.1475315988063812,0.4381695985794067,0.8867030143737793,-0.3590449690818786,0.0385150611400604,0.2725532054901123,0.0258974286322538,-0.4082442427280547,0.8812991282863337,-0.2365965457896288,-0.4535613891127667,-2.9767207762898726,0.905728921428314
1771355010325926400,5.174926280975342,-0.6561654806137085,-4.092800140380859,1.098547101020813,-0.1067525222897529,0.4333993196487427,0.8948570489883423,-0.3706492185592651,0.0984000563621521,0.2700753211975097,0.0435971434985889,-0.4082547754339578,0.8836043062141128,-0.2251018030389637,-0.4482613654733079,-3.0228581701405703,0.8927286161377308
1771355010335957248,5.184957265853882,-0.4642253220081329,-4.153162479400635,1.129339337348938,-0.0647624731063842,0.4293021857738495,0.900836169719696,-0.4018818140029907,0.1909523904323578,0.2258272171020507,0.0619831531423168,-0.408013051308639,0.8854057998467203,-0.2138693386364872,-0.44371998918163,-3.0698246104583062,0.8798269167363482
1771355010345989120,5.194989204406738,-0.2630244791507721,-4.214455604553223,1.178673267364502,-0.0218718443065881,0.426565557718277,0.9041921496391296,-0.4064118266105652,0.2542968690395355,0.1675851345062255,0.0810744309315865,-0.4073789993028782,0.8866444803918995,-0.2032999228126114,-0.440692109184088,-3.1174079932785506,0.8668055894499839
1771355010356020224,5.205020189285278,-0.1447617709636688,-4.251736164093018,1.246487021446228,0.0217680223286151,0.4247608780860901,0.9050437808036804,-0.4069609045982361,0.2358073592185974,0.1384131908416748,0.1007259323696014,-0.4062770267509439,0.8873899225287466,-0.1932158636848491,-0.438697743232215,3.117545391514581,0.8533373792531103
1771355010366051328,5.2150514125823975,-0.0922741591930389,-4.287098407745361,1.3129587173461914,0.0659451559185981,0.4231636524200439,0.9036499857902528,-0.4114499390125274,0.185433030128479,0.0857143998146057,0.1207084600266154,-0.404678728539111,0.8877275002984056,-0.1833149002497506,-0.4369341652931624,3.0687453489307592,0.8392516834426478
1771355010376082432,5.2250823974609375,-0.112612709403038,-4.336421012878418,1.3854408264160156,0.1106602102518081,0.4210599362850189,0.9002569913864136,-0.3765293657779693,0.1374727189540863,0.1027641296386718,0.140902337720576,-0.4025917879959433,0.8877208661149028,-0.1732569861716365,-0.4346135740574584,3.019285497359808,0.8245041041654628
1771355010386114304,5.235114336013794,-0.1600365042686462,-4.379439830780029,1.4491682052612305,0.1558509469032287,0.4179292023181915,0.8950119018554688,-0.3534522652626037,0.1228576302528381,0.1706622838973999,0.1612097223276873,-0.4000521762495371,0.8873917989929698,-0.1628055372870895,-0.4311647064805948,2.969188515653962,0.8092247623840922
1771355010396145408,5.245145320892334,-0.1591446101665496,-4.413563251495361,1.495979070663452,0.2013263702392578,0.4138441979885101,0.8878066539764404,-0.3541431427001953,0.1310166418552398,0.208552598953247,0.1816164648735317,-0.3971174218350645,0.8866797990890051,-0.1520267352261818,-0.4266728054317885,2.9185957869413515,0.7936625183534959
1771355010406176256,5.255176305770874,-0.1597215384244918,-4.45414924621582,1.5591473579406738,0.2469071596860885,0.409016489982605,0.8784887194633484,-0.3624925017356872,0.1380263566970825,0.2188318967819214,0.2021277456110757,-0.393733011180211,0.8855612197459564,-0.1410674615982407,-0.4213760016884367,2.8676022177703313,0.77778364758504
1771355010416208384,5.26520848274231,-0.0855445191264152,-4.501068592071533,1.6045948266983032,0.2925767600536346,0.4036132097244262,0.8668881058692932,-0.374882698059082,0.1626099050045013,0.2486971020698547,0.2228291145253755,-0.3898853702337734,0.8839872404904253,-0.1300118243856228,-0.4154625905254012,2.8160946833453284,0.7615873043499847
1771355010426240512,5.275240421295166,0.0097698364406824,-4.5124945640563965,1.636178493499756,0.3379565477371216,0.3981879651546478,0.8527785539627075,-0.4038135409355163,0.18869549036026,0.1784560084342956,0.2437269292633737,-0.385582510707475,0.8818817389614586,-0.1191964129743137,-0.409540602069088,2.7642795765585495,0.7451000779599167
1771355010436271360,5.285271406173706,0.16429203748703,-4.559593200683594,1.7031069993972778,0.3829967081546783,0.3927547633647918,0.8360967040061951,-0.4198466539382934,0.1717594563961029,0.1286251544952392,0.2648430733413179,-0.380692050500494,0.879273507002103,-0.1086734986654431,-0.4036251515584711,2.7120421641848536,0.7279878441948968
1771355010446302464,5.295302391052246,0.3772650361061096,-4.537387371063232,1.7370105981826782,0.4274709522724151,0.388051837682724,0.8165072798728943,-0.4261892735958099,0.1763707101345062,0.1156978607177734,0.2863023471449524,-0.3751203379616706,0.8760926696496277,-0.0988800403473044,-0.3985168289487709,2.6592940179238473,0.7098665380236288
1771355010456333568,5.305333614349365,0.5308066606521606,-4.5120720863342285,1.778051257133484,0.4708414077758789,0.3838360607624054,0.7943410277366638,-0.4552622735500335,0.1379381120204925,0.028412640094757,0.3078310010120333,-0.3688685920058701,0.8724141595224215,-0.0898298642797319,-0.3939470072158809,2.6065250174563257,0.6907420911451425
1771355010466365696,5.315365552902222,0.497575968503952,-4.499645233154297,1.849243402481079,0.5131202340126038,0.3789542913436889,0.7701307535171509,-0.4445472359657287,0.0813423991203308,0.0079150199890136,0.3292159514585105,-0.3620540733961276,0.8683215038107482,-0.0809414193106903,-0.3886660581986451,2.553860030983788,0.6710954723018577
1771355010476396544,5.325396537780762,0.4483386576175689,-4.473965167999268,1.864132046699524,0.5542112588882446,0.3726813793182373,0.7442840337753296,-0.4353147149085998,0.0442345440387725,0.0656983256340026,0.3502881406347781,-0.3548839279573185,0.8638283453862488,-0.0718071586267826,-0.3818968952607028,2.501541514394543,0.6516563026134314
1771355010486427648,5.335427522659302,0.3312969207763672,-4.4499335289001465,1.8663201332092283,0.59386146068573,0.3648148775100708,0.7171046733856201,-0.4414718151092529,0.0116347968578338,0.0660986304283142,0.3709050748207083,-0.3475965484329121,0.8589115041527225,-0.0622673220202693,-0.3734339789592196,2.4499284559182932,0.6331642732604758
1771355010496458496,5.345458507537842,0.071248821914196,-4.448653221130371,1.887667536735535,0.6319906711578369,0.3546178340911865,0.6890820264816284,-0.4469168782234192,-0.0315587818622589,0.0401965975761413,0.3908598632866796,-0.340419006296246,0.8536134374026859,-0.0518417202126987,-0.3625053031013873,2.399383522855701,0.6165512441541212
1771355010506490368,5.355490446090698,-0.0196619108319282,-4.436392307281494,1.8183488845825195,0.6685467958450317,0.3427194356918335,0.6599916219711304,-0.4450359344482422,-0.0565865337848663,0.0673339962959289,0.4103003843492829,-0.3335105072829149,0.8478010109550654,-0.0407173758233253,-0.3498101308937449,2.3497550284844744,0.6021191321487593
1771355010516521472,5.365521430969238,0.0053552919998764,-4.395011901855469,1.752406120300293,0.7031329870223999,0.3303298056125641,0.6296712160110474,-0.4594197273254394,-0.0405654907226562,-0.0155203938484191,0.4292894329190391,-0.3267637554116205,0.8414636364329221,-0.0295778428784713,-0.3366529817050681,2.3011320147854946,0.5892284594921096
1771355010526552320,5.375552415847778,0.149849534034729,-4.345448017120361,1.7420886754989624,0.735723614692688,0.3181384205818176,0.5979118943214417,-0.4611570239067077,-0.0140155255794525,-0.0849724411964416,0.4479797369560197,-0.3198186182364313,0.8346687899737374,-0.0189260083229747,-0.3237652361448514,2.2532245660087593,0.576696331981903
1771355010536583424,5.385583400726318,0.365147203207016,-4.261539936065674,1.7308405637741089,0.7662786245346069,0.3065378069877624,0.5646694898605347,-0.4725316762924194,0.0451925098896026,-0.0624570250511169,0.4664558352593528,-0.3123033442430266,0.8275272658341517,-0.0091757542239262,-0.3115535948201468,2.2058595719991105,0.5633574389638177
1771355010546615552,5.395615577697754,0.5506869554519653,-4.160740375518799,1.730146884918213,0.7946402430534363,0.2956339418888092,0.5302338004112244,-0.506065845489502,0.0733846724033355,-0.0735687017440795,0.4846472777555372,-0.3041321186451031,0.8201344651237192,-0.0005123235814599,-0.3001190686702736,2.1592114364884964,0.5488193038818763
1771355010556646656,5.405646562576294,0.6208793520927429,-4.060336112976074,1.7082117795944214,0.8208314180374146,0.2846256494522095,0.4952009618282318,-0.5323030352592468,0.0478785932064056,-0.0499953031539917,0.5023368380959008,-0.2955372725615244,0.8125627404562104,0.0075642491017989,-0.2886159186103016,2.1136328446044006,0.5339470592630009
1771355010566677504,5.415677547454834,0.5159832239151001,-3.937309980392456,1.6748108863830566,0.8447336554527283,0.2733616530895233,0.4601068198680877,-0.5360942482948303,0.0009608268737792,-0.1163874268531799,0.5193375724161361,-0.2869408053498726,0.8048095316167642,0.0153307324619652,-0.2768860587099091,2.0695434226000944,0.5198016434372265
1771355010576708608,5.425708532333374,0.2863852083683014,-3.853577136993408,1.6683098077774048,0.8665131330490112,0.2608301043510437,0.4255854487419128,-0.5244261622428894,-0.0983392000198364,-0.1672846674919128,0.5353960085503906,-0.2787623500212635,0.7969217509859076,0.0236324383945048,-0.2638819579703347,2.027336608814614,0.5080191256591288
1771355010586740480,5.4357404708862305,0.1424362659454345,-3.78037428855896,1.6255885362625122,0.8863850235939026,0.2471130639314651,0.391480416059494,-0.4895649552345276,-0.1214721947908401,-0.1286478042602539,0.5506326003362643,-0.2711104939573738,0.7888214653226447,0.0326128842898037,-0.2496997851213296,1.9866927233979472,0.4989114229795733
1771355010596771584,5.4457714557647705,0.0476919189095497,-3.678382158279419,1.571285843849182,0.9042344689369202,0.2332030683755874,0.357738196849823,-0.4724106192588806,-0.0885802060365676,-0.1592213809490203,0.565150633079779,-0.2638605004064666,0.7805425915958825,0.0416625535380509,-0.2353702702558096,1.9475258869067835,0.4915742275555817
1771355010606802432,5.4558024406433105,-0.0867160409688949,-3.5881974697113037,1.5688005685806274,0.9202555418014526,0.2185983657836914,0.3245680928230285,-0.4734477400779724,-0.0784158706665039,-0.1213209629058837,0.5788817133429723,-0.2569822257202547,0.7721684923436154,0.0511068912595422,-0.220377859794714,1.9098686185106692,0.4862790129013103
1771355010616833536,5.465833425521851,-0.0042877476662397,-3.4912326335906982,1.4881075620651243,0.9344273209571838,0.2043895870447158,0.2916685938835144,-0.4649448990821838,-0.0207195430994033,-0.0871703624725341,0.5920667142972579,-0.2502425545077985,0.7636838136453968,0.060189167320856,-0.2058400910761877,1.8733497424859624,0.4816747907452697
1771355010626865664,5.475865602493286,0.2243931889533996,-3.401590585708618,1.4219003915786743,0.9468498826026917,0.1907829940319061,0.2589931190013885,-0.4468954801559448,0.0348335057497024,-0.0452174842357635,0.6048199848628435,-0.243286166505129,0.7551876582578242,0.0685297685525492,-0.1919597360851682,1.8377966276208,0.4766177029255936
1771355010636896512,5.485896587371826,0.5464721918106079,-3.254518985748291,1.3988642692565918,0.9575866460800172,0.1782204806804657,0.2264175564050674,-0.4299532175064087,0.0714437663555145,-0.0928574055433273,0.6173346098428262,-0.235590323797504,0.7467971450381141,0.0754258609742767,-0.1791776874518477,1.8029781877934297,0.4692780505779358
1771355010646927616,5.495927572250366,0.8140831589698792,-3.092517614364624,1.3624236583709717,0.9666761159896852,0.166344404220581,0.1945941150188446,-0.39444100856781,0.0632088184356689,-0.186568021774292,0.6294219279818707,-0.2269941355509146,0.7387629661188972,0.080814664062628,-0.1671212613643449,1.7694437710128097,0.4592756454638752
1771355010656958464,5.505958557128906,0.9037851095199584,-2.892848253250122,1.2707513570785522,0.9741805791854858,0.1551064252853393,0.1640552878379821,-0.3762192130088806,0.0369711816310882,-0.2944111824035644,0.6408753305032977,-0.2181472431036881,0.7310536409929651,0.0851537660657656,-0.1557351878643262,1.7376342865626528,0.4482010941989543
1771355010666990592,5.515990495681763,0.8410278558731079,-2.6619343757629395,1.2124475240707395,0.9802168607711792,0.1442372947931289,0.1355380564928054,-0.3930586576461792,-0.0590474754571914,-0.389581561088562,0.6513962456079266,-0.2095592777224939,0.723777546415301,0.0889603167278399,-0.1447421632689081,1.7081985947839025,0.4374994442357587
1771355010677021440,5.526021480560303,0.698081374168396,-2.4002044200897217,1.050372838973999,0.98489111661911,0.1341588795185089,0.1095031350851059,-0.3676730990409851,-0.1673162281513214,-0.4531921148300171,0.6608386730175413,-0.2017715866468451,0.7169656843956721,0.092415897519987,-0.1345646210823438,1.6815245431079942,0.4281893499554701
1771355010687052544,5.536052465438843,0.4757793545722961,-2.146402597427368,0.9808568954467772,0.9884353876113892,0.1246591582894325,0.0863457843661308,-0.3261429071426391,-0.2723489701747894,-0.4841576814651489,0.6690385908450782,-0.1951325483707838,0.7107011893519888,0.0959919954138844,-0.1249843039262992,1.657931155969091,0.421354543203808
1771355010697083392,5.546083450317383,0.3653716146945953,-1.8855003118515017,0.8590937256813049,0.9910932183265686,0.1157592087984085,0.0658318027853965,-0.3026930689811706,-0.3272918164730072,-0.4965264797210693,0.6761332317035404,-0.1894946247539916,0.7049877226572919,0.0996386268510618,-0.1160193129603451,1.6371223187367698,0.4165862469641245
1771355010707115776,5.556115627288818,0.4680174887180328,-1.6133257150650024,0.7283481955528259,0.9929766058921814,0.108119286596775,0.0480393879115581,-0.2676195502281189,-0.2944901287555694,-0.484929084777832,0.6822516893145572,-0.1844375594788961,0.7000017720517694,0.1025328717264607,-0.1083310535821951,1.6191378095125728,0.4120267176035918
1771355010717146624,5.566146612167358,0.7308956980705261,-1.3093501329421997,0.648238480091095,0.9942931532859802,0.1015084385871887,0.0328187718987464,-0.2572174072265625,-0.2048562169075012,-0.4597444534301758,0.6875681872387623,-0.1791989759687722,0.6959145868993868,0.1041180880746112,-0.1016835741088754,1.6037914844137793,0.4056643957921745
1771355010727177728,5.576177597045898,0.962673544883728,-0.9528622031211852,0.4870951473712921,0.9951725602149964,0.0959555432200431,0.0205946136265993,-0.2787724137306213,-0.1033865734934806,-0.4337720870971679,0.6919882284611335,-0.1736609791411613,0.6929207539204776,0.1041873579958469,-0.0961034060234597,1.591487888484722,0.3969893215303326
1771355010737208576,5.5862085819244385,1.032231092453003,-0.5712019205093384,0.3115853667259216,0.995672881603241,0.0921482890844345,0.0119989393278956,-0.2911747097969055,-0.0836949497461319,-0.4338586330413818,0.6953010762017593,-0.1683933554755912,0.6911173181031862,0.1027465731321329,-0.0922792011916817,1.5828468286828374,0.3868183920096519
1771355010747240448,5.596240520477295,0.9772900342941284,-0.2209228575229644,0.1076841801404953,0.9958930611610411,0.0902515053749084,0.0071922140195965,-0.3021674752235412,-0.1988940834999084,-0.4517418146133423,0.6973935099345968,-0.1639389627874103,0.6904492186717204,0.1002307087405748,-0.0903744810104559,1.5780180753261042,0.3765174068496225
1771355010757271552,5.606271505355835,0.6297056674957275,0.0713675916194915,-0.0403529591858387,0.9959298968315125,0.0899383649230003,0.0058864024467766,-0.2575266361236572,-0.3628113269805908,-0.4346736669540405,0.6982332004255019,-0.1609551738653126,0.6906783861967826,0.0976070261724336,-0.0900600597515318,1.5767067166028013,0.3683759637523894
1771355010767302400,5.616302490234375,0.2385739982128143,0.2666284441947937,-0.1728705167770385,0.995819926261902,0.0910427272319793,0.0073379068635404,-0.2150887846946716,-0.4471371173858642,-0.3433669805526733,0.697991304373324,-0.159919947345659,0.6914438255974295,0.0955990456331589,-0.0911689692208089,1.5781649020762485,0.3640746498007971
1771355010777334528,5.6263344287872314,0.0177755653858184,0.4384249746799469,-0.2890732884407043,0.9955718517303468,0.0933853164315223,0.0107729127630591,-0.1833311915397644,-0.3497939705848694,-0.2261660099029541,0.6969671736483364,-0.1604751346138496,0.6925562702879903,0.0940764608882784,-0.0935215844361526,1.5816167335591371,0.362875244554075
1771355010787365376,5.6363654136657715,-0.0426153391599655,0.5818747878074646,-0.3718557953834533,0.9951867461204528,0.0966860130429267,0.015979902818799,-0.1666343808174133,-0.2242647260427475,-0.1508980989456176,0.6952959895804117,-0.1619616286803776,0.6940881662661132,0.0925938048742783,-0.0968372903444138,1.5868521381096792,0.3631878083766837
1771355010797396480,5.6463963985443115,-0.0301956888288259,0.7073895335197449,-0.4216079115867615,0.9946699738502502,0.1006339788436889,0.022465780377388,-0.1367444396018982,-0.168032020330429,-0.152623176574707,0.6931937460540738,-0.163781832829899,0.6959945411180953,0.0908276568190421,-0.1008046132834546,1.5933786523837128,0.3636742929062456
1771355010807427584,5.656427621841431,0.0326137207448482,0.780632495880127,-0.456877201795578,0.9940197467803956,0.1050267219543457,0.0299016218632459,-0.121415376663208,-0.1273655891418457,-0.1639043092727661,0.6907859020159003,-0.1656532630060318,0.6982190255123614,0.0886793064754813,-0.1052207691131898,1.6008687753608664,0.3637797746425114
1771355010817459456,5.666459560394287,0.1026932001113891,0.8186501860618591,-0.4915379881858825,0.9932361841201782,0.1097840219736099,0.0378064140677452,-0.0967366099357605,-0.0873078182339668,-0.1242779493331909,0.6882436082834029,-0.1674307168233095,0.700621268235552,0.0861251494246064,-0.1100057524661978,1.6088418285913637,0.3632444942979695
1771355010827490560,5.676490545272827,0.1035005003213882,0.8535919189453125,-0.5254387259483337,0.9923151731491088,0.1148660108447074,0.0460021570324897,-0.0723171234130859,-0.065824270248413,-0.0574309863150119,0.6856090629707486,-0.169197538616614,0.7031168261753268,0.083301038674688,-0.1151201137673848,1.6171215717546432,0.3623810148093761
1771355010837521664,5.686521530151367,0.008628848940134,0.916321873664856,-0.54156094789505,0.9912399053573608,0.1201931461691856,0.0547439381480217,-0.0624070167541503,-0.1097409129142761,-0.0288802497088909,0.6827486816007567,-0.1712428769032302,0.7057250501427482,0.0805119176898247,-0.1204844330923407,1.6259680194390127,0.362066389035103
1771355010847552512,5.696552515029907,-0.1336851567029953,0.9965323209762572,-0.5556365847587585,0.9899907112121582,0.1256136000156402,0.0643405318260192,-0.0589299201965332,-0.1697725355625152,-0.0553377866744995,0.6795151512568872,-0.1737884044154237,0.7084968999729014,0.0780314687748382,-0.125946306346231,1.6356961035737625,0.3630392405442092
1771355010857584384,5.706584453582764,-0.2516354918479919,1.06434166431427,-0.582125723361969,0.988534450531006,0.1311467736959457,0.07483521848917,-0.0560698509216308,-0.219785064458847,-0.119482398033142,0.6758896598541475,-0.1768732354338155,0.7114305786238687,0.0758660116822864,-0.1315256632383569,1.646355400294354,0.3653821321953206
1771355010867615488,5.716615438461304,-0.3268975913524627,1.1320558786392212,-0.5821092128753662,0.9868651628494264,0.1366716623306274,0.0861271619796752,-0.049029529094696,-0.2477404177188873,-0.1864689588546753,0.6719092666799955,-0.1803835809553746,0.7145105641201215,0.0739884997878041,-0.1371007714955726,1.657849244770513,0.3688924699921523
1771355010877646336,5.726646423339844,-0.2781809270381927,1.2321330308914185,-0.6214648485183716,0.9849321842193604,0.1423077881336212,0.0982690006494522,-0.0618976950645446,-0.2241864949464798,-0.254641056060791,0.6675927861002668,-0.1840098023213722,0.7178265073340592,0.0720086573649312,-0.1427925424693844,1.6702395826156269,0.3725847151711732
1771355010887677440,5.736677408218384,-0.1737758368253708,1.38788640499115,-0.6851950883865356,0.982599139213562,0.1484944224357605,0.1115731820464134,-0.0865266919136047,-0.1804767996072769,-0.3065651655197143,0.6628648154343105,-0.1876085497098009,0.7215189687162012,0.0694533346487718,-0.1490456355290771,1.6838610866557984,0.3756421640934775
1771355010897709568,5.746709585189819,-0.0575610883533954,1.541398525238037,-0.7828433513641357,0.9797324538230896,0.1555751264095306,0.1261773556470871,-0.1138877272605896,-0.1657985150814056,-0.342852234840393,0.6576856468432101,-0.1911354341633652,0.7256417299318387,0.0660373636729976,-0.1562096454180582,1.6988788519310398,0.3776586912280554
1771355010907740672,5.756740570068359,0.0687007084488868,1.7422361373901367,-0.9013699889183044,0.9761729836463928,0.1638147532939911,0.1423056870698928,-0.1394726037979126,-0.1750757545232772,-0.3682577610015869,0.6519556056103974,-0.1946885082844651,0.730239156198682,0.0616522525794724,-0.1645564113368154,1.7155557815286329,0.3787097361669844
1771355010917771520,5.766771554946899,0.0906526148319244,1.9501312971115112,-1.0072604417800903,0.9717612266540528,0.1732204556465149,0.160232812166214,-0.1658531427383422,-0.2025478780269622,-0.3821260929107666,0.6455221379456556,-0.198456166681094,0.7353445156514301,0.0564328991498719,-0.174098618018716,1.7342149599554475,0.3793565286094549
1771355010927802624,5.7768025398254395,-0.0142308371141552,2.1562814712524414,-1.142822027206421,0.9663383960723876,0.1837406307458877,0.180081769824028,-0.1970360875129699,-0.2448520958423614,-0.3889288902282715,0.6382678416449539,-0.2028195434055278,0.7408813099446285,0.0507272615218435,-0.184790520493911,1.7550377092531797,0.3807451568935139
1771355010937834496,5.786834478378296,-0.2819472253322601,2.3376009464263916,-1.257947564125061,0.9597526788711548,0.1950418949127197,0.2020730078220367,-0.2155510187149047,-0.3083689212799072,-0.3796852827072143,0.6300224980945511,-0.2082618836018,0.7467687021051914,0.0451126579205274,-0.1963001727994248,1.7783123293569756,0.3844988422640888
1771355010947865600,5.796865463256836,-0.6462158560752869,2.5183842182159424,-1.3738398551940918,0.9518910050392152,0.2066524922847747,0.2262702882289886,-0.2509937882423401,-0.3489712476730346,-0.3382850885391235,0.6206871483446342,-0.2151761822188485,0.7528840231123429,0.0401533917955079,-0.2081523513486294,1.8041712042544975,0.3920661846344215
1771355010957896448,5.806896448135376,-0.967578947544098,2.693665027618408,-1.4698102474212646,0.942581057548523,0.2182539999485016,0.2527965307235718,-0.2808226943016052,-0.3364638686180115,-0.3112987577915191,0.6101703015164349,-0.2236040411057186,0.759209781973254,0.0359710128592803,-0.2200249797663401,1.8328260274098271,0.4037760358550044
1771355010967927552,5.816927433013916,-1.1544784307479858,2.8245341777801514,-1.533143401145935,0.9318390488624572,0.2294525653123855,0.2811184823513031,-0.2831268906593323,-0.2914642691612243,-0.292120099067688,0.5986582020938636,-0.2330654351402705,0.7656629405695168,0.0323905639437356,-0.2315151992575498,1.863794940807464,0.4186496483040491
1771355010977959680,5.826959609985352,-1.1159214973449707,2.952306747436523,-1.5892170667648315,0.919590413570404,0.2405281960964203,0.3106445670127868,-0.292988121509552,-0.1661873161792755,-0.2874511182308197,0.5863895820394074,-0.2429204676298578,0.7722123648824222,0.0287251743037986,-0.2429099834155557,1.896568244537273,0.4347977430606201
1771355010987990528,5.836990594863892,-0.8833664059638977,3.0683798789978027,-1.657322883605957,0.9057474732398988,0.2520857155323028,0.3406970798969269,-0.2930460572242737,-0.0745039284229278,-0.2835376262664795,0.5736432720898577,-0.2525589596389706,0.7788212277691196,0.0241851191447801,-0.2548349864380508,1.9305749913178167,0.4502588451810362
1771355010998021632,5.847021579742432,-0.5273222923278809,3.1585538387298584,-1.7148003578186035,0.8902704119682312,0.264710932970047,0.3706034719944,-0.2991601824760437,-0.0292830467224121,-0.3029307126998901,0.5606849345462914,-0.2615366787014154,0.7854300092673567,0.0181864838780702,-0.2679041475551917,1.9652595617789024,0.463613726464393
1771355011008053504,5.857053518295288,-0.1093118116259574,3.2469699382781982,-1.7932040691375732,0.873115062713623,0.2789713442325592,0.3998066186904907,-0.308524489402771,-0.0206857919692993,-0.3275561928749084,0.547713970225001,-0.2695688337736023,0.7919822929636641,0.010304444126721,-0.2827227741096,2.0002072933820254,0.4739386922987221
1771355011018084608,5.867084503173828,0.1388548463582992,3.3321897983551025,-1.860998034477234,0.8541699647903442,0.2949235737323761,0.4282688200473785,-0.3219889998435974,-0.0372635722160339,-0.303512841463089,0.534663663723301,-0.2768748641652083,0.798420139122688,0.000717851340291,-0.2993755242430807,2.03555207097141,0.4819512340272467
1771355011028115456,5.877115488052368,0.0857109427452087,3.4113073348999023,-1.9648373126983645,0.8333643674850464,0.311750203371048,0.456416368484497,-0.3637444972991943,-0.0634591281414032,-0.2063247561454773,0.5212473416746461,-0.2841465734175223,0.8046545232046125,-0.0096494195292014,-0.3170344645209003,2.071856011478007,0.490057675603826
1771355011038146560,5.887146472930908,-0.2644052505493164,3.460771083831787,-2.0455567836761475,0.8106796741485596,0.327906847000122,0.4850521087646484,-0.3956711292266845,-0.1640732288360595,-0.0838832855224609,0.5070454136969993,-0.2922304368857845,0.8106339670229903,-0.0194654075204399,-0.3340870637360912,2.109985280549864,0.5013586851478005
1771355011048178432,5.897178411483765,-0.7333438992500305,3.4630181789398193,-2.068307638168335,0.7863906621932983,0.3418923914432525,0.5144892334938049,-0.3945603370666504,-0.2699472308158874,0.001379907131195,0.4919207154235275,-0.3014800806461489,0.8163053164675077,-0.0277370526547103,-0.3489299132232356,2.150147330343418,0.5175162842564491
1771355011058209536,5.907209396362305,-1.005420207977295,3.4129679203033447,-2.0636327266693115,0.76093590259552,0.353187084197998,0.544275164604187,-0.37873375415802,-0.2213969230651855,0.0482236146926879,0.4761100428112759,-0.3115887708445761,0.8216142850926477,-0.0343750045216577,-0.3609755456555822,2.1916977653701997,0.5378549950500127
1771355011068240640,5.917240619659424,-0.8651925325393677,3.393580198287964,-2.022693634033203,0.734558641910553,0.3630919754505157,0.5732261538505554,-0.3665471076965332,-0.0659728050231933,0.0116738677024841,0.4601537372442958,-0.3216694050233462,0.8265239666031328,-0.0405658080301839,-0.3715842132261469,2.2334514644173264,0.5593255082980495
1771355011078271744,5.927271604537964,-0.3804990947246551,3.411360263824463,-2.0041162967681885,0.7070816159248352,0.3738995492458343,0.6001953482627869,-0.3609208464622497,0.0930650532245636,-0.0723176002502441,0.4445152445424754,-0.3307403598249379,0.8310887405904772,-0.0480461908769707,-0.3832099931134541,2.274613454281869,0.5784016184554707
1771355011088303616,5.93730354309082,0.241831824183464,3.439535856246948,-2.0259642601013184,0.6783568263053894,0.3874036967754364,0.6242995858192444,-0.3599212765693664,0.2014481723308563,-0.1633622646331787,0.4295356185263847,-0.3384225079164134,0.8352365006210769,-0.0578726253269319,-0.397813703331886,2.3147205885175652,0.5935209931243806
1771355011098334464,5.94733452796936,0.8689056038856506,3.528515338897705,-2.1052963733673096,0.6479889750480652,0.4047861099243164,0.6451812982559204,-0.3561187386512756,0.2138052880764007,-0.2439512610435485,0.4152385025268486,-0.3447534462631348,0.8388895626587363,-0.0706149631811571,-0.4167449201694554,2.35402330723712,0.6045925221513688
1771355011108365568,5.9573655128479,0.8654964566230774,3.664974451065063,-2.1839561462402344,0.6154254078865051,0.424282968044281,0.6642559766769409,-0.3778917193412781,0.1295043528079986,-0.1856486201286316,0.4007931257199503,-0.3505494399936363,0.8421657066554503,-0.0850707688379063,-0.4381699145524994,2.3943343458960893,0.6147252869205093
1771355011118396416,5.96739649772644,0.3014219105243683,3.687541246414185,-2.290670871734619,0.5808042883872986,0.4419728815555572,0.6836130023002625,-0.4305356740951538,-0.085557997226715,0.0371360182762146,0.3852978554819908,-0.3570727548874796,0.8451659911823606,-0.0986872042205094,-0.4577968253548339,2.437325205379895,0.6286816260330617
1771355011128428544,5.977428436279297,-0.5405517220497131,3.6290769577026367,-2.272791862487793,0.5449009537696838,0.4540474414825439,0.7049286961555481,-0.4087314009666443,-0.3167334794998169,0.2049378752708435,0.3682771291439767,-0.3651796222472538,0.8480024779444105,-0.1091228223863119,-0.471302819637698,2.4835412331096904,0.6496673995795814
1771355011138459392,5.987459421157837,-1.000227451324463,3.5352931022644043,-2.1325278282165527,0.5091004967689514,0.4599949717521667,0.7274760007858276,-0.3753572106361389,-0.3253361582756042,0.2338887453079223,0.3503168798504715,-0.3739270774261212,0.8508328553874108,-0.1163618925408899,-0.4779895411286133,2.5309891348854525,0.6748731164420266
1771355011148490496,5.997490406036377,-0.8198645710945129,3.5189530849456787,-2.0277340412139893,0.4734587371349334,0.4632036387920379,0.7491858601570129,-0.3292631208896637,-0.0101853609085083,0.1504265666007995,0.3322535269307497,-0.3822986506136093,0.8534873565578284,-0.1225346074876553,-0.4816066016583825,2.578000945311705,0.7003096480886796
1771355011158522624,6.0075225830078125,-0.251368373632431,3.5818123817443848,-1.9730793237686155,0.4371580481529236,0.4681912362575531,0.7679128050804138,-0.3264402449131012,0.2497653067111969,-0.0082234144210815,0.3147435524557991,-0.3894869254469678,0.8557197753234352,-0.1303079902364539,-0.4872426994421177,2.624067092011358,0.7228725965892552
1771355011168553472,6.0175535678863525,0.4514508545398712,3.622410535812378,-1.9705644845962524,0.3997591435909271,0.4771303832530975,0.7826489210128784,-0.2965639233589172,0.2869687080383301,-0.1621655225753784,0.2980799800349724,-0.3953877987976524,0.8573172992512513,-0.1407973586453494,-0.4973865625758133,2.6693606001570767,0.7421928365553196
1771355011178584576,6.027584552764893,1.1275209188461304,3.748865365982056,-2.025320053100586,0.360970139503479,0.4911925196647644,0.7927358150482178,-0.2450949549674987,0.2525665163993835,-0.3113211393356323,0.2823930159522418,-0.4000736411865168,0.858084487060601,-0.1545515229658322,-0.5134582987976299,2.7143007758506195,0.7587648801775939
1771355011188615680,6.037615537643433,1.2306945323944092,3.951716423034668,-2.113795757293701,0.319875419139862,0.5080246329307556,0.7997444272041321,-0.2824912965297699,0.1970993876457214,-0.2942816615104675,0.2666146452193939,-0.4041438895924129,0.8582190534325602,-0.1704245890488221,-0.5328898600280114,2.7611103764699623,0.7751906688535458
1771355011198647552,6.047647476196289,0.6847376823425293,4.069705963134766,-2.2051546573638916,0.2762715518474579,0.5226286053657532,0.8065567016601562,-0.3645741045475006,-0.0312650203704834,-0.0564497709274292,0.2494214023411344,-0.4085515693160602,0.8581165270246496,-0.1857705613721307,-0.5499312171067947,2.81158620263952,0.7948115455944559
1771355011208678400,6.057678461074829,-0.3487274050712585,4.016417980194092,-2.22548508644104,0.2314706593751907,0.5296092629432678,0.8160484433174133,-0.3858743906021118,-0.2742230296134949,0.2708655595779419,0.2301346367588233,-0.414031049136077,0.8582555115743833,-0.1975189783460587,-0.558139868356228,2.8652042095701145,0.8192893032857258
1771355011218709504,6.067709445953369,-1.0524861812591553,3.901077508926392,-2.063324451446533,0.1874148547649383,0.5281012654304504,0.8282420039176941,-0.4088199138641357,-0.2920783162117004,0.4192098379135132,0.2093765618559251,-0.4200380158901941,0.858888266655991,-0.2050377384463085,-0.5563630260284217,2.919059924733287,0.8459019104543578
1771355011228740352,6.077740430831909,-0.9930198788642884,3.76232385635376,-1.865710735321045,0.1450684666633606,0.522373378276825,0.8402864336967468,-0.3587983250617981,-0.0103494524955749,0.2851103544235229,0.188571088146399,-0.4255862056149443,0.8596624903937855,-0.2104702986055596,-0.5496318655717278,2.970636131159176,0.8710692733971895
1771355011238772736,6.087772607803345,-0.3700966238975525,3.765347957611084,-1.755336880683899,0.1038504689931869,0.5188323259353638,0.8485448360443115,-0.2999411523342132,0.359951913356781,0.0378535985946655,0.1689808947832619,-0.4299426187858491,0.859896373221931,-0.2171936867686884,-0.5454844591988534,3.0198117305384216,0.8931823991316957
1771355011248803584,6.097803592681885,0.4820682108402252,3.753848791122437,-1.695960283279419,0.0628664940595626,0.5205105543136597,0.8515380024909973,-0.2859500050544739,0.4558078646659851,-0.1116391420364379,0.1509401364893645,-0.4331501793193919,0.8591565262528555,-0.2268219244764073,-0.5474487977190698,3.0678993530793797,0.9132365726652688
1771355011258834688,6.107834577560425,1.278762936592102,3.8423683643341064,-1.7392414808273315,0.0215497724711895,0.5287732481956482,0.8484898805618286,-0.2304578572511673,0.4249011874198913,-0.1768588423728943,0.1345567959727922,-0.4354541552248483,0.857102454234032,-0.2401035159117149,-0.5571545837359618,3.116200316466895,0.9328769566279014
1771355011268865536,6.117865562438965,1.6494837999343872,4.065159320831299,-1.8401297330856323,-0.021464230492711,0.5414955615997314,0.8404294848442078,-0.2540484666824341,0.3281790614128113,-0.155752420425415,0.1186959902950935,-0.4372671788031053,0.8538220790220675,-0.2563132512452648,-0.5722150162363046,-3.1160586067533913,0.954119456634244
1771355011278897408,6.127897500991821,1.4078227281570437,4.323455333709717,-1.9572163820266724,-0.0671227946877479,0.553713858127594,0.829997181892395,-0.2975622415542602,0.0884217023849487,-0.1008102297782898,0.1016446405230387,-0.4389568653408275,0.8498914456732786,-0.2732576159288185,-0.5868176259516439,-3.0608971608242173,0.9778906322424574
1771355011288928512,6.137928485870361,0.4254210889339447,4.435397148132324,-2.045912027359009,-0.1146543622016906,0.5598034858703613,0.8206550478935242,-0.3043825328350067,-0.194034993648529,0.0765008926391601,0.0822473381708588,-0.4408016717384558,0.8461804826074164,-0.2879373686924729,-0.5941486310449469,-3.0027803767356867,1.0030608640591554
1771355011298959616,6.147959470748901,-0.6748763918876648,4.361184597015381,-1.996979594230652,-0.1622565388679504,0.5558332800865173,0.8153051733970642,-0.3396355807781219,-0.37722909450531,0.2914607524871826,0.0602584447998133,-0.4430127422874497,0.8434407430973344,-0.2978530447167217,-0.5893650493750265,-2.9451460657815622,1.0270776758766575
1771355011308991488,6.157991409301758,-1.277248740196228,4.212780475616455,-1.8468137979507449,-0.2079194635152816,0.543889582157135,0.8129907846450806,-0.3485533595085144,-0.2414450645446777,0.291745662689209,0.0369389938354195,-0.4449180655028386,0.8417501413944506,-0.303546088456596,-0.5750652860960728,-2.8912129606984127,1.0468714838770972
1771355011319022336,6.168022394180298,-0.9800249934196472,4.164764881134033,-1.6123576164245603,-0.2512490153312683,0.5303475856781006,0.809694766998291,-0.3235801160335541,0.1647666096687317,0.2228370904922485,0.0140272374104507,-0.4459227248129514,0.8402382412726644,-0.3081491923653071,-0.5590105231901226,-2.8407124875482848,1.0627861424957687
1771355011329053696,6.178053617477417,-0.4039084613323211,4.122894763946533,-1.478654146194458,-0.2928415536880493,0.5206166505813599,0.8019990921020508,-0.3490042090415954,0.4657115936279297,0.112963855266571,-0.007336190629517,-0.445938435985766,0.8379370332821493,-0.3145580229528917,-0.547573046613172,-2.791494704676928,1.0773838800620508
1771355011339084544,6.188084602355957,0.2228963077068328,4.119260311126709,-1.421278476715088,-0.3333141505718231,0.5153300762176514,0.7895165085792542,-0.3896929919719696,0.4531756639480591,0.058566927909851,-0.0271721415385207,-0.4453928030823725,0.8344959643219076,-0.3232697814171643,-0.5413927931787678,-2.7421172234917255,1.0927648484786625
1771355011349116672,6.1981165409088135,0.8124939799308777,4.100308418273926,-1.3866366147994995,-0.3727024495601654,0.5144577026367188,0.7722868323326111,-0.3578580021858215,0.4199602007865906,0.0319127440452575,-0.0454441687118688,-0.444571211802111,0.8297589046540441,-0.3343525522956608,-0.5403750939507047,-2.6919650137300573,1.1102274546661737
1771355011359147520,6.2081475257873535,1.1897281408309937,4.1698455810546875,-1.4183292388916016,-0.4115565121173858,0.5167049169540405,0.7507578134536743,-0.3729130923748016,0.347354531288147,0.0703023672103881,-0.0627334204577784,-0.4435821431732685,0.8237801828566648,-0.3473983586053593,-0.5429977998748248,-2.6401415866414686,1.1302480138127151
1771355011369178624,6.2181785106658936,1.2359535694122314,4.227563381195068,-1.461397647857666,-0.4501137435436249,0.5196868777275085,0.7261702418327332,-0.3825278580188751,0.2091948986053466,0.1105301976203918,-0.0797849929610773,-0.4425014442917935,0.8168706164921833,-0.3613159955774919,-0.5464844246256848,-2.586708174708695,1.1521886273226298
1771355011379209472,6.228209495544434,0.8219462633132935,4.272078037261963,-1.5020214319229126,-0.4883020520210266,0.520219087600708,0.7006663084030151,-0.3810979723930359,0.0429370403289794,0.1896992921829223,-0.0975561883659873,-0.4411562061823346,0.8097619149721622,-0.3743656865064115,-0.5471074951613996,-2.532942851647006,1.1734809824135843
1771355011389241344,6.23824143409729,0.2375393509864807,4.15620231628418,-1.560475468635559,-0.5255031585693359,0.5160306096076965,0.6764308214187622,-0.3809298872947693,-0.1117490530014038,0.3336246609687805,-0.1164203336382559,-0.439616341833261,0.8030895895970428,-0.3850075818084367,-0.5422103836273997,-2.4811113446656687,1.1916838487181194
1771355011399272448,6.24827241897583,-0.2153317183256149,4.005385875701904,-1.5553576946258545,-0.5607009530067444,0.5075422525405884,0.654228687286377,-0.3242018818855285,-0.0934645533561706,0.3709787726402282,-0.135829872332868,-0.4378811633709797,0.7971037724171912,-0.3929833042802325,-0.5323299489644464,-2.4330249409620928,1.205682856016881
1771355011409303552,6.25830340385437,-0.2117147892713546,3.902024030685425,-1.4805971384048462,-0.593822181224823,0.4972424507141113,0.6325543522834778,-0.3057596683502197,0.1117662787437439,0.3063341975212097,-0.1550965403500391,-0.4358784465358524,0.7913830570322224,-0.3995845800338523,-0.520417552791434,-2.3877666019536603,1.2168890682557696
1771355011419333632,6.268333673477173,0.1561311334371566,3.830409526824951,-1.3554818630218506,-0.624911367893219,0.4883332550525665,0.6091108322143555,-0.3191345334053039,0.2811979055404663,0.2005966901779174,-0.1733249572298603,-0.433651577479091,0.7851762379232916,-0.4066975680737205,-0.5101787597897499,-2.3433911015193374,1.2282828626359088
1771355011429365760,6.278365850448608,0.5537010431289673,3.727602005004883,-1.3074523210525513,-0.6540164947509766,0.4818710386753082,0.5831490755081177,-0.3216915130615234,0.3683944642543793,0.1706045866012573,-0.1901382010588862,-0.4314072503724862,0.7781145984458141,-0.4150577884616686,-0.5027887753994229,-2.298974945285695,1.2416533407167738
1771355011439396864,6.288396835327148,0.8843473792076111,3.5973994731903076,-1.2804116010665894,-0.681161105632782,0.4773527979850769,0.5551159977912903,-0.3165500164031982,0.3600495159626007,0.2230364680290222,-0.2055166688075784,-0.4294437758476503,0.7701532619736495,-0.4245054484460137,-0.4976396501819484,-2.254590194587827,1.2575828450034248
1771355011449427968,6.2984278202056885,1.0031709671020508,3.4664697647094727,-1.2776682376861572,-0.7064516544342041,0.4736286401748657,0.5259295105934143,-0.3205868005752563,0.2970927953720093,0.3088788390159607,-0.2197992352564445,-0.4277756432977224,0.7615594243769818,-0.43442318770222,-0.4934062824445001,-2.2107464967474715,1.275194335929534
1771355011459459840,6.308459758758545,0.888600766658783,3.2976441383361816,-1.2546415328979492,-0.7297996282577515,0.4694288372993469,0.4970199465751648,-0.2770209312438965,0.1821061074733734,0.3758895695209503,-0.2333753124327871,-0.4262346156828049,0.7528838105780681,-0.4438759944684555,-0.488643789989042,-2.168681206527447,1.29246636455939
1771355011469490688,6.318490743637085,0.6508995890617371,3.125502109527588,-1.2072443962097168,-0.7511577010154724,0.4640397131443023,0.4694987833499908,-0.2348193526268005,0.1185407638549804,0.4137867093086242,-0.2465544586302957,-0.4245854154791314,0.7446318696987372,-0.452174158868136,-0.4825502431646285,-2.129419782642316,1.3075171723799208
1771355011479521792,6.328521728515625,0.4047313630580902,2.9268367290496826,-1.132800579071045,-0.7704715132713318,0.4575083553791046,0.4439141154289245,-0.1966000199317932,0.0965535044670105,0.4425147771835327,-0.2593847638475963,-0.4226759058593675,0.7370903134138962,-0.4590887560077872,-0.4751910858122142,-2.093501200318906,1.3194354549180316
1771355011489552640,6.338552713394165,0.202762022614479,2.700711250305176,-1.0634185075759888,-0.7876628041267395,0.4502392411231994,0.4205615222454071,-0.171153724193573,0.121461808681488,0.4668591022491455,-0.2716444090636285,-0.4205918058999211,0.7303309469906887,-0.4646811636631018,-0.4670332583925892,-2.0612227249535837,1.3283728137075892
1771355011499584768,6.3485846519470215,0.0942283496260643,2.470963716506958,-0.9886372685432434,-0.8028801083564758,0.4426683485507965,0.3992844820022583,-0.1515265703201294,0.1815381944179535,0.4687879979610443,-0.2831715392586049,-0.4184675616939308,0.7242424578781097,-0.4692244549662067,-0.4585722745500944,-2.0322937734350814,1.335062669519245
1771355011509615872,6.358615875244141,0.0841698572039604,2.250880718231201,-0.9075794219970704,-0.8162903785705566,0.4352807402610779,0.3797375857830047,-0.1125273704528808,0.2133245766162872,0.4563677310943603,-0.2937852981311045,-0.4164463082191122,0.7186384793522267,-0.473097654440278,-0.4503500981496888,-2.006217722416438,1.340505192885192
1771355011519646976,6.368646860122681,0.2350677698850631,2.044208526611328,-0.8480266332626343,-0.8280575275421143,0.4285982251167297,0.3614199459552765,-0.0586154460906982,0.2342435717582702,0.3900601863861084,-0.3032706879125957,-0.4146982400977446,0.7132568567660675,-0.4767776515301053,-0.4429406937635176,-1.982339574218403,1.345976456642289
1771355011529677824,6.378677845001221,0.4773838818073272,1.8580141067504885,-0.785071074962616,-0.8384603261947632,0.4229698777198791,0.3436286449432373,-0.0138497948646545,0.2705115675926208,0.2637932300567627,-0.3114529397620393,-0.4134988702035783,0.7076955616208868,-0.4808146277535349,-0.436720314409896,-1.959750512739364,1.3531426955197634
1771355011539709696,6.388709783554077,0.6786959767341614,1.7309614419937134,-0.69031822681427,-0.8476129770278931,0.4186696410179138,0.3259872496128082,0.0094935894012451,0.3456735908985138,0.2420210540294647,-0.3183779935533138,-0.4126942217928082,0.7019096157723285,-0.485429423681082,-0.4319798983222719,-1.9379519322463232,1.3621775403159346
1771355011549740800,6.398740768432617,0.7075933218002319,1.5436843633651731,-0.6006144285202026,-0.8555421233177185,0.4153606593608856,0.3090677857398987,0.0418978929519653,0.333021879196167,0.3477773368358612,-0.3242506167333009,-0.4121003217834097,0.6962091791945937,-0.4902321335684222,-0.4283392415283104,-1.9174613515053631,1.3719507696887647
1771355011559771904,6.408771753311157,0.5109567046165466,1.2885305881500244,-0.4888370037078857,-0.8621151447296143,0.412522554397583,0.2942496836185455,0.0897457003593444,0.2348926663398742,0.4830941259860992,-0.3292721856138517,-0.4115026741574695,0.6912238365118464,-0.4944240080913444,-0.4252214812886513,-1.8997098228492075,1.380371112490946
1771355011569803776,6.418803691864014,0.2549564838409424,1.0058085918426514,-0.3807017505168915,-0.8672341108322144,0.4098370671272278,0.2827341854572296,0.1156929731369018,0.1945330500602722,0.5821034908294678,-0.3335458491637356,-0.4107815153370235,0.6874777323932609,-0.4973732023258867,-0.4222754280711397,-1.885948943666572,1.385831520756683
1771355011579834624,6.428834676742554,0.1009086221456527,0.7491868138313293,-0.2723667621612549,-0.87103670835495,0.4074291586875915,0.2744023501873016,0.1203653216361999,0.2299609780311584,0.5727351903915405,-0.3370355907670549,-0.4100177733814595,0.6848989761640992,-0.4992052423952586,-0.4196371959566981,-1.875984099094893,1.388722774061549
1771355011589865728,6.438865661621094,0.0843142941594123,0.556786060333252,-0.1641028672456741,-0.8737056255340576,0.4057256281375885,0.2683753967285156,0.1081569194793701,0.2628687024116516,0.4826622009277344,-0.3396383196580792,-0.4092985965680902,0.6831269022631312,-0.5004579779701963,-0.4177726134911069,-1.86881726809629,1.3903505829009948
1771355011599896576,6.448896646499634,0.150089830160141,0.399196445941925,-0.0544586591422557,-0.8754450082778931,0.4050034880638122,0.2637584209442138,0.0926995277404785,0.2788039445877075,0.3848622143268585,-0.3413236450762605,-0.4086977205714008,0.6817957059484911,-0.5016164396324824,-0.4169826342389462,-1.863431583621582,1.391902582006637
1771355011609928960,6.458928823471069,0.142808049917221,0.2676180601119995,0.0372680649161338,-0.8763626217842102,0.4052755236625671,0.2602695524692535,0.0770615339279174,0.2554300427436828,0.3422847688198089,-0.3421905295484277,-0.4081506368623594,0.6808434719066103,-0.502763202258764,-0.4172801940513898,-1.8594879206825083,1.3934456332129272
1771355011619959808,6.468959808349609,0.1081371530890464,0.0947741121053695,0.097710907459259,-0.8765877485275269,0.4061344563961029,0.2581642270088196,0.0681312680244445,0.1566860377788543,0.3226005136966705,-0.3423842455599046,-0.4077228578929396,0.6803265242127498,-0.5036774259109555,-0.4182199443697152,-1.8572092160509912,1.3946405772990116
1771355011629990912,6.478990793228149,0.062294565141201,-0.042735680937767,0.1575819700956344,-0.876147449016571,0.4074050486087799,0.257656842470169,0.0633420944213867,0.1651047468185424,0.3424561321735382,-0.341994756861433,-0.4073823797323938,0.6803440445814735,-0.504193683032759,-0.4196108168098649,-1.856812494817704,1.3950703774572322
1771355011640021760,6.4890217781066895,0.0598095655441284,-0.1507167518138885,0.1976526826620102,-0.8751881122589111,0.4090321660041809,0.2583386301994324,0.0551501512527465,0.1714274585247039,0.3529895842075348,-0.341099372755825,-0.4071649783363891,0.6807246152745582,-0.5044621514734772,-0.4213931979182918,-1.8578259025310904,1.39513740819192
1771355011650053632,6.499053716659546,0.030403921380639,-0.2495217472314834,0.238698124885559,-0.8737803101539612,0.4110127985477447,0.2599552273750305,0.0395059585571289,0.1219767034053802,0.3363430500030517,-0.3397702522594587,-0.4070331230179391,0.681396834085691,-0.5045578778128823,-0.423564747987652,-1.859963837407842,1.3949400486987873
1771355011660084736,6.509084701538086,-0.053562082350254,-0.3318312466144562,0.2916598618030548,-0.8719229698181152,0.4132961332798004,0.2625578343868255,0.0302329063415527,0.1029239892959594,0.318710446357727,-0.3381176079466873,-0.4068609312628285,0.6824537340235309,-0.5043783748910898,-0.4260708389558128,-1.8632849451430036,1.394021756940727
1771355011670115584,6.519115686416626,-0.1463285982608795,-0.4230726361274719,0.3365197479724884,-0.8696268200874329,0.4157656729221344,0.2662478685379028,0.0278148055076599,0.0550136864185333,0.3130979239940643,-0.3362346898313195,-0.4065813435171021,0.6839704243752066,-0.5038077418057358,-0.4287845430950086,-1.867897934133901,1.3920072106398265
1771355011680147968,6.5291478633880615,-0.263403832912445,-0.50406414270401,0.3725360929965973,-0.8668970465660095,0.4182781279087066,0.2711696922779083,0.0187525153160095,0.0284839570522308,0.295556902885437,-0.3341671436516129,-0.4061973961157337,0.685994552525339,-0.5027399872093167,-0.4315488328722241,-1.8739590112468163,1.38867382331456
1771355011690178816,6.539178848266602,-0.3290553689002991,-0.577431321144104,0.3936088681221008,-0.8637823462486267,0.4207670092582702,0.2771917283535003,0.0073980689048767,0.0202119946479797,0.2692559957504272,-0.3319502744564948,-0.4057287163577993,0.6884621070137749,-0.5012116966065658,-0.4342906464479696,-1.8813196352327035,1.3841457874415797
1771355011700209920,6.549209833145142,-0.3139997124671936,-0.6384355425834656,0.3928988873958587,-0.8604128956794739,0.4232424199581146,0.2838234901428222,-0.0092619061470031,-0.0049532055854797,0.1956076920032501,-0.3295197574550741,-0.4053659641443564,0.6910789938406373,-0.4995048451391631,-0.4370211096690775,-1.889425685927285,1.379405351114299
1771355011710240768,6.559240818023682,-0.250420480966568,-0.6845927834510803,0.397698163986206,-0.856817364692688,0.4258207976818084,0.2907593846321106,-0.020853042602539,0.0357423722743988,0.175732284784317,-0.3268046340110506,-0.4051878827975151,0.693687593685741,-0.4978143973810804,-0.4398688324642579,-1.897950422258705,1.3750237113496482
1771355011720272896,6.569272756576538,-0.2245172262191772,-0.7181842923164368,0.3894269168376922,-0.8530617952346802,0.4284918010234833,0.2977928817272186,-0.0262107253074646,0.0301263630390167,0.1709265708923339,-0.323849730109448,-0.4051957070544316,0.6962132380483733,-0.4962106361493985,-0.4428228985761921,-1.906657646743896,1.3711621277859032
1771355011730303744,6.579303741455078,-0.2619644701480865,-0.7571122646331787,0.3869925141334533,-0.8491637110710144,0.431047648191452,0.3051541745662689,-0.038333237171173,-0.0259573459625244,0.1541812419891357,-0.320797575261619,-0.4052936468370717,0.6987947769247475,-0.4944814426029267,-0.4456535177242714,-1.9157838517244448,1.3671932503631072
1771355011740334848,6.589334726333618,-0.2841560840606689,-0.8209599256515503,0.3985756635665893,-0.8450132012367249,0.4335079491138458,0.3130872845649719,-0.0487703680992126,-0.0181484818458557,0.1439287662506103,-0.3176129808672693,-0.4054375507720459,0.7015440327905466,-0.4925224823567103,-0.4483819078183454,-1.92562625188701,1.3628037197224634
1771355011750365696,6.599365711212158,-0.315518707036972,-0.883853554725647,0.4259460270404815,-0.8405175805091858,0.4360259771347046,0.3215767741203308,-0.0441412329673767,0.0016571283340454,0.1610740423202514,-0.3142061837215653,-0.4056207811423368,0.7044573592137473,-0.4903938369545996,-0.4511780228844824,-1.9362078597391992,1.3581015501831128
1771355011760397568,6.609397649765015,-0.3973118364810943,-0.973147749900818,0.451311320066452,-0.835563600063324,0.4385334551334381,0.3309411704540252,-0.040458858013153,-0.0247455537319183,0.1780309975147247,-0.3105659715634613,-0.4058016015643739,0.7076691647904849,-0.487932652229089,-0.4539661897252109,-1.947909658299036,1.3526574562698062
1771355011770428928,6.619428873062134,-0.5119755268096924,-1.0612908601760864,0.4768827259540558,-0.8300772309303284,0.4408778846263885,0.341465026140213,-0.0321816205978393,-0.0289516448974609,0.176021546125412,-0.3067248609143814,-0.4059420196485825,0.7112971197859217,-0.4849611247007299,-0.4565765086484175,-1.9610618891388576,1.3460310225614538
1771355011780459776,6.629459857940674,-0.5622997283935547,-1.1334718465805054,0.4941259026527405,-0.8241161704063416,0.4429930746555328,0.3529727458953857,-0.0263324379920959,-0.0597838461399078,0.1058590412139892,-0.3027294285421584,-0.4060530364477052,0.7152672980346384,-0.4815273109539189,-0.4589344539370828,-1.9754626709783965,1.338370206495114
1771355011790491904,6.63949179649353,-0.5502053499221802,-1.211337685585022,0.5187222957611084,-0.8176326155662537,0.4451028704643249,0.3651856780052185,-0.0179998278617858,-0.0411111414432525,0.0486175119876861,-0.2984407185831881,-0.4062111280573071,0.7194340494052079,-0.4778497519447477,-0.4612891481770023,-1.9908507673011624,1.3302830384462352
1771355011800522752,6.64952278137207,-0.4412207901477813,-1.2746641635894775,0.5271679759025574,-0.8106748461723328,0.4474985003471374,0.3775598704814911,-0.0119722485542297,0.048244297504425,0.0625340938568115,-0.2937162653115547,-0.4065567453046598,0.7235271625022389,-0.4742898282940272,-0.4639661556637912,-2.006658394803928,1.3227901285462769
1771355011810553856,6.65955376625061,-0.3834213018417358,-1.3831751346588137,0.5668134093284607,-0.803124189376831,0.4503167569637298,0.3901365995407104,-0.0105966329574584,0.0500189960002899,0.1136171221733093,-0.2884374173392803,-0.407129529553028,0.7275395817942825,-0.4708881461580619,-0.4671200624412038,-2.0229982331770815,1.316030455848313
1771355011820584704,6.66958475112915,-0.3890826404094696,-1.5153892040252686,0.6241890788078308,-0.7946661710739136,0.4535268247127533,0.4035082161426544,-0.0195121765136718,0.0717721879482269,0.1927747130393982,-0.2825243501952709,-0.4078233004969263,0.7317337339585863,-0.4673604847101216,-0.4707185886279264,-2.040641151573672,1.309184978972503
1771355011830616832,6.679616689682007,-0.5104394555091858,-1.6748425960540771,0.7095481753349304,-0.7850489616394043,0.4569706618785858,0.4181816875934601,-0.0326390266418457,0.0616145431995391,0.2390906810760498,-0.2759916574329001,-0.4084953630697917,0.7363575120397513,-0.4633980512260269,-0.4745864572835483,-2.060246659156612,1.301338926132401
1771355011840647680,6.689647674560547,-0.7193610072135925,-1.8471357822418213,0.8049324750900269,-0.7740530371665955,0.4602634012699127,0.4347406029701233,-0.0647072792053222,0.0294063687324523,0.2435431182384491,-0.2689836117322502,-0.4089213717879688,0.7417234120736454,-0.4585602220787605,-0.4782918814379315,-2.0825336972034996,1.291185430925691
1771355011850678784,6.699678659439087,-0.9519035816192628,-2.0508716106414795,0.8801971077919006,-0.7614383697509766,0.4630390405654907,0.4536591172218323,-0.0806026458740234,0.0226329565048217,0.2310637235641479,-0.2614736709978094,-0.4091160064792309,0.7479663441893505,-0.4525505634060286,-0.4814209143737052,-2.1081161857296093,1.2782122728061964
1771355011860710912,6.7097108364105225,-1.1021987199783323,-2.2428112030029297,0.9485666155815125,-0.7471660375595093,0.4651738405227661,0.4747168123722076,-0.1035571694374084,0.0379083752632141,0.1901391148567199,-0.2534210525850705,-0.4091791686502169,0.7549376199357163,-0.4454428205361816,-0.4838309979191195,-2.136808389994916,1.2628567840683214
1771355011870741760,6.7197418212890625,-1.1360725164413452,-2.3857948780059814,1.0022906064987185,-0.7313253283500671,0.4669129848480224,0.4971473217010498,-0.134610891342163,0.0524198710918426,0.1216270625591278,-0.2447716201348276,-0.4091797781566785,0.7623290428845554,-0.4376221685045712,-0.4857966449544235,-2.1678290777608,1.2460926096037754
1771355011880772864,6.7297728061676025,-1.0921406745910645,-2.5044074058532715,1.030653476715088,-0.7140707969665527,0.4685654938220978,0.5201435685157776,-0.1536355018615722,0.1046003997325897,0.0865459442138671,-0.2354666209149029,-0.4092329026818676,0.7698053055901506,-0.4295156608873669,-0.4876662811520911,-2.2003426826821126,1.229021916390407
1771355011890803712,6.739803791046143,-0.9539018869400024,-2.5880937576293945,1.034532070159912,-0.6956056356430054,0.4704310297966003,0.5429803729057312,-0.1645781993865966,0.1290105581283569,0.1076391339302063,-0.2254780725026852,-0.4094612453561883,0.7770660607699567,-0.4215086224377548,-0.48977916293921,-2.2335871677344397,1.2126311064856268
1771355011900835840,6.749835729598999,-0.8352670669555664,-2.650892972946167,1.006372094154358,-0.6762385368347168,0.4724727869033813,0.565217912197113,-0.1667181849479675,0.1517949104309082,0.1518994569778442,-0.2149262242278924,-0.4099847101907219,0.7839142198815394,-0.4137606504561237,-0.4920943670712158,-2.2670040480626774,1.1974824795361891
1771355011910866688,6.759866714477539,-0.7469215393066406,-2.710630178451538,0.9973243474960328,-0.6559998393058777,0.4746310114860534,0.5868473052978516,-0.1812194585800171,0.1356137692928314,0.1868191361427307,-0.2039067572915092,-0.4107116375800823,0.7904047116347941,-0.406199992813437,-0.4945447768874957,-2.300611383084746,1.1832531330945202
1771355011920897792,6.769897699356079,-0.6819236874580383,-2.7658674716949463,1.00247323513031,-0.6348215937614441,0.4767924845218658,0.6080056428909302,-0.1819967031478881,0.1496266424655914,0.2298850417137146,-0.1924533906820296,-0.4115895758792839,0.7966158724671774,-0.3986966075090392,-0.4970020879383099,-2.33462128108972,1.1696039637571038
1771355011930928640,6.779928684234619,-0.6941900253295898,-2.8081674575805664,1.0333694219589231,-0.6126554012298584,0.4789112210273742,0.6287265419960022,-0.185897946357727,0.1481333673000335,0.2127497792243957,-0.1806679334530402,-0.4124030709394651,0.8026748817413872,-0.3911466827975123,-0.4994140234973389,-2.3691399090742804,1.15590794195381
1771355011940960768,6.789960861206055,-0.7395598888397217,-2.8412766456604004,1.0599490404129028,-0.5895046591758728,0.4806752502918243,0.6491802930831909,-0.1897157430648803,0.1521065831184387,0.1546067595481872,-0.1686958753929488,-0.4130165215443309,0.8087072979365312,-0.3833424195768491,-0.5014246017424819,-2.404333849766849,1.1415759513183643
1771355011950991872,6.799991846084595,-0.7621309757232666,-2.8605549335479736,1.1153310537338257,-0.5654308795928955,0.4820059537887573,0.6692969799041748,-0.188704252243042,0.1647683382034301,0.1271051168441772,-0.1565947179385561,-0.4133956080847122,0.814710106535466,-0.3752728017462354,-0.5029427342357011,-2.440117566467985,1.126560724106167
1771355011961022976,6.810022830963135,-0.8089479804039001,-2.9344840049743652,1.1709147691726685,-0.5401557087898254,0.482956051826477,0.6891917586326599,-0.1901299357414245,0.1502379179000854,0.1498891115188598,-0.144221625377251,-0.4135091459710305,0.8207350739175092,-0.3668845112193419,-0.5040274384329992,-2.476837594714962,1.1107056765623216
1771355011971054848,6.820054769515991,-0.8692203164100647,-3.021829128265381,1.2085896730422974,-0.5134962201118469,0.48332679271698,0.7090250849723816,-0.201423704624176,0.1792402565479278,0.1927540302276611,-0.131506083239752,-0.4134118414496697,0.8268029876700865,-0.3580412394787394,-0.5044508769769143,-2.5147902818479544,1.0939690680565817
1771355011981085696,6.830085754394531,-0.8619664311408997,-3.1294105052948,1.2338417768478394,-0.4853754937648773,0.4831967651844024,0.7286502718925476,-0.2202213704586029,0.1868471205234527,0.2276484370231628,-0.1183302313533004,-0.4132309750608914,0.8328056784498772,-0.3488161937798524,-0.5043023761613186,-2.55396198264698,1.0767837428186484
1771355011991116800,6.840116739273071,-0.8331141471862793,-3.2509381771087646,1.253838062286377,-0.4557257294654846,0.4827500879764557,0.7478408217430115,-0.2363823056221008,0.1909863650798797,0.2520826458930969,-0.1045844819905971,-0.4130372435992243,0.8386421529312599,-0.3393251002945059,-0.5037922468321366,-2.594298326514869,1.0594976149171742
1771355012001147648,6.850147724151611,-0.7522334456443787,-3.357668161392212,1.265398025512695,-0.4244717955589294,0.4822516143321991,0.7663271427154541,-0.2486087083816528,0.2030816972255706,0.2628630399703979,-0.0901536891239725,-0.4128672232770968,0.8442181157224773,-0.3297101809472322,-0.5032231330529972,-2.6357569322658585,1.0423833177684352
1771355012011179776,6.860179662704468,-0.6358866095542908,-3.4520020484924316,1.2806135416030884,-0.3918272852897644,0.4820802509784698,0.7836260795593262,-0.2659027576446533,0.2106534540653228,0.2255595922470092,-0.0750425453401181,-0.4127272879369022,0.8493934371495891,-0.3202429238892229,-0.5030275509623712,-2.67793049421092,1.0257947053873355
1771355012021210624,6.870210647583008,-0.5097600817680359,-3.52176833152771,1.3019657135009766,-0.3579058945178985,0.4824019968509674,0.7994942665100098,-0.2762340307235718,0.227192610502243,0.1878101229667663,-0.0592897823433272,-0.4125408717650283,0.8541411905716007,-0.3110263953553567,-0.5033948076613813,-2.7206819189991567,1.0096468923929514
1771355012031241984,6.880241870880127,-0.373496949672699,-3.5666089057922363,1.321751594543457,-0.3228913247585296,0.4833014011383056,0.8137326240539551,-0.2878721952438354,0.2265679538249969,0.1539796590805053,-0.042974216734818,-0.4122461273340927,0.8584401293296724,-0.3021371429734585,-0.5044218613757321,-2.7638455985719337,0.9938483765221036
1771355012041272832,6.890272855758667,-0.3469401597976684,-3.607684850692749,1.359788179397583,-0.28689906001091,0.4844831228256225,0.8264166712760925,-0.2830776274204254,0.185453861951828,0.1497489213943481,-0.0262403103307521,-0.4117492510961347,0.8623635481992009,-0.2934330780463786,-0.5057722213662882,-2.807449853661673,0.9780227610190292
1771355012051304704,6.900304794311523,-0.4187857806682586,-3.6773111820220943,1.3852360248565674,-0.2498098462820053,0.4850684106349945,0.8380358815193176,-0.2897104620933532,0.1557092368602752,0.2143629789352417,-0.0092325789826329,-0.4110376670899643,0.8660634993087197,-0.2844238751500088,-0.5064413816563892,-2.8518893673997625,0.9617124029856784
1771355012061335808,6.9103357791900635,-0.4739497005939483,-3.7715272903442383,1.4023545980453491,-0.2115219235420227,0.4845142364501953,0.8488254547119141,-0.306636095046997,0.1385479569435119,0.266027569770813,0.0080117110756444,-0.410195247055651,0.8695703414474731,-0.2748147513315597,-0.5058077972255216,-2.897373043506886,0.9449502456340526
1771355012071366912,6.9203667640686035,-0.4520829319953918,-3.853739500045776,1.4053205251693726,-0.172056570649147,0.4832165241241455,0.8584280610084534,-0.3284012079238891,0.1290424466133117,0.2424327135086059,0.0256096979929702,-0.4092559157749614,0.87276780145829,-0.2648211104796392,-0.5043249202451708,-2.9437816141111006,0.9280685774519596
1771355012081398784,6.93039870262146,-0.3899436593055725,-3.9064817428588863,1.4041261672973633,-0.1316585540771484,0.481736809015274,0.8663692474365234,-0.341318130493164,0.1401503980159759,0.1923770904541015,0.0436063225902717,-0.4082218983020064,0.875522414596292,-0.2547819921645081,-0.5026355704819191,-2.9907806547920024,0.9113769426266584
1771355012091429632,6.9404296875,-0.3587282299995422,-3.9783453941345215,1.414476990699768,-0.090507723391056,0.4800579249858856,0.8725552558898926,-0.3534924983978271,0.1456897258758545,0.1841005682945251,0.0619245298360939,-0.4070500935370485,0.8778313290578811,-0.2447196472177483,-0.5007207340370352,-3.038235066431976,0.8948291632707802
1771355012101460736,6.95046067237854,-0.3215459585189819,-4.036576747894287,1.4075666666030884,-0.0485275872051715,0.4780598282814026,0.8769855499267578,-0.3729811906814575,0.1424387693405151,0.2268809080123901,0.0806058534250671,-0.4057752319999819,0.8796813260817327,-0.2345418108388418,-0.4984444324094408,-3.086314491744337,0.8784538867530173
1771355012111491584,6.96049165725708,-0.3242918252944946,-4.0735063552856445,1.434276819229126,-0.006011014804244,0.4756627380847931,0.879607081413269,-0.4018259048461914,0.1200861036777496,0.1734781265258789,0.0995031083173095,-0.4043264030061743,0.8810923300713346,-0.224266662330905,-0.4957173105985057,-3.1347590101126213,0.8621773562946934
1771355012121523968,6.970523834228516,-0.2882654070854187,-4.12805700302124,1.4501391649246216,0.0370823219418525,0.4727305471897125,0.8804264068603516,-0.393649697303772,0.1421528458595276,0.1733912825584411,0.1186135508149142,-0.4026260305597082,0.8821028696124761,-0.213816758191266,-0.492386868665871,3.0994989384991323,0.8458118742093229
1771355012131554816,6.980554819107056,-0.2675661742687225,-4.144751071929932,1.4850287437438965,0.0804992541670799,0.4694497585296631,0.8792824149131775,-0.3970428109169006,0.1339897513389587,0.1292628645896911,0.1378894359243848,-0.4006343106281082,0.8826853115986263,-0.2033359355972291,-0.4886675038268246,3.0502960770574923,0.8293775056953337
1771355012141585920,6.990585803985596,-0.3253280222415924,-4.185827732086182,1.5243220329284668,0.1242280900478363,0.4653201997280121,0.8763816952705383,-0.4013582170009613,0.1067166030406951,0.1380075216293335,0.1572317220198337,-0.3983151607589942,0.8829132896289543,-0.1925809956794134,-0.4839963243770133,3.0007796605063946,0.812787083231003
1771355012151617792,7.000617742538452,-0.365116685628891,-4.227366924285889,1.5336787700653076,0.168225347995758,0.4599621593952179,0.8718576431274414,-0.4136171340942383,0.0923909544944763,0.1810601353645324,0.176588279014359,-0.3957789908261122,0.8827727994260082,-0.181350335465366,-0.4779525693665187,2.950984574505747,0.7963681163647149
1771355012161648640,7.010648727416992,-0.3671793043613434,-4.255703926086426,1.5416890382766724,0.212234079837799,0.4538646042346954,0.8654270172119141,-0.4215846657752991,0.0852437317371368,0.1435147523880005,0.1959989297905996,-0.3930597852111904,0.8821663737478177,-0.1699146680277906,-0.4710976110402797,2.9011025104920924,0.78033216953504
1771355012171679744,7.020679712295532,-0.3723239004611969,-4.289402961730957,1.5547430515289309,0.2561562657356262,0.4469821453094482,0.8570828437805176,-0.4189370572566986,0.1189968287944793,0.1356540322303772,0.2154301018663092,-0.3901021140644795,0.8811139302235551,-0.1582670933669736,-0.4633888703692574,2.851172958612472,0.7646185160577085
1771355012181710848,7.030710697174072,-0.338159829378128,-4.307726860046387,1.5582486391067505,0.2998061776161194,0.4396621286869049,0.8466483354568481,-0.4333359003067016,0.1245925724506378,0.1355293989181518,0.2349198234880205,-0.3869335963800304,0.879549062504252,-0.1465895447343361,-0.4552224683904631,2.801261545378467,0.7493271984796978
1771355012191742976,7.040742874145508,-0.3457130789756775,-4.33976936340332,1.588563323020935,0.3431406617164612,0.4316956400871277,0.834201991558075,-0.4530040025711059,0.0933439433574676,0.1326556801795959,0.2544196743662261,-0.3834697354471771,0.8775260513467721,-0.1347943683432117,-0.4463717488232018,2.751348795140905,0.734309976992411
1771355012201773824,7.050773859024048,-0.3357137143611908,-4.367962837219238,1.604922890663147,0.3861051797866821,0.4230253994464874,0.8197394013404846,-0.4663510620594024,0.1148317456245422,0.1286402344703674,0.273932767334591,-0.379721355618827,0.8750322268107865,-0.1228464186537376,-0.4367815808873037,2.70140510776947,0.7196379105077829
1771355012211804928,7.060804843902588,-0.3031025826931,-4.374874114990234,1.6120420694351196,0.4284650385379791,0.4138430655002594,0.803213357925415,-0.483228862285614,0.1113186776638031,0.0958192348480224,0.2934312991354637,-0.3756962793072662,0.8720429950171573,-0.1108666418772788,-0.4266715496653244,2.6515533385979815,0.7053558252699887
1771355012221835776,7.070835828781128,-0.2142470180988311,-4.348721027374268,1.594315528869629,0.4698300659656524,0.4045524299144745,0.7846000790596008,-0.4874081015586853,0.0853157937526702,0.0472023487091064,0.3128519166308895,-0.3713926041904121,0.8685433640905509,-0.0991145968102396,-0.4164893670275099,2.6020451605294173,0.6914215989687695
1771355012231867904,7.080867767333984,-0.1297260969877243,-4.306593894958496,1.5829342603683472,0.5098586678504944,0.3953844904899597,0.7640126943588257,-0.4787765145301819,0.0249188542366027,-0.0676015615463256,0.332100105269432,-0.3667907499825976,0.8645639949700586,-0.0877679409910301,-0.4064864199754511,2.553121861409493,0.6777287984664208
1771355012241898752,7.090898752212524,0.0226945988833904,-4.2575483322143555,1.5384141206741333,0.5483700037002563,0.3866734802722931,0.7414674162864685,-0.4377589821815491,0.0207514464855194,-0.1132936477661132,0.3511900488438548,-0.3618937799313503,0.8600968619760294,-0.0770183496965545,-0.3970217509576966,2.5047976852697444,0.6641308295342259
1771355012251929856,7.1009297370910645,0.1072933748364448,-4.197084903717041,1.5545339584350586,0.5852410793304443,0.3783753216266632,0.7171643376350403,-0.4089868068695068,0.0175749361515045,-0.1245588660240173,0.3700589770232888,-0.3566569314024196,0.8552064163547862,-0.0668885942379339,-0.3880404797175672,2.457142224844292,0.6504519556277815
1771355012261961728,7.110961675643921,0.0761056318879127,-4.1324663162231445,1.547702431678772,0.6204816699028015,0.3696861267089844,0.6916175484657288,-0.4308149218559265,0.0467262268066406,-0.0032019615173339,0.388518581133569,-0.3511434965911343,0.8500041228163161,-0.0569612431136259,-0.3786711960984456,2.410356785120486,0.637048197289768
1771355012271992576,7.120992660522461,-0.0546873621642589,-4.056220531463623,1.5503631830215454,0.6539781093597412,0.3599783480167389,0.6653779149055481,-0.4807146787643432,-0.0069358348846435,0.0459865927696228,0.4063463356699703,-0.3456039054216901,0.8445394655456528,-0.0468353361865914,-0.3682446776764194,2.3648347424375458,0.6247579152859811
1771355012282023680,7.131023645401001,-0.2236785143613815,-3.991668701171875,1.5054932832717896,0.6857607960700989,0.3488418459892273,0.6387807726860046,-0.492310106754303,-0.0575974583625793,0.0926948189735412,0.4234398816865384,-0.3402677529349332,0.8388135886038597,-0.0361677386936304,-0.356335045108803,2.3207404302355714,0.6143441014249574
1771355012292054784,7.14105486869812,-0.4144292771816253,-3.938018560409546,1.4838329553604126,0.7157827019691467,0.3362511992454529,0.6120378375053406,-0.500816822052002,-0.0571832060813903,0.0421979427337646,0.4397320789337014,-0.3353002461912661,0.8328221146178756,-0.0248352248363264,-0.3429334718527165,2.2782212345746577,0.6062978016765406
1771355012302086912,7.151086807250977,-0.481742262840271,-3.886163473129273,1.4359333515167236,0.7440842390060425,0.3228422701358795,0.5849027633666992,-0.4806108474731445,-0.0470854938030242,-0.0674620866775512,0.4553856321332494,-0.3306362424074911,0.8265174210055604,-0.0131323710414633,-0.3287310161967931,2.2369858325930547,0.600237124023133
1771355012312117760,7.161117792129517,-0.4210044741630554,-3.78765320777893,1.3932732343673706,0.7705845236778259,0.309442788362503,0.5571755766868591,-0.4568943977355957,-0.0404303669929504,-0.2090157866477966,0.4705417949102084,-0.3259956254040869,0.8199479413916781,-0.0016181850575334,-0.3146070043111751,2.196828935405135,0.5950992301159576
1771355012322148864,7.171148777008057,-0.2544370591640472,-3.6897032260894775,1.363808274269104,0.7951513528823853,0.2966978251934051,0.5288712978363037,-0.4406591653823852,-0.0140897929668426,-0.2718064785003662,0.485262692416755,-0.3211157766010288,0.81321602172979,0.0091938611949086,-0.3012329063797842,2.1577275657289308,0.5898575861273269
1771355012332179712,7.181179761886597,-0.0115540055558085,-3.585026502609253,1.313320875167847,0.8178003430366516,0.2852604985237121,0.4998291134834289,-0.4332635998725891,0.0274531245231628,-0.2903869152069092,0.4997319900011062,-0.3157474354514707,0.8063610322439123,0.0187990736607801,-0.289278218134976,2.119401148031103,0.5834319181789692
1771355012342211840,7.191211700439453,0.2108654826879501,-3.475036144256592,1.334136962890625,0.8386781215667725,0.2746379673480987,0.4703118503093719,-0.4280183315277099,0.0491383075714111,-0.2372337579727172,0.5139032667990121,-0.3097449889315365,0.7995085825437137,0.0273417744928451,-0.2782131606553958,2.0818763874833146,0.575578236002607
1771355012352242688,7.201242685317993,0.3956428170204162,-3.3597300052642822,1.3157219886779783,0.8579054474830627,0.2648493349552154,0.4402875602245331,-0.4351301789283752,0.0740483701229095,-0.1173963546752929,0.5278702023899545,-0.3030839187443672,0.7926436234151205,0.0347751434011675,-0.2680476876320986,2.0449577381946047,0.5660963401582539
1771355012362273792,7.211273670196533,0.4070038199424743,-3.2409112453460693,1.3396499156951904,0.875434398651123,0.255105584859848,0.4105311334133148,-0.441749095916748,0.0376190245151519,-0.0457392930984497,0.5412944829610143,-0.2961128178142009,0.7858643424097248,0.0416502437450623,-0.257956901105039,2.009293254725822,0.5562059660043349
1771355012372305920,7.221305847167969,0.3152312338352203,-3.1562864780426025,1.3292149305343628,0.8914936780929565,0.2447876185178756,0.3812064826488495,-0.4082630276679992,0.0133910924196243,0.0262643098831176,0.5541133928167881,-0.289118685536707,0.7791107888250317,0.0485306120491012,-0.2473006472513975,1.974870722084492,0.5469885997524185
1771355012382336768,7.231336832046509,0.0766047909855842,-3.0741522312164307,1.328238010406494,0.9061665534973145,0.2333680093288421,0.3527065217494964,-0.3895801305770874,-0.002914473414421,0.028747946023941,0.5661329062161485,-0.2825583812301976,0.7723431994270957,0.0560393222668242,-0.2355399042500858,1.9419832134156143,0.5399707048612704
1771355012392367872,7.241367816925049,-0.2210426032543182,-3.001049041748047,1.3068443536758425,0.919458031654358,0.221163809299469,0.3250901699066162,-0.3706451654434204,-0.0629301518201828,-0.0327317714691162,0.5773399209721126,-0.2767796082448369,0.7654659630357427,0.0642928818597793,-0.2230076697607814,1.9106454932715753,0.535897474366506
1771355012402398720,7.251398801803589,-0.5068240165710449,-2.9537363052368164,1.2706825733184814,0.931544542312622,0.2079627811908722,0.2982891798019409,-0.3408156633377075,-0.1051185131072998,-0.0809429585933685,0.5877408788186057,-0.2718849244852104,0.7584346927454818,0.0735943312596483,-0.2094917419693034,1.8806890897356787,0.535271520044776
1771355012412430848,7.261430740356445,-0.5472745895385742,-2.8764517307281494,1.2266041040420532,0.9423858523368835,0.1946859806776046,0.2720405161380768,-0.3143799901008606,-0.0784751027822494,-0.1731788218021392,0.597529969837191,-0.2676303399661048,0.7512617787159505,0.0832920824182883,-0.1959372961874646,1.851828447452893,0.5368668397321953
1771355012422461952,7.2714619636535645,-0.3085024952888489,-2.7797811031341553,1.1461318731307983,0.951972246170044,0.1822820752859115,0.2460121810436248,-0.274649977684021,-0.0490270853042602,-0.3207038938999176,0.6070200661820955,-0.2632963836723127,0.744097512555382,0.0923066481626084,-0.1833069209474155,1.8236873251697403,0.5380778530715107
1771355012432493056,7.281492948532104,0.2028866559267044,-2.6973836421966553,1.0427210330963137,0.9603153467178344,0.1715648025274276,0.2199094593524933,-0.2393527030944824,0.034291535615921,-0.3554074466228485,0.6165524015911606,-0.2581364011244515,0.7371026597387884,0.099541377129527,-0.1724178094752315,1.7959120320032278,0.536191501724788
1771355012442525184,7.29152512550354,0.9861719012260436,-2.523205280303955,0.94637268781662,0.9673996567726136,0.1631547212600708,0.1936978846788406,-0.2392806410789489,0.1426161825656891,-0.4235866963863373,0.6263990619819132,-0.2512961677886419,0.7305471750621094,0.1038048221478573,-0.1638873877523903,1.7684085069574187,0.5281853200984717
1771355012452556032,7.30155611038208,1.749047040939331,-2.244581699371338,0.918101131916046,0.9732322692871094,0.1564770936965942,0.1683266460895538,-0.2345696091651916,0.1541002839803695,-0.514624834060669,0.636300777344449,-0.2422162235715185,0.7249100797153563,0.1046803258050636,-0.1571227952276146,1.7420583338362956,0.5125803443921769
1771355012462587136,7.31158709526062,1.9020251035690308,-1.8983500003814695,0.9015242457389832,0.977884829044342,0.1505918502807617,0.1451314836740493,-0.2412974238395691,0.0488099604845047,-0.5880484580993652,0.6455788184487367,-0.2318404040888189,0.7202886694832019,0.1032576658447918,-0.1511669276646159,1.7181344981267408,0.4923483152994438
1771355012472617984,7.32161808013916,1.598163604736328,-1.5530366897583008,0.7321648001670837,0.9814433455467224,0.1448896080255508,0.1256022900342941,-0.2563456892967224,-0.2500226497650146,-0.6245800256729126,0.6533737526969392,-0.2221875865764235,0.7165429663510082,0.1014966854961298,-0.1454013965211074,1.6980815577146435,0.4733322610054097
1771355012482650112,7.331650018692017,0.9373830556869508,-1.14732563495636,0.5552225112915039,0.9839584231376648,0.1400470733642578,0.1105114296078682,-0.2354232668876648,-0.4953174591064453,-0.6128917932510376,0.6592742055026546,-0.2149831261418722,0.713468970273929,0.1005079308576782,-0.140508962644331,1.682640735812184,0.4596835537322479
1771355012492680960,7.341681003570557,0.2521743178367615,-0.7471848130226135,0.3682361245155334,0.9855961799621582,0.1361341178417205,0.1003395542502403,-0.2257999181747436,-0.6407575011253357,-0.6217018365859985,0.6630550306331466,-0.2109107810770038,0.7111163192981098,0.1009376307640024,-0.1365581459321858,1.672252726421017,0.4532561553389974
1771355012502712064,7.351711988449097,-0.145413801074028,-0.3707419037818908,0.2047697156667709,0.986539661884308,0.1332854181528091,0.0947336480021476,-0.2149485349655151,-0.6531370878219604,-0.6270822286605835,0.6649408982325974,-0.2095000540449861,0.7095608154306292,0.1024048199743421,-0.1336832376142039,1.6665289893898745,0.4526997594851264
1771355012512743936,7.361743927001953,-0.0782129317522049,0.0471488013863563,0.0043644453398883,0.986828863620758,0.1321184188127517,0.0933455303311348,-0.2167484164237976,-0.4627916812896728,-0.6257399320602417,0.6653057268175819,-0.2095130922222568,0.7090677180196229,0.1034189632581982,-0.1325058351260792,1.6651071156012611,0.4540101519669015
1771355012522775040,7.371774911880493,0.0823200196027755,0.4183119535446167,-0.1971809118986129,0.9864710569381714,0.1330778449773788,0.09573345631361,-0.2642879486083984,-0.2946379482746124,-0.631698489189148,0.664498259344883,-0.2099763946633782,0.7097722462952247,0.1028358365116398,-0.1334738110185282,1.6675397683685391,0.4540856011886007
1771355012532805888,7.381805896759033,0.2543125450611114,0.71543949842453,-0.3691169917583465,0.9855238199234008,0.1360319852828979,0.1011826768517494,-0.2389571666717529,-0.2563323378562927,-0.5777451992034912,0.6627726789679875,-0.2107244345259983,0.7114678839139764,0.1007022318268396,-0.1364550595062087,1.6731067810194449,0.4527038089201063
1771355012542837248,7.391837120056152,0.3425100445747375,0.9302806854248048,-0.5189757347106934,0.984039306640625,0.1407280564308166,0.1089131459593772,-0.1971741914749145,-0.2502099275588989,-0.4847981035709381,0.6603655186746847,-0.2117030239334106,0.7138896281678571,0.0972662205635695,-0.1411967569890024,1.681027346809438,0.4501018824014647
1771355012552869120,7.401869058609009,0.2247376143932342,1.1109522581100464,-0.647506833076477,0.9820252060890198,0.1468395590782165,0.1185940951108932,-0.1990662813186645,-0.2617382407188415,-0.3486051559448242,0.6572826792584088,-0.2133179217231263,0.7167932136369788,0.0931794511026161,-0.1473724294682147,1.6909791419442266,0.4478112810711736
1771355012562899968,7.411900043487549,-0.0102445296943187,1.2357735633850098,-0.7508792877197266,0.979506015777588,0.1538556069135666,0.1299870014190673,-0.1786788702011108,-0.2664654552936554,-0.1930363029241562,0.653486413206645,-0.2160247692031416,0.7199491672923577,0.089230530115436,-0.1544691700699703,1.702732119762408,0.4476287502705374
1771355012572931072,7.421931028366089,-0.2936083078384399,1.342515468597412,-0.8083175420761108,0.9764950275421144,0.1613329499959945,0.1429306715726852,-0.1465084552764892,-0.2778643369674682,-0.1232467889785766,0.6489790132197049,-0.2199131956093024,0.7232589608580954,0.085795792132261,-0.1620411440545985,1.7161353774444752,0.4502253130242744
1771355012582962944,7.431962966918945,-0.4860387444496155,1.3919076919555664,-0.8267524838447571,0.9730772376060486,0.1687756031751632,0.1569564342498779,-0.1286406517028808,-0.2704144120216369,-0.1322372108697891,0.6439137590272986,-0.2247664216472994,0.726607369863194,0.0830467601193353,-0.1695873235402506,1.7307179546928106,0.4554809570042367
1771355012592994048,7.441993951797485,-0.492255300283432,1.4829108715057373,-0.8141908645629883,0.9692962169647216,0.1759225130081176,0.1718023270368576,-0.1238067746162414,-0.1978646665811538,-0.1735723167657852,0.6384344455475707,-0.2299737440362779,0.7300775575474117,0.080624183205716,-0.1768428111903934,1.7462188683717916,0.4619503767831237
1771355012603024896,7.452024936676025,-0.3164645433425903,1.57185697555542,-0.8327155709266663,0.9650772213935852,0.1831588149070739,0.1872939467430114,-0.1287581324577331,-0.119819551706314,-0.2380905002355575,0.6326989256654512,-0.2349188177126228,0.7337984212188795,0.0777508830740118,-0.1841986683996587,1.7624849222535273,0.4676362321296417
1771355012613056000,7.462055921554565,-0.1341833472251892,1.6715058088302612,-0.8871119618415833,0.9602909684181212,0.1910277009010315,0.2033468633890152,-0.1267794966697693,-0.0860014110803604,-0.2942434251308441,0.6267881733469236,-0.23939244109743,0.7378107423856669,0.0739139421570096,-0.1922090212755298,1.779469248163588,0.4715582569951759
1771355012623088128,7.472088098526001,-0.0513289347290992,1.7904306650161743,-0.9622306823730468,0.954809844493866,0.1997132003307342,0.2201210260391235,-0.1470093727111816,-0.0821289122104644,-0.2867865264415741,0.6206004316128609,-0.2437007341429961,0.7420717360956383,0.0692442240945177,-0.2010652138837123,1.797376691799963,0.4744351674899515
1771355012633119232,7.482119083404541,-0.0902539640665054,1.9202443361282349,-1.0353353023529053,0.9484925270080566,0.2091081291437149,0.2379825264215469,-0.1661897301673889,-0.1073015034198761,-0.2140567451715469,0.6139230064900145,-0.2482399475503037,0.746570957152809,0.0640878823870042,-0.2106628343295253,1.8166275807688337,0.477438967315425
1771355012643150080,7.492150068283081,-0.3131075501441955,2.0343596935272217,-1.0620638132095337,0.9413337707519532,0.2185598909854889,0.2571423351764679,-0.1598396897315979,-0.1745077967643737,-0.1671308577060699,0.6065741974310536,-0.2533932022656687,0.751241008220753,0.0591312679798978,-0.2203384364535169,1.8374586225798064,0.4821255464825668
1771355012653181952,7.5021820068359375,-0.5971640944480896,2.123443126678467,-1.0732210874557495,0.933361828327179,0.2273532599210739,0.2777515351772308,-0.1472444534301757,-0.2052585929632187,-0.1664538979530334,0.598416807091752,-0.2594077768087807,0.75603132678153,0.054967750219237,-0.2293589057575658,1.8600331451365235,0.4896820291832788
1771355012663213056,7.512212991714477,-0.7574600577354431,2.209841251373291,-1.1148961782455444,0.9245417714118958,0.2355699986219406,0.2995492219924927,-0.1426811814308166,-0.1651963740587234,-0.1971321702003479,0.589557365633737,-0.2661924973720692,0.7608654033680348,0.0514555547810359,-0.2378050241395986,1.8841212250200128,0.4997796593134594
1771355012673243904,7.522243976593018,-0.7378014326095581,2.3256735801696777,-1.138811111450195,0.9147515892982484,0.243592619895935,0.3223234117031097,-0.1505150198936462,-0.0975049287080764,-0.2454801499843597,0.5801163035136678,-0.2733084982338664,0.7658094882556362,0.0479941900666934,-0.2460683363705234,1.909573552974698,0.5109651134110884
1771355012683275008,7.532274961471558,-0.5407482385635376,2.451319694519043,-1.180286884307861,0.903883934020996,0.2519956529140472,0.3456757962703705,-0.1597281694412231,-0.0475126802921295,-0.3124269843101501,0.5703000695548507,-0.2801630267394514,0.7709387678192626,0.0438156300879771,-0.2547419053642334,1.9360683723518104,0.5213200740756999
1771355012693306880,7.542306900024414,-0.2857054769992828,2.5486788749694824,-1.2316765785217283,0.8918344378471375,0.2613598704338074,0.3692181706428528,-0.1762279272079467,-0.024223119020462,-0.3488629460334778,0.5602773874509775,-0.2865401648934005,0.7762111954927462,0.0384715359020252,-0.2644307804429388,1.9633118761432016,0.5299749237072509
1771355012703338240,7.552338123321533,-0.0925062000751495,2.6638777256011963,-1.301501989364624,0.8784747123718262,0.2719644904136657,0.3928322196006775,-0.192973792552948,-0.0020976066589355,-0.3261666893959045,0.550062821613671,-0.2924734360946204,0.7815851867676711,0.0318538847122779,-0.2754338693153783,1.9912987734928544,0.5369403087910414
1771355012713369088,7.562369108200073,-0.0103502571582794,2.747467279434204,-1.3609492778778076,0.8637803792953491,0.2833738625049591,0.4166332185268402,-0.2091171145439148,-0.0131711661815643,-0.2529520094394684,0.5395262731956662,-0.2981946136486174,0.787017525944781,0.0243919542686464,-0.2873103634741443,2.0202139500023164,0.5431975821029137
1771355012723400960,7.57240104675293,-0.0557278580963611,2.812695264816284,-1.42516028881073,0.847773015499115,0.2952679991722107,0.4405654668807983,-0.2192176580429077,-0.0620221197605133,-0.183348000049591,0.5286244940833232,-0.3040677807526223,0.7923544166942492,0.0165376380710197,-0.2997360260278754,2.050058853309403,0.5499513226832554
1771355012733432064,7.58243203163147,-0.1525698006153106,2.8741188049316406,-1.467023491859436,0.830475926399231,0.3069684207439422,0.4648440182209015,-0.2090007662773132,-0.1124341487884521,-0.167160302400589,0.5172048233309271,-0.3102991295315798,0.7975816300735583,0.0087815477266767,-0.312006008529073,2.0810806526548657,0.5581670121888374
1771355012743462912,7.59246301651001,-0.189323291182518,2.9191184043884277,-1.4741944074630735,0.8120198249816895,0.3182379901409149,0.4892325699329376,-0.1993641853332519,-0.1085059344768524,-0.1868338584899902,0.5053537256374656,-0.3167217521777408,0.8026852554914796,0.0011679842675011,-0.323870264242936,2.113043572099503,0.5675702175970506
1771355012753494016,7.60249400138855,-0.0940131917595863,3.0072758197784424,-1.523473024368286,0.7922511100769043,0.3295521438121795,0.5135501623153687,-0.2108606100082397,-0.0668110251426696,-0.2418063282966613,0.4931324022032479,-0.3231046980476255,0.80769947158732,-0.0067384894707729,-0.3358291775518552,2.1459166921458843,0.5773269660515656
1771355012763525888,7.612525939941406,0.0892173498868942,3.0903782844543457,-1.5742820501327517,0.7709699273109436,0.3416637480258941,0.5374677181243896,-0.2162060141563415,-0.0616649091243743,-0.3247448801994324,0.4806520299169735,-0.3292327258101424,0.81261285929155,-0.0154876809170662,-0.3486865929376756,2.179594758678647,0.5865576287068708
1771355012773556992,7.622556924819946,0.2747270166873932,3.1811134815216064,-1.6393811702728271,0.7480993866920471,0.3549072742462158,0.560702919960022,-0.2401648163795471,-0.0421326458454132,-0.3526649475097656,0.4679846245854377,-0.3350426351493015,0.8173725504828321,-0.0252746898378249,-0.362814888166475,2.2139794349985205,0.5950419945809163
1771355012783587840,7.632587909698486,0.3488491773605346,3.2782137393951416,-1.713971495628357,0.7235148549079895,0.3691371083259582,0.5833214521408081,-0.2863048315048218,-0.0086635053157806,-0.2367333769798278,0.4550242254556401,-0.3406897737343989,0.8219435543995489,-0.0359470544612157,-0.3780803760899681,2.249326249771771,0.6033640390865073
1771355012793618944,7.642618894577026,0.2285096347332,3.36558198928833,-1.7613332271575928,0.6971171498298645,0.3833561539649963,0.6058598756790161,-0.3397257328033447,-0.0292300879955291,-0.0775241255760192,0.4414481363084978,-0.3465280564611029,0.8263463140060875,-0.0468373905970242,-0.3934273246223776,2.2862711405305625,0.612976649077885
1771355012803651072,7.652651071548462,-0.1799082159996032,3.4352424144744873,-1.7829394340515137,0.6691140532493591,0.395721435546875,0.6290396451950073,-0.3558968901634216,-0.1068268120288848,0.0075111985206604,0.4269103034061755,-0.3529300035794068,0.8306384559877477,-0.0568132434537429,-0.4068532828678029,2.325334009262789,0.6256312462330632
1771355012813682176,7.662682056427002,-0.5658209323883057,3.441614866256714,-1.7474666833877563,0.6398848295211792,0.4048881232738495,0.653156042098999,-0.359245240688324,-0.1623344719409942,0.0499841570854187,0.4113195907994033,-0.3600506949670786,0.8348302250705782,-0.0651008583865315,-0.4168564885349672,2.3664576731336693,0.6421185774974512
1771355012823713024,7.672713041305542,-0.6889258027076721,3.4285571575164795,-1.6970524787902832,0.6098920702934265,0.411381185054779,0.6773456335067749,-0.3193953037261963,-0.1033062636852264,0.0333324074745178,0.3951233673014615,-0.3674103408454922,0.8388578242610889,-0.0721435416124858,-0.4239688781957194,2.4085483684074873,0.6607853437469685
1771355012833744896,7.682744979858398,-0.5408964157104492,3.4358017444610596,-1.6535385847091677,0.5792737603187561,0.4170087575912475,0.7003896832466125,-0.2996411919593811,-0.00991952419281,-0.0684773921966552,0.3788738635643011,-0.3743604476203963,0.8426441132106022,-0.0791188065109482,-0.4301517920631146,2.45056009379558,0.6792101773915578
1771355012843776000,7.692775964736939,-0.2388553321361541,3.4752204418182373,-1.6493686437606812,0.5476713180541992,0.4234573245048523,0.7216232419013977,-0.3106870651245117,0.0857589840888977,-0.1832015514373779,0.3627885926146563,-0.3806567254430931,0.8461158700420173,-0.0870220594367362,-0.4372583185320635,2.49239218266173,0.6962693279465286
1771355012853806848,7.7028069496154785,0.2704745531082153,3.5056240558624268,-1.6747583150863647,0.5149694681167603,0.4324066638946533,0.7401562929153442,-0.2861486077308655,0.0779999196529388,-0.2708110213279724,0.3472218972084955,-0.3860859816923983,0.8491264772056528,-0.0967415593685982,-0.4471601546663774,2.533719516907716,0.7110906308560035
1771355012863839232,7.712839126586914,0.6102252006530762,3.633188486099243,-1.7169252634048462,0.4806970357894897,0.4444342851638794,0.7559159398078918,-0.2915490567684173,0.0992669761180877,-0.2915297746658325,0.3320368194933913,-0.390707022597324,0.8516489834941459,-0.1085987551014654,-0.4605426372637535,2.5751839888767,0.7239990477298825
1771355012873870080,7.722870111465454,0.5690667629241943,3.6767826080322266,-1.7425349950790403,0.4447715878486633,0.4571322798728943,0.770200252532959,-0.3560417294502258,0.0807858109474182,-0.0295233726501464,0.3165387381601748,-0.3949900392224333,0.8538635624022156,-0.1212564863255398,-0.4747681900134414,2.617900136661739,0.7370496853856593
1771355012883901184,7.732901096343994,0.070130206644535,3.7221217155456543,-1.820518493652344,0.4076575040817261,0.4674315452575683,0.784425675868988,-0.4093053638935089,-0.0356839895248413,0.3193801045417785,0.3002246184769148,-0.3997315986018162,0.8558197786980258,-0.1328626763633937,-0.4863831439707475,2.6623180859993334,0.7528336267661718
1771355012893932032,7.742932081222534,-0.5175281763076782,3.633746385574341,-1.7233091592788696,0.3699988424777984,0.4725577235221863,0.7998687028884888,-0.4366492331027984,-0.2190176844596862,0.3677642345428467,0.2827041367648693,-0.4051354811049232,0.857787619961896,-0.1419295181611945,-0.4921907410483905,2.7083311377379062,0.7720385293205048
1771355012903964160,7.752964019775391,-0.7073447108268738,3.499285936355591,-1.6070722341537476,0.3332374691963196,0.4730928838253021,0.8155586123466492,-0.3650520741939544,-0.1018771231174469,0.2481162548065185,0.2648048528685098,-0.4106401500739982,0.8597406360653645,-0.1486575464455528,-0.4927980749682178,2.7536942952397405,0.7924662728001896
1771355012913995008,7.762995004653931,-0.4317594468593597,3.4599363803863525,-1.5309317111968994,0.2971588671207428,0.4732670187950134,0.8292859792709351,-0.3270355463027954,0.1539913415908813,0.0552356243133544,0.2474209032917699,-0.4154688812971534,0.8614108103070578,-0.1553704986948308,-0.4929957557864243,2.797515369248547,0.8114113073536767
1771355012924026112,7.773025989532471,0.0921442508697509,3.4623656272888184,-1.4808754920959473,0.261001318693161,0.4757902026176452,0.8399417400360107,-0.3141933977603912,0.2395418882369995,-0.1058413982391357,0.2308209560565663,-0.4194332987743127,0.862581350215498,-0.1635568661882628,-0.4958622129218207,2.840314380843052,0.8283705853601873
1771355012934057984,7.783057928085327,0.7734931707382202,3.494917154312134,-1.4825758934020996,0.2245415598154068,0.4830548763275146,0.8463090062141418,-0.2553948163986206,0.2559892833232879,-0.2154802680015564,0.2154681388291354,-0.4224100397213438,0.862974086351827,-0.1744102559874887,-0.5041402984599932,2.8822492224163043,0.8432501363171451
1771355012944088832,7.793088912963867,1.1742243766784668,3.683772325515747,-1.532535433769226,0.1867210268974304,0.494769275188446,0.848727822303772,-0.2319175451993942,0.2554291486740112,-0.2347598075866699,0.2007542565062498,-0.4245885622248536,0.8626056260925442,-0.1879731309320356,-0.5175693217150599,2.925041339876422,0.8572678625053894
1771355012954119936,7.803119897842407,0.9554566740989684,3.8301572799682617,-1.5772759914398191,0.1467351168394088,0.5065791010856628,0.8496153950691223,-0.283423364162445,0.0498631596565246,-0.0836395025253295,0.1852047850028772,-0.4265639461417473,0.8618879806246013,-0.2022163842626088,-0.5312124850589023,2.9705720338878594,0.8725189826415244
1771355012964151040,7.813151121139526,0.0920403823256492,3.8918519020080566,-1.651105523109436,0.1054965481162071,0.5133798718452454,0.8516520857810974,-0.3045627176761627,-0.1756418943405151,0.2089098691940307,0.1680104532022474,-0.428991301650391,0.8612737669888374,-0.2143510184305543,-0.5391186659683334,3.0183476483706393,0.8901453217791869
1771355012974183168,7.823183059692383,-0.8966158032417297,3.7734408378601074,-1.626901149749756,0.0640614777803421,0.5112890005111694,0.8570180535316467,-0.3575795292854309,-0.3381016850471496,0.351233959197998,0.1487097989784188,-0.4322129280817577,0.861220659932351,-0.2222080962474633,-0.5366839926565349,3.0669821349555813,0.9097456778121198
1771355012984214016,7.833214044570923,-1.3803215026855469,3.6373798847198486,-1.5298203229904177,0.024083063006401,0.5017472505569458,0.8646791577339172,-0.3009232878684997,-0.176399290561676,0.27492356300354,0.1283610572335498,-0.4356772365691054,0.8616988672906297,-0.2262386873222521,-0.5256174722398123,3.1137478308934514,0.928747876462686
1771355012994245120,7.843245029449463,-0.964801013469696,3.587794065475464,-1.3517134189605713,-0.0145180709660053,0.4911450147628784,0.8709567189216614,-0.2455374747514724,0.1635638177394867,0.0883784890174865,0.1084413060520278,-0.4385757270245652,0.8620496979231266,-0.2296999684986667,-0.5134037601272384,-3.124925089429342,0.945635963493783
1771355013004275968,7.853276014328003,-0.3029436767101288,3.6454789638519287,-1.252206563949585,-0.0525404140353202,0.485007494688034,0.8729303479194641,-0.2454484701156616,0.3901603519916534,-0.0748040676116943,0.0898466614608963,-0.4403079747648453,0.8617389836096594,-0.2355046533073816,-0.506371725877114,-3.081476628314181,0.9603016037259569
1771355013014308096,7.863307952880859,0.6296504139900208,3.678979396820069,-1.2231755256652832,-0.0905188471078872,0.4855996966361999,0.8694819211959839,-0.2107811719179153,0.4094807505607605,-0.1632443070411682,0.0729440358316981,-0.4411861326390581,0.8602881862412236,-0.2448225538120978,-0.5070490454327287,-3.0378596911174855,0.974625623442399
1771355013024338944,7.873338937759399,1.3075578212738037,3.860662698745727,-1.247062921524048,-0.1292213499546051,0.4929077625274658,0.8604323863983154,-0.1814323365688324,0.4228637218475342,-0.1775252819061279,0.0573953563289183,-0.4414424164287872,0.8575224733239041,-0.2578557973193591,-0.5154285545893413,-2.992524831321935,0.9901745589640798
1771355013034370048,7.8833699226379395,1.3897647857666016,4.08712100982666,-1.2949838638305664,-0.1696158200502395,0.5028917789459229,0.8475437164306641,-0.2375497072935104,0.2300031185150146,-0.1057376861572265,0.0417211001294294,-0.4412636376312193,0.8538490797774385,-0.2729239909871049,-0.5269411766534648,-2.9440756136875774,1.007423567049294
1771355013044402176,7.893402099609375,0.779114842414856,4.230813980102539,-1.3297256231307983,-0.2113742977380752,0.5100336670875549,0.8337782621383667,-0.2590999007225036,-0.0387508273124694,0.0593337416648864,0.0246344563057618,-0.4408483352453899,0.8500246334606087,-0.2872349396224932,-0.5352239300525258,-2.893309623654752,1.0252822288709065
1771355013054433024,7.903433084487915,-0.3154286742210388,4.119325160980225,-1.402166485786438,-0.2532975971698761,0.5086721181869507,0.8228569030761719,-0.2937453091144562,-0.3020222187042236,0.3301278948783874,0.0052425008397307,-0.4405409537783597,0.8469664279402178,-0.297563764700523,-0.5336417508733904,-2.8429706538352124,1.0414494344334606
1771355013064464128,7.913464069366455,-1.1730376482009888,3.927645683288574,-1.3395994901657104,-0.2933615744113922,0.4983875155448913,0.8158116340637207,-0.2621346116065979,-0.3141071796417236,0.3450769186019897,-0.0156667220010064,-0.4403085866648539,0.8450054167239626,-0.3030654568896317,-0.5217378437905911,-2.7963958709779866,1.0537353065052697
1771355013074494976,7.923495054244995,-1.058426856994629,3.837958812713623,-1.1988203525543213,-0.3312735855579376,0.4847189486026764,0.8095095157623291,-0.2424874305725097,0.0528329908847808,0.1875151395797729,-0.0366515991463822,-0.4396429228065079,0.8434861358987885,-0.3064343129320785,-0.5060418255162356,-2.753156903058354,1.062589822769121
1771355013084527104,7.933526992797852,-0.3451899588108063,3.885340452194214,-1.035381555557251,-0.3677652776241302,0.4753021597862243,0.7992725372314453,-0.2818166315555572,0.3982787728309631,0.0162487030029296,-0.0561989671287508,-0.4381540972781952,0.8412236698082652,-0.3117778256506359,-0.4953074303387464,-2.7103507653319747,1.0710272263354916
1771355013094557952,7.943557977676392,0.3869746625423431,3.864349365234375,-0.9892221093177797,-0.4033843278884887,0.4714830815792084,0.7842096090316772,-0.3187073469161987,0.4708997309207916,-0.0134119987487792,-0.0741132467571379,-0.4362630481954342,0.8377227217148019,-0.3200037441891702,-0.4909717504674898,-2.6665047349521824,1.0814245882825753
1771355013104589056,7.953588962554932,1.0212762355804443,3.842954397201538,-1.015257716178894,-0.4380584955215454,0.4728246331214905,0.7645532488822937,-0.3142303228378296,0.3971399664878845,0.027942419052124,-0.090323611434653,-0.4344625460105705,0.832777832409769,-0.3310060952802678,-0.4924936190474959,-2.6212927628283587,1.095326968333331
1771355013114620928,7.963620901107788,1.4081803560256958,3.889928579330444,-1.079984188079834,-0.4722780585289001,0.4773527979850769,0.7410047054290771,-0.3420683145523071,0.2917360067367553,0.0959551930427551,-0.1055215892099481,-0.4328690290175643,0.8265148239285419,-0.344039104389184,-0.4976396281795843,-2.574162923634766,1.1128012907297906
1771355013124652032,7.973652124404907,1.4742376804351809,3.9042887687683105,-1.183324933052063,-0.5061916708946228,0.4824561774730682,0.7148468494415283,-0.3453097343444824,0.1513175964355468,0.1353728175163269,-0.1204414692612343,-0.4314969862889333,0.8192885796864805,-0.3578692907013368,-0.5034566724058155,-2.525443072405338,1.132825792312637
1771355013134683136,7.983683109283447,1.2890293598175049,3.891658306121826,-1.2774227857589722,-0.5396128296852112,0.4857825934886932,0.6876287460327148,-0.3166035413742065,0.0167961120605468,0.1504602432250976,-0.1356407882479794,-0.4302915977196432,0.8115808678461932,-0.3711970141969801,-0.507258294731191,-2.4762233252783523,1.1536653761804834
1771355013144714240,7.993714094161987,1.048950433731079,3.879520893096924,-1.3693968057632446,-0.5723308324813843,0.4863277375698089,0.6602442860603333,-0.2951160073280334,-0.0508724451065063,0.1388583779335022,-0.1513631637690676,-0.4291267191153341,0.8037240786792272,-0.3833627159511484,-0.5078820631674182,-2.4273989457839744,1.1738981551675622
1771355013154746112,8.003746032714844,0.9174085855484008,3.891787052154541,-1.4574226140975952,-0.6044338345527649,0.4842864573001861,0.6325557231903076,-0.2976811528205871,-0.0028715431690216,0.1115698218345642,-0.1676324622003704,-0.4279840981495041,0.795680507051126,-0.3944890618195558,-0.5055474215301468,-2.378924686729164,1.1933868641930487
1771355013164776960,8.013777017593384,0.9592287540435792,3.901491403579712,-1.5109643936157229,-0.6357823610305786,0.4808491468429565,0.6037922501564026,-0.3094539046287536,0.0704814791679382,0.0874003767967224,-0.1840771408385881,-0.4268748442944171,0.7871937484275732,-0.4052401019291539,-0.5016229144525027,-2.3303928969444128,1.2129385226876557
1771355013174808064,8.023808002471924,1.0344569683074951,3.9093785285949703,-1.5221797227859497,-0.6661324501037598,0.4768206179141998,0.573506772518158,-0.323003351688385,0.1279157400131225,0.0962015986442565,-0.2004079799109555,-0.4257377468608914,0.7781392847776534,-0.4160329097140379,-0.4970341071948102,-2.2816131803286126,1.2329765603759772
1771355013184839936,8.03383994102478,1.090920329093933,3.8874049186706543,-1.5410051345825195,-0.6952711939811707,0.4722915887832641,0.5417919158935547,-0.3534653186798095,0.1420119702816009,0.141511857509613,-0.2165044512713738,-0.4245818877956578,0.7685220759993981,-0.4268838439229804,-0.4918887780146214,-2.232757796519797,1.2535099261004492
1771355013194871040,8.04387092590332,1.0658831596374512,3.8233330249786377,-1.5073305368423462,-0.7227981090545654,0.4671677649021148,0.5092318654060364,-0.3694717288017273,0.1437330842018127,0.1956173777580261,-0.2322777064272452,-0.4232794377889239,0.7585845011320281,-0.437528400027396,-0.4860847907557769,-2.184555095042873,1.2737344229300065
1771355013204901888,8.05390191078186,1.00142240524292,3.682859420776367,-1.4746122360229492,-0.7483430504798889,0.4613017439842224,0.4766373038291931,-0.357415497303009,0.1449146270751953,0.2502914071083069,-0.2476060125581048,-0.4218101863401049,0.7485952254379777,-0.4476299122086385,-0.4794618287128657,-2.137923936114067,1.292891916138331
1771355013214934016,8.063934087753296,0.8868523836135864,3.498565196990967,-1.383784294128418,-0.771553099155426,0.4547699391841888,0.4448487460613251,-0.331123411655426,0.1506836116313934,0.3145201802253723,-0.2622825001451988,-0.4201851057241436,0.7388293804466097,-0.456928454434032,-0.4721138723640572,-2.093804240329978,1.3103740002645
1771355013224965120,8.073965072631836,0.7520549297332764,3.222556829452514,-1.2776408195495603,-0.7921093702316284,0.4478240609169006,0.4147484302520752,-0.3063860535621643,0.1687835752964019,0.3779304027557373,-0.2760463143088971,-0.4184189072591607,0.7295888097257294,-0.4652141455747764,-0.4643302625032474,-2.0531451437931714,1.325648799134325
1771355013234995968,8.083996057510376,0.6103032827377319,2.8508336544036865,-1.124717116355896,-0.8097105026245117,0.4409033358097076,0.3872636258602142,-0.2481203079223632,0.2000268697738647,0.4426923990249634,-0.2885203157403841,-0.4165992022417528,0.721163590659853,-0.4723602298926677,-0.4566048619675965,-2.0169127304423142,1.3384847679122218
1771355013245027072,8.094027042388916,0.483806848526001,2.4025471210479736,-0.9253773093223572,-0.8241321444511414,0.4345391392707824,0.3632930219173431,-0.1491495966911316,0.2325140237808227,0.5193822383880615,-0.2992999660972888,-0.4148324092779966,0.7138351280145138,-0.4783021750299003,-0.4495265143831018,-1.9859890793921375,1.348824143342268
1771355013255058944,8.104058980941772,0.3427938818931579,1.9022548198699951,-0.7192907333374023,-0.8353525996208191,0.4291485548019409,0.3435368537902832,-0.0492909550666809,0.2555285394191742,0.6039881706237793,-0.308112559173235,-0.413210119125063,0.7078317760238508,-0.4830095442034465,-0.4435499000084634,-1.9609612584018228,1.3566850035332
1771355013265090048,8.114089965820312,0.1866838932037353,1.3962494134902954,-0.5318635702133179,-0.8435689210891724,0.4248237609863281,0.3285061120986938,0.0500203371047973,0.2526969909667969,0.6493686437606812,-0.3148859089355726,-0.4118408110397958,0.703306619386776,-0.4864091084550715,-0.4387671904374487,-1.942152471523406,1.3620691685836532
1771355013275120896,8.124120950698853,0.2520173788070678,0.9316771030426024,-0.4028107821941376,-0.8493056297302246,0.4215427339076996,0.3177759349346161,0.1433883309364318,0.1902583837509155,0.5607640743255615,-0.3196622933362655,-0.4109962501937722,0.6999786061628674,-0.4888026199169907,-0.43514593987314,-1.9288300893873385,1.3661210053190975
1771355013285152000,8.134151935577393,0.3736412823200226,0.6445308327674866,-0.3313214182853699,-0.8532599210739136,0.4194222390651703,0.3098905682563782,0.1592293381690979,0.2769888043403625,0.4085237383842468,-0.3226242421037267,-0.4108578967465941,0.6972381734726317,-0.4908851173072765,-0.432808791630792,-1.919167956884478,1.3706783983838255
1771355013295184128,8.144184112548828,0.7093430161476135,0.5067225694656372,-0.3142164647579193,-0.856392502784729,0.4183397591114044,0.3026280105113983,0.1451804041862487,0.3912762999534607,0.3134760856628418,-0.3243056068022287,-0.411449587868916,0.6942789375702313,-0.4934692329192545,-0.4316166901570195,-1.9104749724571903,1.3775934100849592
1771355013305215232,8.154215097427368,0.8899167776107788,0.4617933928966522,-0.2683789432048797,-0.8590465784072876,0.4182851314544678,0.2950871884822845,0.1154400706291198,0.3410532176494598,0.3188196122646332,-0.3250110685632994,-0.4125887755371281,0.6908792180443801,-0.4968140234186226,-0.4315565311832217,-1.9016736869671675,1.387127761780112
1771355013315246080,8.164246082305908,0.8226029276847839,0.4661639332771301,-0.2128999680280685,-0.8614141345024109,0.418766051530838,0.2874037027359009,0.0669193863868713,0.3053092956542969,0.4009203016757965,-0.3254071840831261,-0.4136832655326245,0.6874358170084767,-0.5004082218663517,-0.4320860660405816,-1.8928244079295875,1.397128116106951
1771355013325277952,8.174278020858765,0.5525261759757996,0.4560079574584961,-0.1454119980335235,-0.863498866558075,0.4191943109035492,0.2804388403892517,0.0504342913627624,0.2223156988620758,0.484896183013916,-0.3259931742428864,-0.4143003427930715,0.6845251192764434,-0.5034968460776679,-0.4325577126830762,-1.884820498530811,1.4051618619874595
1771355013335309056,8.184309005737305,0.1753831207752227,0.4235871434211731,-0.064279593527317,-0.865173876285553,0.419323056936264,0.2750318348407745,0.0413975715637207,0.1654700338840484,0.5193253755569458,-0.3270146920633233,-0.4141335116201824,0.6826487791839284,-0.5055151040457797,-0.4326995200044684,-1.878585907602624,1.4093893539996738
1771355013345339904,8.194339990615845,-0.1846450865268707,0.3451796770095825,0.0316658392548561,-0.8663004636764526,0.4191842675209045,0.2716770470142364,0.0379921793937683,0.1490378081798553,0.4960842430591583,-0.3283957338153596,-0.4131831877602168,0.6819957317586051,-0.5062784374036802,-0.4325466596158501,-1.8746885096769872,1.409369876898575
1771355013355372032,8.204371929168701,-0.3483157157897949,0.2482546120882034,0.1119982302188873,-0.8668121099472046,0.4190248847007751,0.2702867388725281,0.0432037115097045,0.1898618340492248,0.4460371732711792,-0.3298234485722082,-0.4117158150409217,0.6823733978606297,-0.5060366924556163,-0.4323711191609874,-1.8730588185841863,1.4061346914909163
1771355013365402880,8.214402914047241,-0.3953556418418884,0.1166073679924011,0.1669488400220871,-0.8667250275611877,0.4192213416099548,0.2702616751194,0.0512343049049377,0.1956315636634826,0.3755818605422973,-0.3308895579112749,-0.4101275546582427,0.683320000642713,-0.5053526803614944,-0.43258748245082,-1.873061018073978,1.401656630743827
1771355013375433984,8.224433898925781,-0.3023450970649719,0.0038687051273882,0.2131823748350143,-0.8660863637924194,0.4199227690696716,0.271217793226242,0.0494208335876464,0.2042837440967559,0.3036112487316131,-0.3313384494058738,-0.4087333189554993,0.684504181574228,-0.5045848528485061,-0.4333602057933451,-1.8742762507737865,1.397307983867718
1771355013385465088,8.2344651222229,-0.1559684425592422,-0.1247505247592926,0.2529028952121734,-0.8649153113365173,0.4213510155677795,0.2727361023426056,0.0482343435287475,0.2152761816978454,0.2808831930160522,-0.330991962604944,-0.4076996352283619,0.6856741619943725,-0.5040598490424115,-0.4349345263141917,-1.8762598104876311,1.394104016189981
1771355013395496960,8.244497060775757,-0.0415184721350669,-0.2354971468448639,0.2739999294281006,-0.8632970452308655,0.4233809113502502,0.2747127115726471,0.0359807014465332,0.171360969543457,0.2774265110492706,-0.3298905606381216,-0.4070951323450259,0.6867531625600451,-0.5038015289844766,-0.4371739606442472,-1.8788777961638607,1.3922288920531103
1771355013405528064,8.254528045654297,0.0073025953024625,-0.3266496956348419,0.2965179979801178,-0.8612938523292542,0.4258367121219635,0.2771933078765869,0.0171318650245666,0.108388751745224,0.2681100368499756,-0.3282039856366899,-0.4068145666579305,0.6878216073478686,-0.5036720457694941,-0.4398864279414455,-1.882161680343771,1.3911931002670208
1771355013415559168,8.264559030532837,0.0075737945735454,-0.4139433205127716,0.3281803429126739,-0.8589046001434326,0.428578644990921,0.2803622186183929,0.0012845396995544,0.0921427309513092,0.2680385708808899,-0.3261083059404516,-0.4066786005494583,0.689052700259607,-0.5034601742416646,-0.4429190324223518,-1.886310541016977,1.3902037293111489
1771355013425591808,8.27459168434143,-0.033925712108612,-0.4808861315250397,0.3596149682998657,-0.8561468720436096,0.4315195977687835,0.2842590510845184,-0.0084922909736633,0.056822657585144,0.2615021169185638,-0.3236945558777,-0.4066166941046941,0.6905015487905479,-0.5030827346771015,-0.4461766007790113,-1.8913656454381655,1.388950387772105
1771355013435622656,8.28462266921997,-0.1480471342802047,-0.5576558709144592,0.3962347507476806,-0.8530049920082092,0.4345157742500305,0.2890993356704712,-0.0223764181137084,0.024071842432022,0.2581113278865814,-0.3211153464593612,-0.4064705241024039,0.6923376256225424,-0.5023297776700906,-0.4495005646385078,-1.8975652753231984,1.3866784886629997
1771355013445653760,8.29465365409851,-0.3017107248306274,-0.6266540884971619,0.4232764840126037,-0.849483072757721,0.4373563826084137,0.2951241135597229,-0.0281873345375061,-0.0196469724178314,0.2473869621753692,-0.3184932253725802,-0.4061638934189182,0.6946891038760621,-0.500999132095841,-0.4526568837423606,-1.9051674061381436,1.3828082573977003
1771355013455684608,8.30468463897705,-0.4485791623592376,-0.7399131655693054,0.4708043336868286,-0.845483124256134,0.4400045275688171,0.3025795519351959,-0.0161654353141784,-0.045549601316452,0.2334312200546264,-0.3157667422178704,-0.4057205039208847,0.6976250018641795,-0.4990006237044314,-0.4556037274634807,-1.9144718183655487,1.3771843585623549
1771355013465716480,8.314716577529907,-0.549536943435669,-0.8940212726593018,0.5224664211273193,-0.8407680988311768,0.4426683485507965,0.3116947710514068,-0.0016543269157409,-0.0102495551109313,0.2563746869564056,-0.3126815023644507,-0.4052237290651801,0.7011712495178459,-0.4963696751278779,-0.4585723011988593,-1.9258148706995712,1.37002492243787
1771355013475747584,8.324747562408447,-0.6399053931236267,-1.0512577295303345,0.5725700855255127,-0.8352317214012146,0.4453994333744049,0.3225011229515075,0.0092889070510864,0.0009353458881378,0.2631159424781799,-0.3091024183365291,-0.4047644145523479,0.7052774808492517,-0.4931581997534319,-0.461620332778329,-1.939281718362606,1.3616176591340885
1771355013485778688,8.334778785705566,-0.6923494338989258,-1.2429213523864746,0.6351354718208313,-0.8287346959114075,0.4482462406158447,0.335073173046112,0.0012658834457397,-0.0155680775642395,0.2543890178203583,-0.3048999343849786,-0.4044077477390601,0.7099232065078673,-0.4893867556975799,-0.4648024722699804,-1.9550204240317497,1.3521346799278835
1771355013495810816,8.344810724258423,-0.7324261665344238,-1.429860234260559,0.6849631667137146,-0.8211589455604553,0.451262891292572,0.3493700921535492,-0.0053942203521728,0.0106205940246582,0.2569988667964935,-0.2999495576797217,-0.4042355700485934,0.7150375142238632,-0.4851238126391749,-0.4681800082602338,-1.9730563158128251,1.3418873504882731
1771355013505841664,8.354841709136963,-0.763491153717041,-1.614935278892517,0.7451215982437134,-0.8124448657035828,0.4544531404972076,0.3652478158473968,-0.0238894820213317,0.0124353170394897,0.2351550161838531,-0.2942448838170099,-0.4042334239500553,0.7205686967664988,-0.4804124748833194,-0.4717582092101693,-1.9932895127867436,1.3309583104146143
1771355013515872768,8.364872694015503,-0.8045095205307007,-1.793442726135254,0.7900733947753906,-0.8025215864181519,0.4577167332172394,0.3826940953731537,-0.0461876392364501,0.0136883556842803,0.2341882586479187,-0.2878012566270523,-0.4043924870880983,0.7265079208194233,-0.4752089007428328,-0.4754254202991877,-2.0157648505611387,1.3192637105314735
1771355013525903616,8.374903678894043,-0.8164082765579224,-1.9501314163208008,0.8169749975204468,-0.7914695739746094,0.4609228074550628,0.4014046788215637,-0.060886263847351,0.0204003751277923,0.2114339470863342,-0.2806995725954626,-0.4047433236436719,0.7327244959258489,-0.4695798761808758,-0.4790347629858389,-2.0401585258030064,1.3070496738360868
1771355013535935744,8.3849356174469,-0.7695297002792358,-2.071524858474731,0.8449230194091797,-0.77931147813797,0.4642027020454407,0.4209390580654144,-0.066712200641632,0.0671541690826416,0.2071585059165954,-0.2729479125600683,-0.4052662315109762,0.7390729407251062,-0.4637132582187659,-0.4827342350254979,-2.066039721237719,1.294691597462719
1771355013545966592,8.39496660232544,-0.698904812335968,-2.1944875717163086,0.8737969994544983,-0.7660678625106812,0.4676931798458099,0.4409117400646209,-0.0868526697158813,0.1189614534378051,0.2339998185634613,-0.2645089829374242,-0.4060099156369371,0.7453937335349918,-0.4577981336737752,-0.4866791239670713,-2.0930452147491536,1.2826812315178708
1771355013555997696,8.40499758720398,-0.6673026084899902,-2.308520555496216,0.9123218059539796,-0.7516943216323853,0.4714073836803436,0.4612270593643188,-0.1081535816192627,0.1240820288658142,0.276626855134964,-0.2554186440475554,-0.406905484086893,0.7516923961415561,-0.4518270337979344,-0.4908859400059619,-2.121143718527642,1.2708714861025925
1771355013566029824,8.415029764175415,-0.6969917416572571,-2.433868646621704,0.9587726593017578,-0.7360336780548096,0.4752171337604522,0.4821030795574188,-0.1241653561592102,0.11247518658638,0.287473976612091,-0.245710169493299,-0.4078491689810907,0.7580966935809249,-0.4456176360362481,-0.4952107976877912,-2.1506794193620125,1.2586994669348577
1771355013576060672,8.425060749053955,-0.80299311876297,-2.5490565299987793,1.0378965139389038,-0.7189377546310425,0.4787811040878296,0.5038817524909973,-0.1466780304908752,0.1145873665809631,0.2841125130653381,-0.2355201915273875,-0.4086591184770085,0.764812779297545,-0.4388499166784493,-0.4992658146985611,-2.1821057846037437,1.2452135056265448
1771355013586091776,8.435091733932495,-0.9397426843643188,-2.662489891052246,1.0989688634872437,-0.7003126740455627,0.4818681478500366,0.5266544818878174,-0.1620224118232727,0.1181073784828186,0.2720209956169128,-0.2249241847352627,-0.4092391990603446,0.7719135471157428,-0.4313719781087043,-0.5027854764211366,-2.2155938520810468,1.2299887413387958
1771355013596122624,8.445122718811035,-1.1356995105743408,-2.786643743515014,1.1856707334518433,-0.6800495982170105,0.4841700792312622,0.5505560040473938,-0.1834147572517395,0.1131504774093627,0.257610559463501,-0.2139962724533222,-0.4095043037925064,0.779476897505986,-0.4229983467700234,-0.5054144203163135,-2.251352802965971,1.2125951357388731
1771355013606154752,8.455154657363892,-1.2679539918899536,-2.9199025630950928,1.230223298072815,-0.65805983543396,0.4854475855827331,0.575585126876831,-0.2108977437019348,0.1259416341781616,0.2643044590950012,-0.2027404615618016,-0.4094685032087059,0.7874821344322607,-0.4136470084996971,-0.506875057853252,-2.289439347238368,1.1930366210175165
1771355013616185600,8.465185642242432,-1.3455485105514526,-3.0755491256713867,1.284152626991272,-0.6342145204544067,0.4858593940734863,0.6014253497123718,-0.212785542011261,0.1400255858898162,0.2723081707954407,-0.1909452875483123,-0.4093205084416584,0.7957194240114156,-0.4035185048473452,-0.5073461301474168,-2.329664516958655,1.1721709520901693
1771355013626216704,8.475216627120972,-1.2739224433898926,-3.177335023880005,1.3119021654129028,-0.6085975170135498,0.485855370759964,0.6273384690284729,-0.2290031909942627,0.211990088224411,0.2826803922653198,-0.1784954349509781,-0.4091440327516134,0.8039094441861355,-0.3930268903382866,-0.5073415463820393,-2.3713566717553665,1.1509674533973748
1771355013636248576,8.485248565673828,-1.1310333013534546,-3.2843518257141113,1.340268611907959,-0.5813780426979065,0.4859980046749115,0.6525375843048096,-0.2569245100021362,0.2442418038845062,0.2776839137077331,-0.1653023912791525,-0.4090126471502061,0.8117742593375538,-0.3826307188993331,-0.5075047339184591,-2.413800371399729,1.130352668495047
1771355013646279936,8.495279788970947,-0.9809507131576538,-3.366934061050415,1.3307182788848877,-0.5526911020278931,0.4865084290504455,0.6766403317451477,-0.2679113149642944,0.2371396124362945,0.2595932483673095,-0.1513419885099823,-0.4090260297191516,0.8191568090788948,-0.3725257846219091,-0.5080888843153225,-2.456681413618147,1.110824769420801
1771355013656310784,8.505310773849487,-0.8309388160705566,-3.437446355819702,1.3270422220230105,-0.5226945281028748,0.4874454140663147,0.6994194388389587,-0.2719069123268127,0.2129177153110504,0.2135597467422485,-0.136696731792064,-0.4091657974143887,0.8260103338638423,-0.3627731144258955,-0.5091616707690673,-2.499804925564268,1.0924045510897165
1771355013666342656,8.515342712402344,-0.7104355692863464,-3.488590955734253,1.3393449783325195,-0.4914964437484741,0.4887395203113556,0.7208085060119629,-0.2730146944522857,0.2254938781261444,0.1924300193786621,-0.1214748611439965,-0.4093575393501269,0.8323644958762607,-0.3533264723934579,-0.5106443766157037,-2.5431395774004657,1.0748297288099198
1771355013676373760,8.525373697280884,-0.6578889489173889,-3.539536476135254,1.36896550655365,-0.4590576589107513,0.4902262687683105,0.7409073710441589,-0.2747831642627716,0.2207111120223999,0.2068768143653869,-0.1057621026553959,-0.4094480372404085,0.8383352447851297,-0.3440356590246419,-0.5123493340299311,-2.586894251031851,1.0575190831710288
1771355013686404608,8.535404682159424,-0.7227411270141602,-3.6010324954986572,1.3875703811645508,-0.4253768026828766,0.4911835789680481,0.7601271867752075,-0.2903061509132385,0.198681503534317,0.2471513152122497,-0.0897532267351995,-0.4093719222770767,0.8440842441114331,-0.3344858598983633,-0.5134480280465292,-2.631399225487865,1.0398383274450191
1771355013696435712,8.545435667037964,-0.8774183988571167,-3.700595378875733,1.4138679504394531,-0.3903286159038543,0.4907585084438324,0.7789737582206726,-0.3122776448726654,0.1307930648326873,0.2794523239135742,-0.0735849078892562,-0.4091266364737872,0.8497660057980778,-0.3241890092180102,-0.5129600906762722,-2.6770809423378887,1.0213096793245895
1771355013706467584,8.55546760559082,-0.9602088928222656,-3.830001592636109,1.433669924736023,-0.3535554409027099,0.4887067377567291,0.7975992560386658,-0.3235228359699249,0.1351946890354156,0.2945640087127685,-0.0571247690873676,-0.408731566767531,0.8554169330891103,-0.3129492215433814,-0.5106067948732826,-2.7243456766042486,1.001882940249621
1771355013716498688,8.56549859046936,-0.8617368936538696,-3.944555759429931,1.444944143295288,-0.3150541186332702,0.4860685467720032,0.8151553869247437,-0.3291109204292297,0.1973726153373718,0.2478634119033813,-0.0400608159551589,-0.4083007340261692,0.8607370168495835,-0.3013593351733169,-0.5075854597976708,-2.7727817692027013,0.9825432147877812
1771355013726529536,8.5755295753479,-0.6585185527801514,-4.0586442947387695,1.446607232093811,-0.2749906480312347,0.4840331971645355,0.8307177424430847,-0.3615144789218902,0.2233184874057769,0.217911958694458,-0.0221643138700188,-0.4078553374358064,0.8654553106176702,-0.2900859549508698,-0.5052579701010098,-2.8219185233937965,0.9639704894664116
1771355013736561664,8.585561752319336,-0.4215023815631866,-4.128164291381836,1.4393682479858398,-0.2335924357175827,0.4831767380237579,0.84378582239151,-0.3884778618812561,0.2285846769809723,0.1898138523101806,-0.0033871286040889,-0.4074037444224998,0.8694337778052093,-0.2794557820202588,-0.5042794808547477,-2.871517971041512,0.946377441026876
1771355013746592768,8.595592737197876,-0.1964207887649536,-4.189218044281006,1.4499069452285769,-0.1911838203668594,0.4836367070674896,0.8541335463523865,-0.3975765407085418,0.232030987739563,0.1757430434226989,0.0161349132615527,-0.4068284223439567,0.8726725614243692,-0.2695790174883026,-0.5048049244862077,-2.921388642306198,0.9294723563969668
1771355013756623872,8.605623722076416,-0.0707626491785049,-4.216616153717041,1.4709511995315552,-0.1478825807571411,0.4850394129753113,0.8618974685668945,-0.396688312292099,0.2187416553497314,0.1856640577316284,0.0362597286967038,-0.4060440104391888,0.8752582502039224,-0.2602622262946478,-0.5064082365544846,-2.9716692927552777,0.91279562515511
1771355013766654720,8.615654706954956,-0.1229217201471328,-4.241620063781738,1.5188835859298706,-0.1038828790187835,0.4861701726913452,0.8676672577857971,-0.412657618522644,0.1738791763782501,0.1863333582878112,0.0566029437472799,-0.4049289876180569,0.8774201715567529,-0.2509230156992061,-0.5077017523577771,-3.022433229927347,0.895701078015999
1771355013776686592,8.625686645507812,-0.3053854405879974,-4.303735256195068,1.5509326457977295,-0.0591305829584598,0.4855989813804626,0.8721794486045837,-0.4234896302223205,0.1010708510875701,0.2061895728111267,0.0768820808696582,-0.4034903487155042,0.8793663999365477,-0.2408305697852185,-0.5070482239308753,-3.073899889515455,0.8779106705648488
1771355013786717696,8.635717630386353,-0.5033462047576904,-4.3627848625183105,1.5548110008239746,-0.0135436216369271,0.4825929701328277,0.8757398128509521,-0.4314026534557342,0.0641446113586425,0.2410202622413635,0.0970448766303902,-0.4019208279405208,0.881095651880036,-0.2295915599040709,-0.5036128358780754,-3.1261285369572103,0.85990835232437
1771355013796748544,8.645748615264893,-0.6213587522506714,-4.424725532531738,1.588581681251526,0.0326713472604751,0.4773882329463959,0.8780850768089294,-0.4488090276718139,0.0647108256816864,0.1949741840362548,0.1170827358195112,-0.4002144771994416,0.8825366366035059,-0.217368773003513,-0.4976799599528476,3.1044023124784395,0.8420403121741687
1771355013806780928,8.655780792236328,-0.576407253742218,-4.4599738121032715,1.6095184087753296,0.0794894695281982,0.4711059629917145,0.8784876465797424,-0.4491031169891357,0.1482177674770355,0.1602543592453003,0.1372557438745492,-0.3982115014560871,0.8835561312927837,-0.2047364776817757,-0.4905441864107325,3.051353949815419,0.8242559655728526
1771355013816811776,8.665811777114868,-0.4323039054870605,-4.478531360626221,1.638408660888672,0.1264141947031021,0.464993417263031,0.8762421011924744,-0.4604443609714508,0.1829251646995544,0.1103910207748413,0.1576628700144993,-0.3958456460617677,0.8839837454266154,-0.1924091384983408,-0.4836271823036768,2.9983126767255635,0.8066460010551151
1771355013826842880,8.675842761993408,-0.2551014125347137,-4.515440464019775,1.6562564373016355,0.1734993308782577,0.4594201743602752,0.871109127998352,-0.4648811817169189,0.2007056176662445,0.1056975126266479,0.1784525774700953,-0.3930342777996505,0.8837865312240754,-0.1805550333614236,-0.4773422910169276,2.944994718593125,0.788923205494844
1771355013836873728,8.685873746871948,-0.0585083737969398,-4.520534038543701,1.688002109527588,0.2204984426498413,0.4547213613986969,0.8629069924354553,-0.4731993079185486,0.193700760602951,0.0868762135505676,0.1996368892040553,-0.3897352647478238,0.8829269007445492,-0.1693856463129851,-0.4720593323564718,2.89141629022101,0.7709118048083972
1771355013846905600,8.695905685424805,0.0698890089988708,-4.49762487411499,1.718354105949402,0.2669979035854339,0.4507516324520111,0.8517836928367615,-0.4781947731971741,0.1651847660541534,0.051017940044403,0.2210272993153544,-0.3859045406779285,0.88145875982502,-0.1589188129363198,-0.4676071888528547,2.8378357955313307,0.7524565205343124
1771355013856936704,8.705936670303345,0.036559373140335,-4.4991302490234375,1.7621036767959597,0.3129913210868835,0.4461642205715179,0.838435173034668,-0.4869720637798309,0.1304653584957122,0.1015822887420654,0.2423502290241198,-0.3815968657419823,0.8795461511494806,-0.1484879732852248,-0.4624747223326432,2.784309592283448,0.7337192657013349
1771355013866967552,8.715967655181885,-0.1038853600621223,-4.491788864135742,1.787074327468872,0.358365386724472,0.4399899542331695,0.8233976364135742,-0.5148594379425049,0.08717080950737,0.1540347933769226,0.2633902906739286,-0.3770438415483835,0.8772324418352275,-0.1375750391604999,-0.4555874808833554,2.7310911301103307,0.7154308230129914
1771355013876999680,8.725999593734741,-0.3117804825305938,-4.485926628112793,1.790804386138916,0.4028959274291992,0.4314523041248321,0.8071705102920532,-0.5416592359542847,0.0379539132118225,0.1583295464515686,0.2838962272695476,-0.3724318587949473,0.8745740527579069,-0.1257688252396941,-0.4461020066250656,2.6786285039350215,0.6983432442143502
1771355013887030528,8.736030578613281,-0.4866899847984314,-4.484065055847168,1.7859355211257937,0.4464484751224518,0.4206545650959015,0.789767861366272,-0.5409462451934814,0.0011898279190063,0.0948603749275207,0.3038601738332659,-0.3678787367563008,0.8715211720341931,-0.1130707927813652,-0.4341667145052323,2.62708572966149,0.6829217413800865
1771355013897061632,8.746061563491821,-0.5663568377494812,-4.532634258270264,1.782963514328003,0.489186555147171,0.4079805016517639,0.7708750367164612,-0.5053455829620361,0.0368284285068511,0.092223048210144,0.3234814044357038,-0.3633216419296594,0.8680062865333262,-0.0996104096384581,-0.420241019580463,2.576129685488175,0.669067338555236
1771355013907093760,8.756093740463257,-0.4064859747886657,-4.497291564941406,1.739561676979065,0.5307462215423584,0.395253837108612,0.7497214674949646,-0.5043639540672302,0.1054021716117858,0.0202825665473938,0.3430453599195677,-0.3586084096331281,0.8638638525170679,-0.0863654242630582,-0.4063441746256971,2.525567988235202,0.6560527785797752
1771355013917124864,8.766124725341797,-0.1785460114479065,-4.437023639678955,1.748666524887085,0.5706268548965454,0.3833922147750854,0.7262199521064758,-0.4985595941543579,0.1042938828468322,-0.1101158261299133,0.3625092639983661,-0.353395866002298,0.8591980706491094,-0.0740071893153957,-0.3934663889622495,2.4756017223557043,0.6427787608012259
1771355013927155712,8.776155710220337,0.1286083459854126,-4.351877212524414,1.7347192764282229,0.6086768507957458,0.3729725778102875,0.700288712978363,-0.4720495343208313,0.1133861541748046,-0.156389057636261,0.381958693143893,-0.3474710835128533,0.8540539787554138,-0.0629546708095467,-0.3822107170602636,2.42606854839547,0.6283903138739404
1771355013937186816,8.786186695098877,0.3643823266029358,-4.194490432739258,1.7333346605300903,0.6445622444152832,0.3637853264808655,0.6724581718444824,-0.4740452170372009,0.0940699279308319,-0.1710085272789001,0.401169430633213,-0.340798061275453,0.8485786800250513,-0.053235963946639,-0.3723284597766425,2.3773724410947135,0.6126986634975519
1771355013947218688,8.796218633651733,0.387522280216217,-4.000149250030518,1.7193591594696045,0.6778374910354614,0.3548637628555298,0.6439008712768555,-0.4909325242042541,0.0281776487827301,-0.2324933409690857,0.4196184782379643,-0.333676490056137,0.8429771225982202,-0.0443844287579159,-0.3627683371451272,2.3305243858456257,0.5966599486310135
1771355013957249536,8.806249618530273,0.2057342827320099,-3.8724091053009033,1.7085717916488647,0.7087011337280273,0.3449051678180694,0.6154534220695496,-0.4844885468482971,-0.1158097386360168,-0.227285087108612,0.4370500666787311,-0.3265661689868329,0.8373059475676733,-0.0355029330586812,-0.3521377494116905,2.2858899941162036,0.581838553339912
1771355013967280640,8.816280603408813,-0.1447616815567016,-3.824284315109253,1.6726231575012207,0.7376809120178223,0.3328376412391662,0.5874063968658447,-0.469049870967865,-0.1364264786243438,-0.0825540423393249,0.4534758776127114,-0.3200060156513316,0.8314441406040833,-0.0256226607471208,-0.3393111959698094,2.2432697194706166,0.5700393706558832
1771355013977312768,8.826312780380249,-0.440242052078247,-3.725879907608032,1.6013017892837524,0.764780580997467,0.3187950849533081,0.559893012046814,-0.4917856454849243,-0.1383141577243805,-0.0141167044639587,0.4688714358096417,-0.3142683727946073,0.8253374478095137,-0.0145953460851726,-0.3244579846506055,2.2027402412618633,0.5619904024367154
1771355013987343872,8.836343765258789,-0.6143603324890137,-3.62295913696289,1.532892107963562,0.7897979021072388,0.3036108314990997,0.532954216003418,-0.5089444518089294,-0.1230840384960174,-0.0670117139816284,0.4832336253357249,-0.3092598536293593,0.8190454562446808,-0.0028822065074793,-0.3084801041115583,2.16440736831684,0.5571509592731563
1771355013997374720,8.846374750137329,-0.6097409725189209,-3.553191900253296,1.4660464525222778,0.8129321336746216,0.2883621454238891,0.5059530138969421,-0.4782764315605163,-0.063249260187149,-0.1104910969734191,0.4969356308105249,-0.3046189064924948,0.8125169746347775,0.0088550962767095,-0.2925158806904518,2.1275096667815556,0.5540877435185948
1771355014007405824,8.85640573501587,-0.4920274019241333,-3.4790825843811035,1.4139931201934814,0.8343312740325928,0.2737551033496856,0.4784869253635406,-0.4744526743888855,0.0155973434448242,-0.1065080761909484,0.5102492266183575,-0.2999332237489129,0.8057813157758366,0.0200589635058569,-0.2772951343030257,2.0915007307148534,0.5513555476424021
1771355014017437696,8.866437673568726,-0.2853288352489471,-3.3918213844299316,1.374406337738037,0.8540728688240051,0.2600785493850708,0.4504652917385101,-0.4895097613334656,0.074775606393814,-0.0802106261253357,0.5233004000715611,-0.2949090730058438,0.7989125650662388,0.0303997647049677,-0.2631035657308526,2.056147879134617,0.5479717125546556
1771355014027468800,8.876468658447266,-0.0914999693632125,-3.289506673812866,1.3497531414031982,0.8721572160720825,0.2475213557481765,0.4219896495342254,-0.4897413253784179,0.094794362783432,-0.103126585483551,0.5361310056214889,-0.2893520159405027,0.7920039383064112,0.0396082707180051,-0.2501211712561683,2.02143731146017,0.5432147933788135
1771355014037499648,8.886499643325806,0.0138298254460096,-3.1948506832122803,1.324071764945984,0.8886551260948181,0.2355996668338775,0.3934272825717926,-0.4624160528182983,0.0614127069711685,-0.1548102498054504,0.5486172749616708,-0.2834343090122401,0.7850978495565926,0.0480158279264923,-0.2378355615171223,1.9875814975274555,0.5376847942908745
1771355014047531520,8.896531581878662,0.0203100945800542,-3.1149566173553467,1.3132340908050537,0.9037076830863952,0.223769336938858,0.3650197684764862,-0.4307616353034973,0.0231788605451583,-0.1471700966358184,0.5606661520355108,-0.2773755613825783,0.7781855088422519,0.0560668675333361,-0.2256801633067069,1.9546718832075811,0.5322070723098511
1771355014057562624,8.906562566757202,-0.0300976857542991,-3.0375702381134033,1.3014018535614014,0.917374849319458,0.2118723392486572,0.3369471430778503,-0.4160626530647278,-0.0007975250482559,-0.1307094395160675,0.5722159847650008,-0.2713862698977103,0.7712477320829693,0.0639942154997662,-0.2134903938839281,1.9227948221243192,0.5273843231819709
1771355014067593728,8.916593790054321,-0.1387740969657898,-2.9516489505767822,1.2790558338165283,0.929751753807068,0.1996271312236786,0.3093713521957397,-0.3914369940757751,-0.0076868534088134,-0.0834344923496246,0.5831974439143556,-0.2656064779399662,0.7642897856621937,0.0720766558257854,-0.2009773811796154,1.8920183610719803,0.5237572962787059
1771355014077625856,8.926625728607178,-0.1175221651792526,-2.875627040863037,1.2467091083526611,0.9408515095710754,0.187411293387413,0.2822683155536651,-0.3544867634773254,-0.0155363082885742,-0.0993765592575073,0.5936648439846761,-0.2601130106875863,0.757281572855189,0.0801740095124932,-0.1885260851807475,1.8622656688609425,0.5212608109243044
1771355014087656704,8.936656713485718,0.0866464152932167,-2.7429099082946777,1.188674807548523,0.950675129890442,0.1757787019014358,0.2555758059024811,-0.3236913681030273,0.0209223926067352,-0.1340394914150238,0.6037764750509008,-0.2543832003083773,0.750384630874982,0.0875567556512602,-0.1766967251400773,1.8334230512510283,0.5180770748559589
1771355014097687808,8.946687698364258,0.279488056898117,-2.5656583309173584,1.103344440460205,0.9591094255447388,0.1651896387338638,0.2298298180103302,-0.3082914352416992,0.0498372316360473,-0.2457141578197479,0.6134359399088445,-0.2482713499306641,0.7438254130961012,0.0937098216072645,-0.165950294130502,1.805989880069352,0.5133029949044148
1771355014107718656,8.956718683242798,0.4018616378307342,-2.350915908813477,1.0066035985946655,0.9661597013473512,0.1557601243257522,0.2056075185537338,-0.279651403427124,-0.0350172966718673,-0.3825026452541351,0.6224561914833705,-0.2421072132679601,0.7376908952999568,0.0987148871188589,-0.1563969195993533,1.7804773896079256,0.5075343905204353
1771355014117750528,8.966750621795654,0.5267933011054993,-2.146609306335449,0.8796714544296265,0.971969485282898,0.1475430577993393,0.1830475926399231,-0.2668913602828979,-0.1127682775259018,-0.5043061971664429,0.6308237050073171,-0.2360594548864069,0.7319834202162149,0.1026531051043806,-0.1480836804801051,1.756942568644513,0.50105644786779
1771355014127781632,8.976781606674194,0.701591432094574,-1.853814959526062,0.7744976282119751,0.9766291975975036,0.1405717581510543,0.1625891625881195,-0.2668970823287964,-0.1633836328983307,-0.6359777450561523,0.6384371281942425,-0.2300625186244278,0.7268877632836571,0.1053733196038334,-0.141038879441796,1.735763318059466,0.4935003289629049
1771355014137812736,8.986812591552734,0.8763881921768188,-1.5432320833206177,0.6644738912582397,0.980256199836731,0.134687528014183,0.144765555858612,-0.2458811998367309,-0.199354276061058,-0.7112329006195068,0.6451518054952816,-0.2239620731659882,0.7226505146507106,0.1067539137043809,-0.1350981127077406,1.7174178689130268,0.4844037628900187
1771355014147844864,8.99684476852417,0.9882689118385316,-1.1799604892730713,0.5129016637802124,0.982923686504364,0.1301531195640564,0.1300810277462005,-0.236295998096466,-0.2355608493089676,-0.7292325496673584,0.6508075845800796,-0.2180586120138804,0.7193684420104796,0.1068126382149864,-0.1305234066052827,1.7023726535249513,0.474217191160107
1771355014157875712,9.00687575340271,0.9935223460197448,-0.8096919655799866,0.3317353725433349,0.984703540802002,0.1272467076778412,0.119027055799961,-0.2172015905380249,-0.2905462384223938,-0.7109764814376831,0.6552230376163671,-0.2127685430629335,0.7171074369761594,0.1056849990490163,-0.1275926216051785,1.6910887641687224,0.4637288332963398
1771355014167906816,9.01690673828125,0.7838290333747864,-0.3758928775787353,0.1488209664821624,0.9857029318809508,0.1258986443281173,0.1119776368141174,-0.2136083245277404,-0.385526955127716,-0.6798335313796997,0.658195473226224,-0.2086149803301004,0.7158691276575616,0.1038738969097097,-0.1262336264228227,1.6839131928728903,0.4543886658137727
1771355014177938688,9.026938676834106,0.4777830243110657,0.0201538018882274,-0.0304747615009546,0.985956370830536,0.1261152625083923,0.1094764992594719,-0.2206212878227234,-0.4954847693443298,-0.6876014471054077,0.6594466379423162,-0.2062556223558341,0.7156793064798499,0.1019408340926375,-0.1264519900021709,1.6813792039244575,0.4479660266307519
1771355014187969792,9.036969661712646,0.2428993880748748,0.4122134447097778,-0.2242245227098465,0.9855474829673768,0.127820611000061,0.1111672967672348,-0.2530035376548767,-0.5156837701797485,-0.6556007862091064,0.6590990854925968,-0.2056910302691864,0.7164320275030241,0.1000240909495178,-0.1281712573450381,1.683119066580446,0.444611175489145
1771355014198000640,9.047000646591188,0.1591670513153076,0.7296147346496582,-0.4015585482120514,0.9844802618026732,0.1311909258365631,0.1165657564997673,-0.2143539190292358,-0.3659321367740631,-0.5836067199707031,0.6574014290104366,-0.2064721483602394,0.7180892207340679,0.097675360552847,-0.1315701909416888,1.6886509673455286,0.4430085726254202
1771355014208031744,9.057031631469728,0.0432556271553039,1.0052024126052856,-0.5390040874481201,0.9827914237976074,0.1359815895557403,0.1250210106372833,-0.1755250692367553,-0.3362073898315429,-0.4996089935302734,0.6545955541130344,-0.2082551421672755,0.7205139163147459,0.0948379939483545,-0.1364041898952658,1.6973268464669,0.4425445598780865
1771355014218063616,9.067063570022585,-0.0742377117276191,1.2345685958862305,-0.643998384475708,0.9804912209510804,0.141843095421791,0.1360799223184585,-0.1879953742027282,-0.2974369525909424,-0.4069539308547973,0.6507979250443284,-0.2110070652429266,0.7235440400726931,0.0917724591877134,-0.1423230816848197,1.7087028763386352,0.4435353149256486
1771355014228094720,9.077094793319702,-0.1790269911289215,1.4158263206481934,-0.720277726650238,0.9775987863540648,0.1483835726976394,0.1492762416601181,-0.1625962257385254,-0.2428812086582183,-0.3336786031723022,0.6461522538466283,-0.2145116208069203,0.7270645650997319,0.0885965105426067,-0.1489335448723164,1.722322712119003,0.4458164039711734
1771355014238125824,9.087125778198242,-0.2446008324623108,1.569391131401062,-0.7683823704719543,0.9741128087043762,0.1553321182727813,0.1642449647188186,-0.1470405459403991,-0.2188086509704589,-0.3030540943145752,0.6407749135528947,-0.2185762580986199,0.7309903586074133,0.0853528661347362,-0.1559636465102593,1.7378350302309742,0.4491594525805457
1771355014248157696,9.0971577167511,-0.226351261138916,1.7029629945755005,-0.7827610373497009,0.970046877861023,0.1624885946512222,0.1805725842714309,-0.1432952284812927,-0.2008949816226959,-0.321853756904602,0.6348226302666661,-0.2228820422639022,0.7352617836895061,0.0819385270489611,-0.163212243392928,1.754838175382014,0.4529296970336549
1771355014258188800,9.10718870162964,-0.1263224780559539,1.8211555480957031,-0.8110092282295227,0.9653797745704652,0.1698593199253082,0.1979635506868362,-0.1442281007766723,-0.1673416346311569,-0.3571432828903198,0.6284259934857342,-0.2270920287088853,0.7398722778264278,0.0780957437363998,-0.1706869087442553,1.773055262148272,0.4562620118299437
1771355014268219648,9.11721968650818,-0.0013360772281885,1.944305419921875,-0.8605083227157593,0.9600080251693726,0.1777856200933456,0.2162801176309585,-0.1534435749053955,-0.1450554877519607,-0.3719960153102875,0.6216513492513419,-0.2311148323434771,0.7447992949675796,0.0735500676279406,-0.1787357615782954,1.792386688475882,0.4586822347175272
1771355014278251520,9.127251625061035,0.0625146329402923,2.0806145668029785,-0.9340941309928894,0.9538132548332214,0.1864655613899231,0.2355234175920486,-0.1669021248817443,-0.1424591839313507,-0.3439980447292328,0.6144724687744799,-0.2350672470319564,0.7500033990762467,0.0682791157309322,-0.1875633799072077,1.812881830670957,0.4603996725321904
1771355014288282624,9.137282609939575,0.0319018587470054,2.229771852493286,-1.018262267112732,0.9466249346733092,0.195916935801506,0.255964457988739,-0.1901246905326843,-0.139123722910881,-0.2932875156402588,0.6067202250086858,-0.239298418390437,0.7554591327641632,0.0625165826670316,-0.1971924177241489,1.8348780836757272,0.4623638758009026
1771355014298313728,9.147313594818115,-0.0900769531726837,2.366503953933716,-1.0802838802337646,0.9383447170257568,0.2058014422655105,0.2777677178382873,-0.2062280178070068,-0.1450867354869842,-0.2279326021671295,0.5982540923383055,-0.2440625258514632,0.7611289956936756,0.0566404453569064,-0.2072826070768995,1.8585967118813256,0.4655409849037346
1771355014308344576,9.157344579696655,-0.3262713849544525,2.4981882572174072,-1.0956978797912598,0.9289785027503968,0.2154391556978225,0.3009737730026245,-0.2033008933067321,-0.178024560213089,-0.1794680058956146,0.5889786508415636,-0.2495126467956263,0.7669617532651529,0.0511603659543791,-0.2171415243447629,1.8841086333333616,0.4708579044912577
1771355014318376704,9.16737675666809,-0.589505136013031,2.599334716796875,-1.122789740562439,0.918532371520996,0.2242535203695297,0.325590044260025,-0.1889179944992065,-0.1790264248847961,-0.1808145940303802,0.5788323071850184,-0.2557449912958032,0.7729097800578972,0.0464565260692126,-0.2261769795180264,1.9114457296454608,0.4789575217443247
1771355014328407808,9.17740774154663,-0.7685414552688599,2.697986125946045,-1.1472101211547852,0.906944990158081,0.2323035299777984,0.351405531167984,-0.1784599423408508,-0.1700018793344497,-0.2329667806625366,0.5678879832466219,-0.262731159226497,0.7788935081844356,0.0424321248637799,-0.2344453278577482,1.9404464170082467,0.4896754382653233
1771355014338438656,9.187438726425173,-0.7542476058006287,2.790262460708618,-1.158151149749756,0.8941831588745117,0.2399031966924667,0.3779985904693603,-0.1771879196166992,-0.1261336505413055,-0.2945177555084228,0.5563399728504671,-0.2700053477723848,0.7849180870400869,0.0385558314455512,-0.2422661345813019,1.9707431951482683,0.5015731505313868
1771355014348470784,9.197470664978027,-0.5023199915885925,2.9091241359710693,-1.1876307725906372,0.8801456689834595,0.2477877736091613,0.4049015045166015,-0.1925844550132751,-0.0314333140850067,-0.3270052969455719,0.5444218251462625,-0.2769351386569328,0.7910484723195809,0.0339747178351336,-0.2503961453555007,2.001967414268735,0.5125780806146567
1771355014358501632,9.207501649856567,-0.1342240869998932,3.0218346118927,-1.2294623851776123,0.8646464347839355,0.2570212781429291,0.4316554367542267,-0.2043987512588501,0.0225196778774261,-0.3705898225307464,0.5323516036823293,-0.283068598407228,0.797307897275921,0.0278203478984047,-0.2599386656005278,2.033825896358225,0.5209759410205103
1771355014368532736,9.217532634735107,0.1525360494852066,3.1243762969970703,-1.293500542640686,0.8475928902626038,0.2679198980331421,0.4580451846122741,-0.2235236167907714,0.0315033793449401,-0.3580085635185241,0.5201698648254862,-0.2884601115189662,0.8036251308965835,0.0200196765838873,-0.2712333330288443,2.0662446801990844,0.5268789344464452
1771355014378564608,9.227564573287964,0.2760982811450958,3.2286717891693115,-1.3614888191223145,0.8289301991462708,0.2802061736583709,0.4841067790985107,-0.2483637928962707,0.0019746422767639,-0.2637393474578857,0.5077649912560571,-0.2934938060126554,0.8098856533527061,0.0110173543427388,-0.2840088714021278,2.0993784089936547,0.5315699453509092
1771355014388595456,9.237595558166504,0.1197632700204849,3.311490774154663,-1.3855782747268677,0.8086588978767395,0.2925746738910675,0.5103634595870972,-0.261646568775177,-0.090655118227005,-0.1845883131027221,0.4947877772643099,-0.2986628006647267,0.8160773695532582,0.0018225792795286,-0.296918224257508,2.133786815880541,0.5371113026828322
1771355014398626816,9.247626781463625,-0.210924819111824,3.3732073307037354,-1.4178197383880615,0.7869021892547607,0.3035351037979126,0.5372627973556519,-0.2655551433563232,-0.1590038537979126,-0.0832222700119018,0.4809643387754376,-0.3044862563113145,0.8221432557891526,-0.0064715264772636,-0.3084006220008471,2.169855692550638,0.5455870596506428
1771355014408658688,9.25765872001648,-0.4321599900722503,3.3877551555633545,-1.4541867971420288,0.7637578248977661,0.3128235042095184,0.5646372437477112,-0.2496130466461181,-0.1582672595977783,-0.0664684176445007,0.4663621577430256,-0.3110660048848943,0.8279834345353185,-0.0136987493773696,-0.3181642804890268,2.2074066352611688,0.5572824114081937
1771355014418689280,9.26768922805786,-0.4074147939682007,3.4068894386291504,-1.4709173440933228,0.7394290566444397,0.3213133513927459,0.5916100740432739,-0.2227359414100647,-0.0940336883068084,-0.1329766511917114,0.4514098227913976,-0.3178709131934996,0.8335245143021338,-0.0205952307603707,-0.3271160698762701,2.2455923694361997,0.5703709096556211
1771355014428720128,9.2777202129364,-0.1139839738607406,3.4595842361450195,-1.4875741004943848,0.7137888073921204,0.3304649293422699,0.6174938082695007,-0.238981008529663,0.0393013358116149,-0.2035533785820007,0.4364101395224755,-0.3242766567662107,0.8388036507401592,-0.0282722205796584,-0.3367961335884328,2.283987769790826,0.5826589266944869
1771355014438751232,9.28775119781494,0.3728441894054413,3.4868905544281006,-1.5098495483398438,0.6868327856063843,0.3417586088180542,0.6414530873298645,-0.2732890248298645,0.1014634668827056,-0.2186471819877624,0.421724387080413,-0.3297395560527522,0.8437999589119972,-0.0377104668563574,-0.348787541338442,2.3220436776317106,0.5923071824382586
1771355014448783104,9.297783136367798,0.7987006902694702,3.5577986240386963,-1.572154521942139,0.6583895683288574,0.3560584485530853,0.6631335616111755,-0.3052399754524231,0.1298272609710693,-0.1981827616691589,0.4074334867399846,-0.3342738442927695,0.8484266493560833,-0.0493087631656773,-0.364046508456461,2.359784247871355,0.5992166486011125
1771355014458814208,9.307814121246338,0.9237343072891236,3.572690010070801,-1.610108494758606,0.6284657716751099,0.3723023235797882,0.6829505562782288,-0.3214132785797119,0.045544296503067,-0.102368950843811,0.3932475310008031,-0.3382908970659882,0.8526632074793731,-0.0622978739158218,-0.3814884512406944,2.3977171092449687,0.6050325065244899
1771355014468845056,9.317845106124878,0.622215211391449,3.6034648418426514,-1.638420820236206,0.5974222421646118,0.387816846370697,0.7019153833389282,-0.3404641151428222,-0.0376275181770324,0.0778852105140686,0.3787115261370255,-0.3424659726849732,0.856548156496523,-0.074966719031536,-0.398261871265936,2.436442116888742,0.6124678249138527
1771355014478877184,9.327877044677734,-0.0343944281339645,3.5929722785949707,-1.6533814668655396,0.565180778503418,0.3996658325195312,0.7216911911964417,-0.3680524230003357,-0.1629256606101989,0.1654244065284729,0.3630766406877768,-0.3475334708588685,0.8602709290760374,-0.0856144646968037,-0.4111522770768182,2.47722090068194,0.6242480322037011
1771355014488908032,9.337908029556274,-0.6722726225852966,3.5038795471191406,-1.627196192741394,0.5324229001998901,0.4060209393501282,0.7427468299865723,-0.3482340574264526,-0.2152860760688781,0.2481894493103027,0.3463221416257846,-0.3536921576127417,0.8638722592253902,-0.0932071250870158,-0.4180957338695384,2.5196607290779207,0.641057739978216
1771355014498939136,9.347939014434814,-0.901098608970642,3.42261004447937,-1.5480328798294067,0.4997324347496032,0.4080103933811188,0.7640648484230042,-0.3206399977207184,-0.1282710134983062,0.192294955253601,0.32903225025233,-0.3603405693369735,0.8672872131153686,-0.0985158359425616,-0.4202737395963948,2.562379456563585,0.6606185199441449
1771355014508971264,9.35797119140625,-0.7119462490081787,3.381422758102417,-1.4709628820419312,0.4672055244445801,0.4088447093963623,0.7839418649673462,-0.2965665161609649,0.0355217456817626,0.0541775226593017,0.3119588112328201,-0.3665235961292355,0.870420242747289,-0.103492644259261,-0.4211877819771775,2.604141952051922,0.6795057870165263
1771355014519002112,9.36800217628479,-0.1155942976474762,3.3924880027770996,-1.4312183856964111,0.4342736005783081,0.4119204878807068,0.8010790944099426,-0.2960748374462127,0.1927394866943359,-0.0723041296005249,0.295545200844679,-0.3717286003570472,0.8731307945390676,-0.1100609952184287,-0.4245606708686866,2.644826604243385,0.6957825609817897
1771355014529033216,9.37803316116333,0.6982224583625793,3.448007822036743,-1.450726866722107,0.4006004631519317,0.420265793800354,0.8141844868659973,-0.2761344611644745,0.2654337286949157,-0.1932584047317505,0.2802821086280328,-0.375666569857005,0.875195338489911,-0.1197907146659838,-0.4337382101854694,2.684344064011083,0.7084580110888908
1771355014539064064,9.38806414604187,1.426083207130432,3.584533929824829,-1.5025354623794556,0.365442544221878,0.4348876476287842,0.8229977488517761,-0.2677862048149109,0.2600740492343902,-0.2540276646614074,0.2659890849194659,-0.3784473006077625,0.8765138410474775,-0.1332334573355163,-0.4499134971553825,2.7237075018021715,0.7182073285894445
1771355014549096192,9.398096084594728,1.4569026231765747,3.808529853820801,-1.5586320161819458,0.3279981613159179,0.4526056349277496,0.829196035861969,-0.2858380377292633,0.1308906078338623,-0.2214991450309753,0.251498751005963,-0.3806318375204256,0.8773354084330767,-0.1488306381624192,-0.4696852489529388,2.764918275039852,0.7275454939469383
1771355014559127040,9.408127069473268,0.7539483904838562,3.876186609268189,-1.617930293083191,0.2885938882827759,0.4672378897666931,0.8357046246528625,-0.3182874619960785,-0.1253799796104431,0.0679970979690551,0.2355738134141942,-0.3831772617998562,0.8780817105365706,-0.1632563445589194,-0.4861640826789487,2.809084229632034,0.739762290650238
1771355014569158144,9.418158054351808,-0.5646231174468994,3.8210413455963135,-1.6900486946105957,0.2481312453746795,0.4726405739784241,0.8456014394760132,-0.3791432082653045,-0.4071498513221741,0.3884836435317993,0.2173389283978001,-0.3871283273218115,0.8791657241339625,-0.1730984533785323,-0.492284747484936,2.8561672403420113,0.7574078360939519
1771355014579190272,9.428190231323242,-1.571296453475952,3.5932891368865967,-1.599265217781067,0.2085836678743362,0.4666613638401031,0.8594882488250732,-0.3697012364864349,-0.4521655142307281,0.3769466876983642,0.1972695564949855,-0.3923652595964477,0.880791472231644,-0.1770327737108071,-0.485512118011106,2.9035118143205763,0.7789379937968004
1771355014589221120,9.438221216201782,-1.1783270835876465,3.535418748855591,-1.3864171504974363,0.170774221420288,0.4570662379264831,0.8728837966918945,-0.2994211316108703,0.0134689211845397,0.1589000821113586,0.1773802399341386,-0.3971221648533117,0.8824601285168965,-0.1791485975652894,-0.4746939285310128,2.94838932286157,0.7988617097801617
1771355014599252224,9.448252201080322,-0.49036505818367,3.5446083545684814,-1.2749561071395874,0.1336494088172912,0.4513032138347626,0.8823058605194092,-0.2931495308876037,0.4661010205745697,-0.0403867959976196,0.1587667614057203,-0.4005198629876725,0.8835931076072948,-0.1834128976274687,-0.4682252110882612,2.991258114488145,0.8152490767444186
1771355014609284096,9.45828413963318,0.552497386932373,3.560878038406372,-1.2717547416687012,0.0962960571050643,0.4531095921993255,0.8862384557723999,-0.3135201930999756,0.427414059638977,-0.1770862936973571,0.1418770309590442,-0.402818337279036,0.8836609170920323,-0.1917071613239299,-0.4702504802252271,3.033360216376043,0.8294674157169073
1771355014619315200,9.46831512451172,1.4405524730682373,3.6521284580230713,-1.2705893516540527,0.058481641113758,0.463138222694397,0.8843547105789185,-0.2442421317100525,0.4331783652305603,-0.2113656997680664,0.1267353718412032,-0.4042093639188952,0.8824920061692898,-0.2043548193684846,-0.4815328211537764,3.0755596276787553,0.8428075664640727
1771355014629346048,9.47834610939026,1.6965317726135254,3.880624055862427,-1.3346575498580933,0.0190701782703399,0.478074848651886,0.8781119585037231,-0.2697110474109649,0.2680188715457916,-0.1732169985771179,0.11203185973649,-0.4049988786846641,0.8803589594748735,-0.2199837249587464,-0.4984615348199627,3.119878814932435,0.856813879907558
1771355014639378176,9.488378047943115,1.252027988433838,4.018113136291504,-1.4365748167037964,-0.0223580654710531,0.4914199411869049,0.8706356883049011,-0.2999380826950073,-0.0175125300884246,-0.0059812068939208,0.0961027757245168,-0.4057649238311691,0.8778796512532616,-0.2354705857589308,-0.5137193928108956,-3.115918134446526,0.8726668638976031
1771355014649409024,9.498409032821655,0.0179021544754505,4.038740158081055,-1.5321003198623655,-0.0648825541138649,0.4966183006763458,0.8655405640602112,-0.3073098361492157,-0.3557949960231781,0.264708399772644,0.0778961555333825,-0.4070426520706484,0.8758347721739687,-0.2473093120723823,-0.5196983129868644,-3.06677070430759,0.8900020443949255
1771355014659440128,9.508440017700195,-1.2210025787353516,3.8120908737182617,-1.508713960647583,-0.1066092848777771,0.4897845685482025,0.8653008937835693,-0.3033486306667328,-0.4828722774982452,0.3528387546539306,0.0574090012852004,-0.4090569421028132,0.8748273387069924,-0.2530884930004793,-0.5118426347864309,-3.019005564462821,0.9068770086876072
1771355014669471232,9.518471240997314,-1.393710732460022,3.7022528648376465,-1.3625376224517822,-0.1461586058139801,0.475965291261673,0.8672338724136353,-0.266484797000885,-0.1183450818061828,0.2634728550910949,0.0362847673624956,-0.4108927245518998,0.8745193519174339,-0.2550812528634518,-0.4960612810837668,-2.974627429203488,0.9208509451879416
1771355014679503104,9.528503179550173,-0.9362086653709412,3.650336265563965,-1.21522057056427,-0.1842005550861358,0.463533341884613,0.8667218089103699,-0.2514225840568542,0.3209209442138672,0.0883866548538208,0.0160681726338746,-0.4119692019668001,0.8738662809704831,-0.2576447662383739,-0.4819786600754354,-2.932182790871781,0.9327106222401808
1771355014689534208,9.538534164428713,-0.200305625796318,3.6206259727478023,-1.1396996974945068,-0.2211587280035019,0.4560429751873016,0.8620403409004211,-0.2817709445953369,0.3978846371173858,0.021168828010559,-0.0026079948899159,-0.4123882305633517,0.8723279886830708,-0.2626271272213416,-0.4735437998326751,-2.890456371471753,0.9441131779642972
1771355014699565056,9.548565149307253,0.5497699975967407,3.59091854095459,-1.083274245262146,-0.2572073340415954,0.4548682868480682,0.8526073098182678,-0.2656198143959045,0.4281425774097442,0.0061420202255249,-0.0194728013266487,-0.4124141805566728,0.8696080646976152,-0.2707714055069356,-0.4722242980621617,-2.8486030510480016,0.9566493529052412
1771355014709597184,9.558597087860107,1.1978662014007568,3.65242338180542,-1.090492844581604,-0.2928914725780487,0.45943084359169,0.8385334610939026,-0.2817698419094085,0.383632630109787,0.0204601883888244,-0.0348869575652333,-0.4122411267105517,0.8656350174503828,-0.2819863493881172,-0.4773542998984215,-2.805550349746607,0.9713980938707896
1771355014719628032,9.568628072738647,1.5343430042266846,3.745784759521485,-1.1370128393173218,-0.3288704752922058,0.467538982629776,0.8205193281173706,-0.2968162596225738,0.2655848860740661,0.0318062901496887,-0.0496481708732862,-0.411987383464325,0.860538233275601,-0.29542431470238,-0.486504693315947,-2.7603901544160996,0.9887072297884908
1771355014729659136,9.578659057617188,1.3518134355545044,3.783339738845825,-1.1877341270446775,-0.3650402128696441,0.4755197465419769,0.800391435623169,-0.2810779213905334,0.1023152768611908,0.073372483253479,-0.0645794716333934,-0.411699893096977,0.8548092927882347,-0.3092470265632399,-0.4955547502484252,-2.713696530776613,1.0075034182664588
1771355014739691264,9.588691234588625,0.7050589323043823,3.742950677871704,-1.232854247093201,-0.4007389545440674,0.4792205393314361,0.7808684706687927,-0.2608973383903503,-0.1165497303009033,0.2086027860641479,-0.0804344703095989,-0.4112860404565568,0.8492808873148932,-0.321085584164589,-0.4997664316604477,-2.6674436749695167,1.0251526629189276
1771355014749722368,9.598722219467165,0.023728085681796,3.5911147594451904,-1.2738362550735474,-0.4351769387722015,0.4767555594444275,0.7637574672698975,-0.2425880432128906,-0.2151588201522827,0.3111327886581421,-0.0973259064690136,-0.4107730738609116,0.8444786592599393,-0.3296195034133697,-0.49696008268867,-2.623687011995049,1.03967399290372
1771355014759753216,9.608753204345703,-0.1864224076271057,3.4753153324127197,-1.243239164352417,-0.46795853972435,0.4702664911746979,0.7482409477233887,-0.2136668860912323,-0.0560360848903656,0.2626691460609436,-0.1145687001050186,-0.4101421537233496,0.8401808626457189,-0.3357880565238056,-0.4895927183574997,-2.5826974390984136,1.0513828937969096
1771355014769785088,9.61878514289856,0.0645986422896385,3.409803867340088,-1.190638542175293,-0.4992034137248993,0.4638451933860779,0.7318769097328186,-0.2206909954547882,0.1755285561084747,0.1854510307312011,-0.1312437907990159,-0.4093558784900111,0.8356830822232287,-0.3418138133253662,-0.4823306650841804,-2.5429905527726,1.0624795168786991
1771355014779816192,9.6288161277771,0.4910317957401275,3.3410284519195557,-1.148266315460205,-0.5291220545768738,0.4597488641738891,0.713204562664032,-0.2328560948371887,0.2868942022323608,0.1498935222625732,-0.1468392325013016,-0.4085871209382196,0.830457007352063,-0.3490500451828978,-0.4777123931597133,-2.50329972242182,1.0750412973393422
1771355014789847040,9.63884711265564,0.893463671207428,3.261486291885376,-1.1089208126068115,-0.5575891137123108,0.4585305750370025,0.6919857263565063,-0.2296729087829589,0.2960623502731323,0.1605991721153259,-0.1611095537645013,-0.4079522396548983,0.824359052540647,-0.3578420012529735,-0.4763410028114421,-2.4633365012629556,1.0899400151965506
1771355014799878144,9.64887809753418,1.1532516479492188,3.179199457168579,-1.1149818897247314,-0.5846167802810669,0.4592173397541046,0.6688368320465088,-0.2348870038986206,0.2667958438396454,0.2022264003753662,-0.1742251840272831,-0.4075795823308323,0.8174945262833803,-0.3677324963147159,-0.4771139567749562,-2.423284051689473,1.107107384733995
1771355014809910016,9.658910036087036,1.202114820480347,3.0904362201690674,-1.115705490112305,-0.6103971004486084,0.460368663072586,0.6445745229721069,-0.2273104786872863,0.1787304878234863,0.2236048579216003,-0.1866704937843417,-0.4073400510595357,0.8101612998523897,-0.3779774471775846,-0.4784104420330184,-2.383421342672443,1.1254408569592929
1771355014819941120,9.668941020965576,1.0617324113845823,2.9979758262634277,-1.121876835823059,-0.6348569989204407,0.4606194198131561,0.6203119158744812,-0.2088014483451843,0.0805487930774688,0.2348215579986572,-0.1987863033751143,-0.4071314459374631,0.802745250079861,-0.3877218303567751,-0.4786929166293189,-2.34460683247134,1.1434993012611183
1771355014829972224,9.678972244262695,0.8446459174156189,2.92793345451355,-1.1180524826049805,-0.6581128239631653,0.4591865241527557,0.5966869592666626,-0.2027727961540222,0.0385551750659942,0.2438739538192749,-0.2109243345049947,-0.4067583125099204,0.7955445690507561,-0.3964435145498558,-0.4770792477405083,-2.3072808384573524,1.1599862552598552
1771355014840004096,9.689004182815552,0.6817306876182556,2.8645317554473877,-1.1106164455413818,-0.6802204251289368,0.4561562538146972,0.573778510093689,-0.189225435256958,0.03299480676651,0.2426888346672058,-0.2231101112472157,-0.4062069623430582,0.7885969473897497,-0.4041443578472973,-0.4736710888593396,-2.2715154768591113,1.1747176657398029
1771355014850035200,9.699035167694092,0.5997183322906494,2.7929000854492188,-1.0983957052230835,-0.7012138962745667,0.4520868957042694,0.5512863993644714,-0.1812171936035156,0.0545507371425628,0.2479384541511535,-0.2352153380813731,-0.4055026762704067,0.7817996977694815,-0.4111333162825534,-0.4691036055198868,-2.237058778229932,1.188111746504667
1771355014860066048,9.709066152572632,0.5809832215309143,2.7323718070983887,-1.084747314453125,-0.7211004495620728,0.4474945664405823,0.5289264917373657,-0.173781931400299,0.0778656303882598,0.2477459907531738,-0.2470714466902189,-0.4047289319737521,0.775021117609675,-0.417723131596311,-0.4639617739764338,-2.2036529046068383,1.2007773060567897
1771355014870098176,9.719098091125488,0.5930225253105164,2.634591817855835,-1.0741527080535889,-0.739845335483551,0.4426338374614715,0.5066596865653992,-0.1552351713180542,0.099724531173706,0.2427145838737487,-0.2585485607835981,-0.4039663830841657,0.7682063604384856,-0.4240551278818842,-0.4585338009486928,-2.1712604711240906,1.213069296204761
1771355014880129024,9.729129076004028,0.643511176109314,2.502777338027954,-1.039345145225525,-0.7572905421257019,0.4377616345882416,0.4846402406692505,-0.1422151923179626,0.1164223551750183,0.2497805953025818,-0.2694208396453399,-0.4033340316937231,0.7613420899475194,-0.4302236989826227,-0.4531075716927666,-2.140085418035808,1.2253367677669784
1771355014890160128,9.739160060882568,0.6878176927566528,2.325629234313965,-0.9992321133613586,-0.773237407207489,0.4331070482730865,0.4631657004356384,-0.1157092452049255,0.1354354918003082,0.2769619822502136,-0.2794713526572334,-0.4028855517581524,0.7544972344609541,-0.4362487696076624,-0.4479370584938386,-2.1104768772529243,1.2376672948383538
1771355014900190976,9.749191045761108,0.712169349193573,2.130183219909668,-0.9404204487800598,-0.7875834107398987,0.4286825656890869,0.4426553845405578,-0.0916737914085388,0.1604440212249755,0.3107779026031494,-0.288608431409991,-0.4026278891356489,0.7478091150931149,-0.4420153175395296,-0.4430340474846412,-2.082838206344972,1.2498287170884137
1771355014910223360,9.759223222732544,0.708289623260498,1.904028058052063,-0.8593445420265198,-0.8002175092697144,0.4245951473712921,0.423521876335144,-0.0649251937866211,0.1662404239177703,0.3429881036281585,-0.2967245048200699,-0.4025366400268497,0.7414345459532392,-0.4474299920930505,-0.4385146642362341,-2.0575757766454656,1.2615543682592365
1771355014920254208,9.769254207611084,0.65534508228302,1.6647403240203855,-0.7656704783439636,-0.8110973238945007,0.4208593666553497,0.4061999320983886,-0.0279986858367919,0.1755456626415252,0.3690075576305389,-0.3037862151460133,-0.4025643435714237,0.7355555142677487,-0.4523427119536537,-0.4343924510236691,-2.035086076981821,1.2724321550056967
1771355014930285312,9.779285192489624,0.5813158750534058,1.4349713325500488,-0.6707703471183777,-0.8203256726264954,0.4174558222293854,0.3908918499946594,0.0032633543014526,0.1692751348018646,0.3796464204788208,-0.3098753564049004,-0.4026285832934674,0.7302986694001395,-0.4566523240877335,-0.4306437006042165,-2.0154744332227317,1.282089481209416
1771355014940317184,9.78931713104248,0.4764619171619415,1.200556755065918,-0.5730006694793701,-0.8279991149902344,0.4143465757369995,0.3778023421764374,0.0374869108200073,0.1762906908988952,0.382512629032135,-0.3150499303937996,-0.4026980850311318,0.7257654018805828,-0.4602634578709711,-0.4272247351977923,-1.998863314298574,1.2902623601729934
1771355014950348032,9.79934811592102,0.3923342525959015,1.0006873607635498,-0.4828419685363769,-0.8342871069908142,0.4115647971630096,0.3668504357337951,0.0753303170204162,0.181467980146408,0.3779616057872772,-0.3193802661922449,-0.4027661801271669,0.7219450243645105,-0.4632180555058681,-0.4241703548836081,-1.9850662775006371,1.2970110897912015
1771355014960379136,9.80937910079956,0.3617162406444549,0.8303964734077454,-0.42216956615448,-0.8394716382026672,0.409125417470932,0.3576363921165466,0.0959566235542297,0.208062082529068,0.3727713823318481,-0.3229798030946256,-0.4028763490429572,0.7186854987390708,-0.4656885873712741,-0.421495390950428,-1.9735353351525975,1.3027709983993188
1771355014970411008,9.819411039352415,0.3783205151557922,0.6938309073448181,-0.376111775636673,-0.8437878489494324,0.407100647687912,0.3497008681297302,0.0960463285446167,0.2270698249340057,0.3661650717258453,-0.325889533941551,-0.4031254776648263,0.7157794924029989,-0.4679160212612775,-0.4192774960236884,-1.9636901229260888,1.3082171165910128
1771355014980442112,9.829442024230955,0.3490990698337555,0.5834740400314331,-0.3129509389400482,-0.8473991751670837,0.4054387211799621,0.34283247590065,0.0814995169639587,0.2433192133903503,0.3667927980422973,-0.3282558916097057,-0.4034412897035414,0.7131979783178696,-0.4699274912086221,-0.4174587075601292,-1.9552363163101425,1.3132819179777049
1771355014990473216,9.839473247528076,0.3515417277812958,0.4860212504863739,-0.2418700903654098,-0.850367546081543,0.4042725563049316,0.3368060290813446,0.0726272463798523,0.234994351863861,0.3713695108890533,-0.3301233705372164,-0.4037459123967758,0.7109094532541196,-0.4718213343296873,-0.4161833718970859,-1.947911165673107,1.3180165536733148
1771355015000505088,9.849505186080933,0.311646431684494,0.3934825360774994,-0.1715384125709533,-0.852686882019043,0.4036352932453155,0.3316677808761596,0.0689345002174377,0.2249199748039245,0.3686037957668304,-0.3315053313040659,-0.4039925797428164,0.708959724474404,-0.4735718129293019,-0.4154867287613246,-1.941756221035858,1.3222798332088117
1771355015010536192,9.859536170959473,0.2188733369112014,0.2848830819129944,-0.0971965342760086,-0.8543670177459717,0.4033774137496948,0.327633798122406,0.0597196817398071,0.2149240374565124,0.3637266457080841,-0.3325146782214406,-0.4040778756651269,0.70748708320898,-0.4749917623972476,-0.4152048936531718,-1.936981881983305,1.3255027905985144
1771355015020567296,9.869567155838013,0.1089263334870338,0.1812196522951126,-0.0192154496908187,-0.8553598523139954,0.4034610986709595,0.3249284327030182,0.0500163435935974,0.1997188329696655,0.3553083837032318,-0.3331448258381276,-0.4039826936727791,0.706584889695556,-0.4759729475078079,-0.4152963386084614,-1.933832691509536,1.327421345252357
1771355015030599168,9.87959909439087,0.0349754095077514,0.0555541366338729,0.0596828274428844,-0.8556532263755798,0.403904914855957,0.3236016631126404,0.0455337762832641,0.1919659972190857,0.328803151845932,-0.3333650762972678,-0.4037326763987179,0.7062582787277907,-0.4765152423563287,-0.4157814455300264,-1.932362983019938,1.3280767793858812
1771355015040630016,9.88963007926941,0.0083349244669079,-0.0554750449955463,0.118905670940876,-0.8552811145782471,0.4047652781009674,0.3235104382038116,0.0436052680015563,0.1861007809638977,0.2982851862907409,-0.3331028964275178,-0.4034412802317741,0.7063924949011275,-0.4767464174026845,-0.416722111936131,-1.932413626234158,1.3279403652056532
1771355015050661120,9.89966106414795,0.0179614536464214,-0.1566868871450424,0.1634305268526077,-0.8543702960014343,0.4060164391994476,0.3243489563465118,0.0429993867874145,0.1619309782981872,0.2650522291660309,-0.3323667981888659,-0.4032184094910752,0.7068163818038263,-0.4768206313864484,-0.4180908020394525,-1.9336244503934907,1.3275441797986656
1771355015060691968,9.90969204902649,0.0409668162465095,-0.2472821623086929,0.1938342452049255,-0.8529791831970215,0.4076468646526336,0.3259605765342712,0.028699517250061,0.1661904156208038,0.2500586211681366,-0.3311626186618464,-0.4031136927495015,0.7074458548916449,-0.4768133296083315,-0.419875592682043,-1.9358151527476128,1.3271405237184049
1771355015070724352,9.919724225997925,0.073678158223629,-0.3694895505905151,0.227887824177742,-0.8511255979537964,0.4096279442310333,0.3283137679100036,0.0178127288818359,0.1458529829978943,0.2363223731517791,-0.3294877379754519,-0.4031616983557665,0.7082496278461837,-0.4767398360837969,-0.4220461892571711,-1.9389500795260373,1.3268279269514915
1771355015080755200,9.929755210876465,0.028423860669136,-0.4344658851623535,0.268739104270935,-0.8488135933876038,0.4119066298007965,0.3314339816570282,0.0159430503845214,0.1147352755069732,0.2384970486164093,-0.3274209707162889,-0.4032753800437597,0.7092855320826538,-0.47652759072543,-0.4245454414116148,-1.94305798415815,1.3262971988488563
1771355015090786304,9.939786195755005,-0.0348597690463066,-0.528501570224762,0.3019689619541168,-0.846021294593811,0.4143579602241516,0.3354926407337188,0.011808156967163,0.0908299684524536,0.2467064559459686,-0.3250319400239486,-0.4033889566892628,0.7106501769563919,-0.4760334839177367,-0.4272372491824285,-1.9483279917347252,1.325133656490261
1771355015100818176,9.94981813430786,-0.0965463072061538,-0.6398800015449524,0.3460522592067718,-0.8426780700683594,0.4168953895568847,0.3407227396965027,0.0103569030761718,0.0625967979431152,0.255056619644165,-0.3222944875187412,-0.4035222711816587,0.712412202707268,-0.4751472479009746,-0.4300270477874064,-1.9550326605236623,1.3231451260992717
1771355015110849024,9.9598491191864,-0.1399949789047241,-0.7588479518890381,0.3997253477573395,-0.8387049436569214,0.4196215569972992,0.3471190929412842,0.0035304427146911,0.0669506788253784,0.2599518001079559,-0.3191532527325294,-0.4036556827466964,0.7145779416302854,-0.4739004410361983,-0.4330283522157206,-1.963206468210874,1.3203499408749215
1771355015120880128,9.96988010406494,-0.1889409571886062,-0.896104097366333,0.4461522400379181,-0.8339920043945312,0.4226176738739013,0.3547553420066833,-0.0010450482368469,0.0597888827323913,0.2589073777198791,-0.3154930690955928,-0.4038443229633048,0.7171383671196994,-0.4723201755273204,-0.4363316590850195,-1.9729804958840411,1.3168967347148504
1771355015130912000,9.979912042617798,-0.2664546370506286,-1.056845784187317,0.5065119862556458,-0.8284590244293213,0.4257620871067047,0.3638433516025543,-0.0014969110488891,0.0347328186035156,0.2531303763389587,-0.31131821188084,-0.4040776833615188,0.7201686624756611,-0.4702756494236177,-0.439803957595303,-1.9846167211770376,1.3125015410236684
1771355015140943104,9.989943027496338,-0.3558066189289093,-1.2344354391098022,0.571733295917511,-0.8219192624092102,0.429058164358139,0.3746433854103088,-0.0080519318580627,0.0215643644332885,0.2458400428295135,-0.3065437504698958,-0.4043398826652826,0.7237616693006959,-0.4676635447293194,-0.4434498341293413,-1.9984757292757132,1.3069162492870383
1771355015150974208,9.999974250793455,-0.4298055768013,-1.413784146308899,0.632019579410553,-0.8142517805099487,0.4324033856391907,0.3873261213302612,-0.0199004411697387,0.0360109210014343,0.2512084245681762,-0.3011056326121783,-0.4046912967902427,0.727934076976458,-0.4644054102901063,-0.4471565351870198,-2.014802196752119,1.300107373197118
1771355015161005312,10.010005235671995,-0.517765462398529,-1.6186915636062622,0.6963940262794495,-0.8053386211395264,0.4359330534934997,0.4017363488674164,-0.0250904560089111,0.0359144806861877,0.2552765607833862,-0.2949655033576894,-0.4050584456943711,0.7326635156106086,-0.460572665110234,-0.4510747512711568,-2.0335167236144827,1.2920833114340078
1771355015171037184,10.020037174224854,-0.6121822595596313,-1.8352515697479248,0.7807704210281372,-0.7949947118759155,0.4395549595355987,0.4180611670017242,-0.044055700302124,0.0461323261260986,0.2866966128349304,-0.2880428940097579,-0.4054778590904716,0.7379825839934154,-0.4560710615031978,-0.4551031520419105,-2.0549224490454217,1.2827395285616794
1771355015181068288,10.030068159103394,-0.7150699496269226,-2.0461368560791016,0.8599648475646973,-0.783042848110199,0.443242996931076,0.4363254308700561,-0.0604020953178405,0.0742894113063812,0.3234402537345886,-0.2803029570482063,-0.4058975414787023,0.7439152488046222,-0.4508521391990156,-0.4592132500035685,-2.0791641558252185,1.2719004728918104
1771355015191099136,10.040099143981934,-0.8394392728805542,-2.2470853328704834,0.921569049358368,-0.7694422602653503,0.4466693997383117,0.4565579891204834,-0.0897038578987121,0.0641185641288757,0.3285372257232666,-0.2718394200059038,-0.4063100344943814,0.7504606208681192,-0.4447745402439335,-0.4630392578822466,-2.10632080816538,1.2593408736510503
1771355015201131008,10.05013108253479,-0.930063545703888,-2.4405200481414795,0.9907276630401612,-0.7541183233261108,0.4498328566551208,0.4784936904907226,-0.1139695644378662,0.0546990633010864,0.3033362030982971,-0.2626411743588429,-0.4067024281745012,0.7575222608577096,-0.4379187847991981,-0.4665781748714281,-2.136203244190237,1.245250679773901
1771355015211162112,10.06016206741333,-0.9812912940979004,-2.6079678535461426,1.0310335159301758,-0.7371350526809692,0.4526307880878448,0.5017541646957397,-0.1346911191940307,0.0878202617168426,0.2795416116714477,-0.2527789839602415,-0.4070913593860486,0.764953398355877,-0.4303785503898137,-0.4697134512279927,-2.1684388075876604,1.2299253469068725
1771355015221192960,10.07019305229187,-0.9985384941101074,-2.745877504348755,1.05715012550354,-0.7185762524604797,0.455157995223999,0.5258131623268127,-0.1551572680473327,0.108700007200241,0.247014045715332,-0.242238495340014,-0.4075675279422452,0.7725252759933745,-0.4223907715150617,-0.472549658183287,-2.2025102423996925,1.2140574476346695
1771355015231225344,10.080225229263306,-1.0196067094802856,-2.826298236846924,1.0968681573867798,-0.6985899209976196,0.4573818743228912,0.5502487421035767,-0.1838563084602356,0.1432345807552337,0.2347242832183838,-0.2311801991405832,-0.4080220284280363,0.7801553731833569,-0.4140425869168851,-0.4750488293827641,-2.2379651685720585,1.1976588772116246
1771355015241256192,10.090256214141846,-1.078661322593689,-2.9063329696655273,1.1063711643218994,-0.6773583292961121,0.4590713083744049,0.5748387575149536,-0.2020972967147827,0.1358536481857299,0.2218989729881286,-0.2197899386146253,-0.4084054895536703,0.787797138951315,-0.4053062116354542,-0.4769495672225248,-2.274504924905564,1.1806691941232104
1771355015251287296,10.100287199020386,-1.155484676361084,-2.985365152359009,1.1388318538665771,-0.654844343662262,0.4600041508674621,0.5996457934379578,-0.202058732509613,0.1201197504997253,0.2453858852386474,-0.208136152761601,-0.4086588630998242,0.7955003668671339,-0.3960510593693195,-0.477999882440808,-2.31222209014579,1.162820323909914
1771355015261319168,10.110319137573242,-1.2003090381622314,-3.0695669651031494,1.1626155376434326,-0.6309499740600586,0.4601790308952331,0.624609649181366,-0.2021035552024841,0.1554825603961944,0.279671847820282,-0.1961687192175093,-0.408777827307488,0.8032468530608117,-0.3862809220470043,-0.478196831525652,-2.351144731629129,1.144180686560374
1771355015271350272,10.120350122451782,-1.1710070371627808,-3.169269561767578,1.1786139011383057,-0.605602502822876,0.4598380923271179,0.6494572162628174,-0.215015172958374,0.1893470883369445,0.3118617534637451,-0.1837313451119575,-0.4088833920173733,0.810890246467315,-0.3761837542477191,-0.4778128517176188,-2.3911226401285144,1.125356489276194
1771355015281381120,10.130381107330322,-1.1151390075683594,-3.2870092391967773,1.2139455080032349,-0.5786437392234802,0.4593499898910522,0.6739204525947571,-0.234283447265625,0.2142949998378753,0.3086386322975158,-0.1706545765984714,-0.4089874511798862,0.8183455788300035,-0.3659463381685003,-0.4772632605005297,-2.4321136063174187,1.106663776657269
1771355015291412992,10.14041304588318,-1.0155436992645264,-3.396014451980591,1.2167870998382568,-0.5500152111053467,0.4588726460933685,0.697796106338501,-0.2588837742805481,0.2466785609722137,0.3044469952583313,-0.1568544244537393,-0.4091468321672143,0.8255282643864976,-0.3556665757425808,-0.4767259502097503,-2.4740774478271708,1.0883730806632288
1771355015301444096,10.15044403076172,-0.909185230731964,-3.4922995567321777,1.2402770519256592,-0.5198506116867065,0.4587085545063019,0.7206540703773499,-0.2826549410820007,0.2291882336139679,0.2380557656288147,-0.1423154721217314,-0.4093989673755878,0.8322977388589659,-0.3455711429432983,-0.4765412739322262,-2.5166748621929886,1.0708798085726388
1771355015311474944,10.16047501564026,-0.8722988367080688,-3.5848593711853027,1.27251136302948,-0.4880817234516144,0.4585253596305847,0.7426510453224182,-0.3024455606937408,0.2005322277545929,0.1843050122261047,-0.1271654050587124,-0.4095665731471919,0.8387972074974913,-0.3354152617460693,-0.4763351422264706,-2.56016179374954,1.0534711469308389
1771355015321506304,10.170506238937378,-0.8814274072647095,-3.704238176345825,1.269438862800598,-0.4546742737293243,0.4579033255577087,0.7639346718788147,-0.3083416223526001,0.1622139811515808,0.1892362236976623,-0.1114647836914896,-0.4097057571250323,0.8450494211684687,-0.3249743920620563,-0.4756352933727049,-2.6047290348641727,1.0360369738366342
1771355015331538176,10.180538177490234,-0.8580954670906067,-3.811609268188477,1.2624845504760742,-0.4196602404117584,0.4566433429718017,0.7844501733779907,-0.3118003010749817,0.1595370471477508,0.2339518666267395,-0.0952465279921954,-0.4098872076980094,0.8510097366829168,-0.3141703272541185,-0.474218525636067,-2.650359074208498,1.0187245270492982
1771355015341569280,10.190569162368774,-0.761106014251709,-3.8922677040100098,1.2305692434310913,-0.3832243680953979,0.4551814794540405,0.8037095069885254,-0.3408662378787994,0.1901279687881469,0.2633070945739746,-0.0784707463102364,-0.4101646799222672,0.8565160220024636,-0.3032945837224358,-0.4725760263681781,-2.6966608332960154,1.0020404649411154
1771355015351600128,10.200600147247314,-0.6661280989646912,-3.9460275173187256,1.2253552675247192,-0.3457033336162567,0.453874260187149,0.821272075176239,-0.3573148846626282,0.1995986700057983,0.2406482696533203,-0.0612208669351991,-0.4104949096540216,0.8614696503842577,-0.2926022874050304,-0.4711084569108878,-2.743168906471684,0.9861870816206142
1771355015361632000,10.210632085800173,-0.6225672364234924,-4.026316165924072,1.2446345090866089,-0.3069637417793274,0.4525768160820007,0.8372260332107544,-0.3506900668144226,0.1805408596992492,0.2705771923065185,-0.0435078756589402,-0.4107341098538229,0.8659737414544754,-0.2819468590652038,-0.4696529235053442,-2.790168020562378,0.9706592591484184
1771355015371663104,10.220663070678713,-0.6003966331481934,-4.126495361328125,1.3009403944015503,-0.2666465640068054,0.4510388076305389,0.851741373538971,-0.3604743778705597,0.1809802055358886,0.2924234867095947,-0.025251544873689,-0.4107466883708822,0.8701481798613747,-0.2710933504414026,-0.4679289064446393,-2.838197258021658,0.9549000757466892
1771355015381693952,10.230694055557253,-0.510928750038147,-4.215616703033447,1.3682645559310913,-0.2246898412704467,0.4494965374469757,0.864561915397644,-0.3813740015029907,0.2359740138053894,0.2482615113258361,-0.0063734100441379,-0.4104341438089414,0.8739706996490036,-0.2601507495413386,-0.4662016465004318,-2.88732888421309,0.938774390779843
1771355015391726336,10.240726232528688,-0.3062320947647095,-4.314380645751953,1.4236268997192385,-0.1811408996582031,0.4487672746181488,0.8750976920127869,-0.4100608825683594,0.2561735212802887,0.2201782464981079,0.0133230282830902,-0.409776900359213,0.8772865772763516,-0.2495469186424421,-0.4653854176268354,-2.937480213098301,0.9224898443522088
1771355015401757184,10.250757217407228,-0.1437250077724456,-4.357167720794678,1.4852426052093506,-0.1363149136304855,0.4491755962371826,0.8829832077026367,-0.4363474249839782,0.2630588412284851,0.2031677961349487,0.0337891099588669,-0.4087150370532204,0.8800247902109973,-0.2395133502538725,-0.4658424097856007,-2.98842191237038,0.9059907573381086
1771355015411788288,10.260788202285768,-0.141291931271553,-4.395205974578857,1.5371172428131104,-0.0906986519694328,0.4497878551483154,0.8885181546211243,-0.4562678933143616,0.1926986873149871,0.1761484742164611,0.0546008817604243,-0.4071679685895191,0.8823113532811696,-0.2296946521617027,-0.4665278009465506,-3.0398664472186088,0.8889058190008274
1771355015421819136,10.270819187164308,-0.3085591197013855,-4.468796730041504,1.576177000999451,-0.0441196523606777,0.4488519728183746,0.8925162553787231,-0.4472286105155945,0.1170507073402404,0.2162025570869445,0.0755145443351942,-0.4053168401335598,0.8842942868936703,-0.2191789166619454,-0.4654801975022078,-3.092199976494067,0.8712631815819448
1771355015431851264,10.280851125717165,-0.426535815000534,-4.548393249511719,1.590728759765625,0.0034480122849345,0.4457913041114807,0.8951302170753479,-0.4349360466003418,0.0984591245651245,0.2621573209762573,0.09647119086734,-0.4032618622026587,0.8859711995238814,-0.2076732228583149,-0.4620580573348747,3.1377407053437736,0.8533732552224061
1771355015441882112,10.290882110595703,-0.3896200656890869,-4.58392333984375,1.622711420059204,0.051651794463396,0.4416044950485229,0.8957220911979675,-0.4361732900142669,0.1563875675201416,0.1994776725769043,0.117576213544892,-0.400963664185496,0.8871804683631659,-0.1957419820321407,-0.4573862159425123,3.0839914637752996,0.8355423644981141
1771355015451913216,10.300913095474243,-0.2409230023622512,-4.628331661224365,1.6594465970993042,0.1002352610230445,0.4374699592590332,0.893629252910614,-0.441604882478714,0.2143245935440063,0.1772022247314453,0.1389988278183384,-0.3982492216205438,0.8878131413307838,-0.1840238555740774,-0.4527831710609965,3.0298930417682377,0.817579375602338
1771355015461945088,10.3109450340271,-0.098017081618309,-4.693995475769043,1.7165484428405762,0.149297684431076,0.4338274300098419,0.8885400891304016,-0.4590206146240234,0.2219646871089935,0.190103530883789,0.1609295884122659,-0.3950243196017293,0.8878208275267635,-0.1727179745598643,-0.4487364558643854,2.975121842179513,0.7991972091213112
1771355015471975936,10.32097601890564,0.0451845526695251,-4.749536037445068,1.7862013578414917,0.1988005936145782,0.4305364191532135,0.8804072737693787,-0.4833160042762756,0.2096613347530365,0.2325993776321411,0.1833713694345366,-0.3912185953825051,0.8872156742916988,-0.1617756805367023,-0.4450870136833199,2.9195118837168197,0.780154773791489
1771355015482007296,10.33100724220276,0.1312499195337295,-4.784572601318359,1.8655116558074951,0.2485330700874328,0.4272034764289856,0.8693267107009888,-0.5250375270843506,0.2196624279022216,0.2416200637817382,0.2061892414175301,-0.3867529230013337,0.8860505295256362,-0.1510720297099526,-0.4413975534075258,2.8631292131544948,0.7602659294709962
1771355015492039168,10.341039180755615,0.1974787414073944,-4.804557800292969,1.9031703472137451,0.2980825304985046,0.4234480261802673,0.8554757833480835,-0.5607014894485474,0.2107530832290649,0.1900413036346435,0.2291807049433754,-0.3817177814149397,0.8843242692210916,-0.1404933257756098,-0.4372480409048582,2.8063076961992666,0.7398156914658724
1771355015502070272,10.351070165634155,0.2189936339855194,-4.798247337341309,1.9532997608184817,0.3470238745212555,0.4190357029438019,0.8390374779701233,-0.5526970028877258,0.1297314763069152,0.0428748726844787,0.2521562042514111,-0.3761815438394654,0.8820465832984099,-0.1299946484622788,-0.4323830102790807,2.7494194606730997,0.7190628346228481
1771355015512101120,10.361101150512695,0.2414294332265854,-4.788397789001465,1.9823747873306272,0.3951407372951507,0.4135887920856476,0.8202489614486694,-0.5007314682006836,0.0924995243549346,0.0112178325653076,0.2749789724144881,-0.3701718922833743,0.8792594861443653,-0.1194242540905266,-0.4263922656915955,2.69266539383976,0.6981906619344526
1771355015522132992,10.371133089065552,0.2807033360004425,-4.755898475646973,2.015185832977295,0.4421959817409515,0.4073632657527923,0.7990730404853821,-0.4750024080276489,0.0831762552261352,0.0119314789772033,0.2976532409291064,-0.363734865099016,0.8759186378880126,-0.1089310928632,-0.4195650558831739,2.636153404853967,0.6773294296520208
1771355015532164096,10.381164073944092,0.2513529062271118,-4.701820373535156,2.033080577850342,0.487768679857254,0.4000034928321838,0.7759371399879456,-0.4880433976650238,0.0803278684616088,0.0321223735809326,0.319916240886122,-0.356888611326637,0.8721233238671994,-0.098411858946039,-0.4115206441151668,2.580395277385277,0.6566960346609451
1771355015542195200,10.391195058822632,0.2292492985725402,-4.6538801193237305,2.0288007259368896,0.5316595435142517,0.3914654552936554,0.7510610818862915,-0.5078253746032715,0.0710894167423248,0.0541756153106689,0.3417019218652136,-0.3498195082806309,0.867846096062592,-0.08780212657455,-0.4022236141167943,2.525599024556397,0.6368059670443541
1771355015552226048,10.401226043701172,0.1447708904743194,-4.610867023468018,2.0535383224487305,0.5738202333450317,0.3815351724624634,0.7246801853179932,-0.5290662050247192,0.0412095785140991,0.0566766262054443,0.3629537152602427,-0.342554374422834,0.8631318474759317,-0.0769711009034089,-0.3914565447584052,2.471856069297425,0.6178521664340759
1771355015562258176,10.411258220672607,0.1502538025379181,-4.557876110076904,2.044971704483032,0.6142599582672119,0.3703668713569641,0.6967875957489014,-0.5542929768562317,0.0356694757938385,0.0889331698417663,0.3837365730546706,-0.3350752042320876,0.857973433999211,-0.0659727047038075,-0.3794039545052752,2.4190594345051992,0.5998053141220357
1771355015572289280,10.421289205551147,0.135458618402481,-4.47009801864624,2.028430223464966,0.6525934934616089,0.3583934307098388,0.6675896048545837,-0.5844935774803162,0.0426228046417236,-0.0085777640342712,0.4039484535660941,-0.3274420890265112,0.8523945519603632,-0.0550531241796161,-0.3665464226420672,2.367553096990966,0.5827216038102289
1771355015582320128,10.431320190429688,0.1093095690011978,-4.412265300750732,2.0148932933807373,0.6888198256492615,0.3455581068992615,0.6372730135917664,-0.5756911635398865,0.0022965371608734,-0.0677844285964965,0.4235721124718984,-0.3196615640279888,0.8464354606763853,-0.0441608690443985,-0.3528334563179026,2.317342837024869,0.566644079905289
1771355015592352256,10.441352128982544,0.1340532600879669,-4.358259677886963,1.983820915222168,0.7229814529418945,0.3321281969547272,0.6057960391044617,-0.5681657791137695,-0.0098473131656646,-0.0774298906326294,0.4427060795213667,-0.3117961027141604,0.840048333272123,-0.0333672136254011,-0.3385589660433927,2.268231640781909,0.5516017120476592
1771355015602383104,10.451383113861084,0.2703151404857635,-4.25184440612793,1.9413328170776367,0.7548691630363464,0.3187666535377502,0.5732021331787109,-0.5715346932411194,-0.0025892555713653,-0.1286982893943786,0.4613728101314447,-0.3037120322281616,0.8332827076829536,-0.0231120301995785,-0.3244279792521503,2.220248106911064,0.5369451691129434
1771355015612414208,10.461414098739624,0.4755623042583465,-4.154640197753906,1.9315513372421265,0.7843811511993408,0.3058426678180694,0.5396353006362915,-0.5600464344024658,4.4405460357666016e-06,-0.2232902646064758,0.4795759086223233,-0.295168754836985,0.8262524206712807,-0.0137554988734608,-0.3108233912569559,2.173406761620479,0.521820679443467
1771355015622446080,10.47144603729248,0.7362768650054932,-4.0650177001953125,1.8981257677078247,0.8116883635520935,0.2937023639678955,0.5048773288726807,-0.5381134152412415,0.0191486179828643,-0.1856023669242859,0.4975241767349552,-0.2859840496334653,0.8189333157976261,-0.0055770170867185,-0.2980977328994373,2.1272417699288058,0.5054594111988344
1771355015632476928,10.48147702217102,1.0246484279632568,-3.9293618202209473,1.8683574199676511,0.8366996645927429,0.2824105024337768,0.4692312180995941,-0.5446159839630127,0.0457602441310882,-0.1334768831729889,0.5151531793953731,-0.2760814159296906,0.81141521703129,0.0012557956256944,-0.2863059642806913,2.081902578595056,0.4874719213246439
1771355015642508288,10.49150824546814,1.0674411058425903,-3.740196466445923,1.891287326812744,0.8592926263809204,0.2712404727935791,0.433641254901886,-0.5678497552871704,0.043655127286911,-0.1318682730197906,0.5320983898798071,-0.2656295701863784,0.8039039525508413,0.0071163179481432,-0.2746815729199999,2.0381563196037553,0.4685394552082361
1771355015652540160,10.501540184020996,0.9105286598205566,-3.5579311847686768,1.8532458543777464,0.8795146346092224,0.2590960264205932,0.3991527855396271,-0.5671520829200745,-0.045167863368988,-0.138929545879364,0.5479566570862425,-0.2552055571151708,0.796521512683222,0.0129231505352398,-0.2620861578630555,1.996833222130546,0.4506945521757034
1771355015662571264,10.511571168899536,0.5207475423812866,-3.4201719760894775,1.851110577583313,0.8975703716278076,0.2454312145709991,0.366238534450531,-0.5253018140792847,-0.1818631440401077,-0.1485414803028106,0.5625825122965554,-0.2455301587879116,0.7891984593709445,0.0195329430146088,-0.2479644827009045,1.9582086642511112,0.4361385709380131
1771355015672602112,10.521602153778076,0.063754953444004,-3.288696527481079,1.8175781965255735,0.9137535095214844,0.2297451347112655,0.335069864988327,-0.5099601745605469,-0.1979915797710418,-0.0844595432281494,0.5759321895081152,-0.2370585998377323,0.7818811621756828,0.0276987234029864,-0.2318158068165927,1.9222670831125432,0.4264857623476009
1771355015682634240,10.531634092330933,-0.2697121202945709,-3.1720263957977295,1.7243614196777344,0.9280559420585632,0.2129568457603454,0.3055506944656372,-0.5098279714584351,-0.1644949913024902,-0.0960933566093444,0.5880850359219999,-0.2299937246735906,0.7745180664049242,0.0371552913289171,-0.2146002315040356,1.8888559966608336,0.4217520335979428
1771355015692665088,10.541665077209473,-0.2607135772705078,-3.0538899898529053,1.652667999267578,0.9406039714813232,0.1962829679250717,0.2770140469074249,-0.4527806639671325,-0.1277405321598053,-0.1822113394737243,0.5994157423310382,-0.2236685204072185,0.767124123273129,0.04683590317389,-0.1975656935034364,1.8572056899484133,0.4194226172820041
1771355015702696192,10.551696062088013,0.1616539061069488,-2.922471046447754,1.5593868494033811,0.9515264630317688,0.1808034628629684,0.2488122135400772,-0.4091375470161438,0.0174692422151565,-0.2536187171936035,0.6103551522484515,-0.2169820097346541,0.7598190008463437,0.0553215417036225,-0.1818033115760467,1.8265571354881351,0.4158008075976694
1771355015712727040,10.561727046966553,0.8769424557685852,-2.744774103164673,1.4618874788284302,0.960840344429016,0.1675068736076355,0.2207431197166443,-0.398019790649414,0.1150554120540618,-0.3265018165111542,0.621207075245076,-0.208841217526916,0.7528325891851093,0.0610762721665052,-0.1683002600070775,1.796617429046664,0.4070705625304514
1771355015722759168,10.571759223937988,1.643259882926941,-2.5436341762542725,1.3655105829238892,0.968621015548706,0.1565135270357132,0.1930714845657348,-0.3769921064376831,0.1540333181619644,-0.4045583307743072,0.6320136081507972,-0.1987227535373865,0.7463544773259942,0.0634265956391863,-0.1571596752938187,1.7675438550613969,0.3914292799342965
1771355015732790272,10.581790208816528,2.060734987258911,-2.2720582485198975,1.2339775562286377,0.9749624133110046,0.147175520658493,0.1666969060897827,-0.3358938097953796,0.0981553047895431,-0.4398750066757202,0.6424078112424226,-0.1871221453410408,0.7404956162692242,0.0629591386457371,-0.1477120892047774,1.7401366434082408,0.3703682400073662
1771355015742821120,10.591821193695068,1.968464732170105,-1.9870710372924805,1.142051100730896,0.9799615740776062,0.1387292891740799,0.1429327726364135,-0.3560906052589416,-0.0778161585330963,-0.4621466398239136,0.6517629090253947,-0.175411594461044,0.7353211279929964,0.0611462463281041,-0.1391781802195563,1.71563051895102,0.347949047303273
1771355015752853248,10.601853132247925,1.4127053022384644,-1.7082886695861816,1.0536229610443115,0.9838818907737732,0.1302760690450668,0.1224935948848724,-0.3427991271018982,-0.3922237157821655,-0.4949911832809448,0.6596602833769577,-0.1652223922240594,0.7307177018144856,0.0600130700334514,-0.130647422535914,1.6946592845657489,0.3293144310840315
1771355015762884096,10.611884117126465,0.7011685371398926,-1.4366382360458374,0.8939302563667297,0.9869218468666076,0.1217987835407257,0.1055939719080925,-0.2896258234977722,-0.6284211277961731,-0.5009186267852783,0.6659746696927656,-0.1576352208277071,0.7266003882952254,0.0606683855817687,-0.1221019578532998,1.6773840852640078,0.3175155716897014
1771355015772915200,10.621915102005005,0.1862069219350814,-1.1615560054779053,0.6768458485603333,0.989141583442688,0.1144778355956077,0.092161625623703,-0.2321988344192505,-0.668066680431366,-0.5145401954650879,0.670806090922503,-0.1529650782520668,0.7229678409671798,0.0627565775713388,-0.1147293658013557,1.6637014441327658,0.3124527148710154
1771355015782947072,10.63194704055786,-0.0388206019997596,-0.8165866732597351,0.4606068134307861,0.9906495213508606,0.1088722050189971,0.0822226852178573,-0.2126495242118835,-0.6026160717010498,-0.543541669845581,0.674264426792157,-0.1504051023955955,0.7200622521161423,0.0652397882984576,-0.1090884377817189,1.6536052855259495,0.3114100098356195
1771355015792978176,10.6419780254364,0.0761086419224739,-0.4408913254737854,0.2013816386461258,0.991500437259674,0.1056331619620323,0.0759499967098236,-0.2317959070205688,-0.4939846098423004,-0.572287917137146,0.6764339435707487,-0.1490016878804308,0.7181737210583645,0.066798905452708,-0.1058306035967615,1.647248094197042,0.3110945930980425
1771355015803009280,10.65200924873352,0.2885619699954986,-0.0418013110756874,-0.0566744096577167,0.991754949092865,0.1050564497709274,0.0733851417899131,-0.2342628836631775,-0.4212490618228912,-0.6338251829147339,0.677404898777983,-0.1480398939945552,0.7174794486580623,0.066559012921581,-0.1052506660183619,1.6446569523645502,0.3091928126847455
1771355015813041152,10.662041187286375,0.3869609832763672,0.3132492005825043,-0.3019968271255493,0.9914527535438538,0.1072138175368309,0.0743427127599716,-0.2517523765563965,-0.4110010266304016,-0.6706256866455078,0.6772457658259878,-0.1475817345508338,0.7179073667377804,0.0645517793178143,-0.1074202839100299,1.64563987907148,0.3058147667340689
1771355015823072256,10.672072172164915,0.3727680146694183,0.649764895439148,-0.5192681550979614,0.9906216263771056,0.1116679981350898,0.0787331014871597,-0.259893536567688,-0.4251140654087066,-0.6038185358047485,0.6759198232286897,-0.1479149447093977,0.7193661919071398,0.0613660257094118,-0.1119013886554834,1.6501080829606312,0.3022076623491324
1771355015833103104,10.682103157043455,0.2227438986301422,0.9062076210975648,-0.6896196603775024,0.989277482032776,0.1179298162460327,0.086154505610466,-0.2055861353874206,-0.4312385320663452,-0.4931826591491699,0.673498539301443,-0.1493119644188249,0.7216530955196117,0.0576405511651492,-0.118204890872803,1.6576654671595314,0.2996695441574294
1771355015843134208,10.692134141921995,-0.0968631282448768,1.1076325178146362,-0.8376096487045288,0.9874181151390076,0.125593677163124,0.0960816442966461,-0.20111745595932,-0.4630417823791504,-0.3647888898849487,0.6701043694388514,-0.1521284608414088,0.7244982781949004,0.0540306445026986,-0.1259262217425597,1.6677968867338917,0.2996473494992812
1771355015853166080,10.702166080474854,-0.4302949011325836,1.2536871433258057,-0.9152740836143494,0.985063135623932,0.1339986771345138,0.1081427633762359,-0.1820389032363891,-0.3940542340278625,-0.2174873352050781,0.665816924937377,-0.1565331543633656,0.7277147469096105,0.0511506557627316,-0.1344029545798721,1.680141017718553,0.3032569400279638
1771355015863197184,10.712197065353394,-0.665629506111145,1.3685539960861206,-0.950106680393219,0.9822465777397156,0.1426020413637161,0.1218850463628768,-0.1536945104598999,-0.3073054552078247,-0.1328561604022979,0.6607979751326053,-0.1621483755934053,0.7311979405042873,0.0490240693683379,-0.1430898266217831,1.6942532854012455,0.3099725879766896
1771355015873228032,10.722228050231934,-0.7794689536094666,1.4648706912994385,-0.9550787806510924,0.9789999723434448,0.1510470062494278,0.1369085311889648,-0.1373251676559448,-0.2535708248615265,-0.1277990490198135,0.6552105140154879,-0.1684100882186706,0.7349097298447256,0.0473807265398935,-0.1516273465107062,1.7097405350702548,0.3185762508208385
1771355015883260160,10.73226022720337,-0.7276357412338257,1.5406734943389893,-0.985373854637146,0.9752985239028932,0.1594820767641067,0.152834415435791,-0.1337762475013733,-0.1799441128969192,-0.170839786529541,0.6492250414709333,-0.1748458354025217,0.7388140081785172,0.0457127974226579,-0.1601659950924107,1.7262374534657408,0.327663877733495
1771355015893291264,10.74229121208191,-0.5911477208137512,1.63541579246521,-1.0185176134109497,0.9710875153541564,0.1681646257638931,0.1694396436214447,-0.126833975315094,-0.1395238637924194,-0.2231048345565796,0.6429510215325389,-0.1810654664013704,0.7429233590143094,0.0435225411392935,-0.1689674852549576,1.7435416875967995,0.3359820664800686
1771355015903322112,10.75232219696045,-0.420093297958374,1.7365682125091553,-1.0768874883651731,0.966263234615326,0.1774215400218963,0.1867009997367859,-0.1356509327888488,-0.1488265395164489,-0.2650853395462036,0.6364035765400219,-0.1869468555230755,0.7472625849423837,0.0404983205375568,-0.1783657978198603,1.7616638521747707,0.3429623603848798
1771355015913354240,10.762354135513306,-0.3004854023456573,1.8237144947052,-1.1490641832351685,0.9607393741607666,0.1874936819076538,0.2045135349035263,-0.1479648351669311,-0.1774076521396637,-0.2877044975757599,0.6296056158822535,-0.192605047987308,0.7517712817532531,0.0366047181232357,-0.1886099602089248,1.7805366471432102,0.3487714764758899
1771355015923385088,10.772385120391846,-0.3110814988613128,1.9481616020202637,-1.2217583656311035,0.954395830631256,0.1982562243938446,0.2232103496789932,-0.1683546900749206,-0.1892230659723281,-0.2574510872364044,0.6223822592491742,-0.1983756585223211,0.7564735766562631,0.0321721502256872,-0.1995785029237561,1.8005429183459167,0.3544428048909993
1771355015933416192,10.782416105270386,-0.4359235763549804,2.08252477645874,-1.291179060935974,0.9471068382263184,0.2093861103057861,0.2431999295949936,-0.1829009056091308,-0.1902515739202499,-0.1892296075820922,0.6145217749914532,-0.2045919656249052,0.7614079654672844,0.0276240341050673,-0.2109471176153548,1.8221477243883577,0.3611384818876426
1771355015943448064,10.792448043823242,-0.6702921390533447,2.210106372833252,-1.3480868339538574,0.938795804977417,0.2204727083444595,0.2646771669387817,-0.186003565788269,-0.2180618792772293,-0.1604596674442291,0.6058971767369762,-0.2116067904139748,0.7665253707501234,0.0234507562607677,-0.222299083946525,1.8455962446197551,0.3701146202218667
1771355015953479168,10.802479028701782,-0.9564959406852722,2.3080122470855713,-1.3843151330947876,0.9294432997703552,0.2310269176959991,0.2876839637756347,-0.1723325848579406,-0.2464077174663543,-0.1711983382701873,0.5964536061397071,-0.2195852904024857,0.7717669896711086,0.0200306334219099,-0.2331330173022318,1.8709666626529315,0.3821546181071701
1771355015963510272,10.8125102519989,-1.163044810295105,2.4207937717437744,-1.421432375907898,0.9190093874931335,0.2408324033021927,0.3121248185634613,-0.1626157164573669,-0.2184782028198242,-0.2145600914955139,0.586205254043631,-0.2284205344260114,0.7771013229794532,0.0173530960176651,-0.2432234104527702,1.898204758704914,0.3970936399297854
1771355015973542144,10.822542190551758,-1.2206448316574097,2.5377306938171387,-1.4637178182601929,0.9073745608329772,0.250164270401001,0.3377711772918701,-0.1688644289970398,-0.1803400516510009,-0.2882258892059326,0.5752316194630758,-0.2377630357994204,0.7825307185948125,0.0149344635582043,-0.252849925752328,1.927154825707731,0.4137875325628216
1771355015983573248,10.832573175430298,-1.0786142349243164,2.661294221878052,-1.510266900062561,0.8944231271743774,0.2595289051532745,0.3642144501209259,-0.1838364601135254,-0.1403577327728271,-0.3592401444911957,0.5636904405405855,-0.2470926930096617,0.7880687950776667,0.0120793266729276,-0.2625343531212427,1.9574992850877508,0.4305505398111445
1771355015993604096,10.842604160308838,-0.798757791519165,2.795215606689453,-1.5781910419464111,0.8800052404403687,0.2697324156761169,0.3909409642219543,-0.1981359124183654,-0.0929289162158966,-0.4157976508140564,0.5517831721656961,-0.2559887547730675,0.7936877515024883,0.0080435625023782,-0.2731151413618196,1.9888570044337024,0.4458329241749826
1771355016003635200,10.852635145187378,-0.5017004013061523,2.9544332027435303,-1.6583354473114014,0.8638594150543213,0.2812504172325134,0.4179061949253082,-0.2066631913185119,-0.0632632672786712,-0.4372389614582062,0.5394820854438689,-0.2643385452307279,0.7994236879699085,0.0024776672045839,-0.2850968649770066,2.0213729622148,0.4591656538607089
1771355016013667072,10.862667083740234,-0.2692450284957886,3.0873234272003174,-1.7349231243133545,0.8458929061889648,0.2941907048225403,0.4448791444301605,-0.2145755887031555,-0.0797131061553955,-0.4202665686607361,0.5268199425024783,-0.272158362270678,0.8052138824374848,-0.0046160365736984,-0.298608634686305,2.054970900441075,0.4706844673475715
1771355016023698176,10.872698068618774,-0.2025358527898788,3.2189478874206543,-1.830349087715149,0.8259999752044678,0.3081147074699402,0.4720052182674408,-0.2544211149215698,-0.0833833515644073,-0.3411459624767303,0.5136491628036383,-0.2798459130291323,0.8109801915922062,-0.0127188494498886,-0.3132106911587587,2.089947220600854,0.4818017619099805
1771355016033729024,10.882729053497314,-0.2665137648582458,3.3611350059509277,-1.896772503852844,0.8040506839752197,0.3222432732582092,0.4996621012687683,-0.2925606966018677,-0.1081013679504394,-0.2550025582313537,0.4997190362051242,-0.2877555339536859,0.8167177018472791,-0.0212126136748535,-0.3280982107929178,2.1268251339225785,0.4939647706951086
1771355016043761152,10.89276123046875,-0.4268667995929718,3.4838247299194336,-1.9517511129379272,0.7800352573394775,0.3357560634613037,0.5280272364616394,-0.3110107183456421,-0.1296708881855011,-0.2261168360710144,0.4848847148744453,-0.2961050482588497,0.8223961421354203,-0.0295492830036262,-0.3424077666118996,2.1658689080572504,0.5082215620330335
1771355016053792256,10.90279221534729,-0.5142760276794434,3.6037728786468506,-1.9807544946670532,0.7539973855018616,0.3483512699604034,0.5569013357162476,-0.3161312937736511,-0.1323783993721008,-0.2391828894615173,0.4691818419322702,-0.3047869531838885,0.8279828406220858,-0.0376519011766287,-0.3558116211240718,2.206960440289702,0.52446564250641
1771355016063823104,10.91282320022583,-0.479684442281723,3.705967426300049,-2.0210070610046387,0.7259434461593628,0.3603080213069916,0.5858194828033447,-0.3184269666671753,-0.1205008327960968,-0.2724038958549499,0.4527569601227245,-0.3135188395413808,0.8334360694394582,-0.045841754873051,-0.3685980679658341,2.2497769299365507,0.5418536050013781
1771355016073855232,10.922855138778688,-0.3231398463249206,3.821129560470581,-2.0465049743652344,0.695836067199707,0.3723509609699249,0.6141392588615417,-0.326390266418457,-0.1010344326496124,-0.340366005897522,0.4358244871229457,-0.3220000977276246,0.8386808468723381,-0.0546572094939828,-0.3815408531851731,2.293910015246636,0.5593376500546293
1771355016083886080,10.932886123657228,-0.0805374234914779,3.954270362854004,-2.089161157608032,0.6634899377822876,0.3851608633995056,0.6414297819137573,-0.3441845178604126,-0.0628495216369628,-0.4021719098091125,0.4184663818794755,-0.3299957689843831,0.8436928774623851,-0.0645831014228355,-0.3953821418473286,2.339290727799906,0.5761636095043955
1771355016093917184,10.942917108535768,0.1142586916685104,4.05253791809082,-2.1461291313171387,0.628873884677887,0.3990255296230316,0.6673053503036499,-0.3650951981544494,-0.0425802171230316,-0.3867267370223999,0.4007658600115868,-0.3375319505367885,0.8483659888269264,-0.0757237791326565,-0.4104538502147082,2.385835623859981,0.5924388056785954
1771355016103949056,10.952949047088625,0.1943002641201019,4.156406879425049,-2.220498323440552,0.5919826030731201,0.4135440587997436,0.6917639970779419,-0.4196652173995971,-0.0339817702770233,-0.2173379063606262,0.3826462299188706,-0.3448521715388988,0.8526188940779457,-0.0877480488973732,-0.4263431327876937,2.433765236204428,0.6090828557121027
1771355016113980160,10.962980031967165,-0.0312463045120239,4.301816463470459,-2.276019811630249,0.5526612997055054,0.4272291958332062,0.7155699729919434,-0.4912905693054199,-0.0635208189487457,-0.0554291009902954,0.3636651369195031,-0.3523037899204387,0.8565436465318066,-0.0998127695453217,-0.4414259908855182,2.4839483371647297,0.6276189952364974
1771355016124011008,10.973011016845703,-0.3715697824954986,4.363374710083008,-2.2626171112060547,0.5111152529716492,0.4379431903362274,0.7395719885826111,-0.5494301915168762,-0.116089642047882,0.0773377418518066,0.3434328264714493,-0.3601489228849079,0.8602782919931989,-0.1107602417387456,-0.4533095132657838,2.536867544643084,0.6493225364021922
1771355016134042368,10.983042240142822,-0.7617183923721313,4.3078508377075195,-2.1972286701202393,0.4684918224811554,0.4446127116680145,0.7634362578392029,-0.5451977252960205,-0.1403219401836395,0.1108007431030273,0.3223227565393428,-0.3682284947593445,0.8637858049552315,-0.1199578976489863,-0.4607418321473109,2.591188105960455,0.673679266166962
1771355016144074240,10.99307417869568,-0.8777453899383545,4.234189510345459,-2.100466251373291,0.4257004857063293,0.4477549195289612,0.7863170504570007,-0.5206101536750793,-0.1219187378883361,0.0505359172821044,0.3008999820890886,-0.3761582255171476,0.8669853082141726,-0.12767397385792,-0.4642529263077075,2.645387472194508,0.6990964026301786
1771355016154105088,11.00310516357422,-0.7320513129234314,4.198015213012695,-2.033710479736328,0.3827047049999237,0.4494859874248504,0.8071552515029907,-0.4967030584812164,0.0278242528438568,-0.0313830375671386,0.2795973940340095,-0.3836131050456611,0.869723291243229,-0.13508407116121,-0.4661898248647612,2.6988461243136515,0.7240516777877226
1771355016164136192,11.01313614845276,-0.2055562287569046,4.316935062408447,-1.9843220710754397,0.3388098478317261,0.4528988301753998,0.8246760368347168,-0.4862402975559234,0.1654331088066101,-0.1232295036315918,0.2587017569250535,-0.3900083532120257,0.8719125466629244,-0.1439978868854002,-0.47001406015144,2.751776553036052,0.746752307316777
1771355016174168064,11.023168087005615,0.3465908169746399,4.419017314910889,-2.002770185470581,0.2933292388916015,0.4597874581813812,0.8381849527359009,-0.4645633399486542,0.1981106102466583,-0.188267171382904,0.2382593737134073,-0.3953506700363742,0.8733786805867566,-0.1553710080982551,-0.4777558426129815,2.8049555445751353,0.7674247696517764
1771355016184199168,11.033199071884155,0.6134097576141357,4.59486722946167,-2.0456507205963135,0.2457578629255294,0.4695333838462829,0.8480224609375,-0.4521024227142334,0.1348826289176941,-0.1710050702095031,0.2178614031149399,-0.3999664689622321,0.8740927031991648,-0.1688944845560021,-0.488762210275963,2.859518687014778,0.7874975951854438
1771355016194230016,11.043230056762695,0.2334187179803848,4.696969032287598,-2.089617967605591,0.1961674988269806,0.4782463908195495,0.8560362458229065,-0.484375536441803,-0.0112970769405364,-0.0042756795883178,0.1966141972222492,-0.4044057172237629,0.8743421241652956,-0.1825501488175782,-0.4986568490542116,2.9163241721516378,0.8088553228301257
1771355016204262144,11.05326223373413,-0.7087945938110352,4.703001976013184,-2.1134374141693115,0.1454333364963531,0.4799338579177856,0.8651664853096008,-0.5493334531784058,-0.2518911361694336,0.3588936924934387,0.1735430085170869,-0.4094037786499399,0.8746266635476078,-0.1931312839548509,-0.5005793298704831,2.975051010487677,0.8329216724712738
1771355016214293248,11.063293218612673,-1.4358104467391968,4.517739772796631,-1.9528599977493288,0.095342181622982,0.4725150763988495,0.8761504888534546,-0.5981650352478027,-0.3162192404270172,0.5392701625823975,0.148932319789593,-0.4147402530732144,0.8752518241117071,-0.1993589783007215,-0.4921423526143744,3.0331997447488943,0.8577742816852748
1771355016224324352,11.073324203491213,-1.3820346593856812,4.294803142547607,-1.7356926202774048,0.0477243885397911,0.4608282744884491,0.8862054347991943,-0.5210368037223816,0.0258965790271759,0.4313606023788452,0.1246311441571721,-0.4194151135236352,0.8758959305752879,-0.2033825552647337,-0.4789282525455589,3.087792110263362,0.8800173579089345
1771355016234356224,11.083356142044067,-0.7020247578620911,4.155837059020996,-1.5413635969161987,0.0025463227648288,0.451900839805603,0.8920643925666809,-0.4459972381591797,0.4315066337585449,0.1773476600646972,0.102173950793533,-0.4228567757483897,0.8759134267984736,-0.2086341735979295,-0.4688950185574661,3.1387382453243275,0.8988411453863693
1771355016244387072,11.093387126922607,0.3497891128063202,4.164060592651367,-1.499353289604187,-0.0415834337472915,0.4498811662197113,0.8921200037002563,-0.4663206338882446,0.5210356712341309,0.0037693977355957,0.0818607841378214,-0.42515300516729,0.8748170876026978,-0.2173451166946963,-0.4666322690918744,-3.0950144403108744,0.9158260587928748
1771355016254418176,11.103418111801147,1.3127468824386597,4.151820659637451,-1.4774335622787476,-0.0854073166847229,0.4565836489200592,0.8855712413787842,-0.3858450949192047,0.5149281024932861,-0.0874300599098205,0.0638239334834092,-0.426723298764626,0.8721770807596617,-0.2305227547144263,-0.4741514186439026,-3.0454468226983913,0.9332885487419116
1771355016264449024,11.113449096679688,1.8058921098709104,4.247885227203369,-1.4955425262451172,-0.1292636692523956,0.469045877456665,0.8736625909805298,-0.3406612277030945,0.3887573480606079,-0.0227563977241516,0.047170633998173,-0.4277141396586432,0.86826949394126,-0.2468673537539533,-0.4882101355031459,-2.9947022720894942,0.9520766856618608
1771355016274481152,11.123481035232544,1.616217851638794,4.329898834228516,-1.588147521018982,-0.1738956123590469,0.4819985926151275,0.8587421178817749,-0.3736507892608642,0.1204184591770172,0.1099774837493896,0.0303337768531869,-0.4285314554965623,0.8635576656401961,-0.2640244238215541,-0.5029343272081495,-2.941794032779072,0.9727588999238418
1771355016284512000,11.133512020111084,0.6727305054664612,4.357423305511475,-1.654245376586914,-0.2189420312643051,0.4889210760593414,0.8444054126739502,-0.3810030221939087,-0.1458577215671539,0.3306585550308227,0.0118860367276518,-0.429472162610151,0.8589274541270779,-0.2786682593834295,-0.5108524964009058,-2.88789402282187,0.9938922737197364
1771355016294543360,11.143543243408203,-0.6472546458244324,4.097507476806641,-1.7056435346603394,-0.2629061043262481,0.4850076735019684,0.8340550661087036,-0.3771390318870544,-0.3982004523277282,0.5501611828804016,-0.0087144127763433,-0.4306774365532211,0.8553037395435178,-0.2879175343051846,-0.506371956159488,-2.836236861509045,1.0125319787926703
1771355016304575232,11.15357518196106,-1.3857145309448242,3.820746898651123,-1.6140198707580566,-0.3038430511951446,0.4714337587356567,0.8279070258140564,-0.2975364029407501,-0.2918835282325744,0.5058791637420654,-0.0303731494534048,-0.4319194955119805,0.8528769322633238,-0.2917603062167272,-0.4909158316713403,-2.78985281871403,1.0265264950227335
1771355016314606080,11.1636061668396,-1.1560592651367188,3.706843376159668,-1.4103610515594482,-0.3420100212097168,0.4556459188461303,0.8218367695808411,-0.2744144797325134,0.1675381958484649,0.3253799676895141,-0.0515048996568456,-0.4326303311464207,0.8507346057302807,-0.293987735972025,-0.4730976983772568,-2.7472390899145034,1.037148949245567
1771355016324637184,11.17363715171814,-0.4816702902317047,3.6467907428741455,-1.2799524068832395,-0.3782397210597992,0.4438862204551697,0.81234210729599,-0.3087567090988159,0.4500041306018829,0.1919150948524475,-0.071003973515861,-0.4326340941820863,0.84793796120412,-0.2979721004574627,-0.4599309474357618,-2.7058283784893127,1.0471470812679928
1771355016334669056,11.183669090270996,0.337930291891098,3.5711464881896973,-1.1975034475326538,-0.4129096269607544,0.4384933412075043,0.7982664704322815,-0.2967614829540252,0.5234208106994629,0.1533632278442382,-0.0883354777971334,-0.432397326067082,0.8438991650166006,-0.3050633417457327,-0.453921573512605,-2.66423427050218,1.0592707434794897
1771355016344700160,11.193700075149536,0.95957213640213,3.4828951358795166,-1.1536518335342407,-0.4459662139415741,0.4387014508247375,0.7801635265350342,-0.2751488983631134,0.4877359271049499,0.1879303455352783,-0.1035861630394361,-0.4321842790745748,0.8386289479277779,-0.3149414801046016,-0.4541531476447412,-2.6222934058854777,1.0743058167129709
1771355016354731008,11.203731060028076,1.294192910194397,3.4354958534240723,-1.1706280708312988,-0.4778058230876922,0.4421791434288025,0.7590650320053101,-0.2904132902622223,0.3513237535953522,0.2399738430976867,-0.1174674402031246,-0.4321111038515163,0.8323536040853107,-0.3266022530838747,-0.4580268014972435,-2.5797881166678622,1.0920029061268768
1771355016364763136,11.213763236999512,1.371948480606079,3.380128860473633,-1.221189260482788,-0.5086814165115356,0.4463951885700226,0.7361896634101868,-0.2664957642555237,0.221680462360382,0.2520918250083923,-0.1306959984971991,-0.4322344233202791,0.8253897418949914,-0.3388567691535286,-0.4627328055232932,-2.5369561147499025,1.11149684020588
1771355016374794240,11.223794221878052,1.2615162134170532,3.3474559783935547,-1.2650904655456543,-0.538685142993927,0.4495024085044861,0.7125773429870605,-0.2292593717575073,0.1208865046501159,0.2359396815299987,-0.1438206218110754,-0.4324542411176004,0.8180904643709211,-0.3507522105796301,-0.4662082143663496,-2.4942834525579634,1.1315020379753893
1771355016384825344,11.233825206756592,1.0949074029922483,3.3389904499053955,-1.3105894327163696,-0.5679895877838135,0.4506354033946991,0.6887059807777405,-0.2023351788520813,0.0803094506263732,0.207351267337799,-0.1572184515587036,-0.432626615977159,0.8106708310186879,-0.361841795344373,-0.4674769831741447,-2.451959218588226,1.1510436805891533
1771355016394856192,11.243856191635132,0.9842325448989868,3.355712890625,-1.340820550918579,-0.5966858267784119,0.4499125778675079,0.6644880771636963,-0.195626676082611,0.1044391393661499,0.1747299432754516,-0.1709567751395877,-0.4326772772144369,0.8031403461425228,-0.3721957174354013,-0.4666674394302834,-2.4099040123593696,1.1698933610010511
1771355016404888064,11.253888130187988,0.9271289706230164,3.3968446254730225,-1.3498255014419556,-0.6248062252998352,0.44789919257164,0.6395341157913208,-0.2095902562141418,0.1275860965251922,0.1447677016258239,-0.184934358551762,-0.4325860352955575,0.7953844271662387,-0.3821417812436963,-0.464414286980903,-2.3678426591199573,1.188338368899705
1771355016414919168,11.263919115066528,0.8642304539680481,3.4193098545074463,-1.3512495756149292,-0.652299702167511,0.444901168346405,0.6136515736579895,-0.2236311435699463,0.1235955953598022,0.139568030834198,-0.199144129754516,-0.4321972165610217,0.7874207041777956,-0.3918110323727195,-0.461063894521154,-2.3256750711325065,1.2061515463541554
1771355016424949504,11.273949384689333,0.8065118789672852,3.420405864715576,-1.344313383102417,-0.6789200901985168,0.4409501254558563,0.587052583694458,-0.2375075221061706,0.1068557202816009,0.1474903225898742,-0.2134710781088087,-0.4315413489380085,0.7792935070808674,-0.4011282665514055,-0.4566569831801306,-2.2837547336167296,1.2231974249947892
1771355016434981376,11.283981323242188,0.7489838600158691,3.375659227371216,-1.3285892009735107,-0.7043824791908264,0.4361254870891571,0.5600358843803406,-0.2482848167419433,0.1292584538459777,0.1621015667915344,-0.2277556762959951,-0.4306597550733868,0.7710707666654963,-0.410011593328031,-0.4512886120900381,-2.2425261355757975,1.239335219320291
1771355016445012224,11.294012308120728,0.7336257100105286,3.2784881591796875,-1.310786247253418,-0.7283967733383179,0.4306850433349609,0.5328685641288757,-0.2526672482490539,0.1623631119728088,0.192717432975769,-0.241719435931121,-0.4296968310439619,0.7627548211346042,-0.4184943770553579,-0.4452517026848752,-2.2023933719251425,1.2548218322000453
1771355016455043584,11.304043531417848,0.7235680222511292,3.129972457885742,-1.2755918502807615,-0.7506794929504395,0.4248904883861542,0.5059136748313904,-0.2342144250869751,0.1745968759059906,0.2433844208717346,-0.2551153010726997,-0.4287084641665601,0.7544308338389661,-0.4265670422312388,-0.438840899315637,-2.1638180829877616,1.2696616837335104
1771355016465075456,11.314075469970703,0.7172549366950989,2.923377752304077,-1.206244945526123,-0.7709189653396606,0.4189890921115875,0.4797210991382599,-0.2047281265258789,0.1686116456985473,0.2920380234718323,-0.2676530162184632,-0.4277786028835265,0.7462345578406162,-0.4341674860737531,-0.432331694059504,-2.1274313418841637,1.2838223082001237
1771355016475106560,11.324106454849243,0.7288655042648315,2.666545152664185,-1.1159582138061523,-0.7889036536216736,0.4133008420467376,0.4547677040100097,-0.1716676950454712,0.1943041384220123,0.3367056846618652,-0.2790851811409175,-0.4269388982508412,0.7383136421424961,-0.4412795840736046,-0.4260760151425698,-2.093723647888385,1.2972544851588204
1771355016485137408,11.334137439727783,0.7202870845794678,2.3617231845855713,-1.0078243017196655,-0.8044790029525757,0.4080660939216614,0.4316198229789734,-0.1353708505630493,0.2113797068595886,0.3830926418304443,-0.289168324348151,-0.4262781672194705,0.7308192940882705,-0.4478524134998688,-0.4203347456262606,-2.063232075230933,1.3099711238026186
1771355016495169280,11.34416937828064,0.6181167960166931,2.0162668228149414,-0.8719199895858765,-0.8175868988037109,0.4032414555549621,0.4110330641269684,-0.085123062133789,0.2138392031192779,0.4304739236831665,-0.2978576595926,-0.4257608513744553,0.7240471143011907,-0.453612555127631,-0.4150563118385222,-2.036632964193375,1.3213276211746616
1771355016505200384,11.35420036315918,0.4081900715827942,1.634423017501831,-0.7360017895698547,-0.8281994462013245,0.3986976146697998,0.3938602805137634,-0.0143298506736755,0.1752159595489502,0.4842677116394043,-0.3051968899582368,-0.425280401432536,0.7183778415986333,-0.4581754196715563,-0.4100962798146459,-2.014703217357417,1.330312658027216
1771355016515231488,11.36423134803772,0.204777330160141,1.226834416389465,-0.5774058103561401,-0.8363635540008545,0.3944202661514282,0.3806948363780975,0.0459125638008117,0.1629070043563842,0.5173764228820801,-0.3111950325212082,-0.4248054966205548,0.7140642163735558,-0.4613135367376875,-0.405436877108508,-1.9979484755703127,1.3363627278497858
1771355016525263616,11.374263525009155,0.1055802479386329,0.8573325872421265,-0.420111209154129,-0.8422054648399353,0.3908197581768036,0.3714157938957214,0.10325288772583,0.2078740894794464,0.4856092929840088,-0.3156616931410856,-0.4244930122002828,0.7109947766551693,-0.4633030725967111,-0.4015220193097606,-1.9861438453317688,1.3402762645096071
1771355016535294464,11.384294509887695,0.1116815507411956,0.5558989644050598,-0.3110118806362152,-0.8462158441543579,0.3881319761276245,0.3650644719600677,0.1363923549652099,0.2352963089942932,0.440950483083725,-0.3187944987389885,-0.4243006813060641,0.7088731719707569,-0.4645833987338373,-0.3986037904319508,-1.9780822638578408,1.3428491832804883
1771355016545325568,11.394325494766235,0.1157277002930641,0.3322355151176452,-0.2321096062660217,-0.8488652110099792,0.3862997591495514,0.3608323037624359,0.1272467374801635,0.2364113628864288,0.4007642865180969,-0.3207460686481616,-0.4243906500809731,0.7073250524363914,-0.4655165513828504,-0.3966165690888305,-1.97273142714248,1.3451439631654003
1771355016555356416,11.404356479644775,0.1417542397975921,0.1666332632303238,-0.1867173612117767,-0.8505656123161316,0.3850177824497223,0.3581894040107727,0.1078134775161743,0.2614361345767975,0.3888808786869049,-0.3218318794734046,-0.4247529474140829,0.7061725242721755,-0.4661862580957275,-0.3952270817550322,-1.9693751959440229,1.3473481153586753
1771355016565388544,11.414388418197632,0.1434205770492553,0.0991614013910293,-0.1552502512931823,-0.851695716381073,0.3841174244880676,0.3564667701721191,0.0890460014343261,0.2633740901947021,0.3698211014270782,-0.3223858223255178,-0.4252698598140184,0.7052509672157264,-0.4667270182321785,-0.3942517133531417,-1.9671806443779023,1.3495366153805115
1771355016575419392,11.424419403076172,0.1281856894493103,0.1154570206999778,-0.1328139156103134,-0.8526481986045837,0.3833990097045898,0.3549597561359405,0.0521567463874816,0.2536402344703674,0.3245599567890167,-0.322819353390026,-0.4257374404194655,0.7044341800541579,-0.4672342681538554,-0.3934737381383414,-1.9652772909874685,1.3515436128757503
1771355016585450496,11.434450387954712,0.078087106347084,0.1439975798130035,-0.104895994067192,-0.8535652160644531,0.3828093409538269,0.3533886969089508,0.0461616516113281,0.2311585247516632,0.3115435838699341,-0.3233290255130113,-0.4260024126279785,0.7037160599770247,-0.4677221913317332,-0.3928353728473829,-1.9633258058247316,1.353114724411216
1771355016595482368,11.444482326507568,0.0039180722087621,0.1605682969093322,-0.0747865661978721,-0.8544608354568481,0.3821898698806762,0.3518913090229034,0.0467368960380554,0.2275818288326263,0.343100756406784,-0.3240141946944223,-0.4259994585633342,0.7031856940399478,-0.4680482113753731,-0.3921649123970196,-1.961457898004041,1.3538467002732992
1771355016605513216,11.454513311386108,-0.0240398794412612,0.1736365556716919,-0.0298734195530414,-0.8552747368812561,0.3817027509212494,0.3504396378993988,0.0386701822280883,0.2286640703678131,0.3730710446834564,-0.3247712687161545,-0.4257619367137034,0.7028133373835662,-0.4682987703187948,-0.3916378367937579,-1.9596703085279896,1.3539662610019425
1771355016615544576,11.464544534683228,-0.0041236970573663,0.1267252415418625,0.0310983229428529,-0.855822741985321,0.3816010057926178,0.3492107093334198,0.0389435291290283,0.2249206006526947,0.3694020211696625,-0.3253706995025658,-0.4253670648973294,0.7026152661994871,-0.4685387483480441,-0.3915277447882078,-1.9582152583516852,1.3537297601594562
1771355016625576448,11.474576473236084,0.0146529208868741,0.0568953044712543,0.0890753418207168,-0.8559011220932007,0.3821711540222168,0.348393827676773,0.0416922569274902,0.2146610915660858,0.3308816850185394,-0.3255139699285122,-0.4249630920174888,0.7025690550350008,-0.4688749150631142,-0.3921446718855862,-1.957364724596557,1.3536106130266397
1771355016635607552,11.484607458114624,0.0502439364790916,-0.034264963120222,0.1511389762163162,-0.8554952144622803,0.3833007216453552,0.3481499850749969,0.0338247418403625,0.1997986137866974,0.2955267131328583,-0.325221312687925,-0.4245571533726651,0.7027276986276491,-0.4692079057717848,-0.3933673152076324,-1.9572859255968136,1.35342678942905
1771355016645638400,11.494638442993164,0.0571414344012737,-0.1493368297815323,0.2034908682107925,-0.8544917106628418,0.3850298523902893,0.3487058281898498,0.0325313806533813,0.1533459424972534,0.2504152953624725,-0.3243602535632311,-0.4242354774135402,0.7031196038918506,-0.4695076857757548,-0.3952401789414622,-1.9582536174856993,1.353273187172615
1771355016655669504,11.504669427871704,0.0534705333411693,-0.2594841122627258,0.2500213384628296,-0.8528932332992554,0.3871749937534332,0.3502407073974609,0.0264162421226501,0.1288772225379943,0.2098178565502166,-0.3229850845424911,-0.4240027436783256,0.7038053883195182,-0.4696384247906064,-0.3975656261366566,-1.960449981043758,1.352892146086323
1771355016665701376,11.51470136642456,0.0339217782020568,-0.3809394240379333,0.2853236794471741,-0.8507066965103149,0.3896302878856659,0.3528261482715606,0.0191943049430847,0.0986661911010742,0.1822385489940643,-0.3211235767659488,-0.4238740826449857,0.704800564734899,-0.4695386394829026,-0.4002301058391595,-1.96394874043023,1.352192200035809
1771355016675732480,11.5247323513031,0.049904741346836,-0.4901732504367828,0.3161806762218475,-0.8479756116867065,0.3923431932926178,0.3563762605190277,0.012343406677246,0.0767729580402374,0.187447041273117,-0.3187832890323732,-0.4239033267165065,0.7060411479782472,-0.4692430485489166,-0.4031776794920055,-1.9686513578299585,1.3513509207978829
1771355016685763328,11.53476333618164,0.0822885110974311,-0.5844845771789551,0.3541333675384521,-0.844702422618866,0.3954431116580963,0.3606975674629211,0.0043550133705139,0.0843085050582885,0.1928607523441314,-0.3159363556159094,-0.424083301047849,0.7074617519975324,-0.4688661878433062,-0.4065502493066636,-1.9743694058021397,1.35058004072727
1771355016695795456,11.544795513153076,0.0888500064611435,-0.669159471988678,0.3821724653244018,-0.8409484028816223,0.3989051878452301,0.3656234443187713,-0.0010926127433776,0.0795493721961975,0.1954269409179687,-0.3126507477615901,-0.424381135180562,0.7090221202394675,-0.4684419145875435,-0.4103226327861214,-1.9809173508756033,1.3498902159259567
1771355016705826560,11.554826498031616,0.0293387435376644,-0.772485077381134,0.4117087721824646,-0.8366975784301758,0.4024571478366852,0.3714370727539062,-0.0049772262573242,0.0361414849758148,0.2026138305664062,-0.3090271420297812,-0.4247616140979625,0.7108418313449649,-0.4677432086875125,-0.414199382199327,-1.988592911972008,1.3487677691543112
1771355016715857408,11.564857482910156,-0.0910931304097175,-0.8902588486671448,0.4529896378517151,-0.8318119645118713,0.4059729278087616,0.3785163760185241,0.0003759860992431,0.0118431746959686,0.2292259335517883,-0.3050928974821352,-0.4251352516642389,0.7131046287338831,-0.4665405264433559,-0.418043183808188,-1.9978422433783751,1.3465749049357376
1771355016725889536,11.574889421463013,-0.220534473657608,-1.0063116550445557,0.5002490282058716,-0.8262228965759277,0.4093304872512817,0.3870452642440796,0.0051475763320922,-0.0025312006473541,0.2248778939247131,-0.3009169102122945,-0.4254046263707842,0.7159284398662664,-0.464678690463422,-0.4217201383040457,-2.0088880402755307,1.3428156251698602
1771355016735920384,11.584920406341553,-0.338777482509613,-1.1298633813858032,0.5613810420036316,-0.8198113441467285,0.4126320779323578,0.3970440626144409,-0.0017522573471069,-0.005603939294815,0.1980333924293518,-0.2964172425836788,-0.425558597660718,0.7193204500329984,-0.4621847458716167,-0.4253417077323966,-2.0218145422414304,1.3375184423126532
1771355016745951488,11.594951391220093,-0.41974538564682,-1.2561956644058228,0.6130101680755615,-0.8125587105751038,0.4158724248409271,0.4084096848964691,-0.0227379202842712,0.0063687860965728,0.1824411153793335,-0.291570266202492,-0.4256285740770354,0.7232186111146041,-0.4591099407140898,-0.42890191984386,-2.036539142276246,1.3308591179693012
1771355016755983360,11.60498332977295,-0.4546517133712768,-1.4131709337234497,0.6657791137695312,-0.8043157458305359,0.4192683398723602,0.4210581183433532,-0.0308586955070495,0.0141575038433074,0.1805347800254821,-0.2861708827507137,-0.4257231952543529,0.7275223818785002,-0.4556062633970063,-0.4326392578097787,-2.053065550553882,1.3233457864811966
1771355016766014464,11.61501431465149,-0.4734291434288025,-1.5749257802963257,0.7062211036682129,-0.7949920892715454,0.4227764010429382,0.4350265562534332,-0.0400148034095764,0.054564356803894,0.2085282504558563,-0.2801305626376389,-0.4259463120074961,0.7321769017088064,-0.4516787952702665,-0.4365068082433062,-2.0714939453135304,1.3152048915255636
1771355016776045568,11.625045537948608,-0.495699018239975,-1.7778466939926147,0.7457005977630615,-0.7844675183296204,0.4263934791088104,0.4503324329853058,-0.0550405383110046,0.0599041283130645,0.2413636445999145,-0.2733604137750591,-0.4263668517620808,0.737141453326441,-0.4473341616499008,-0.4405018599664933,-2.0919248578081886,1.3065980093297236
1771355016786077440,11.635077476501465,-0.4987173676490783,-1.9886095523834229,0.8205226063728333,-0.7724540829658508,0.430250346660614,0.4671182036399841,-0.0669776797294616,0.0829332470893859,0.2904807329177856,-0.2656813304279358,-0.427005412056209,0.7424456104021977,-0.4425543595151117,-0.4447700916779513,-2.114678977470731,1.2975270512211745
1771355016796108544,11.645108461380005,-0.5480518937110901,-2.200883150100708,0.8881136178970337,-0.7587342858314514,0.4343281984329223,0.4854702949523926,-0.0819944739341735,0.1120127439498901,0.3305087089538574,-0.2570671717614706,-0.4277685600457869,0.7481638852748103,-0.4372429033063638,-0.4492923133976343,-2.139997626810834,1.2876334775829863
1771355016806139392,11.655139446258543,-0.6271092891693115,-2.4128897190093994,0.9686716198921204,-0.7431922554969788,0.4384318590164184,0.5054137706756592,-0.108736515045166,0.1128987669944763,0.3376649022102356,-0.2476099386031905,-0.4285332373248604,0.754364741765488,-0.4312569199849672,-0.4538531484693973,-2.168012602623747,1.2764395613549393
1771355016816170496,11.665170431137083,-0.7553437352180481,-2.6123478412628174,1.0667784214019775,-0.7256646752357483,0.4423848092556,0.5269789099693298,-0.1319403648376464,0.1177653968334198,0.3210435509681701,-0.2373407665300254,-0.4292225672760416,0.7610896497052019,-0.4244761643510903,-0.4582560971757629,-2.1988917426641774,1.2636149410269246
1771355016826202368,11.67520236968994,-0.9129852056503296,-2.7955150604248047,1.148858904838562,-0.7060937285423279,0.4458596110343933,0.5501281023025513,-0.1566076874732971,0.1448386311531067,0.3087280988693237,-0.2264176129168566,-0.4296912210080511,0.7683941174754252,-0.4167385714914782,-0.4621343820009146,-2.2326720688944897,1.2486542647330252
1771355016836233472,11.68523335456848,-1.056581735610962,-2.9834933280944824,1.2357443571090698,-0.6844542026519775,0.4486075341701507,0.5746947526931763,-0.1823061108589172,0.1555184721946716,0.3154420256614685,-0.2148983386986664,-0.4299463871084406,0.7762045332234184,-0.4080091246822697,-0.4652066898504742,-2.269244700881629,1.2316243328052003
1771355016846264320,11.69526433944702,-1.1606101989746094,-3.164543628692627,1.2910385131835938,-0.6606079339981079,0.4505603909492492,0.6004937291145325,-0.2078918218612671,0.1730968356132507,0.3343055248260498,-0.2027000616000353,-0.4300571415566381,0.7844091583828052,-0.3983288576183652,-0.4673929543898074,-2.3085625690841685,1.2128558819560038
1771355016856296448,11.705296516418455,-1.1731840372085571,-3.3224613666534424,1.3345593214035034,-0.6346543431282043,0.451890617609024,0.626903772354126,-0.2279095649719238,0.2163222134113311,0.337619423866272,-0.1897894864349338,-0.4301002491271153,0.7927582567411221,-0.38797931949163,-0.4688835446537653,-2.350050884724015,1.1931087612635
1771355016866327552,11.715327501296995,-1.0641025304794312,-3.4621059894561768,1.354381442070007,-0.6067543625831604,0.4529928565025329,0.6531815528869629,-0.24456387758255,0.2511849403381347,0.318925142288208,-0.1760829909738623,-0.4302056573747194,0.8009456162082657,-0.3773643486804046,-0.4701195215961699,-2.3930266997744325,1.173393053947574
1771355016876358400,11.725358486175535,-0.8874976634979248,-3.572967290878296,1.3603293895721436,-0.5770666003227234,0.4545318186283111,0.6785238981246948,-0.2569024562835693,0.2815521657466888,0.3138160109519958,-0.1614600269183484,-0.4304481263643859,0.8086880534937438,-0.3669722425657331,-0.471846513133049,-2.436823754148259,1.1546207161735424
1771355016886390528,11.735390424728394,-0.6975381374359131,-3.661323785781861,1.3719245195388794,-0.5457560420036316,0.4567850828170776,0.7024939060211182,-0.2708638310432434,0.2952138483524322,0.2958581447601318,-0.1459369570552733,-0.4308416264088793,0.8158568848910017,-0.3570090010828697,-0.4743778341549076,-2.481106860264599,1.1370812571913191
1771355016896421376,11.745421409606934,-0.5847513675689697,-3.754096508026123,1.390628695487976,-0.5128573179244995,0.4595719575881958,0.7251008152961731,-0.291753888130188,0.3133467137813568,0.3099639415740967,-0.1296408873450117,-0.4312667600754339,0.8225323065218112,-0.3473368625140086,-0.4775131993581217,-2.5259901120810797,1.1202690404359628
1771355016906452480,11.755452394485474,-0.5954363346099854,-3.889431953430176,1.3721812963485718,-0.4782317876815796,0.4622267484664917,0.7467535138130188,-0.3209777772426605,0.3068924844264984,0.3610040545463562,-0.1126792117940787,-0.4317308751185099,0.82884570695026,-0.3375302188433606,-0.4805046698117697,-2.5719854434052567,1.103625834489398
1771355016916483328,11.765483379364014,-0.6350663304328918,-3.970568180084229,1.4250774383544922,-0.4419522285461426,0.4641468524932861,0.7676234245300293,-0.3626589179039001,0.2414653003215789,0.3601382970809936,-0.095274721138257,-0.4321428392474916,0.8349037459213712,-0.3272780960016888,-0.482671170108522,-2.6192017176705003,1.0866443381581876
1771355016926515456,11.77551531791687,-0.8291247487068176,-4.1221089363098145,1.464292287826538,-0.4036558270454407,0.4645852744579315,0.7881768941879272,-0.3938753604888916,0.1888113617897033,0.3473060131072998,-0.077520183915926,-0.4322945243504354,0.8409577211034902,-0.3160731967746987,-0.4831662326444567,-2.668281377649392,1.068358270280915
1771355016936546560,11.78554654121399,-0.9457445740699768,-4.269170761108398,1.5337440967559814,-0.3630958199501037,0.4632477164268493,0.8084326982498169,-0.4177880585193634,0.2010285258293151,0.3420343995094299,-0.059362647032557,-0.43216206617281,0.8470255518123286,-0.3037430658381969,-0.4816563410245413,-2.7194578722915264,1.0487112409250898
1771355016946577664,11.79557752609253,-0.9989957809448242,-4.413819313049316,1.5664063692092896,-0.3202478587627411,0.4604732096195221,0.8278923034667969,-0.438098669052124,0.247488796710968,0.3508338332176208,-0.0406673304640663,-0.4317713455167884,0.8529476253771435,-0.2905167757304334,-0.4785282171947008,-2.7724970476675033,1.028217279348406
1771355016956609536,11.805609464645386,-0.925345540046692,-4.567655563354492,1.5835126638412476,-0.275279551744461,0.4570587575435638,0.8457648754119873,-0.4730724692344665,0.2486754357814788,0.3469535112380981,-0.021237824409245,-0.4312537292489207,0.8584303520937884,-0.2768870783507433,-0.4746855228881664,-2.8269266745399464,1.0078062342874454
1771355016966640384,11.815640449523926,-0.7722581028938293,-4.725893497467041,1.5845444202423096,-0.2282170951366424,0.4537523686885834,0.8614088296890259,-0.4850854277610779,0.2687664031982422,0.3538771867752075,-0.000862200185648,-0.4306516075131063,0.8632749287836925,-0.2632388485483223,-0.470971668954889,-2.8826079273332987,0.9879365276625226
1771355016976671488,11.825671434402466,-0.5261945128440857,-4.817653656005859,1.5932856798171997,-0.1794346421957016,0.4513386785984039,0.874126136302948,-0.5022059679031372,0.276352971792221,0.3420298099517822,0.0205008484011982,-0.4299341631231208,0.8673059987514297,-0.2500332317912512,-0.4682649331098596,-2.939131927605807,0.9688673324146272
1771355016986703360,11.835703372955322,-0.2741237580776214,-4.865883827209473,1.6007089614868164,-0.1294731050729751,0.4502933025360107,0.8834433555603027,-0.5047279000282288,0.275307834148407,0.2875158786773681,0.0427178846826385,-0.428962204129443,0.8704671830618643,-0.2375991829971802,-0.4670937980410998,-2.9960735227769675,0.950409497977548
1771355016996734464,11.845734357833862,-0.0972059667110443,-4.874858856201172,1.6339484453201294,-0.0788634419441223,0.4504010379314422,0.8893365263938904,-0.4885956645011902,0.2297747433185577,0.2115545272827148,0.0655037790106307,-0.4276027025720424,0.872825409464115,-0.2259225245803306,-0.4672144526950973,-3.053147290282341,0.9321389146800568
1771355017006765312,11.855765342712402,-0.0496013462543487,-4.884078502655029,1.6905264854431152,-0.0277075599879026,0.4507119059562683,0.8922396302223206,-0.4674554169178009,0.1523002386093139,0.1818267107009887,0.0885968837691402,-0.4257239013993217,0.8745735931766428,-0.2145481497446996,-0.4675626904901594,-3.1105486843690136,0.9134230098203469
1771355017016797440,11.865797519683838,-0.1436820477247238,-4.897150993347168,1.7537400722503662,0.0238537602126598,0.4499209821224212,0.8927497863769531,-0.4621624648571014,0.0869442522525787,0.1827507019042968,0.1116690464084164,-0.4233379202356966,0.8758766488528611,-0.2028673211833626,-0.4666768585210962,3.114879585146791,0.8940974738316487
1771355017026828544,11.875828504562378,-0.2779915630817413,-4.921584606170654,1.7867296934127808,0.0757563859224319,0.4471143782138824,0.8912630677223206,-0.4692347645759582,0.0784441828727722,0.2139463424682617,0.1345392563213063,-0.4205314312180165,0.8768037714344045,-0.1904407829136101,-0.4635366694739887,3.056797567184845,0.8743962259345387
1771355017036859392,11.885859489440918,-0.4167917668819427,-4.939114570617676,1.8124289512634275,0.1277822107076645,0.4421798884868622,0.8877773880958557,-0.4917958676815033,0.0850723087787628,0.1940706968307495,0.1571575941360183,-0.4174224340263814,0.8772953996877081,-0.1772365870424233,-0.4580276281751606,2.9986394901019637,0.8548349383396056
1771355017046890496,11.895890474319458,-0.4516072869300842,-4.9656853675842285,1.819502830505371,0.1797526776790619,0.4354494512081146,0.8820841908454895,-0.5114024877548218,0.0977688431739807,0.1763415932655334,0.1795776738721947,-0.4140232233701759,0.8772837981924971,-0.1634310385546929,-0.4505374974251304,2.94056343449883,0.8356783890500229
1771355017056922368,11.905922412872314,-0.3871875703334808,-4.954310894012451,1.8336045742034912,0.2313386797904968,0.4279941618442535,0.873672366142273,-0.5188600420951843,0.0950008332729339,0.065841794013977,0.2019583170948904,-0.4102937045746714,0.8766386183686042,-0.1495882653505562,-0.4422722135170037,2.8827442630287994,0.8169903871619922
1771355017066953472,11.915953397750854,-0.207680195569992,-4.958904266357422,1.8684189319610596,0.2823860645294189,0.4205195307731628,0.8622191548347473,-0.5023720264434814,0.1276983022689819,0.0374544858932495,0.2244256330387591,-0.4060218889448375,0.8753603828770302,-0.1361017179983454,-0.4340178797756195,2.8250915216704873,0.7982552879574487
1771355017076984320,11.925984382629396,0.0654911622405052,-4.897705078125,1.910573124885559,0.3325965404510498,0.4141067862510681,0.847287118434906,-0.5112005472183228,0.172563225030899,0.0248748660087585,0.2471529224124719,-0.4010494641788142,0.8733858818062199,-0.1235797933109877,-0.4269612779042593,2.767531321012227,0.7789354955804553
1771355017087016448,11.936016321182253,0.2646895945072174,-4.848898887634277,1.9322861433029177,0.3815659880638122,0.4087177217006683,0.8290701508522034,-0.5536545515060425,0.1806378066539764,0.0241098403930664,0.2699904596602688,-0.39530852125115,0.8707848467083895,-0.1121164860122763,-0.4210486428678512,2.7102610707802617,0.7587384418994673
1771355017097047296,11.946047306060793,0.3311519622802734,-4.731674671173096,1.949505090713501,0.4288334846496582,0.4033325910568237,0.8083469271659851,-0.5940403938293457,0.1077452898025512,-0.0155917406082153,0.2925190935221551,-0.3889686696966306,0.8676847589700475,-0.1012873940117105,-0.4151558883462306,2.653838567935229,0.7381338382587842
1771355017107078656,11.95607852935791,0.2052993923425674,-4.6629719734191895,1.968636393547058,0.474211573600769,0.3966932296752929,0.785975992679596,-0.5957324504852295,-0.0186718702316284,-0.0832933783531189,0.3143769936153785,-0.3823117665405499,0.8641907764751056,-0.0904390426687704,-0.4079116823490701,2.5987201110889258,0.7180219071907198
1771355017117110528,11.966110467910768,-0.0385617427527904,-4.617690563201904,1.973267912864685,0.5179947018623352,0.3875201642513275,0.7625676393508911,-0.5667771100997925,-0.0770649015903472,-0.0189917087554931,0.3354263881376932,-0.3756030142402072,0.860352374258955,-0.0787734394324746,-0.3979400265046162,2.5449105357540853,0.699400516105869
1771355017127141376,11.976141452789308,-0.2020643949508667,-4.566650867462158,1.9297587871551511,0.5600763559341431,0.3759554326534271,0.738222599029541,-0.5683465003967285,-0.062768667936325,0.0092598795890808,0.355671297654445,-0.3690956931255413,0.856083909216733,-0.0662329585740556,-0.3854276291851932,2.4925580379825796,0.6830237905035949
1771355017137172480,11.986172437667848,-0.2611367404460907,-4.484007835388184,1.893433213233948,0.6000890731811523,0.3631512522697449,0.712751567363739,-0.5792149305343628,-0.0583721101284027,-0.0706309676170349,0.3751926502449291,-0.3627113954495236,0.8513613903546025,-0.0534308697721182,-0.3716478314327769,2.44180053735545,0.6685108148054479
1771355017147204352,11.996204376220703,-0.233253464102745,-4.42640495300293,1.8564965724945068,0.638055145740509,0.3497255146503448,0.6859862804412842,-0.5779356956481934,-0.0325106680393219,-0.084622323513031,0.3941453415286095,-0.3562789793472518,0.846202356054241,-0.0406960065980903,-0.3572780993768086,2.3923792985086343,0.6552635386029715
1771355017157235456,12.006235361099243,-0.1578018516302108,-4.310976982116699,1.79777729511261,0.6738176345825195,0.3363804221153259,0.6578892469406128,-0.5865830183029175,-0.0013889372348785,-0.086417019367218,0.4126102125449124,-0.3497038082859706,0.8406258783853061,-0.0284298252185843,-0.3430706860221217,2.3442341950236343,0.6427627049906379
1771355017167266304,12.016266345977783,-0.1147164329886436,-4.199983596801758,1.7682676315307615,0.7071836590766907,0.323167622089386,0.6288517713546753,-0.6010585427284241,-0.0279099643230438,-0.1370150446891784,0.4304594877908314,-0.3429895586588238,0.8347359146035449,-0.0167007403661312,-0.3290748249275843,2.297631453418416,0.6309172043283836
1771355017177297408,12.026297330856323,-0.0559343434870243,-4.091517925262451,1.710426688194275,0.7382481098175049,0.3100055456161499,0.5990710854530334,-0.5988591909408569,-0.0573658049106597,-0.1199756264686584,0.4476994531581547,-0.3361472377581536,0.8285774442473377,-0.0054428673022932,-0.3151988628808743,2.252496135017525,0.6196952798094149
1771355017187329536,12.03632950782776,0.0085171740502119,-3.972069263458252,1.6694648265838623,0.7669851183891296,0.2971524596214294,0.5687129497528076,-0.5911732316017151,-0.0676755011081695,-0.1596400141716003,0.4643450909979357,-0.3292067810014736,0.8221796529776122,0.0052170120833635,-0.3017090195086982,2.208829739012218,0.6089630336402824
1771355017197360640,12.0463604927063,0.0644070729613304,-3.8540375232696538,1.6126105785369873,0.7935010194778442,0.2844734787940979,0.5379876494407654,-0.5712262988090515,-0.0553323030471801,-0.1504602432250976,0.4803853846871899,-0.322168457415978,0.8155987491010802,0.0153608437700883,-0.288457158325906,2.1665989119703086,0.5986924871416592
1771355017207391488,12.05639147758484,0.1353231519460678,-3.726364850997925,1.536986231803894,0.8177487850189209,0.2723420858383178,0.5070666074752808,-0.5664823651313782,-0.0679964125156402,-0.1839465498924255,0.4958333658944706,-0.3151150368787961,0.8088484526423455,0.0248173953984642,-0.2758262780936336,2.1258471484411614,0.5888002295966085
1771355017217423360,12.066423416137695,0.1680869609117508,-3.597853660583496,1.49298357963562,0.839871346950531,0.2604588568210602,0.4762110710144043,-0.5502902269363403,-0.0723485648632049,-0.1648403108119964,0.510641302269553,-0.3080555270041478,0.8020020745232669,0.0337610697626406,-0.2634974310235264,2.0866012358624193,0.5793724446995125
1771355017227454464,12.076454401016235,0.2066076248884201,-3.477613925933838,1.457141995429993,0.859996497631073,0.2487525641918182,0.4455648064613342,-0.5369375348091125,-0.0785102993249893,-0.1550374627113342,0.5248163510970911,-0.3010037603711848,0.7950969400014195,0.0422532324191434,-0.2513921172336044,2.048819434088408,0.5704107374692046
1771355017237485312,12.086485385894775,0.2230052351951599,-3.320795774459839,1.3916285037994385,0.8781610131263733,0.2372739911079406,0.4153720736503601,-0.5090358257293701,-0.0726927369832992,-0.1709569096565246,0.5383207020436782,-0.2939542014220377,0.7882112427803823,0.0502462233072368,-0.2395587371338395,2.0126133477915973,0.5617945568605066
1771355017247517440,12.096517324447632,0.2186131477355957,-3.1784417629241943,1.3508541584014893,0.8943817019462585,0.2260574996471405,0.3859786689281463,-0.4712249636650085,-0.0977921038866043,-0.2562025785446167,0.5510605890889659,-0.2870955678103185,0.7813868911534712,0.0578180999181527,-0.2280284962239585,1.9782095643208455,0.5538953522894642
1771355017257548288,12.106548309326172,0.2297337055206298,-3.0282113552093506,1.2897065877914429,0.9088972806930542,0.2149548232555389,0.3573520183563232,-0.4381330013275146,-0.0809826105833053,-0.2025057971477508,0.5631095477774568,-0.280353084985879,0.7746471216357126,0.0650516717812728,-0.2166455653354077,1.945401796448552,0.5465721079408244
1771355017267579648,12.116579532623293,0.1629339158535003,-2.87749981880188,1.2492632865905762,0.9217416048049928,0.203971266746521,0.3298301100730896,-0.4437754154205322,-0.0530008375644683,-0.1864433586597442,0.5743703224439652,-0.2738379753088412,0.7680675896667214,0.0719972734636015,-0.2054127681750992,1.914432729070284,0.5400370393815871
1771355017277610496,12.126610517501833,0.0789612457156181,-2.707412004470825,1.1893470287322998,0.9330491423606871,0.1930263191461563,0.3035785257816314,-0.4207811951637268,-0.0655086636543273,-0.1635486185550689,0.5848009062628712,-0.2677405525962766,0.761645758684726,0.0788578615758072,-0.1942455454280497,1.885355405457215,0.5347944212379592
1771355017287642368,12.136642456054688,-0.0231105275452137,-2.5338640213012695,1.142287015914917,0.942902147769928,0.1821084022521972,0.2788772284984588,-0.3703312277793884,-0.0788826495409011,-0.1970596015453338,0.5943169782420523,-0.2621757195851495,0.755448547323127,0.0857255967214995,-0.183130290509584,1.858363072219493,0.5311046165106128
1771355017297673472,12.146673440933228,-0.0064639062620699,-2.4065587520599365,1.0551202297210691,0.9514605402946472,0.1716490983963012,0.2554598152637481,-0.3203416466712951,-0.09327994287014,-0.2098054587841034,0.6031185529993331,-0.256989406939858,0.7494573756736559,0.0922941455179231,-0.1725033726519689,1.8331023720600457,0.5282403620408624
1771355017307704576,12.156704425811768,0.1606495380401611,-2.252596855163574,0.971547305583954,0.9588584303855896,0.1621305793523788,0.2330324649810791,-0.2816429138183594,-0.0847227722406387,-0.2805178165435791,0.6114420891724311,-0.2518895049646094,0.7436853583867993,0.0980933057909159,-0.1628494185419653,1.8092054028056164,0.5250330454054248
1771355017317736448,12.166736364364624,0.474208265542984,-2.084857702255249,0.8847327828407288,0.9651605486869812,0.1538372486829757,0.2116588652133941,-0.2346001267433166,-0.0584545284509658,-0.3558085858821869,0.6194015567032818,-0.2463969751490429,0.7383210455110885,0.102529987251188,-0.1544505824887002,1.7866780181190884,0.5198708215463442
1771355017327767296,12.176767349243164,0.9117223024368286,-1.927495002746582,0.7704605460166931,0.9704699516296388,0.1471951007843017,0.1911060065031051,-0.2077441811561584,-0.0400021076202392,-0.4416401386260986,0.627230007757189,-0.2401367129129603,0.7334080455700973,0.1050212139095857,-0.1477318795711212,1.7652296517719075,0.511299705026977
1771355017337798400,12.186798334121704,1.260875225067139,-1.7010780572891235,0.6741134524345398,0.9748191237449646,0.1422124207019806,0.1717646420001983,-0.2242241501808166,-0.0311437249183654,-0.507610559463501,0.6348270307627099,-0.2330743654878187,0.7290806984450623,0.1054145244388781,-0.1426961999958462,1.7452076108685688,0.4990186309097464
1771355017347830528,12.19683051109314,1.449034333229065,-1.4214552640914917,0.5654000639915466,0.9782475233078004,0.1383890509605407,0.1545324772596359,-0.2334507703781128,-0.0680155158042907,-0.5422124862670898,0.6417748877050717,-0.2256188066605464,0.7255083676987977,0.1042054928897445,-0.1388346324031199,1.7274703498707051,0.4843234466497391
1771355017357861632,12.20686149597168,1.2703574895858765,-1.2002904415130615,0.4473922252655029,0.9808778762817384,0.1354648917913437,0.1397411525249481,-0.2015048265457153,-0.2002232372760772,-0.504044771194458,0.6478167787896849,-0.2186411014022246,0.7225417934865376,0.1022874048652912,-0.1358826707834437,1.7123094453591283,0.469739670319224
1771355017367892480,12.21689248085022,0.894217848777771,-0.9350450038909912,0.3195959031581878,0.9828177094459534,0.133180022239685,0.1277986764907837,-0.1665945649147033,-0.3320173025131225,-0.4482637643814087,0.6526489749529512,-0.2131800624370055,0.7200372206670325,0.1007472080858245,-0.1335768955078123,1.7001037245633834,0.4583194419333735
1771355017377924352,12.226924419403076,0.4462036192417145,-0.6926283836364746,0.2284963428974151,0.984172224998474,0.1313631534576416,0.1189486309885978,-0.1344255208969116,-0.4388887882232666,-0.4251925945281982,0.6561346967702142,-0.2096051501862353,0.7180111394991731,0.1000647943611399,-0.1317439200366037,1.6910745349823195,0.4512476505381591
1771355017387955456,12.236955404281616,0.0778831988573074,-0.3922229707241058,0.1148185208439827,0.985021948814392,0.1300190836191177,0.1132562831044197,-0.1277679204940796,-0.428465723991394,-0.4235284328460693,0.6582695799400011,-0.2078965865382116,0.7165243538142662,0.1002652036318618,-0.130388219897805,1.68527206741805,0.4484948084778567
1771355017397986304,12.246986389160156,-0.0503868870437145,-0.0745640471577644,0.0057152002118527,0.985355794429779,0.1294621974229812,0.1109676957130432,-0.1306193470954895,-0.3839329779148102,-0.4956264495849609,0.6590725269148899,-0.2075813375418234,0.7158169007918254,0.1006962245399746,-0.1298265906871712,1.682940702977518,0.4484411883527542
1771355017408017408,12.257017374038696,0.0404024943709373,0.2253145426511764,-0.1306178718805313,0.9851840138435364,0.1301202923059463,0.1117206439375877,-0.1391603350639343,-0.3296289145946502,-0.5772053003311157,0.6588258129493523,-0.2079068691996708,0.7159853731330695,0.1004409742506344,-0.1304902975471587,1.6837147263572672,0.4486509747018079
1771355017418049280,12.267049312591553,0.1704979091882705,0.4975905418395996,-0.266010046005249,0.9844977259635924,0.1322873383760452,0.11517134308815,-0.17710942029953,-0.2244351655244827,-0.5502299070358276,0.6577330123639786,-0.2084904395960949,0.7170198089739361,0.0990033626103053,-0.1326762527702967,1.6872518760317292,0.4478458023575248
1771355017428081664,12.277081727981567,0.2446942925453186,0.7394449710845947,-0.3778417706489563,0.9833285212516784,0.1357286125421524,0.1210070326924324,-0.1395022869110107,-0.2199724018573761,-0.4932757616043091,0.6558785464431108,-0.2092748657128638,0.7188237237933994,0.096539093979236,-0.1361488383711007,1.6932393328705375,0.4461463722756553
1771355017438112768,12.287112712860107,0.1900353133678436,0.9220384955406188,-0.4976155757904053,0.9816747903823853,0.140358492732048,0.128895491361618,-0.13920658826828,-0.2505879998207092,-0.3987472057342529,0.6533242103592835,-0.2105004595950526,0.7212054496294207,0.0933794898600127,-0.1408234889302975,1.701351100275163,0.4443797892612483
1771355017448144640,12.297144651412964,-0.0085844909772276,1.0560847520828247,-0.599161684513092,0.9795505404472352,0.145911619067192,0.1385303735733032,-0.1376621127128601,-0.2704996466636657,-0.2703663110733032,0.6500771487471776,-0.2126613022229166,0.7239063183182055,0.0901918377367852,-0.1464343957047362,1.7112870381463507,0.4442230161989876
1771355017458176000,12.307175874710085,-0.2799544930458069,1.163791537284851,-0.6636341214179993,0.9769985675811768,0.1519479304552078,0.1496180891990661,-0.113885223865509,-0.280640572309494,-0.164098635315895,0.6461784727844969,-0.2159104390846462,0.7267680002711658,0.0874319038426972,-0.152538795500642,1.722756278630775,0.4465330799701653
1771355017468206848,12.317206859588625,-0.5310059189796448,1.2501187324523926,-0.7081449031829834,0.974044680595398,0.1580256521701812,0.1620639413595199,-0.10894775390625,-0.2768458724021911,-0.1174472719430923,0.6416194741138526,-0.2202692475175104,0.7297351763172406,0.085395652542275,-0.1586908626815287,1.7356684552474104,0.451754443463976
1771355017478238720,12.32723879814148,-0.6679275035858154,1.3248422145843506,-0.7297351360321045,0.9707029461860656,0.1640060395002365,0.1756070405244827,-0.1085050702095031,-0.2400253266096115,-0.1460813283920288,0.6365204669944564,-0.2254132691343662,0.7327976383760488,0.0838937476764881,-0.1647503214093748,1.7497677497932564,0.459126855494835
1771355017488269824,12.33726978302002,-0.6349983215332031,1.4084341526031494,-0.7430908679962158,0.9669607877731324,0.1699423938989639,0.1900164932012558,-0.1124076247215271,-0.1724906265735626,-0.2068774849176406,0.6310280787639996,-0.2308049378168906,0.7360280774257181,0.0824332724805856,-0.1707712052632998,1.7648329177125035,0.4671505327759667
1771355017498300672,12.34730076789856,-0.4407843649387359,1.5239250659942627,-0.7860682010650635,0.9627253413200378,0.1762628406286239,0.2051622569561004,-0.1245753169059753,-0.1278924643993377,-0.2790299654006958,0.6252738535824497,-0.2359478990610456,0.7395334463861495,0.0803217604775651,-0.1771885554014383,1.780761176585782,0.4741444943361678
1771355017508331776,12.3573317527771,-0.1877496391534805,1.6686034202575684,-0.8502247929573059,0.9578431248664856,0.1834557950496673,0.2210896015167236,-0.1403993368148803,-0.1065972596406936,-0.3340198993682861,0.6192908780790063,-0.2405897735194017,0.7434119751199065,0.0770328699088379,-0.1845007587100668,1.797643625947259,0.4790647276946819
1771355017518363648,12.367363691329956,-0.0467797257006168,1.80453360080719,-0.9534063339233398,0.9521450996398926,0.1918417066335678,0.2379426211118698,-0.1616328954696655,-0.1164022088050842,-0.3608064353466034,0.6129976660533137,-0.2449567314870128,0.7476412972411678,0.0725442119468599,-0.1930383710860978,1.8156824043961968,0.4823176736657248
1771355017528394752,12.377394676208496,-0.0345619395375251,1.948311686515808,-1.040668487548828,0.9455229043960572,0.201280876994133,0.2558755278587341,-0.1705290675163269,-0.1507590562105178,-0.3300028145313263,0.6062486558703498,-0.2494584592859082,0.7521357854891195,0.0672663323177272,-0.2026653881939465,1.8350840819401064,0.4851693899242387
1771355017538425600,12.387425661087036,-0.2090911269187927,2.1030502319335938,-1.105069637298584,0.9379064440727234,0.211154893040657,0.2752183377742767,-0.1858770251274109,-0.175479844212532,-0.2704423666000366,0.5987999534815037,-0.2545313471643908,0.7568506894875954,0.0618826350521484,-0.2127563373229161,1.8562230520538996,0.4892819218973783
1771355017548457984,12.397457838058472,-0.4664895832538605,2.2465810775756836,-1.165381908416748,0.9292110204696656,0.2208501696586609,0.2962970435619354,-0.1943020820617675,-0.2064459323883056,-0.217531144618988,0.5904315383111621,-0.2604862375286556,0.7617712539208241,0.0569386184098921,-0.2226860831753279,1.8794734448966464,0.4959283214678912
1771355017558488832,12.407488822937012,-0.7846686244010925,2.359163522720337,-1.1926220655441284,0.9194389581680298,0.2298323363065719,0.3190751373767853,-0.1809899806976318,-0.2212874442338943,-0.2154527008533477,0.5810943903850069,-0.2674805584432043,0.7668061805890414,0.0528364114952779,-0.2319053977265056,1.904824985957287,0.5058940885991096
1771355017568519936,12.417519807815552,-0.9962882995605468,2.46940541267395,-1.2396657466888428,0.9085572361946106,0.2380029410123825,0.3433338105678558,-0.1671938300132751,-0.2001917064189911,-0.2454487383365631,0.5708604320877873,-0.2754069502990006,0.7718924245372207,0.0495113792857437,-0.2403091910794519,1.9320974285289336,0.5189269330515679
1771355017578551808,12.427551746368408,-0.9545390605926514,2.592679500579834,-1.272223711013794,0.896489679813385,0.2458443939685821,0.3686016201972961,-0.1717123389244079,-0.1476693004369735,-0.2939097583293915,0.5599639049310405,-0.2837088787880013,0.7770521793969564,0.0462575569889762,-0.2483907242621278,1.960887104325522,0.5332316388477503
1771355017588582656,12.437582731246948,-0.6479747891426086,2.743847131729126,-1.3093527555465698,0.8830665946006775,0.2542311549186706,0.3944101631641388,-0.1897379755973816,-0.0551345646381378,-0.3574382662773132,0.5486611165034478,-0.2916061176815113,0.7824135468537006,0.0420204335652572,-0.2570526638332457,1.9908500156161515,0.5462561134290296
1771355017598613760,12.447613716125488,-0.2652401626110077,2.8950724601745605,-1.364117980003357,0.8680747747421265,0.2640990018844604,0.4203542172908783,-0.2061638832092285,0.0105286240577697,-0.4176839292049408,0.537146731377606,-0.2986528221997397,0.7880251244446189,0.036002521815474,-0.2672696263387937,2.02175447909247,0.5563847844044216
1771355017608645632,12.457645654678345,0.003116195090115,3.014098882675171,-1.4558579921722412,0.8514096736907959,0.2757404744625091,0.4461717009544372,-0.220077097415924,0.0146801471710205,-0.4102829694747925,0.5254675695582146,-0.3050508806259312,0.793744173198392,0.0282510603100624,-0.2793599418711436,2.053489522383606,0.5641328968449485
1771355017618676736,12.467676639556885,0.0614239759743213,3.092811107635498,-1.5322483777999878,0.8331158757209778,0.288610428571701,0.4718279242515564,-0.2418989539146423,-0.0342769920825958,-0.3098712563514709,0.5135247900779228,-0.3112825079466606,0.7993854870759236,0.0194475213433029,-0.2927751974123211,2.0860990041363916,0.5712089712460113
1771355017628707840,12.477707862854004,-0.0753002315759658,3.165860414505005,-1.5701544284820557,0.8133053183555603,0.3014392256736755,0.4976631104946136,-0.2648435831069946,-0.1095905005931854,-0.1988196969032287,0.5010556795021668,-0.3177716561300563,0.8048929910441486,0.0105624954155385,-0.3062017347457337,2.119921315988948,0.5794939702192573
1771355017638738944,12.487738847732544,-0.2693860530853271,3.22671890258789,-1.588497519493103,0.7920655608177185,0.3132709562778473,0.5239219069480896,-0.2679258584976196,-0.1483995914459228,-0.1155354380607605,0.4878877742386524,-0.3246851513732644,0.8102718632873875,0.0021899310247816,-0.3186354117890085,2.155187582047545,0.5899333737861706
1771355017648770816,12.4977707862854,-0.3814311027526855,3.2819154262542725,-1.6261333227157593,0.7693918347358704,0.3240736722946167,0.5504662394523621,-0.2490363717079162,-0.1463392078876495,-0.1149649620056152,0.4740618078909194,-0.3320030876804641,0.8154796637836527,-0.0056983138516122,-0.3300324064197837,2.1918205404821647,0.6024496168983102
1771355017658801920,12.50780177116394,-0.3719840943813324,3.33764386177063,-1.674790859222412,0.7452425360679626,0.3344505131244659,0.5768504738807678,-0.2434571981430053,-0.1127860844135284,-0.1999126672744751,0.4597726359636456,-0.3395136032842803,0.8204606863848122,-0.0135609163185767,-0.3410221199009391,2.229508812520702,0.6161851344587714
1771355017668832768,12.51783275604248,-0.1475821435451507,3.427880048751831,-1.7163907289505005,0.7194653749465942,0.3452759087085724,0.6026231646537781,-0.2562237381935119,-0.0611419677734375,-0.2819898128509521,0.4451972439557765,-0.34683041604184,0.8252395036712492,-0.0220905650238646,-0.3525327533877704,2.268046523309134,0.6298073582373945
1771355017678864640,12.527864694595335,0.2438047975301742,3.5318963527679443,-1.7728042602539062,0.6918683052062988,0.3578836023807525,0.627086341381073,-0.2756696939468384,-0.0213663280010223,-0.3500936031341553,0.4306041696289868,-0.3535097928408656,0.8298035926617311,-0.0321992033255222,-0.3660003975265483,2.3071177943938785,0.6417585846197381
1771355017688895744,12.537895679473875,0.499367892742157,3.628247022628784,-1.8375861644744873,0.6622864007949829,0.3726616203784942,0.6500003337860107,-0.3135465979576111,0.0261879563331604,-0.3449769616127014,0.4160023085895268,-0.3595493714375757,0.834100971054144,-0.0440683356816912,-0.381875601027123,2.346832470280787,0.6520899253246312
1771355017698926592,12.547926664352415,0.5351091027259827,3.6839723587036137,-1.9230257272720337,0.6308355927467346,0.3883943557739258,0.6717116236686707,-0.3716039657592773,0.0318632721900939,-0.1019636988639831,0.4011432699022351,-0.3654064761502347,0.8380536450942283,-0.0568183566256767,-0.3988885178567682,2.3875658154583412,0.6626027319246064
1771355017708958976,12.557958841323853,0.283397376537323,3.77105164527893,-1.99764347076416,0.5975251793861389,0.4034204185009002,0.6929756999015808,-0.4144655466079712,-0.0927668213844299,0.0423604846000671,0.3856136661698401,-0.3716502517693168,0.8416435871531934,-0.0693842374189973,-0.4152518932126284,2.4300239520538875,0.6754100149662758
1771355017718989824,12.567989826202393,-0.0593485124409198,3.799960613250733,-1.9671154022216797,0.5625638961791992,0.4156771600246429,0.7146568894386292,-0.4148434996604919,-0.2004823982715606,0.0493201613426208,0.3689952181458101,-0.3784156998665339,0.8450621366765618,-0.080710043262663,-0.4286872190833799,2.4747175985988092,0.6915234476884535
1771355017729020928,12.578020811080933,-0.233606606721878,3.784303903579712,-1.9250680208206177,0.5267796516418457,0.4252120852470398,0.7360012531280518,-0.3759617805480957,-0.1678116023540496,-0.0487453937530517,0.3517763025161035,-0.3853211541203247,0.8482500996645603,-0.0908449017926603,-0.4391962083922712,2.5203861485280177,0.7097269891120357
1771355017739051776,12.588051795959473,-0.2053560614585876,3.853358507156372,-1.9283440113067627,0.489932119846344,0.4332742691040039,0.7564652562141418,-0.3724852800369262,-0.0247202515602111,-0.1252703666687011,0.3341375653055013,-0.3920937300457142,0.8511728070765492,-0.1005951874724199,-0.4481225952161815,2.5668643416586083,0.7288532506752207
1771355017749083648,12.598083734512327,0.0560881532728672,3.947477340698242,-1.9536728858947752,0.4514563977718353,0.4417782127857208,0.7752540707588196,-0.3743690252304077,-0.0001126229763031,-0.2084970474243164,0.3162678406007001,-0.3984707949377541,0.8537259892193344,-0.1111194993959648,-0.4575798246973362,2.6142645397502795,0.7478206952510886
1771355017759114752,12.60811471939087,0.3439249992370605,4.079674243927002,-1.9853335618972776,0.4111507534980774,0.4518451690673828,0.7917011976242065,-0.359560877084732,0.0096415579319,-0.2951191663742065,0.2983367110578638,-0.4042487425881131,0.855823312934359,-0.1230631842216266,-0.4688326050147424,2.662604304098686,0.7660769997234855
1771355017769145600,12.61814570426941,0.4774003028869629,4.253127574920654,-2.0267529487609863,0.3685577511787414,0.4631090760231018,0.8060364723205566,-0.3733032941818237,0.0278118550777435,-0.3116365671157837,0.280005041717043,-0.4095460357444259,0.8574906892955408,-0.1363042022391452,-0.4814999214555344,2.712728508018584,0.784317662141796
1771355017779177728,12.628177642822266,0.2638366222381592,4.359920978546143,-2.0565850734710693,0.3236779272556305,0.4734773635864258,0.8191777467727661,-0.4021385908126831,-0.039334237575531,-0.1942691802978515,0.260743365530224,-0.4146957733653551,0.8588459096370238,-0.1497469010409422,-0.493234548966573,2.7652955777257775,0.803881127212547
1771355017789208832,12.638208866119385,-0.3650080263614654,4.42835807800293,-2.064023494720459,0.2774555087089538,0.4793330729007721,0.8326215147972107,-0.4347125291824341,-0.1776972115039825,0.1151325106620788,0.2401212503801599,-0.4202025156089912,0.860081749984587,-0.1613416229499857,-0.4998946444455102,2.819933996759082,0.8261265303963563
1771355017799239936,12.648239850997925,-0.9364994764328004,4.443765163421631,-1.9669651985168457,0.2302959412336349,0.4788756072521209,0.8471373319625854,-0.5264537930488586,-0.2287841141223907,0.3216552734375,0.2178465422097341,-0.4260095865512519,0.86144326379702,-0.1702179269365892,-0.4993734598505231,2.8761555082914145,0.8504614858226247
1771355017809271808,12.65827178955078,-1.0991089344024658,4.360086441040039,-1.8083864450454712,0.1836018711328506,0.4737642109394073,0.8613003492355347,-0.4978565871715545,-0.0516602098941803,0.2792027592658996,0.1949215185300929,-0.4314029044187769,0.8628682982706407,-0.177074989694015,-0.4935602319286141,2.931567987564917,0.8741461662101789
1771355017819302912,12.66830277442932,-0.7574000358581543,4.302270889282227,-1.6669288873672483,0.1377852708101272,0.4682470262050628,0.8727885484695435,-0.436888039112091,0.2217248678207397,0.0631092190742492,0.1725449186078108,-0.4358839769198996,0.8639441124007181,-0.1839400797498724,-0.4873058302376353,2.985016992084273,0.8955286233656773
1771355017829333760,12.67833375930786,0.0749997049570083,4.400456428527832,-1.5882521867752075,0.0919006690382957,0.4669171273708343,0.8795129060745239,-0.4318512380123138,0.3583240211009979,-0.1619529724121093,0.1513466507716602,-0.4391201658594091,0.8642510811072822,-0.1932299614551496,-0.4858013443519566,3.037480051272219,0.914382272888463
1771355017839364864,12.6883647441864,0.976536750793457,4.4605278968811035,-1.545907735824585,0.0454209484159946,0.4727483689785003,0.8800260424613953,-0.4029191136360168,0.4300073683261871,-0.2672789096832275,0.1317713326324129,-0.4410737388014691,0.8634043020919302,-0.2064540524029773,-0.492407096197499,3.09002522507183,0.9316247897679985
1771355017849396736,12.698396682739258,1.4857909679412842,4.594285011291504,-1.5827120542526243,-0.0018428545445203,0.4842441082000732,0.8749312162399292,-0.3881412744522095,0.3539365530014038,-0.1763684153556823,0.1133574496453617,-0.4421835595104925,0.8613589904002069,-0.2229003850287245,-0.5054990117088355,-3.1394863716276125,0.9490940984937176
1771355017859427584,12.708427667617798,1.3300328254699707,4.722654342651367,-1.7075234651565552,-0.0505881942808628,0.4965995848178863,0.8665044903755188,-0.4164223074913025,0.0984627902507782,-0.0033604502677917,0.0946183758143852,-0.4430792314322716,0.8584480483892462,-0.2404063430061867,-0.5196767466351516,-3.083276931121473,0.9684592240653072
1771355017869458688,12.718458652496338,0.4117253422737121,4.823626518249512,-1.7935835123062134,-0.1008118689060211,0.5031563639640808,0.8582950234413147,-0.447176992893219,-0.1845834851264953,0.2004664540290832,0.0738804109650339,-0.4442564555164116,0.8554435808798916,-0.255722694893495,-0.5272472939824149,-3.0246724009419137,0.9895722683378478
1771355017879490816,12.728490829467772,-0.9526927471160888,4.589093208312988,-1.803678274154663,-0.150450125336647,0.4984044134616852,0.8537903428077698,-0.4748092889785766,-0.4336613118648529,0.4405364990234375,0.050659443274851,-0.4459830560421725,0.8532258040472,-0.2655908281678233,-0.5217573161318794,-2.9671689376474517,1.009962639615603
1771355017889521920,12.738521814346312,-1.8549277782440183,4.320797920227051,-1.7102642059326172,-0.1972842365503311,0.4831272065639496,0.853034257888794,-0.4652066528797149,-0.33023402094841,0.5284814238548279,0.0260092349862056,-0.447711451356368,0.8520983474340236,-0.269826797098964,-0.5042229048713552,-2.914315064575036,1.0263374058669537
1771355017899552768,12.748552799224854,-1.645018219947815,4.103036880493164,-1.4147840738296509,-0.2407243251800537,0.4644388556480407,0.8522610664367676,-0.423795998096466,0.1177451014518737,0.4213139414787292,0.0018933709738155,-0.4487917464522134,0.8513028176982653,-0.2717830685974594,-0.4830008631584986,-2.866310035280171,1.03852174043354
1771355017909584640,12.75858473777771,-1.015300989151001,3.9254443645477295,-1.2374329566955566,-0.2809571325778961,0.4492270946502685,0.8480910062789917,-0.4051085710525512,0.4353707432746887,0.2834246158599853,-0.0201113751268622,-0.4488891898530684,0.8500258842631395,-0.2748637760005089,-0.4659000353513967,-2.82168959768242,1.0482467392982735
1771355017919615744,12.76861572265625,-0.0055298460647463,3.838147401809693,-1.127432942390442,-0.3190782070159912,0.441363126039505,0.8386819362640381,-0.4179669916629791,0.5496493577957153,0.1809864640235901,-0.0394277143588545,-0.4484339417406351,0.8474951182951475,-0.2812550543642427,-0.4571171941270701,-2.778050746047853,1.0588162544702568
1771355017929646848,12.77864670753479,0.9526208639144896,3.7663559913635254,-1.0608071088790894,-0.3555722534656524,0.4417307376861572,0.8236761093139648,-0.3798403441905975,0.5881764888763428,0.1261529922485351,-0.0560009417251629,-0.4477252397222638,0.8434335629117934,-0.2915919098282417,-0.457526914019595,-2.73406968686515,1.0721713319923742
1771355017939677696,12.78867769241333,1.566646695137024,3.745614051818848,-1.0810524225234983,-0.3909559547901153,0.4482720196247101,0.8038690686225891,-0.3637131750583648,0.4540564119815826,0.1452122926712036,-0.0705204039516693,-0.4470095671296984,0.8379242085015929,-0.3051103029750717,-0.4648313228173856,-2.6889303519516528,1.0890333323240826
1771355017949709824,12.798709869384766,1.7540910243988037,3.732908964157105,-1.165902018547058,-0.4257714748382568,0.4570360779762268,0.7809208035469055,-0.3377631902694702,0.2704420387744903,0.1848692297935485,-0.0841706040748052,-0.4464794035099103,0.8313342000746781,-0.3200860569175133,-0.4746600323111747,-2.642428868235314,1.108871627099309
1771355017959740928,12.808740854263306,1.5421392917633057,3.7292444705963135,-1.278103947639465,-0.4601652920246124,0.4645085632801056,0.7566238641738892,-0.2915894687175751,0.0529780089855194,0.1935867071151733,-0.0979094285611662,-0.4461858042674809,0.8241542164947248,-0.3348160776728814,-0.4830795988992398,-2.5951784281138717,1.130254313459582
1771355017969771776,12.818771839141846,1.0375585556030271,3.700978994369507,-1.3759058713912964,-0.4941673576831817,0.4678042531013489,0.7327742576599121,-0.262729674577713,-0.0578158199787139,0.2185197472572326,-0.112604228388939,-0.4459605589296442,0.8170105920235106,-0.3477545812685083,-0.4868048031029916,-2.5482699369640702,1.1508210339879046
1771355017979803904,12.828803777694702,0.5407071709632874,3.6331241130828857,-1.442642092704773,-0.5273575186729431,0.4662480652332306,0.7102863788604736,-0.2508712410926819,-0.1153264641761779,0.3085734248161316,-0.1283317056812402,-0.445696429436427,0.8102455610661384,-0.3583123882988344,-0.4850448969401709,-2.5029361886339094,1.1690365618594665
1771355017989834752,12.838834762573242,0.1911939531564712,3.571287155151367,-1.4287220239639282,-0.5593273639678955,0.4608964920043945,0.6890045404434204,-0.2326952815055847,-0.0459642708301544,0.3214324116706848,-0.1447276332699442,-0.4452283413612254,0.8039116760457226,-0.3668127894774513,-0.4790051052396321,-2.4597035760783497,1.184399211264018
1771355017999865856,12.848865747451782,0.1671349555253982,3.5518252849578857,-1.3800904750823977,-0.5899936556816101,0.4538596272468567,0.6677715182304382,-0.2194850444793701,0.1369606554508209,0.2484577298164367,-0.1612847073416639,-0.4443772753319098,0.7977559799988705,-0.3743012614516743,-0.4710920156608778,-2.417954024707421,1.1976298525249027
1771355018009897728,12.85889768600464,0.4452234804630279,3.5361456871032715,-1.3148918151855469,-0.6194324493408203,0.4475979804992676,0.6449490189552307,-0.2359751462936401,0.2662233412265777,0.152459979057312,-0.1773134081380372,-0.4432854759979134,0.7911842335632976,-0.3822111703626995,-0.4640774176367399,-2.3763727983805567,1.2110241494125502
1771355018019928576,12.86892867088318,0.7770480513572693,3.4985625743865967,-1.2529594898223877,-0.6474769711494446,0.4433778822422027,0.6198301315307617,-0.2510825395584106,0.3348813354969024,0.119381844997406,-0.1923236845832287,-0.4420913944608632,0.7838815305165833,-0.3912754397701326,-0.4593637339417155,-2.3343825049077096,1.226057088700388
1771355018029959680,12.87895965576172,1.0176554918289185,3.437798261642456,-1.226346731185913,-0.6740759015083313,0.4407198131084442,0.5927798748016357,-0.273998498916626,0.3190153539180755,0.164849579334259,-0.2063396351332634,-0.4409464162511121,0.7758583644718753,-0.4012905468958107,-0.456400402540694,-2.292110862178637,1.2429283889596563
1771355018039990784,12.88899064064026,1.072851061820984,3.327998399734497,-1.2148797512054443,-0.6991305351257324,0.4384618103504181,0.5647726058959961,-0.2813993096351623,0.2428736686706543,0.2294932007789611,-0.2196025756396065,-0.4398909026975167,0.7673866751077245,-0.4115683659580558,-0.4538864793953741,-2.250288269052767,1.26074547813041
1771355018050022912,12.899022817611694,0.9545775055885316,3.1856954097747803,-1.190950632095337,-0.7224322557449341,0.4355264902114868,0.5370368361473083,-0.2534741163253784,0.1596730947494506,0.2879754304885864,-0.2323474473946024,-0.4388457787174461,0.7589023652815452,-0.4213031309377977,-0.4506230710531097,-2.210042826662195,1.277979445252263
1771355018060053760,12.909053802490234,0.7547141909599304,3.008126735687256,-1.150423288345337,-0.7438097596168518,0.431421160697937,0.51051265001297,-0.225199818611145,0.1170713305473327,0.3315742015838623,-0.2447003788805167,-0.4376810723793352,0.7507939759472528,-0.4299599061224129,-0.4460674940289814,-2.172301253017985,1.293303952031179
1771355018070084864,12.919084787368774,0.5673221945762634,2.7946743965148926,-1.1024112701416016,-0.7631697654724121,0.4262087345123291,0.4857141375541687,-0.2037798166275024,0.0978391468524932,0.3525580763816833,-0.2565826677295498,-0.4364178616050788,0.7432338226035731,-0.4373880974924002,-0.4402976405417506,-2.1375820856685017,1.306331705139864
1771355018080116736,12.92911672592163,0.4310618340969085,2.5701591968536377,-1.047109603881836,-0.7804933190345764,0.4202519357204437,0.4628371000289917,-0.163628876209259,0.1170251965522766,0.3730545341968536,-0.2678220903109688,-0.4351329189591762,0.736259393216626,-0.4436808306435498,-0.4337229530873034,-2.1060571903702536,1.317249269306887
1771355018090147840,12.939147710800173,0.3751194179058075,2.331754684448242,-0.9601049423217772,-0.7958341836929321,0.4140821099281311,0.4417963027954101,-0.1259034872055053,0.1515154242515564,0.3784246444702148,-0.2782240570556165,-0.4338983466847773,0.7298152983399516,-0.4491026904486112,-0.4269341679335618,-2.0775742554846386,1.3265961480843889
1771355018100178688,12.949178695678713,0.3358820080757141,2.0777294635772705,-0.8298790454864502,-0.8090983033180237,0.4084377586841583,0.4225381016731262,-0.075285792350769,0.1910342872142791,0.3740621507167816,-0.287512308431401,-0.4326807251316816,0.7239174307938345,-0.4539466728370088,-0.4207418874877585,-2.0520720012129425,1.3347781024526812
1771355018110210816,12.959210872650146,0.2986460924148559,1.7897491455078125,-0.7041493654251099,-0.8202517032623291,0.4035214781761169,0.4054102897644043,-0.0295407176017761,0.2105379402637481,0.3946079909801483,-0.2955677986278656,-0.431490799456319,0.7186938353804235,-0.4581861055693462,-0.4153623404960394,-2.029834227721685,1.341728186808396
1771355018120241920,12.969241857528688,0.1444120705127716,1.4913454055786133,-0.58414226770401,-0.8294190168380737,0.3990605175495147,0.3909155428409576,0.0058106184005737,0.1944453418254852,0.4431756734848022,-0.302504756411035,-0.4303259819282514,0.7143369838027145,-0.4615551447624543,-0.4104920044592786,-2.0112317033611253,1.3469137854205335
1771355018130272768,12.979272842407228,0.0612475872039794,1.167088747024536,-0.4774386882781982,-0.8366541266441345,0.3950212895870209,0.3794309496879577,0.0566860437393188,0.2004071474075317,0.4669893383979797,-0.308268368650382,-0.4292803743029897,0.7109386974201239,-0.4639559053900076,-0.4060910286565954,-1.9965652522476935,1.3502997947454825
1771355018140303872,12.989303827285768,0.0476401671767234,0.8799384236335754,-0.3781427145004272,-0.8421657681465149,0.3916479349136352,0.3706324398517608,0.0860319137573242,0.2405694127082824,0.4556614756584167,-0.3127787836304707,-0.42848788973855,0.7083179666752473,-0.4656748961414851,-0.4024219364778997,-1.9853822745308092,1.3526961914850386
1771355018150335744,12.999335765838625,0.1048249825835228,0.6418260931968689,-0.2865011990070343,-0.8462473750114441,0.3891212046146393,0.3639371991157532,0.086588442325592,0.2669762670993805,0.4229585230350494,-0.3160797668072241,-0.4280029838395782,0.7062450322698242,-0.4670385993005554,-0.3996774291421106,-1.9769450816561072,1.3548584428168
1771355018160366848,13.009366750717165,0.1695499122142791,0.4791927635669708,-0.2344225645065307,-0.8492864966392517,0.3874044120311737,0.3586504161357879,0.0809302926063537,0.269715279340744,0.3759840428829193,-0.3183895772902649,-0.4278064898193984,0.7044904694524639,-0.4682977917873469,-0.3978144700080931,-1.9703745649163,1.357272215422926
1771355018170397696,13.019397735595703,0.1852793395519256,0.4018970429897308,-0.1946258842945099,-0.8516815900802612,0.3862982094287872,0.3541355729103088,0.073239266872406,0.2555779814720154,0.309285968542099,-0.320038764830003,-0.4278050805453159,0.7028873300690445,-0.4695821020683272,-0.3966148645147537,-1.964855125147944,1.3600502900991482
1771355018180429824,13.02942967414856,0.1863275617361068,0.3694746494293213,-0.1551309376955032,-0.8537017107009888,0.385554701089859,0.3500583171844482,0.0691558718681335,0.2579541802406311,0.2927791774272918,-0.3213724131311901,-0.4278084410528583,0.7014336028000812,-0.4708402695711062,-0.395808939433931,-1.9599342955581027,1.3627507342845449
1771355018190460672,13.0394606590271,0.1368510872125625,0.359965980052948,-0.1211263686418533,-0.855514645576477,0.3849768042564392,0.3462481200695038,0.0668792724609375,0.2315698862075805,0.3118481934070587,-0.3226253003704037,-0.4276914183195409,0.7001457790265903,-0.472005228963932,-0.3951826772630551,-1.9553692844746775,1.3650163416737098
1771355018200491776,13.04949164390564,0.0674389973282814,0.3444474637508392,-0.0776649117469787,-0.8571016788482666,0.3845353722572326,0.3427964746952057,0.0637361407279968,0.2147841453552246,0.3482283651828766,-0.3238725984129746,-0.4273408025418082,0.6991266471130101,-0.4729781946624029,-0.3947044350054949,-1.951258231218828,1.3664291965402655
1771355018210523904,13.059523820877075,0.0033545484766364,0.3148123323917389,-0.0228988677263259,-0.8584287762641907,0.3842363655567169,0.3397981524467468,0.0504452586174011,0.2103376686573028,0.3834989964962005,-0.3250783630512179,-0.4267800243031966,0.6983966577227299,-0.4737352874912798,-0.3943805659195946,-1.9477090497020564,1.36698317237066
1771355018220554752,13.069554805755615,0.0253317505121231,0.24650838971138,0.0276444684714078,-0.8594081997871399,0.3842390477657318,0.337309867143631,0.0507380962371826,0.1991960108280182,0.3784340620040893,-0.3260713435285874,-0.4261179629774466,0.6979100339234523,-0.4743654109768855,-0.3943834549622492,-1.9448126090201687,1.3670553394760845
1771355018230585856,13.079585790634155,0.0828657075762748,0.1559870094060897,0.0804190039634704,-0.8598612546920776,0.3849296271800995,0.3353622853755951,0.0486887693405151,0.2077064514160156,0.339274525642395,-0.3265235203192231,-0.4255168120988578,0.6975790846752766,-0.4750802739865989,-0.3951315768600039,-1.9426689435445677,1.367359928160185
1771355018240616704,13.089616775512695,0.1184247657656669,0.0789039358496666,0.136993333697319,-0.8598117828369141,0.38624969124794,0.3339685201644897,0.0442447662353515,0.1990469694137573,0.3098455667495727,-0.3264418239828,-0.4250097410785974,0.6973886870257099,-0.4758692020149052,-0.3965622671117348,-1.9412807002390728,1.3679426573933366
1771355018250648832,13.099648714065552,0.1111050695180893,-0.0369880460202693,0.1827592253684997,-0.8592637181282043,0.3880180716514587,0.3333287239074707,0.0391799807548522,0.130658745765686,0.2687526047229767,-0.3258851877701663,-0.4245930104684863,0.6974131743666028,-0.4765863660816398,-0.3984802112424149,-1.9408489038362209,1.3685058401304016
1771355018260679680,13.109679698944092,0.0722391605377197,-0.1560758203268051,0.2370054125785827,-0.8581113219261169,0.3901602625846863,0.3337964117527008,0.0303983092308044,0.0980446636676788,0.2209216356277465,-0.3248355263599202,-0.4242402268230689,0.697795407138715,-0.4770573575222127,-0.4008056528642738,-1.9417751153463985,1.3686362334565698
1771355018270710784,13.119710683822632,0.0574870258569717,-0.2890181541442871,0.2733940482139587,-0.8563586473464966,0.3925743103027344,0.3354625999927521,0.023976445198059,0.0818519592285156,0.2079790830612182,-0.3233130692272501,-0.4239726216276699,0.6985545893884982,-0.4772183070390858,-0.4034289271947677,-1.9441543640458143,1.3682444846431934
1771355018280742912,13.129742860794067,0.0321843326091766,-0.4020789265632629,0.3008514940738678,-0.854051947593689,0.3951762616634369,0.338276594877243,0.0195792913436889,0.0515705347061157,0.2153886258602142,-0.3213186881790045,-0.4238676214541013,0.6996245669875889,-0.4770912028708862,-0.4062597386877093,-1.94792258212929,1.3675277026966166
1771355018290773760,13.139773845672607,0.037140741944313,-0.5009928941726685,0.3278836607933044,-0.8512585759162903,0.3979952931404114,0.3419929146766662,0.0048991441726684,0.0478818416595459,0.2211786210536956,-0.3189093695951971,-0.4238888463862177,0.7009384484484886,-0.4767604982816771,-0.409330556715626,-1.9528101967682456,1.366591931570301
1771355018300804864,13.149804830551147,0.0430417731404304,-0.5905137062072754,0.3508313298225403,-0.8480049967765808,0.4010383188724518,0.3464909791946411,0.0054909586906433,0.0556267499923706,0.2203577756881714,-0.3160860865972699,-0.424059150345469,0.7024381283674017,-0.4762815937114168,-0.4126500133003091,-1.9586905429943076,1.3655963441190195
1771355018310835712,13.159835815429688,0.051646888256073,-0.6843728423118591,0.3778544068336487,-0.84429532289505,0.4043118357658386,0.351706713438034,0.0006825923919677,0.0350039601325988,0.2210776805877685,-0.3128526103365197,-0.4243804402628481,0.7040984299518576,-0.4756784426350145,-0.41622629795672,-1.965503677888445,1.364594947038418
1771355018320867840,13.169867753982544,0.0114784315228462,-0.7894917726516724,0.3986965715885162,-0.8400827050209045,0.4077204167842865,0.3578060269355774,-0.0001577734947204,0.0275670886039733,0.2250949144363403,-0.3092382613675563,-0.4248222295044673,0.7059950988160955,-0.4748354395253524,-0.4199561468198077,-1.9734439406247692,1.3632943015507493
1771355018330898688,13.179898738861084,-0.0251098498702049,-0.910795271396637,0.4228796660900116,-0.8353344202041626,0.411130279302597,0.3649496138095855,0.0019909739494323,0.017046570777893,0.2268625199794769,-0.3052751588536692,-0.4253798705418009,0.7081855513192645,-0.4736372339638129,-0.4236936296004884,-1.982695026675483,1.3614554546353024
1771355018340929792,13.189929723739624,-0.1103746816515922,-1.0492011308670044,0.4772965908050537,-0.8298570513725281,0.4146264791488647,0.3733924925327301,0.0031970143318176,0.0007635056972503,0.2436576783657074,-0.3008722015500075,-0.426006944870659,0.7107843088798457,-0.4719953420683475,-0.4275322896767687,-1.9936069828539205,1.3587956810095456
1771355018350961664,13.19996166229248,-0.2317165434360504,-1.2177746295928955,0.5485004186630249,-0.8234260082244873,0.4182170927524566,0.3834893703460693,-0.0005180835723876,0.0056415498256683,0.2556706666946411,-0.2959842990542062,-0.4266013062286639,0.713972000245189,-0.4697324786995027,-0.4314816325297568,-2.0066492603064834,1.354746065879039
1771355018360992768,13.20999264717102,-0.3423354923725128,-1.4242297410964966,0.6223458647727966,-0.8158056139945984,0.4219015836715698,0.3955502212047577,-0.005635917186737,0.0287666916847229,0.2652162909507751,-0.2904929323053758,-0.4271705316260276,0.7178443054818205,-0.4667318556502633,-0.4355416755830645,-2.022257475744504,1.3490810309960588
1771355018371023872,13.22002387046814,-0.4449140429496765,-1.63445246219635,0.6977298259735107,-0.8068369626998901,0.4256706237792969,0.4096570312976837,-0.0285055637359619,0.0448036789894104,0.2770801186561584,-0.2842925183470932,-0.4277739451505201,0.7223835278264925,-0.4629787775779138,-0.4397028739838167,-2.0406104496174766,1.3418990725301192
1771355018381055744,13.230055809020996,-0.5500881671905518,-1.8596453666687012,0.7893093228340149,-0.7963197827339172,0.4295864701271057,0.425828605890274,-0.0480098724365234,0.0596560537815094,0.2920363545417785,-0.277281595087644,-0.4284041719074432,0.7275879072291508,-0.4584763136177467,-0.4440347764224359,-2.0618526060538933,1.333204461583538
1771355018391086848,13.240086793899536,-0.6320158243179321,-2.0733861923217773,0.863274872303009,-0.7841472625732422,0.4335677325725555,0.4439954459667206,-0.0603198409080505,0.0940658748149871,0.3127793669700622,-0.2694494400899705,-0.4290590006334109,0.7334208163930773,-0.4532099037558466,-0.448448247835426,-2.086002914876663,1.3229976957245704
1771355018401117696,13.250117778778076,-0.6743294596672058,-2.279463052749634,0.935435116291046,-0.7702943682670593,0.4375956654548645,0.4638500213623047,-0.0829160809516906,0.1125447154045105,0.3123798370361328,-0.2607874938125147,-0.4297724651889099,0.739743634395861,-0.4472861877333936,-0.4529229699256506,-2.112811681824349,1.3115997682426204
1771355018411148800,13.260148763656616,-0.6816921830177307,-2.464148759841919,1.009936809539795,-0.7547144889831543,0.4417985677719116,0.4849949181079864,-0.1057133674621582,0.133762925863266,0.3038844764232635,-0.2512452453287665,-0.4305616823135606,0.7464007583429715,-0.4408836112936299,-0.4576025282727706,-2.14196627301182,1.2994220602639752
1771355018421179392,13.270179271697998,-0.682279646396637,-2.6384940147399902,1.0674469470977783,-0.7373706102371216,0.4461955726146698,0.5071433186531067,-0.1244916319847107,0.1580982804298401,0.3094919323921203,-0.2408265316731087,-0.4314170112196105,0.7532934462858918,-0.4340864135652254,-0.4625097519067275,-2.173268754771291,1.2866358516588523
1771355018431210496,13.280210494995115,-0.7095548510551453,-2.776416778564453,1.1104881763458252,-0.7184057235717773,0.4504782557487488,0.5300592184066772,-0.1453791260719299,0.1694100797176361,0.307022750377655,-0.2297238200744374,-0.432315936228432,0.7603502828380939,-0.4268459033392426,-0.467300970902163,-2.2064611848379245,1.273170521793367
1771355018441241600,13.290241479873655,-0.7587612867355347,-2.9060373306274414,1.1703168153762815,-0.6977716088294983,0.4546372592449188,0.5535518527030945,-0.1673864126205444,0.1661055088043213,0.3070438504219055,-0.2179949012714187,-0.4331417690001108,0.7675702706419821,-0.4191685569105021,-0.4719648982965348,-2.2414469651698146,1.2588348433074097
1771355018451273472,13.300273418426514,-0.799708366394043,-3.0261809825897217,1.2416157722473145,-0.6754136085510254,0.4585425853729248,0.5775421261787415,-0.1794599294662475,0.1842796802520752,0.300417959690094,-0.2056911927342285,-0.4338327780619503,0.77495817346623,-0.4109987848013666,-0.4763544974455936,-2.27824025929188,1.2434474294727
1771355018461304320,13.310304403305054,-0.8417332768440247,-3.150479555130005,1.305538535118103,-0.6512516736984253,0.4621833264827728,0.6018787622451782,-0.1924678683280944,0.2118584811687469,0.309727132320404,-0.1928116005420636,-0.4343295554080044,0.7824942278283283,-0.4023485752864967,-0.4804556896532823,-2.316815188284607,1.2269471956656597
1771355018471335424,13.320335388183594,-0.8695635795593262,-3.2801673412323,1.3601940870285034,-0.6252480745315552,0.4654812216758728,0.6264121532440186,-0.2229881286621093,0.2326236963272094,0.3326942324638366,-0.1793352091737193,-0.4346808517002185,0.7901004030170563,-0.393233811648464,-0.4841782530706855,-2.3571245513849295,1.2095206712890014
1771355018481367296,13.33036732673645,-0.8651129007339478,-3.412688970565796,1.4090005159378052,-0.5973074436187744,0.4684458971023559,0.6509854197502136,-0.248212456703186,0.2507770359516144,0.3509218692779541,-0.1651983088619289,-0.4349202019819755,0.7977074141246625,-0.3836883380426691,-0.4875309141206,-2.399169103208716,1.191344684716494
1771355018491398400,13.34039831161499,-0.8737804293632507,-3.5427520275115967,1.451979637145996,-0.5673931241035461,0.4710024297237396,0.6754416823387146,-0.2749834656715393,0.2504482865333557,0.3449440002441406,-0.1503869292487824,-0.4350858674781134,0.8052460082758347,-0.3737149176242827,-0.4904268126981358,-2.442913657817298,1.172572189271182
1771355018501429248,13.35042929649353,-0.861950159072876,-3.6796457767486577,1.5021030902862549,-0.5354816317558289,0.4731644690036773,0.6995531916618347,-0.2942759990692138,0.2633620202541351,0.324479341506958,-0.1349015594222545,-0.4351450112646946,0.8126656301255649,-0.3633523615667305,-0.4928793405467414,-2.4882688541520617,1.153254720718898
1771355018511460352,13.36046028137207,-0.7619794011116028,-3.7949447631835938,1.5474497079849243,-0.5015403628349304,0.47530397772789,0.7228720784187317,-0.2960214018821716,0.315543919801712,0.3090037703514099,-0.1186302299506281,-0.4350854982522013,0.8198394033852636,-0.3528328563933186,-0.4953094917234953,-2.535028925778091,1.1337234511865406
1771355018521492480,13.370492458343506,-0.6421217322349548,-3.880215644836426,1.584607720375061,-0.4657827615737915,0.4777368009090423,0.7448583841323853,-0.3168100118637085,0.3017279207706451,0.2805474996566772,-0.101580197642354,-0.4349164585537066,0.8266056338329235,-0.342421216343737,-0.4980767172171745,-2.5827556166724377,1.114374261738756
1771355018531523584,13.380523443222046,-0.5507790446281433,-3.970069169998169,1.6465376615524292,-0.428289920091629,0.4804907739162445,0.7653079628944397,-0.3392728865146637,0.2833794355392456,0.285610556602478,-0.0838037361094757,-0.4345658915554096,0.8329504631567499,-0.3321489538759089,-0.5012142155699274,-2.6313854165865393,1.0950609734734635
1771355018541554432,13.390554428100586,-0.5564955472946167,-4.0751142501831055,1.6793692111968994,-0.3889678418636322,0.4831100702285766,0.7844163179397583,-0.3503663241863251,0.2725967764854431,0.3175277709960937,-0.0653859019232818,-0.4339746133117417,0.8389721037494625,-0.3217399611889519,-0.5042033295140933,-2.681255185957102,1.0753026585847674
1771355018551586304,13.400586366653442,-0.5398021936416626,-4.191108703613281,1.7407137155532837,-0.3478089570999145,0.4851356446743011,0.8022921085357666,-0.3722838461399078,0.2541680037975311,0.3597868680953979,-0.0464108585787336,-0.4331705971057779,0.8446947876142749,-0.3109663258610071,-0.5065182667650389,-2.7325284270057937,1.0549621255094583
1771355018561617408,13.410617351531982,-0.5087380409240723,-4.321954727172852,1.7956931591033936,-0.3045426309108734,0.4865988194942474,0.8188256025314331,-0.3963240683078766,0.26588836312294,0.3761206865310669,-0.0267435361058107,-0.4320942362232377,0.8501219757154769,-0.2997865576306627,-0.5081923410342829,-2.7855196194927636,1.0338858249556402
1771355018571648256,13.420648336410522,-0.4375464916229248,-4.434279918670654,1.8347622156143188,-0.2593334019184112,0.4878193140029907,0.8335339426994324,-0.4262592792510986,0.275486409664154,0.3452229499816894,-0.0063466775624117,-0.4307416420007344,0.8551190621632984,-0.2884316902483019,-0.5095899263230914,-2.839960768120837,1.012362026093638
1771355018581679360,13.430679321289062,-0.3198707401752472,-4.5072150230407715,1.8722957372665403,-0.2125793695449829,0.4889974594116211,0.8459852933883667,-0.4465392231941223,0.2845009565353393,0.295127809047699,0.014690156187505,-0.4291277190835806,0.8595592174046841,-0.2771127041205953,-0.5109400615469013,-2.8954094454690185,0.9906828948855152
1771355018591711488,13.440711498260498,-0.2383476346731186,-4.567866802215576,1.9271891117095947,-0.1645132452249527,0.4902219176292419,0.855931282043457,-0.4535745978355407,0.2482578158378601,0.2569076418876648,0.0362851362612245,-0.4271322145874862,0.8634371573041327,-0.2659283329802261,-0.5123443349419541,-2.9517045591836175,0.968654966416973
1771355018601742592,13.450742483139038,-0.2317416667938232,-4.619332790374756,1.9689229726791384,-0.1152998730540275,0.4909818172454834,0.8635062575340271,-0.4621079862117767,0.2337344288825988,0.2692301273345947,0.0582716569666895,-0.4247260510696021,0.8668107696599624,-0.2546592942698811,-0.5132164079352967,-3.0088525795342846,0.9460882447828264
1771355018611773440,13.460773468017578,-0.2932344079017639,-4.664707183837891,1.995708465576172,-0.0652072131633758,0.4905224442481994,0.8689852952957153,-0.4901821613311767,0.1796434819698333,0.2597987055778503,0.0804033801200755,-0.4219695928328589,0.8697323159560538,-0.2429867625139596,-0.5126891761005536,-3.0666946784085876,0.9230697383241064
1771355018621805312,13.470805406570436,-0.3722038269042969,-4.725770473480225,2.0196282863616943,-0.0143304197117686,0.4884013533592224,0.8725013136863708,-0.4999060332775116,0.1383990943431854,0.2466697096824646,0.1025977324131824,-0.4189452061833724,0.8722015582145174,-0.2307010806400228,-0.5102567871402033,-3.125169605024489,0.8998608200235114
1771355018631836416,13.480836391448976,-0.3841023743152618,-4.780322551727295,2.0397937297821045,0.037215806543827,0.4847885072231293,0.8738394379615784,-0.5041805505752563,0.1379532516002655,0.2418223619461059,0.1248890436044601,-0.4156224251200665,0.8741725933991695,-0.2179061324886842,-0.5061213493355118,3.09902953560515,0.8766168840901845
1771355018641867520,13.490867376327516,-0.3047580122947693,-4.829163074493408,2.039414167404175,0.0891664996743202,0.4804420173168182,0.8724820017814636,-0.5157259702682495,0.1507530510425567,0.2082674503326416,0.1474045084162225,-0.4120115644188272,0.8754927042096272,-0.2050144454274435,-0.5011586489551318,3.0397475799313187,0.8536239787224001
1771355018651899392,13.500899314880373,-0.1798339933156967,-4.855705738067627,2.0366859436035156,0.1412751078605651,0.4759479463100433,0.86805260181427,-0.5310303568840027,0.1587720215320587,0.1726122498512268,0.1702248797533199,-0.4080737473527083,0.8760719802337409,-0.1923468290391612,-0.4960415717308298,2.9802576927500732,0.8308907455998614
1771355018661930240,13.510930299758911,-0.0698643624782562,-4.861361503601074,2.0548009872436523,0.1931803226470947,0.4714301526546478,0.8604852557182312,-0.5495340824127197,0.1506248414516449,0.1389806270599365,0.1932517661382169,-0.4037301993350173,0.8759249645952107,-0.1800308407037694,-0.4909117548054387,2.9207526390564555,0.8082597815773146
1771355018671961344,13.520961284637451,-0.0037424215115606,-4.871304512023926,2.077310085296631,0.2446556985378265,0.4665948152542114,0.8499605655670166,-0.5616875886917114,0.1126593351364135,0.1381375789642334,0.2163537981562419,-0.3989418464837685,0.8751146699422316,-0.167960649110101,-0.4854368932758149,2.861325499509022,0.7856321109800688
1771355018681992192,13.530992269515991,0.0509514510631561,-4.876030445098877,2.0715603828430176,0.2955528199672699,0.4611551761627197,0.8366506099700928,-0.5720268487930298,0.0806843340396881,0.1162301301956176,0.2394592444824724,-0.3937795375954777,0.8736492342330208,-0.1559933193487516,-0.4792966450715848,2.8020190891877794,0.7631904833259917
1771355018692024576,13.541024446487429,0.1236051544547081,-4.861291408538818,2.062366247177124,0.3455234467983246,0.4552243947982788,0.8205998539924622,-0.5835148096084595,0.0697389543056488,0.0717187523841857,0.2624910122584519,-0.388305476671004,0.8715037471859363,-0.1442168146793714,-0.4726242081557102,2.743062219295899,0.741122761448263
1771355018702055424,13.551055431365969,0.1558938324451446,-4.819214820861816,2.0636253356933594,0.3943336009979248,0.4487646222114563,0.8019419312477112,-0.5975044369697571,0.0667992234230041,0.0530536174774169,0.2853623022251207,-0.3824655929908636,0.8687295455992611,-0.1326546973619545,-0.4653824762934487,2.6845882098343212,0.7193303302482167
1771355018712086528,13.561086416244509,0.0806829780340194,-4.764473915100098,2.0654420852661133,0.441607654094696,0.4410657584667206,0.7813088893890381,-0.620166003704071,0.033329963684082,0.0345327258110046,0.3077443143430159,-0.3763513325363167,0.8654560241352081,-0.1209915886744211,-0.4567858416567893,2.627143022455313,0.6982428908557926
1771355018722118400,13.571118354797363,0.0323516651988029,-4.7233452796936035,2.0464086532592773,0.4872823059558868,0.4319414496421814,0.7589353322982788,-0.6234517097473145,-0.0369676351547241,0.0303866863250732,0.3295982515485508,-0.3700941787703196,0.8616832213118586,-0.1090752776487024,-0.44664430138773,2.570819155920336,0.6782848826592197
1771355018732149248,13.581149339675903,-0.0279359966516494,-4.66825008392334,2.0195281505584717,0.531183660030365,0.4215501248836517,0.7349420189857483,-0.61928790807724,-0.0552475750446319,-0.0288566946983337,0.3508970262026873,-0.3637672196012182,0.8574056288408856,-0.0969555377737139,-0.4351540711173797,2.5157569616964737,0.6596814788979201
1771355018742180352,13.591180324554443,0.031335849314928,-4.609062671661377,1.9738974571228027,0.5731478929519653,0.4104304313659668,0.7092589735984802,-0.6111270189285278,-0.0239863395690917,-0.06903076171875,0.3716996346829926,-0.3573294342134746,0.852610790941454,-0.0849109491675941,-0.4229260234718358,2.461935831026759,0.642224129251705
1771355018752212480,13.60121250152588,0.150379404425621,-4.508480548858643,1.9440791606903076,0.6128973960876465,0.3994718194007873,0.6817472577095032,-0.6066564917564392,-0.00742769241333,-0.1334226727485656,0.3920790982317943,-0.3506148524696594,0.8473150923225196,-0.0734876021403923,-0.4109406259369282,2.4093249754692874,0.6252035466322854
1771355018762243584,13.61124348640442,0.1805511564016342,-4.390011787414551,1.9219155311584473,0.6503240466117859,0.3883784413337707,0.6528714895248413,-0.6088200211524963,-0.0242426097393035,-0.1056606173515319,0.4118829268868065,-0.3435791504904684,0.8416585457745391,-0.0625845711787972,-0.3988712540337094,2.3581492348007607,0.6085447247956594
1771355018772274432,13.62127447128296,0.1557929068803787,-4.285003662109375,1.8827896118164065,0.6854025721549988,0.376741886138916,0.6231285929679871,-0.6179434061050415,-0.0623955130577087,-0.049565851688385,0.4309786340180672,-0.3364481108490517,0.8356835259580442,-0.0518964424501908,-0.3862765106211389,2.308639607776061,0.5928978775788859
1771355018782305536,13.6313054561615,0.031374555081129,-4.148281097412109,1.845304012298584,0.7180699706077576,0.3641927242279053,0.5930758118629456,-0.6326360702514648,-0.1023519337177276,-0.0594150424003601,0.4491886782567346,-0.3294425395125754,0.8294609808025735,-0.0411285127385159,-0.3727658367921884,2.2611496964716715,0.5789514957668311
1771355018792337408,13.641337394714355,-0.1261557787656784,-4.041837692260742,1.8059617280960083,0.7483434081077576,0.3504898250102997,0.5631506443023682,-0.6208410859107971,-0.1316330730915069,-0.1226143240928649,0.466392642242691,-0.3227309415730225,0.8230553250324703,-0.0300412130637596,-0.3580940627615869,2.21591447429462,0.5672472212538215
1771355018802368512,13.651368379592896,-0.1769252121448516,-3.950274705886841,1.7463481426239014,0.7764642238616943,0.3359868228435516,0.533119261264801,-0.5874078869819641,-0.1219823360443115,-0.1350937485694885,0.4827933550159149,-0.31628338597815,0.8164094873751578,-0.0187331094887736,-0.3426527526272243,2.172471345289488,0.5575438575536581
1771355018812399360,13.661399364471436,-0.1125211864709854,-3.8092753887176514,1.6752550601959229,0.8022745251655579,0.3216554522514343,0.5028846263885498,-0.5814341902732849,-0.0888521969318389,-0.2035530805587768,0.4984942679683455,-0.3099414384479373,0.8095545735184249,-0.0078113276015999,-0.3274773360299453,2.1307059222994575,0.548924166193233
1771355018822431232,13.671431303024292,0.0246835388243198,-3.682142496109009,1.6375633478164673,0.8258273601531982,0.3079014718532562,0.4724462628364563,-0.5621861219406128,-0.0738317370414733,-0.2483558356761932,0.5135866606925159,-0.303414478626338,0.8025975210317523,0.0023410171133159,-0.3129865554088767,2.090439709873185,0.540350136556075
1771355018832462336,13.681462287902832,0.1130100265145301,-3.5498180389404297,1.5848090648651123,0.8473081588745117,0.2946475744247436,0.4418734312057495,-0.5484035611152649,-0.0263827145099639,-0.1904542446136474,0.5281340025734803,-0.2966407925320519,0.7955758667411316,0.0117428142879409,-0.2990867043374558,2.051497711634799,0.5315936660900905
1771355018842493184,13.691493272781372,0.1828801929950714,-3.4076602458953857,1.5344902276992798,0.8666895031929016,0.2819072008132934,0.4115548133850097,-0.5551509857177734,-0.0238811373710632,-0.1601510643959045,0.5420380937951853,-0.289759108260038,0.7885537808625024,0.0204258430844496,-0.2857813508256253,2.0141291346273245,0.5228811726207339
1771355018852524544,13.701524496078491,0.1704810410737991,-3.3001904487609863,1.511383891105652,0.8842213749885559,0.2692930996417999,0.3816200792789459,-0.5292866826057434,-0.0627043545246124,-0.119794487953186,0.5553082304900395,-0.2828414832219915,0.7815438109005475,0.0286838156650538,-0.2726589297574895,1.9782345101539145,0.5145502261572481
1771355018862556416,13.711556434631348,0.0742069706320762,-3.187307357788086,1.4652107954025269,0.9001106023788452,0.2563982307910919,0.3522233366966247,-0.4933263063430786,-0.0542344450950622,-0.0484360754489898,0.5679117863898662,-0.2761182785151949,0.7745129827784315,0.0369415495131899,-0.2592940141261293,1.943789969948714,0.5074121276943183
1771355018872587520,13.721587419509888,-0.0738409012556076,-3.0840556621551514,1.3952711820602417,0.9143115282058716,0.2434164881706237,0.3237021565437317,-0.4666643142700195,-0.0816732794046402,-0.0489371716976165,0.5797370106073274,-0.2699331780773855,0.7674549921639005,0.045321235869316,-0.2458867411561047,1.9110650459581515,0.5021942658896555
1771355018882618368,13.731618404388428,-0.3142207562923431,-3.012561321258545,1.352267146110535,0.9270337224006652,0.2301280498504638,0.2960570156574249,-0.4154369831085205,-0.1131236255168914,-0.0497648417949676,0.5907953518374262,-0.2644520464553772,0.7603246830527873,0.0541518820111722,-0.2322092671520483,1.8799181473119728,0.4994921991428896
1771355018892650240,13.741650342941284,-0.4892624020576477,-2.9382636547088623,1.3025683164596558,0.938431978225708,0.2166235744953155,0.2691081166267395,-0.3758864402770996,-0.1230872720479965,-0.095951497554779,0.6011712046676632,-0.2597755231601955,0.7530409960163269,0.0635526874198432,-0.218354583204323,1.8500658297629125,0.4995491190380189
1771355018902681344,13.751681327819824,-0.4829195737838745,-2.832899332046509,1.2533485889434814,0.948547065258026,0.2032096534967422,0.2428251951932907,-0.3463590741157532,-0.0692832916975021,-0.149563580751419,0.6109398897032731,-0.2555061627453124,0.7457407038214576,0.0730737643136755,-0.2046348609167428,1.8214111985569403,0.5011031352187415
1771355018912712448,13.761712312698364,-0.2389599978923797,-2.7056331634521484,1.1962454319000244,0.9573588371276855,0.190656304359436,0.2170585840940475,-0.325324535369873,-0.0100990384817123,-0.2210105657577514,0.6203096451068777,-0.2510423996097349,0.7385844594712971,0.0817724623483547,-0.1918306706232496,1.7937534298079725,0.5019153187270669
1771355018922744576,13.7717444896698,0.1377137750387191,-2.5490972995758057,1.1626367568969729,0.9649279713630676,0.1791540384292602,0.1918798089027404,-0.2894671559333801,0.0286401361227035,-0.2948765754699707,0.6294024960363758,-0.2457468945097667,0.7318117051126436,0.0889527812668849,-0.180126516576405,1.7670897508421928,0.4999839967401492
1771355018932775424,13.78177547454834,0.5444803237915039,-2.378347635269165,1.0686177015304563,0.9713211059570312,0.1688607484102249,0.167395681142807,-0.2637100219726562,0.0592428892850875,-0.3198157548904419,0.6382928916288048,-0.2394127435481624,0.7255200752814236,0.0942566357751993,-0.1696736979919608,1.741458080505177,0.4944397784056452
1771355018942806528,13.79180645942688,0.8834325075149536,-2.179451704025269,0.9587901830673218,0.976546049118042,0.1601279079914093,0.1439323127269745,-0.2125081419944763,0.0162789076566696,-0.3819084465503692,0.6469238972411149,-0.2323281668453987,0.7197150669146601,0.0975868017355904,-0.1608202267799698,1.7171319161146017,0.4855613204723226
1771355018952837376,13.80183744430542,1.002348780632019,-1.935395359992981,0.8488141894340515,0.9807263016700744,0.152505338191986,0.122140347957611,-0.2008495926856994,-0.1042570322751998,-0.4624265432357788,0.6550070959654136,-0.224923780812773,0.7144784576542484,0.0994767587594049,-0.1531027752318879,1.6946990697440976,0.4746968628130309
1771355018962869504,13.811869382858276,0.9841160774230956,-1.6355431079864502,0.7298156023025513,0.9839394092559814,0.1458359062671661,0.1029321402311325,-0.2242501378059387,-0.241249144077301,-0.556316614151001,0.6621410899601736,-0.2178917443709039,0.7099220076409088,0.1005140309428366,-0.146357862380957,1.6750294693628087,0.4637028598581521
1771355018972900352,13.821900367736816,0.7762131094932556,-1.2946068048477173,0.5715756416320801,0.9862673282623292,0.1402829587459564,0.0871630683541297,-0.2315829396247863,-0.3657315969467163,-0.6317949295043945,0.6679840672832432,-0.2118577868426814,0.7061853954286907,0.1010728189394179,-0.1407471899488057,1.6589440308721608,0.4540278063534552
1771355018982931456,13.831931352615356,0.4693892896175384,-0.9227338433265686,0.4083319008350372,0.9878445267677308,0.1359896808862686,0.0753001123666763,-0.2162380218505859,-0.4897341728210449,-0.7016733884811401,0.6723213750874615,-0.20747178714964,0.7032819601689435,0.1016560612707459,-0.1364123606874017,1.6468758888103487,0.4472986447164987
1771355018992963328,13.841963291168211,0.1871914118528366,-0.5442278385162354,0.2334639430046081,0.988815426826477,0.1330277621746063,0.0674360394477844,-0.217147946357727,-0.5306413173675537,-0.7358168363571167,0.6751276458851235,-0.2048758251122738,0.7012445485082341,0.1023943139887487,-0.1334232675281443,1.6388897056335334,0.4438405382451961
1771355019002994176,13.851994276046751,0.0931780859827995,-0.1235948503017425,0.0639281719923019,0.989230215549469,0.131697878241539,0.0638693124055862,-0.2322264313697815,-0.4679253101348877,-0.7499501705169678,0.6763892376488065,-0.2037626103513929,0.7002966898944772,0.1027762919473598,-0.1320815835992477,1.6352714935845454,0.442446162579298
1771355019013025536,13.862025499343872,0.1140267327427864,0.276881456375122,-0.1127238273620605,0.9891444444656372,0.1320120692253112,0.0645440146327018,-0.2493678927421569,-0.4041373431682586,-0.7403100728988647,0.676220450321108,-0.2035405977543085,0.7006020502966889,0.1022438926341872,-0.1323985394074517,1.6359563176221334,0.4414155139077214
1771355019023057408,13.872057437896729,0.1113217622041702,0.609597384929657,-0.2987693250179291,0.988552451133728,0.1342704445123672,0.068814605474472,-0.2531551122665405,-0.3201377391815185,-0.6564153432846069,0.6748814986819726,-0.2041492666444035,0.701947562739714,0.1006362095118745,-0.1346772010334665,1.640295700309618,0.4403979213425227
1771355019033088512,13.882088422775269,0.0643001943826675,0.8915038704872131,-0.4404561519622803,0.9874989986419678,0.1380142122507095,0.0761431455612182,-0.1734273433685302,-0.2949203550815582,-0.5455340147018433,0.6725083898329952,-0.205526150429831,0.7041523801461247,0.0982897385325859,-0.1384561604376507,1.6477511184135978,0.4397561492133114
1771355019043119360,13.892119407653809,-0.0469397827982902,1.1114258766174316,-0.5671464800834656,0.9859665036201476,0.143036663532257,0.0860832706093788,-0.1822404265403747,-0.3095864057540893,-0.4517601728439331,0.6692106980750633,-0.2077386667921659,0.7070263666148973,0.0954739543484299,-0.1435289592055804,1.65788401080155,0.4399755690605839
1771355019053150464,13.902150392532349,-0.2037236243486404,1.2864781618118286,-0.643314778804779,0.9839670658111572,0.1489216089248657,0.098139189183712,-0.1745493412017822,-0.2506519556045532,-0.3318427801132202,0.6650960247055038,-0.2108731579556826,0.7103535076314863,0.0926159906945152,-0.1494776327113618,1.670205852775528,0.4417848996253714
1771355019063182336,13.912182331085203,-0.3374103009700775,1.4238911867141724,-0.7021437287330627,0.9815078973770142,0.1552684307098388,0.1119555458426475,-0.1415573358535766,-0.1837413311004638,-0.2472704648971557,0.660257150224082,-0.2148075881435919,0.7140276404026589,0.0899041245568006,-0.1558991751200782,1.684370304277927,0.4452684681012551
1771355019073213440,13.922213315963743,-0.4427240490913391,1.5548371076583862,-0.7395526170730591,0.9785661101341248,0.1619247645139694,0.1272350996732711,-0.1322984099388122,-0.1884445250034332,-0.2246471643447876,0.6548012524826167,-0.2193462760342457,0.7179866025808193,0.087279953526615,-0.162640840607481,1.7000929417356028,0.4500586112549979
1771355019083244288,13.932244300842283,-0.507660448551178,1.6701562404632568,-0.765494167804718,0.9751245379447936,0.1686495095491409,0.1438373476266861,-0.1380732655525207,-0.1943148523569107,-0.2567981779575348,0.6487662824455837,-0.2243281669360533,0.7222157185411641,0.0847555533748053,-0.1694593987964281,1.717246891328995,0.4559402064779373
1771355019093276416,13.94227647781372,-0.5008493661880493,1.7626162767410278,-0.7884812951087952,0.9711557030677797,0.1754649579524994,0.161457821726799,-0.142527163028717,-0.2006724774837494,-0.3008010387420654,0.6422807134748222,-0.2295246991652029,0.726668646896767,0.0821375815655505,-0.1763780401625066,1.735542758954049,0.4622991288796144
1771355019103307520,13.95230746269226,-0.3947714269161224,1.8506863117218015,-0.8311477899551392,0.9666168093681335,0.1825379729270935,0.1798102557659149,-0.1566040515899658,-0.1698731929063797,-0.3248603343963623,0.6354808866272892,-0.2346667997792292,0.7313252510360327,0.0791129255526471,-0.1835671771712005,1.754714362317891,0.4682984150268761
1771355019113338368,13.9623384475708,-0.2206827104091644,1.9948256015777588,-0.9005305767059326,0.9613415002822876,0.1903520226478576,0.1989695280790329,-0.1826090812683105,-0.125685229897499,-0.3160348832607269,0.6283772189696079,-0.2395924056449886,0.7362609885258413,0.0752157193358747,-0.191520709655044,1.7748854158456382,0.4731182090834595
1771355019123369472,13.97236943244934,-0.0551835112273693,2.146031141281128,-0.9804956912994384,0.9551606178283693,0.1991326510906219,0.219121366739273,-0.2058015465736389,-0.1011407375335693,-0.2825827598571777,0.6208908784024557,-0.244251406560235,0.7415537304660265,0.0702405558543219,-0.2004727635115631,1.7963022719844477,0.4764870112552463
1771355019133401344,13.982401371002195,0.0211489032953977,2.3066518306732178,-1.0406453609466553,0.9479598999023438,0.2087795436382293,0.2403807789087295,-0.2188798189163208,-0.0989620834589004,-0.2401824295520782,0.6129140224193387,-0.2488115450974756,0.7471835142850436,0.064388881122354,-0.2103268405870241,1.8191386851229576,0.4790118926464894
1771355019143432448,13.992432355880736,-0.0719400271773338,2.452808141708374,-1.1044347286224363,0.9396565556526184,0.2188960015773773,0.2629257142543793,-0.2083486914634704,-0.1502314954996109,-0.222123771905899,0.6042792295880219,-0.2536159871831148,0.7530881682092279,0.0581696456161813,-0.2206828902190258,1.8436292372620893,0.4819786680120978
1771355019153463296,14.002463340759276,-0.3161310255527496,2.5754106044769287,-1.1559916734695437,0.9301818609237672,0.2289799302816391,0.2869312465190887,-0.2016816735267639,-0.2032078951597213,-0.2036488652229309,0.5948161846985359,-0.2591395057226421,0.7591523835814498,0.0522298410525512,-0.2310296391371847,1.8700036168620449,0.4870510276926447
1771355019163495424,14.012495279312134,-0.6390864253044128,2.6934661865234375,-1.1956371068954468,0.9195035696029664,0.2384499162435531,0.3124979138374328,-0.1973813772201538,-0.2425545305013656,-0.2229593992233276,0.5844068019398563,-0.2657064201403112,0.7652771137836567,0.0471145399403805,-0.2407694172768024,1.898404890397705,0.4954879383586081
1771355019173526272,14.022526264190674,-0.8415951728820801,2.813361644744873,-1.2431232929229736,0.90753835439682,0.247151717543602,0.3395445048809051,-0.2021548748016357,-0.2415974885225296,-0.2724821269512176,0.5730614369642808,-0.2732047920836528,0.7714475920248014,0.0427602251564523,-0.2497396721755637,1.9288109760640408,0.507049029147124
1771355019183557632,14.032557487487791,-0.8137310147285461,2.935734510421753,-1.281326174736023,0.8941634893417358,0.2555635571479797,0.3676397800445556,-0.2080520391464233,-0.1882417798042297,-0.3432867527008056,0.5609823531307208,-0.2810953936526961,0.7776922678285421,0.038457074704586,-0.2584305875904529,1.9608819208420292,0.5199750159893847
1771355019193588480,14.042588472366331,-0.5456819534301758,3.074601173400879,-1.330414056777954,0.879267692565918,0.26450976729393,0.3961347639560699,-0.2262220978736877,-0.0968004763126373,-0.4031996130943298,0.5484765459153358,-0.2886724093167317,0.7840507786118535,0.0332569723237698,-0.2676955637510614,1.9940893114079048,0.5319495388635431
1771355019203620352,14.05262041091919,-0.1968677639961242,3.2196502685546875,-1.4073379039764404,0.8626086711883545,0.2749228179454803,0.4246449470520019,-0.2544698119163513,-0.0173240303993225,-0.4319539964199066,0.5357055668964775,-0.2955574497814877,0.7905493442068291,0.0263998192673829,-0.2785094311094648,2.028248823617683,0.5415360591213975
1771355019213651456,14.06265139579773,0.081788994371891,3.330773115158081,-1.5129084587097168,0.8440724015235901,0.2872401177883148,0.4528079926967621,-0.2810993194580078,-0.00043585896492,-0.3693118691444397,0.5227616832756297,-0.3018495232287438,0.7970513544597152,0.0177846903275462,-0.2913442719259604,2.0631819001605023,0.5489141245563137
1771355019223682304,14.07268238067627,0.2198621779680252,3.4240331649780273,-1.5993757247924805,0.8236851096153259,0.3009830117225647,0.4805748164653778,-0.3028873205184936,-0.0508151054382324,-0.2684318423271179,0.5095577881456251,-0.3079012727792778,0.8034203219741369,0.0079684224262614,-0.3057232831463052,2.0989539414217973,0.5554446555380018
1771355019233714432,14.082714319229126,0.1630068719387054,3.516395568847656,-1.6606113910675049,0.8014273047447205,0.3152611851692199,0.5082569122314453,-0.3026173114776611,-0.1355735957622528,-0.2158373594284057,0.4958488422133141,-0.31403758641466,0.8096350139514668,-0.0023657833777099,-0.3207318659463567,2.1359766870547157,0.562573023863298
1771355019243745280,14.092745304107666,0.0485844314098358,3.600522518157959,-1.7312605381011963,0.7773128151893616,0.3292220532894134,0.536094605922699,-0.2960965037345886,-0.1803573369979858,-0.1907882094383239,0.4814498116020799,-0.320564385740546,0.8156505244963207,-0.0125977561858333,-0.3354795871784504,2.174560319564225,0.5715829150884506
1771355019253776384,14.102776288986206,-0.052091047167778,3.666768312454224,-1.8326499462127688,0.7512866258621216,0.3428854048252105,0.5639128088951111,-0.2918751239776611,-0.2013296484947204,-0.2121520638465881,0.4663974734953631,-0.3275498226956854,0.8213814756262457,-0.0227352251879927,-0.3499867972531714,2.2146788293210933,0.5826471577903087
1771355019263808512,14.112808465957642,-0.1189992427825927,3.768201112747192,-1.9382946491241455,0.7231347560882568,0.3562580347061157,0.591740071773529,-0.2979638576507568,-0.1973835229873657,-0.2586712837219238,0.4506115737428088,-0.3350279794337321,0.8268169679413117,-0.0328507210533422,-0.3642600985126589,2.2565957225578748,0.5958730391239794
1771355019273839360,14.122839450836182,-0.0566229484975338,3.863367080688477,-2.0346615314483643,0.692751944065094,0.3697942197322845,0.6191500425338745,-0.3199187517166137,-0.1813329458236694,-0.2994480729103088,0.4342185469760803,-0.342762752287105,0.8319187036480566,-0.0433493799885993,-0.3787875186808418,2.3001500524050034,0.6105204688843638
1771355019283870464,14.132870435714722,0.0750775560736656,3.964476585388184,-2.1318862438201904,0.6600196957588196,0.38405841588974,0.6456571817398071,-0.3483284115791321,-0.128290593624115,-0.3236967325210571,0.4173506792840898,-0.3505012303698843,0.8366465606332675,-0.0546793430097067,-0.3941878190022722,2.3451948864340135,0.6258348456753223
1771355019293901568,14.142901420593262,0.1340969353914261,4.024670124053955,-2.196031332015991,0.6251102685928345,0.3987391889095306,0.6710025668144226,-0.3885989785194397,-0.0650141239166259,-0.2234012484550476,0.400064143729301,-0.358157755963432,0.8409662906149242,-0.0666893715832445,-0.4101415896521005,2.391587326387938,0.6418644264488348
1771355019303933440,14.152933359146118,0.0443169847130775,4.121693134307861,-2.2871692180633545,0.5881021618843079,0.4130557477474212,0.695356547832489,-0.4364908337593078,-0.0513156354427337,-0.0619490146636962,0.3822292643854991,-0.3659715065938025,0.8448331938832353,-0.0788828507415546,-0.4258068740675871,2.439567427517636,0.6595803714015178
1771355019313964288,14.162964344024658,-0.2311576455831527,4.2322282791137695,-2.3039472103118896,0.5487378239631653,0.4255595803260803,0.7195734977722168,-0.4931347370147705,-0.1026530265808105,0.0628362298011779,0.3633302428945776,-0.3741260731863471,0.8484199564456609,-0.0905783454693239,-0.4395801703039502,2.490084033489225,0.6799977457650419
1771355019323995392,14.172995328903198,-0.4698655605316162,4.204931259155273,-2.270861864089966,0.507881760597229,0.4351661801338196,0.7434290051460266,-0.4817129373550415,-0.1430060863494873,0.0890142321586608,0.343585616399712,-0.3824930845060232,0.8517121244474173,-0.1011656062841761,-0.450222853743209,2.5422575841176207,0.7029201267594738
1771355019334027264,14.183027267456056,-0.6480836868286133,4.171414852142334,-2.2004334926605225,0.4663170278072357,0.441769540309906,0.7664127945899963,-0.4618003070354461,-0.1226013004779815,0.0425320267677307,0.3233647228439306,-0.3907964017064442,0.8546839053472887,-0.1105847377010402,-0.4575701565296153,2.59498960783112,0.7273533043975983
1771355019344058624,14.193058490753174,-0.5790979862213135,4.183182239532471,-2.1492960453033447,0.4240891635417938,0.4465330243110657,0.7878810167312622,-0.4578874111175537,-0.0261534452438354,-0.0484554767608642,0.3029322102917708,-0.3986942487916922,0.8573117366991128,-0.1195471560096686,-0.4628868469715613,2.6478032996125496,0.7519464760330252
1771355019354089472,14.203089475631714,-0.2321234047412872,4.264868259429932,-2.1271884441375732,0.3807065784931183,0.451822817325592,0.8067952394485474,-0.4477232098579407,0.0918630957603454,-0.1548330187797546,0.2825919518718026,-0.4058823438367039,0.8594516586157059,-0.1293991540299698,-0.4688075383661652,2.7006970561823893,0.7754960750035331
1771355019364121344,14.21312141418457,0.1986050903797149,4.412911891937256,-2.1075923442840576,0.3355498611927032,0.4593353271484375,0.8224456906318665,-0.4439025819301605,0.1738738119602203,-0.2235994338989257,0.2624022647286436,-0.4120955010673413,0.8610459663853699,-0.1411456182796136,-0.4772467573060093,2.7542171215148477,0.7974046068923102
1771355019374152448,14.22315239906311,0.4782057404518127,4.542341709136963,-2.10085391998291,0.2885003089904785,0.4688504338264465,0.8348332643508911,-0.4325127899646759,0.1581788957118988,-0.1811469197273254,0.2422106791835492,-0.4174173241235088,0.862078539777807,-0.1546521365385213,-0.4879888606150508,2.8088623677167273,0.8182948430221257
1771355019384183296,14.23318338394165,0.2344591319561004,4.6636762619018555,-2.1040220260620117,0.2397555261850357,0.4777855575084686,0.8451262712478638,-0.4488314390182495,0.0142340958118438,-0.0664855241775512,0.2214528439266883,-0.4223168154172035,0.8626770236712248,-0.1685097840769283,-0.4981322034494915,2.8651636900417494,0.8397622657591354
1771355019394214400,14.24321436882019,-0.4803791046142578,4.654794692993164,-2.1002798080444336,0.1897232979536056,0.4814129769802093,0.8557141423225403,-0.492823839187622,-0.1657696068286895,0.188032865524292,0.1991364854462088,-0.4274191479606401,0.8632322623158154,-0.1802431960262858,-0.5022660792916348,2.9234086362670397,0.8633177458329736
1771355019404246272,14.253246307373049,-1.0541679859161377,4.5172271728515625,-1.9313760995864868,0.1402362585067749,0.478062629699707,0.8670579791069031,-0.5062336325645447,-0.221089482307434,0.4314801096916199,0.1756663952428993,-0.4326348760167222,0.8639190136291054,-0.1887120307630924,-0.4984476443097045,2.981243190114826,0.8876521865245819
1771355019414277376,14.263277292251589,-1.1414285898208618,4.337524890899658,-1.7872358560562134,0.0926048308610916,0.4702027142047882,0.8776867389678955,-0.4896232485771179,0.038357526063919,0.448698878288269,0.1521825845047788,-0.4374445926794651,0.8645725012447365,-0.1949286022617306,-0.4895204550713887,3.03647147254445,0.9105400579729106
1771355019424308736,14.273308753967283,-0.6822728514671326,4.199449062347412,-1.6586729288101196,0.046867374330759,0.4630871713161468,0.8850727677345276,-0.4585494995117187,0.2912463247776031,0.2260112762451172,0.1299162974957738,-0.4413291269153013,0.8647340513046031,-0.2014581699446517,-0.4814752041851891,3.088688930844562,0.930818154653448
1771355019434340608,14.283340692520142,0.1879182755947113,4.229761600494385,-1.5819793939590454,0.0019971881993114,0.4611575901508331,0.8873159289360046,-0.4375135600566864,0.4039089381694793,-0.0405752658843994,0.1094349068506447,-0.444127505792222,0.8639494955313078,-0.2106323910326328,-0.4792993625650177,3.139341837702534,0.9491247812065252
1771355019444371712,14.293371677398682,1.176713466644287,4.27712345123291,-1.523790955543518,-0.0430122688412666,0.4670664370059967,0.8831756114959717,-0.4130576848983764,0.4700826704502105,-0.1964842081069946,0.0909010332235862,-0.4458738474072062,0.8618493595280096,-0.2239403187463889,-0.4859701727105286,-3.0929292737248764,0.9669200907468892
1771355019454402560,14.303402662277222,1.7139495611190796,4.377629280090332,-1.5069395303726196,-0.0882667899131774,0.4791134297847748,0.8733035326004028,-0.3836570382118225,0.4378024041652679,-0.1413395404815673,0.0738051373331688,-0.4467400956827475,0.858530758702128,-0.2406262077121719,-0.4996443881856555,-3.040862442066937,0.9853179940036396
1771355019464433664,14.313433647155762,1.5244269371032717,4.456328392028809,-1.590518832206726,-0.1341879367828369,0.4919497668743133,0.8602206110954285,-0.3969705402851105,0.1733640730381012,0.068307340145111,0.0566484360909367,-0.4472684875789678,0.8544361989023654,-0.2582262093375284,-0.5143278403839932,-2.986847312156198,1.0052596443202917
1771355019474465792,14.323465824127195,0.5658692717552185,4.436938285827637,-1.6470377445220947,-0.180478349328041,0.4986118376255035,0.8478289842605591,-0.4227321147918701,-0.1459506452083587,0.3930006027221679,0.0378148346299137,-0.4479650517466606,0.850436243914676,-0.2732317558503677,-0.5219965895574262,-2.931852159109496,1.0258429182277684
1771355019484496896,14.333496809005736,-0.7140951752662659,4.085550308227539,-1.6485962867736816,-0.2249089479446411,0.4948323965072632,0.8393787741661072,-0.4341944456100464,-0.3626913130283355,0.5975717902183533,0.0171685444787196,-0.4489800791609142,0.8474115065161584,-0.2828706744456597,-0.5176419504403798,-2.8797953841112576,1.044128066695781
1771355019494527744,14.343527793884276,-1.2357404232025146,3.817169189453125,-1.509302020072937,-0.2658006250858307,0.4822849035263061,0.8347164988517761,-0.3799666464328766,-0.1995394229888916,0.5397648215293884,-0.0041603110692961,-0.4501143780751839,0.8454320217315836,-0.287444829075985,-0.5032611291882877,-2.83331251933743,1.0583163831847222
1771355019504559872,14.353559732437134,-1.0593469142913818,3.65412974357605,-1.349319577217102,-0.3037649691104889,0.4683839678764343,0.829664945602417,-0.3283762335777282,0.2821959853172302,0.3351148962974548,-0.0246931874589333,-0.4506724091792514,0.8436390590345999,-0.290788484969036,-0.4874608195962668,-2.790621288338184,1.0693921152449395
1771355019514590720,14.363590717315674,-0.3540964424610138,3.595958948135376,-1.2394872903823853,-0.3398014307022095,0.4582308530807495,0.8213157057762146,-0.358852744102478,0.412634015083313,0.1852302551269531,-0.0435470353456242,-0.450676910215196,0.8411588313725503,-0.2957123674871816,-0.4760037590317321,-2.749307980849959,1.0800551977062451
1771355019524621824,14.373621702194214,0.3695709705352783,3.517850637435913,-1.1541223526000977,-0.3743143379688263,0.4540273547172546,0.8085470795631409,-0.3028707504272461,0.4900645017623901,0.1095896959304809,-0.060283420757781,-0.4503550407341496,0.8375284388219019,-0.3034674473988889,-0.471280256583367,-2.7080244222458703,1.092394970445015
1771355019534652672,14.383652687072754,0.9132466912269592,3.4821019172668457,-1.119046688079834,-0.4075548350811004,0.4548780620098114,0.7918237447738647,-0.2844617068767547,0.4167954623699188,0.1356968879699707,-0.0751981664012864,-0.4499103189202297,0.8327620120843244,-0.3137408447298805,-0.4722352745423074,-2.666251159739021,1.1071147548467577
1771355019544684800,14.39368486404419,1.218578815460205,3.4449849128723145,-1.1515790224075315,-0.4398988783359527,0.4585301280021667,0.772165060043335,-0.2869687378406524,0.312542200088501,0.187017560005188,-0.0889882983263875,-0.4495180552123578,0.827052629948838,-0.3255741022835632,-0.476340509747769,-2.623754060516646,1.1241360360826715
1771355019554715904,14.40371584892273,1.283378005027771,3.432053804397583,-1.201621174812317,-0.4715921580791473,0.4628489315509796,0.7505810260772705,-0.2692221105098724,0.1772725880146026,0.195250391960144,-0.1022877019378983,-0.4492692531449816,0.820638570134061,-0.338004084167378,-0.4812064313955631,-2.580621837801964,1.1429163743800672
1771355019564746752,14.41374683380127,1.102868914604187,3.4368252754211426,-1.2688766717910769,-0.5028101205825806,0.4657171964645386,0.7282102108001709,-0.2245458364486694,0.0833702981472015,0.175919234752655,-0.1157938777261243,-0.4490482965074879,0.8139169076207748,-0.3499812293293611,-0.4844448866006491,-2.537288701858403,1.1620346889405555
1771355019574778880,14.423778772354126,0.8262690901756287,3.441643714904785,-1.3471187353134155,-0.5336787700653076,0.4658638834953308,0.7058032751083374,-0.2019323110580444,-0.0012031197547912,0.1656416058540344,-0.129934144487067,-0.4488438085638207,0.807118868124887,-0.3608540089212724,-0.4846106613021012,-2.4941800971625967,1.1805091045386953
1771355019584809728,14.433809757232666,0.6207646727561951,3.454430341720581,-1.3767160177230835,-0.564066469669342,0.4633380472660064,0.6834815144538879,-0.2073873877525329,0.0053203999996185,0.1645104885101318,-0.144725137551143,-0.4485146316314216,0.8003595356979916,-0.3705589154665871,-0.4817582723103036,-2.4516235484069475,1.1976663216676493
1771355019594840832,14.443840742111206,0.5596299767494202,3.4704854488372803,-1.389379382133484,-0.5937997102737427,0.4592184424400329,0.6606969833374023,-0.2056846022605896,0.0943094491958618,0.1569758057594299,-0.1598541975850766,-0.4479769239663571,0.7935144412799627,-0.3796026851298038,-0.4771151854834795,-2.4094700131511932,1.2137974756723011
1771355019604872704,14.453872680664062,0.5956287384033203,3.5126068592071533,-1.375843524932861,-0.622860848903656,0.4545430243015289,0.6367378234863281,-0.223239004611969,0.1589671075344085,0.1525077819824218,-0.1750493321354515,-0.4472233625612621,0.7863588017320673,-0.388572818752176,-0.4718590932992263,-2.3672110067683585,1.2296533116845083
1771355019614903808,14.463903665542604,0.648607075214386,3.522371530532837,-1.3592292070388794,-0.6511114835739136,0.4496796727180481,0.6114263534545898,-0.2412225604057312,0.1770446002483368,0.1501551270484924,-0.1901740008728209,-0.4462297743267728,0.778840272022828,-0.3976439782217451,-0.4664066878990692,-2.324772000912303,1.245426381413376
1771355019624934656,14.473934650421144,0.6758282780647278,3.4958059787750244,-1.3293460607528689,-0.6782219409942627,0.4447115659713745,0.5850186944007874,-0.2483069896697998,0.170538067817688,0.1666750907897949,-0.205051983880858,-0.4450242793325631,0.7710141023787457,-0.4067485836059744,-0.4608522043062657,-2.2825468826352777,1.2610484897909011
1771355019634966016,14.483965873718262,0.6942456364631653,3.439337968826294,-1.3065944910049438,-0.7039610147476196,0.4395096898078918,0.5579162836074829,-0.2639194130897522,0.1710250675678253,0.2005066871643066,-0.2195932302189819,-0.4436608428345658,0.7629699777000927,-0.4157172308073492,-0.4550527510845304,-2.2409710440929724,1.2763374362247188
1771355019644997888,14.493997812271118,0.6934760212898254,3.329383373260498,-1.2722476720809937,-0.7280977964401245,0.4340857267379761,0.5305117964744568,-0.2699031829833984,0.1537742912769317,0.2253626585006714,-0.2336458523403872,-0.442216159344467,0.7547852362850793,-0.4244450245002021,-0.4490231592222088,-2.200477873201695,1.2912332787437606
1771355019655028736,14.504028797149658,0.6229526400566101,3.163180351257324,-1.2142754793167114,-0.7503376007080078,0.4282945096492767,0.5035452246665955,-0.247572124004364,0.1371810138225555,0.2538554668426513,-0.2470922423842363,-0.4407125692046645,0.7466893841468308,-0.4326349307511689,-0.4426045692933892,-2.161856038693561,1.305191553992643
1771355019665059840,14.514059782028198,0.5605542659759521,2.9426109790802,-1.142056941986084,-0.7704103589057922,0.422212690114975,0.4777071475982666,-0.2016811966896057,0.1403330266475677,0.2922512888908386,-0.2597569666059874,-0.4391627116045075,0.7389111479654663,-0.4400825772262711,-0.4358848685381852,-2.1258414874791165,1.317771190688213
1771355019675091712,14.524091720581056,0.4983973205089569,2.684816837310791,-1.052934169769287,-0.7881869077682495,0.4160945415496826,0.4534613490104675,-0.1526702046394348,0.1569951176643371,0.3412470817565918,-0.2714236718713818,-0.4376561961327397,0.7315652565542446,-0.446764692358799,-0.4291461718516548,-2.092872623070668,1.3290199951246238
1771355019685122816,14.534122705459597,0.4354343116283417,2.390469551086426,-0.9554873108863832,-0.8036224842071533,0.4101515710353851,0.4312380254268646,-0.1338468790054321,0.1806992292404174,0.4019832909107208,-0.2819359798222576,-0.4362531101522665,0.7247773707261208,-0.4526510368855705,-0.4226202377000183,-2.063307177383229,1.338925322878528
1771355019695153664,14.544153690338137,0.3326027691364288,2.041349172592163,-0.8376898169517517,-0.8166670203208923,0.4045157432556152,0.4116097688674927,-0.0916583538055419,0.195841372013092,0.460521787405014,-0.2911666472928478,-0.434987834115485,0.718742279319472,-0.4576213706257444,-0.4164492681499195,-2.0376481705779956,1.3472556819748611
1771355019705185792,14.55418586730957,0.2205145508050918,1.6650803089141846,-0.7069552540779114,-0.8272743225097656,0.3993022739887237,0.3951897025108337,-0.0249137282371521,0.2063037753105163,0.5047889947891235,-0.2990043234010645,-0.4338737531060729,0.7136865026668895,-0.4615209477708817,-0.4107557043208439,-2.0164460604654346,1.3536713623908705
1771355019715216896,14.56421685218811,0.1383193880319595,1.3024086952209473,-0.5889913439750671,-0.8356233239173889,0.3946241438388824,0.3821070790290832,0.031225562095642,0.2110124826431274,0.5187870860099792,-0.3054012135611516,-0.4330087538730801,0.7096174768425171,-0.4644100335727002,-0.4056587729842805,-1.9996811216902144,1.3584459903877557
1771355019725247744,14.57424783706665,0.0865682959556579,0.9827588200569152,-0.478918045759201,-0.842052161693573,0.3905399441719055,0.3720573186874389,0.0734822750091552,0.1933528482913971,0.4932685792446136,-0.3104789270526558,-0.4323954002614017,0.7064438273572273,-0.4664484448050776,-0.4012180259489638,-1.986848675490742,1.3618903454406628
1771355019735278848,14.58427882194519,0.0620126239955425,0.738438606262207,-0.3513608872890472,-0.8468263149261475,0.3873041570186615,0.3645282089710235,0.0870759487152099,0.2001592218875885,0.4130597114562988,-0.3143189565118381,-0.4319644523260033,0.7040389317378127,-0.4679097706103962,-0.3977057317564522,-1.9772858707377143,1.3644055984946886
1771355019745310720,14.594310760498049,0.1265191882848739,0.5999976396560669,-0.2825339138507843,-0.8504400253295898,0.3849724233150482,0.3585357666015625,0.0761786103248596,0.2513953447341919,0.3028869330883026,-0.3171958187196294,-0.4316497479705466,0.7021014019243267,-0.4691682814260272,-0.3951779455432099,-1.9697739016294675,1.3666357817407984
1771355019755341824,14.604341745376589,0.218857541680336,0.5239155888557434,-0.2483479678630828,-0.8534438014030457,0.3833886086940765,0.3530535101890564,0.0655715465545654,0.2795447111129761,0.206455796957016,-0.3194031047725475,-0.4315141302743174,0.7002301828365929,-0.4705899162829522,-0.3934624924095531,-1.9630407809280457,1.3694782385023063
1771355019765372672,14.614372730255129,0.2816620469093323,0.5023053884506226,-0.2511978149414062,-0.856191098690033,0.3821642100811004,0.3476882576942444,0.0550437569618225,0.3028028011322021,0.225340187549591,-0.321244052728611,-0.4315607013965722,0.6982832454553676,-0.4721843366211637,-0.3921371390163928,-1.9565392692932968,1.37299815480264
1771355019775404800,14.624404668807983,0.3252460360527038,0.4980856478214264,-0.2430046051740646,-0.8588746190071106,0.3811434507369995,0.3421458303928375,0.0594973564147949,0.2958431839942932,0.30060014128685,-0.3229217504471019,-0.431710060936728,0.6962035212283784,-0.4739710118901958,-0.3910327778134255,-1.9498926762342956,1.3771020344628724
1771355019785435648,14.634435653686523,0.2457544207572937,0.4741531312465668,-0.2011484950780868,-0.8613746166229248,0.3803128600120544,0.3367432355880737,0.0633552074432373,0.275250494480133,0.3948851823806762,-0.3245287729477039,-0.4317341916183654,0.6942457770836177,-0.4757199900801776,-0.3901345449057177,-1.9434654483852432,1.38087944604272
1771355019795467008,14.644466876983644,0.1203916072845459,0.4252505600452423,-0.1301251798868179,-0.8635032773017883,0.3795865178108215,0.3320785164833069,0.0591973066329956,0.2516695857048034,0.4742415845394134,-0.3260869417598008,-0.4314915952596563,0.6927151363600977,-0.4771038071212068,-0.389349312837523,-1.937931688304404,1.3833824180967915
1771355019805497856,14.654497861862184,0.0087862415239214,0.3399604260921478,-0.0521334521472454,-0.8651432394981384,0.379004955291748,0.3284545540809631,0.0559544563293457,0.214577168226242,0.4790405929088592,-0.3275043196303002,-0.4310051536016777,0.69170935777211,-0.4780310129814902,-0.3887207892790229,-1.9336404093586976,1.3844563683060052
1771355019815529728,14.66452980041504,-0.0374078825116157,0.2033910006284713,0.0541546382009983,-0.8660159111022949,0.3790001273155212,0.3261521458625793,0.0643955469131469,0.1966528892517089,0.409962385892868,-0.3284570954605234,-0.4303249916848761,0.6913005645502334,-0.4785810571043305,-0.3887155648957746,-1.9309796561084196,1.3843255397208185
1771355019825560832,14.67456078529358,-0.0501945205032825,0.0895097106695175,0.1398658156394958,-0.8661277890205383,0.3796923756599426,0.3250484764575958,0.0613334774971008,0.2179943621158599,0.339120864868164,-0.3288438918660693,-0.4295450014099178,0.6913865235369073,-0.478891954419503,-0.3894637597739006,-1.9298205908912691,1.3834469544186656
1771355019835591680,14.68459177017212,-0.0365460850298404,-0.0188182312995195,0.2139613479375839,-0.8655623197555542,0.3810974359512329,0.3249102532863617,0.0515364408493042,0.1973327398300171,0.2690075635910034,-0.3286485341644791,-0.4287462018841266,0.691832218371719,-0.4790981434753649,-0.3909830263747798,-1.929895517880851,1.3822536793119156
1771355019845623808,14.694623708724976,-0.0012980829924345,-0.1340896934270858,0.2505084276199341,-0.8644172549247742,0.3830592930316925,0.3256504833698272,0.0392983555793762,0.1659519076347351,0.2204310595989227,-0.3278667241562293,-0.4280827688858675,0.6925102017537311,-0.4792474366642835,-0.3931059390967049,-1.931081392870142,1.3811483836174137
1771355019855654656,14.704654693603516,0.062826931476593,-0.2490999102592468,0.2774497866630554,-0.8627778887748718,0.3854542374610901,0.3271694183349609,0.0300750136375427,0.1438579559326172,0.2045079171657562,-0.3264980328594221,-0.4276806789922289,0.6933065335797483,-0.4793897099205363,-0.3957000468168768,-1.933248205219276,1.3804826027999997
1771355019865685760,14.714685678482056,0.1163231804966926,-0.3490142524242401,0.3013263344764709,-0.8606729507446289,0.3882452249526977,0.3294053971767425,0.0198372602462768,0.1216730177402496,0.2202314436435699,-0.3245676506093754,-0.4275464877509595,0.6941950028494271,-0.4795343859825042,-0.3987266900108824,-1.9363267393263748,1.380290799553541
1771355019875717888,14.724717855453491,0.1496445536613464,-0.4359917640686035,0.3290554583072662,-0.858145534992218,0.391410231590271,0.3322417438030243,0.0072543025016784,0.0855948030948638,0.2280457317829132,-0.3221570121487507,-0.4276108320779652,0.6951761293500777,-0.479681236271616,-0.4021635971766013,-1.94018712989597,1.3804436081046936
1771355019885748736,14.734748840332031,0.1131155788898468,-0.4929804801940918,0.3522318601608276,-0.8552312850952148,0.3948275446891784,0.3356949090957641,-0.0015498995780944,0.0564511716365814,0.2214340269565582,-0.31940626942926,-0.4277582076744391,0.6963263348604994,-0.4797210937430289,-0.4058801496032624,-1.9448373585282577,1.3805014336281634
1771355019895779840,14.744779825210571,0.0434221625328063,-0.5481817126274109,0.3715350031852722,-0.8520345091819763,0.3982008993625641,0.339814156293869,-0.0119335651397705,0.0112077593803405,0.2041312158107757,-0.3165449601448862,-0.4278752121560203,0.6977319583885206,-0.4794709215118211,-0.4095546908217167,-1.9502908821867613,1.3798849163768547
1771355019905810944,14.754810810089111,-0.0517054200172424,-0.6162376999855042,0.3955532610416412,-0.8485039472579956,0.4014630019664764,0.3447726368904114,-0.01215261220932,-0.0217022895812988,0.1972346901893615,-0.3135958744022033,-0.4279215799118575,0.6994779758316054,-0.4788227057005538,-0.4131136559783743,-1.9567476852693413,1.3782910204819463
1771355019915842816,14.764842748641968,-0.1103397011756897,-0.7052924633026123,0.4080804884433746,-0.8445805311203003,0.4045761823654175,0.3507157862186432,-0.0080804228782653,-0.0083970129489898,0.2004316747188568,-0.3104937835546641,-0.4279662143051557,0.7015716774176406,-0.4777401242801504,-0.4165153434870593,-1.9643834991163125,1.3757759608314988
1771355019925873664,14.774873733520508,-0.1469970494508743,-0.8066790103912354,0.4181243479251861,-0.8402060270309448,0.4076234698295593,0.3576269745826721,0.0004385709762573,-0.0006257891654968,0.2075433731079101,-0.3071121125146697,-0.428116008917014,0.7039390409294001,-0.4763073521292538,-0.4198499697306493,-1.973210639742443,1.3727166784174951
1771355019935904768,14.784904718399048,-0.1539467573165893,-0.9152109622955322,0.4335618913173675,-0.835345447063446,0.4106417894363403,0.3654744327068329,-0.0036285519599914,-0.0005465745925903,0.2010082006454467,-0.303380555056979,-0.4284378029652828,0.7065254918692802,-0.474576783941554,-0.4231578295830495,-1.9832176241832635,1.3693527964334211
1771355019945936640,14.794936656951904,-0.1559944450855255,-1.036784529685974,0.4552591741085052,-0.829893171787262,0.4137618839740753,0.3742705881595611,-0.009614884853363,-0.0012252926826477,0.1833008229732513,-0.2992063346519621,-0.4289363914659703,0.7093298669230033,-0.4725889138368769,-0.426582399049016,-1.994470295058637,1.36577157197378
1771355019955967744,14.804967641830444,-0.176646202802658,-1.1557767391204834,0.4887444376945495,-0.8237491250038147,0.4170750677585602,0.3840391635894775,-0.0149655938148498,-0.0012577474117279,0.1822450757026672,-0.2945249038719154,-0.4296003778369177,0.7123644391953211,-0.4703569138751651,-0.4302247240623666,-2.007047489270533,1.3619747311623602
1771355019965998848,14.814998865127563,-0.2359044700860977,-1.292840838432312,0.5290481448173523,-0.8168421983718872,0.4204487800598144,0.394957572221756,-0.021445095539093,-0.0148701965808868,0.1884163320064544,-0.2893933858321785,-0.4303626488819262,0.7157281455253719,-0.4677313522912854,-0.4339398853919519,-2.0211712843413925,1.3575365103660215
1771355019976029952,14.825029850006104,-0.3306247591972351,-1.467032790184021,0.5975608825683594,-0.8089234828948975,0.423880934715271,0.407391756772995,-0.0334075689315795,-0.0148995816707611,0.2118404507637024,-0.2837367570905368,-0.4311564086358475,0.7195832307714416,-0.4645402801208297,-0.4377259873476648,-2.0373374318476123,1.3519745322445018
1771355019986061824,14.83506178855896,-0.4594447910785675,-1.6483591794967651,0.6671855449676514,-0.7997445464134216,0.4273427128791809,0.4216480553150177,-0.0500785708427429,0.0226695537567138,0.2557200789451599,-0.2774871171902116,-0.431919548661996,0.7240645912558401,-0.4606266811442526,-0.4415515490194828,-2.0559886630869753,1.344855629072069
1771355019996092672,14.8450927734375,-0.5915713906288147,-1.8418622016906736,0.743284285068512,-0.7891814708709717,0.4307013750076294,0.4378230571746826,-0.0669891834259033,0.0249718427658081,0.2656834125518799,-0.2706428270226008,-0.4326364544678807,0.7292031461207644,-0.4558957864831705,-0.4452697871517086,-2.0773029259527327,1.3359900827563636
1771355020006123776,14.85512375831604,-0.7089883089065552,-2.0491631031036377,0.8185502886772156,-0.777062714099884,0.433910071849823,0.4559555053710937,-0.0685793161392211,0.0479777157306671,0.2785720527172088,-0.2631345500836516,-0.4333198368287556,0.7349909285097834,-0.4503136576481,-0.4488281714625607,-2.101429566731712,1.325372472507801
1771355020016155648,14.865155696868896,-0.7890820503234863,-2.258249282836914,0.892115592956543,-0.7632500529289246,0.4369950890541076,0.4759034514427185,-0.0853215456008911,0.0748456418514251,0.2946652173995971,-0.2548747735701315,-0.4340077797632055,0.741342680421866,-0.4439447418776311,-0.4522551844593545,-2.128332344714531,1.3132505703689006
1771355020026186752,14.875186681747437,-0.8557329773902893,-2.4687180519104004,0.9463340640068054,-0.7476710081100464,0.4399266839027405,0.4974462389945984,-0.1125432252883911,0.1012262403964996,0.3258417844772339,-0.2458162217920898,-0.4347602075212824,0.7481354710498189,-0.4368653381022059,-0.4555170354229446,-2.157871394820055,1.2999520365551729
1771355020036217600,14.885217666625977,-0.9182153940200806,-2.6573896408081055,0.9955588579177856,-0.7302942872047424,0.442534476518631,0.5204166769981384,-0.1373509764671325,0.117585152387619,0.3164362907409668,-0.2359953995062101,-0.4356042305639197,0.7552862265820958,-0.4290662621556413,-0.4584230073915171,-2.189936821512392,1.2855943308900295
1771355020046248704,14.895248651504517,-0.9402442574501038,-2.8196613788604736,1.0497204065322876,-0.7111245393753052,0.4449290931224823,0.5443712472915649,-0.1659353971481323,0.1410389542579651,0.271973967552185,-0.2254387870602469,-0.4364706064153814,0.762678852139758,-0.4207038690116057,-0.4610950686937377,-2.2241486552466863,1.2703924370395612
1771355020056280832,14.905280828475952,-0.9306176900863647,-2.953437089920044,1.0964351892471311,-0.6901981234550476,0.447218507528305,0.5688778758049011,-0.1763027310371399,0.1823591291904449,0.2542116641998291,-0.21415865827329,-0.4373392946394689,0.7701774390316578,-0.4119430621672702,-0.4636531060386771,-2.260134501519006,1.2546590197185887
1771355020066311936,14.915311813354492,-0.927617073059082,-3.046761989593506,1.1217339038848877,-0.6676866412162781,0.4493987560272217,0.5934940576553345,-0.1959607601165771,0.1932098567485809,0.2615779042243957,-0.2022570876838783,-0.4381993772293124,0.7776428144228839,-0.4029206049584476,-0.4660922011502781,-2.2974343422898773,1.2386718302473538
1771355020076342784,14.925342798233032,-0.9568670392036438,-3.137176752090454,1.1497870683670044,-0.6437710523605347,0.4511861503124237,0.6180530786514282,-0.2229890823364257,0.1770791411399841,0.2828257083892822,-0.189929851207662,-0.4390073759062162,0.7850471772862316,-0.3935733942652405,-0.4680940209044946,-2.335815755071702,1.2223075027311785
1771355020086374656,14.935374736785889,-1.0594547986984253,-3.225316286087036,1.1901382207870483,-0.6183310151100159,0.452244222164154,0.6427610516548157,-0.2340248823165893,0.1500048637390136,0.3151246905326843,-0.1772667596192779,-0.4396547190511498,0.7925176755266123,-0.383661200208403,-0.4692799904516411,-2.375564230337911,1.2050104454785764
1771355020096405760,14.945405721664429,-1.1660326719284058,-3.356337308883667,1.2155274152755735,-0.5912418961524963,0.4521772265434265,0.6678090691566467,-0.2424830794334411,0.148149311542511,0.3409953117370605,-0.1643021928596929,-0.4401587207973881,0.8001030197006088,-0.3729615419428716,-0.4692048657602767,-2.4169330877998667,1.186584686878572
1771355020106436608,14.955436706542969,-1.1654298305511477,-3.4805989265441895,1.2372876405715942,-0.5622937083244324,0.4512566030025482,0.6929600834846497,-0.2487720251083374,0.1772224605083465,0.3596065640449524,-0.1508310296257651,-0.440574193842281,0.807696984602524,-0.361621454072642,-0.4681729577594298,-2.459916515837883,1.1674678764765656
1771355020116468736,14.965468645095823,-1.045995831489563,-3.5977020263671875,1.2549084424972534,-0.5316349864006042,0.4501998722553253,0.7174150943756104,-0.2666133046150207,0.2141220569610595,0.3077619671821594,-0.1366707952697836,-0.4410330720680372,0.8149830507891829,-0.350162231241714,-0.4669891805488862,-2.503849088056642,1.148769430246411
1771355020126499840,14.975499868392944,-0.7942184209823608,-3.696174383163452,1.2915676832199097,-0.4992060959339142,0.4499909579753876,0.7404738664627075,-0.2751164138317108,0.2736571133136749,0.26549232006073,-0.121536784495227,-0.4415454669512161,0.8217509020635518,-0.3391045763695739,-0.4667552056097013,-2.548412646835218,1.131151120449878
1771355020136530944,14.985530853271484,-0.5283845663070679,-3.7679738998413086,1.312421202659607,-0.4651771783828735,0.45132976770401,0.7615194916725159,-0.2781700491905212,0.3240151405334472,0.2388010025024414,-0.1053596202845097,-0.4420472255896941,0.8278610900811141,-0.32884599743409,-0.4682549396613973,-2.593230502614225,1.1148583024512273
1771355020146561792,14.995561838150024,-0.3515847027301788,-3.835854768753052,1.3538576364517212,-0.42973792552948,0.4539612829685211,0.780540943145752,-0.2902479469776153,0.3090696334838867,0.2340463399887085,-0.0883328046223285,-0.4424442713992184,0.8333747841387098,-0.3192596961857888,-0.4712060975234917,-2.638316359642084,1.0994095486061308
1771355020156593920,15.00559377670288,-0.2838652431964874,-3.9239654541015625,1.407665491104126,-0.3927248120307922,0.4571762979030609,0.7979705333709717,-0.2947903871536255,0.2649916112422943,0.2535889148712158,-0.0705894104647141,-0.4426568540050482,0.8384749056804323,-0.3098900535607505,-0.4748176692135585,-2.684241088943878,1.0840014338057378
1771355020166624768,15.01562476158142,-0.2729271054267883,-4.01902437210083,1.4540542364120483,-0.354013592004776,0.4603291153907776,0.8141078352928162,-0.3084467649459839,0.2319011688232422,0.3041478395462036,-0.0522484833951034,-0.4426224693176154,0.8432907448366025,-0.300360123190409,-0.4783658969463729,-2.7314098765004555,1.0680614696633106
1771355020176655872,15.02565574645996,-0.2588642835617065,-4.118197917938232,1.48006272315979,-0.3136831521987915,0.4630120992660522,0.8289890885353088,-0.3370889723300934,0.21531742811203,0.3169156312942505,-0.0334180866235866,-0.4423759432943959,0.8478195945422874,-0.2904974183505009,-0.4813904960908728,-2.779851158585685,1.0515517014681013
1771355020186687744,15.035687685012816,-0.2621753811836242,-4.204455852508545,1.5383769273757937,-0.2717485129833221,0.4652160108089447,0.8424530029296875,-0.3625593781471252,0.1897065341472625,0.2829896211624145,-0.0140984152907233,-0.4418712939651261,0.8520424039969485,-0.2803119704445104,-0.4838786093620249,-2.829561831588573,1.0344300091125938
1771355020196718592,15.045718669891356,-0.229007139801979,-4.276151180267334,1.5864988565444946,-0.228339746594429,0.4670433104038238,0.8542430400848389,-0.3834460973739624,0.2006049156188964,0.2569628357887268,0.0056807254831394,-0.4410229669069756,0.8559323944108871,-0.2699002061718419,-0.4859440401542215,-2.880398434852829,1.016642587534209
1771355020206749696,15.055749654769896,-0.1852783113718032,-4.345992088317871,1.6130205392837524,-0.183658167719841,0.468538761138916,0.864142119884491,-0.3992581367492676,0.2001777291297912,0.2393584251403808,0.0258893639699233,-0.4398752528565015,0.8594072479025009,-0.2593430456799011,-0.487636030737256,-2.9321762999057643,0.9984178011840849
1771355020216780544,15.065780639648438,-0.0868228375911712,-4.385075569152832,1.6553852558135986,-0.1379488259553909,0.4699538946151733,0.8718448877334595,-0.4148923754692077,0.2104965448379516,0.2128108739852905,0.0465151989242596,-0.4384149012610662,0.8623890185659628,-0.2488250438411431,-0.4892385318142577,-2.984667262090468,0.9798933649259248
1771355020226812928,15.075812816619871,0.0281061436980962,-4.422611713409424,1.7173149585723877,-0.0913538858294487,0.4715968370437622,0.877069354057312,-0.4296574592590332,0.226645290851593,0.1924648284912109,0.0675737543779016,-0.4364960594326968,0.8648733175860488,-0.2385352130066823,-0.4911007571787372,-3.037808774645909,0.9608217811941686
1771355020236843776,15.085843801498411,0.1896052956581115,-4.448976993560791,1.7718734741210938,-0.0439716465771198,0.4737537801265716,0.879558801651001,-0.4407848119735718,0.2080851793289184,0.1877934336662292,0.0891315190230372,-0.434071539613499,0.8668109890925929,-0.2286397394678986,-0.4935484001682723,-3.0916413937350344,0.9411098152490012
1771355020246874880,15.095874786376951,0.2744972705841064,-4.455611705780029,1.832710027694702,0.0039057091344147,0.4762174189090729,0.8793187737464905,-0.450591504573822,0.1800935268402099,0.1546013951301574,0.1110479555200275,-0.4311129765846653,0.8682171383713614,-0.2191093487905335,-0.4963479951653312,3.1371509385358523,0.9206415891487864
1771355020256906752,15.10590672492981,0.2956004440784454,-4.472119331359863,1.86333692073822,0.0520978309214115,0.4782429933547973,0.8766807913780212,-0.4633221924304962,0.1490152478218078,0.1620458364486694,0.133114057253765,-0.4276723594387063,0.8691586472790459,-0.2096191537825161,-0.4986530066694187,3.082236233591326,0.8994222781993648
1771355020266937856,15.11593770980835,0.2602371275424957,-4.468362808227539,1.8728121519088743,0.1002978906035423,0.479304552078247,0.8718988299369812,-0.477266252040863,0.0881850719451904,0.1457403898239135,0.1551390803479949,-0.4239123179313217,0.8696250647332235,-0.1999561789118391,-0.4998621329896373,3.027062203226717,0.8778739144287977
1771355020276968704,15.12596869468689,0.1129970625042915,-4.469688415527344,1.892214059829712,0.1482759714126587,0.4786186218261719,0.8654122352600098,-0.4867617189884186,0.0225257575511932,0.1245779395103454,0.1768653350322684,-0.4198954760102305,0.8697090934974279,-0.1897696171479368,-0.4990807649275638,2.9719046440947547,0.8562435033483643
1771355020286999808,15.13599967956543,-0.1097425371408462,-4.4825053215026855,1.895939588546753,0.1960636675357818,0.4753556251525879,0.857668936252594,-0.4875828325748443,0.0119795501232147,0.1486939191818237,0.1981532791013165,-0.4157543871674473,0.8694726844221122,-0.1786079353882353,-0.495368209974951,2.916853726705986,0.8350044854966882
1771355020297031936,15.146031856536863,-0.2533582746982574,-4.524168491363525,1.8720824718475344,0.2435130774974823,0.4695707261562347,0.8486484885215759,-0.5141887664794922,0.0001099109649658,0.1503442525863647,0.2190048403197715,-0.4116282563191783,0.8688419971541386,-0.1664707540192765,-0.4888045030539692,2.862158107627588,0.8147669891326224
1771355020307062784,15.156062841415403,-0.234147310256958,-4.57792329788208,1.848666787147522,0.2906900644302368,0.4624537825584411,0.8376368880271912,-0.5264536142349243,0.0188541710376739,0.1515597701072693,0.2397902091225349,-0.4074670930307846,0.867634139650121,-0.1538900659715016,-0.4807607112446643,2.8075608892921866,0.7955149296957752
1771355020317093888,15.166093826293944,-0.10505261272192,-4.610964775085449,1.8366011381149292,0.3374838232994079,0.4551721811294555,0.823967456817627,-0.5455985069274902,0.0932285487651825,0.1357491016387939,0.2607734640696094,-0.4030712025902059,0.8657466873387496,-0.1414684144145549,-0.4725655661546853,2.752851653406675,0.7767356431832094
1771355020327125760,15.176125764846802,0.0242853946983814,-4.620161056518555,1.8311320543289185,0.383595198392868,0.4482430219650268,0.8074235916137695,-0.5746200084686279,0.1366721391677856,0.1195782423019409,0.2819736919121527,-0.3983051828842695,0.8631713561513982,-0.1295338715245106,-0.4647988732538791,2.6980746094282098,0.7580355948578389
1771355020337156864,15.186156749725342,0.164891168475151,-4.610334873199463,1.845363736152649,0.4287483692169189,0.4415068030357361,0.7881918549537659,-0.6023019552230835,0.1066193282604217,0.1097878217697143,0.3032542117042209,-0.3931190867956765,0.8599728542554611,-0.1180716070999196,-0.4572773101885183,2.643395041805527,0.739278704162925
1771355020347187712,15.196187734603882,0.2654619514942169,-4.617369651794434,1.8342602252960205,0.4728136360645294,0.4349144995212555,0.7663525342941284,-0.6078997850418091,0.0501012802124023,0.0556840300559997,0.3245869975594448,-0.3874945914012072,0.856168331416611,-0.1070835511749344,-0.449943327306498,2.588791315496245,0.720366536033978
1771355020357218816,15.206218719482422,0.3668130934238434,-4.577520370483398,1.833090543746948,0.5155505537986755,0.4282159507274627,0.7421853542327881,-0.600114643573761,0.0132666528224945,0.0073416829109191,0.3458282974282324,-0.3814520644037674,0.851813947406424,-0.0964894533700103,-0.4425176494681557,2.5344740740121945,0.701375926338863
1771355020367250688,15.216250658035278,0.4161223173141479,-4.526566505432129,1.845211386680603,0.5566944479942322,0.4212378263473511,0.7159959077835083,-0.5833057761192322,0.0140496790409088,-0.0088120698928833,0.3668267227960699,-0.3750034986641154,0.8469771644054451,-0.0862568754253798,-0.4348097000577943,2.480715920280743,0.6823734093660352
1771355020377281792,15.226281642913818,0.4223881065845489,-4.46801233291626,1.8420406579971311,0.5961378812789917,0.4135398268699646,0.6881895065307617,-0.5814740657806396,-0.0135458409786224,0.0093355774879455,0.3874320369329714,-0.3682079136729674,0.8417349250042822,-0.0761693077862045,-0.4263384778165598,2.4277451682009614,0.6636361615254047
1771355020387312896,15.236312866210938,0.3603617548942566,-4.392924785614014,1.833417296409607,0.6336250305175781,0.4048948884010315,0.6592265963554382,-0.5829658508300781,-0.0577421188354492,-0.0216837525367736,0.4074564751763726,-0.361265560386649,0.8361222932515483,-0.0660758072023456,-0.4168638783742853,2.3759942757410046,0.6457729192465421
1771355020397344768,15.246344804763794,0.237698420882225,-4.351469993591309,1.8277250528335571,0.6692296862602234,0.3948737680912018,0.629449188709259,-0.5727483630180359,-0.0859901010990142,-0.0194638967514038,0.4268222240687145,-0.3543124966461967,0.8301730202725442,-0.0556612173304367,-0.4059304597522694,2.32557256409419,0.6293243963537971
1771355020407375872,15.256375789642334,0.154477834701538,-4.279116153717041,1.8035755157470703,0.7029456496238708,0.3834809958934784,0.5990069508552551,-0.5633582472801208,-0.048794686794281,0.0054544210433959,0.4455165222554849,-0.3474395402497541,0.8238866673003793,-0.044848936663414,-0.3935625098884111,2.2765305013210453,0.614589644842982
1771355020417406720,15.266406774520874,0.1462602168321609,-4.2086286544799805,1.791786551475525,0.7345739006996155,0.3714177310466766,0.567846953868866,-0.5639195442199707,-0.0685155093669891,-0.0551211833953857,0.4635911697663941,-0.3405499364530164,0.8172816038283635,-0.0340554844307932,-0.3805355135264067,2.228873862856572,0.6010750244272286
1771355020427438848,15.27643871307373,0.2269569337368011,-4.122386932373047,1.7531312704086304,0.7641381621360779,0.359059989452362,0.535881757736206,-0.5432822704315186,-0.068608820438385,-0.0866934061050415,0.4811498785079123,-0.3334813958983912,0.810389428708679,-0.0235386277783503,-0.3672605096618007,2.182386910229132,0.5881811335517895
1771355020437469696,15.28646969795227,0.2915243804454803,-4.012410640716553,1.745180606842041,0.7915211319923401,0.3467954099178314,0.5032169222831726,-0.5300618410110474,-0.0474637746810913,-0.1630832552909851,0.4982036676010505,-0.3261365820381458,0.8032704348793724,-0.0135885349094456,-0.3541523232410224,2.137095292283576,0.5754157464300373
1771355020447500800,15.29650068283081,0.401562750339508,-3.889713764190674,1.7149183750152588,0.8167377710342407,0.3344822525978088,0.4701716303825378,-0.5339617729187012,-0.033884048461914,-0.1363855004310608,0.5146812954349005,-0.31848149677748,0.7960247187527659,-0.0041765678689467,-0.3410557731886742,2.093134180480462,0.5626926097752766
1771355020457531648,15.30653166770935,0.4634222090244293,-3.7400500774383545,1.6844842433929443,0.8397175073623657,0.3222917020320892,0.4370386600494385,-0.5364947319030762,-0.0267136394977569,-0.1134607195854187,0.5305277573623446,-0.3105688102593019,0.788711824315547,0.0045891620907265,-0.3281493656287515,2.0506769560871345,0.549964165754284
1771355020467563776,15.316563844680786,0.3949922621250152,-3.6046061515808105,1.6756370067596436,0.8605315685272217,0.3098354041576385,0.4043356776237488,-0.526745617389679,-0.0581569671630859,-0.1134269535541534,0.5455843671101882,-0.3026133723594498,0.7814044958749663,0.0130321972282684,-0.3150199246645652,2.0100485413755305,0.5379310967209467
1771355020477594880,15.326594829559326,0.2785818576812744,-3.529282569885254,1.6420105695724487,0.8794602155685425,0.2966838777065277,0.3721942603588104,-0.492329478263855,-0.1024242043495178,-0.0864429473876953,0.5598518468307269,-0.2949030177415873,0.7740344540047087,0.0216528606933113,-0.3012183045277536,1.971147816814271,0.5275779269750014
1771355020487625728,15.336625814437866,0.0712438523769378,-3.44884991645813,1.5837260484695437,0.8966512084007263,0.282936155796051,0.3405342698097229,-0.4650869369506836,-0.1142655611038208,-0.0677529871463775,0.5734045936647713,-0.2876983900663579,0.7664833842846601,0.0306588471061881,-0.2868539826562246,1.93375507404552,0.5195374409813547
1771355020497657856,15.346657752990724,-0.071635365486145,-3.381143569946289,1.5144603252410889,0.9120710492134094,0.2689057290554046,0.3095417618751526,-0.4275282025337219,-0.119949460029602,-0.0530416071414947,0.5861970960370735,-0.2811730113968863,0.7587572875682377,0.0400258898013923,-0.2722567383519401,1.8979820206653195,0.5140663790264723
1771355020507688704,15.356688737869264,-0.1992905139923095,-3.309476613998413,1.47499418258667,0.9258733987808228,0.254650205373764,0.2791265249252319,-0.4013678431510925,-0.1152612268924713,-0.0792669355869293,0.5983036854167313,-0.2751765853697913,0.7508935412541625,0.0496928705764752,-0.2574859809342599,1.863604644846386,0.5107535972154023
1771355020517719808,15.366719722747805,-0.2096216380596161,-3.2254793643951416,1.3873436450958252,0.9380706548690796,0.2407745867967605,0.2491000741720199,-0.3791718482971191,-0.0886750072240829,-0.1214756071567535,0.6098684748861756,-0.2695693516530373,0.7428878791774848,0.0592479128578165,-0.2431638364232001,1.8303513318088152,0.5087855086485918
1771355020527750656,15.376750707626345,-0.0726270377635955,-3.0866949558258057,1.307698130607605,0.948665976524353,0.2276254296302795,0.2195902019739151,-0.3640711307525635,-0.0652718544006347,-0.1903848350048065,0.6209292664930494,-0.2640184575183501,0.7349077190024673,0.0682045840526877,-0.2296383926898685,1.7982629039191504,0.5069394833494046
1771355020537782784,15.3867826461792,0.1712439507246017,-2.899739027023315,1.2375811338424685,0.9576619267463684,0.2155324965715408,0.1908653825521469,-0.3459675312042236,-0.0515920668840408,-0.3034905195236206,0.6315013893285863,-0.2581459106304855,0.7271818066431001,0.0759827181470771,-0.2172371157759309,1.767522099577264,0.5037928803303605
1771355020547813888,15.396813869476318,0.4912315309047699,-2.7177610397338867,1.1453003883361816,0.9651710987091064,0.2045940607786178,0.163053423166275,-0.3224860429763794,-0.0582317113876342,-0.4374979734420776,0.6416510905349734,-0.2516502745767775,0.719860297731668,0.082202949885361,-0.2060489832323084,1.7381534740692783,0.4982698789856968
1771355020557844992,15.406844854354858,0.8041751384735107,-2.5195016860961914,1.018898606300354,0.9712711572647096,0.1950501501560211,0.1363382786512375,-0.2835726141929626,-0.085965022444725,-0.5606698989868164,0.6514029376540226,-0.2445400519471425,0.7130002142888823,0.0866325597049124,-0.1963085811241166,1.7102561032037855,0.4899918120466061
1771355020567876864,15.416876792907717,1.0617753267288208,-2.2220211029052734,0.8864776492118835,0.9760429263114928,0.1869439035654068,0.1113214343786239,-0.2211447358131408,-0.1286247670650482,-0.6806268692016602,0.6605859478876612,-0.236986255806386,0.7067518885097259,0.0892503313752802,-0.1880502763656436,1.684359432907379,0.4791483084479949
1771355020577907712,15.426907777786257,1.0781114101409912,-1.8519641160964968,0.7649354934692383,0.9796255826950072,0.1798999011516571,0.0892738923430442,-0.2443655729293823,-0.1952655017375946,-0.7364602088928223,0.6687008271674514,-0.2295096130705486,0.7014002320330072,0.0905664301158102,-0.1808846961841989,1.6616759340395573,0.4672454077092974
1771355020587938816,15.436938762664797,0.8824096322059631,-1.401026487350464,0.6336898803710938,0.9821833968162536,0.1737779378890991,0.0715305656194686,-0.280676007270813,-0.3460497260093689,-0.7477238178253174,0.6751992952185908,-0.2229840599519875,0.6971681222286038,0.0913261990023169,-0.1746646816280101,1.6434960874613531,0.4566575911606921
1771355020597969664,15.446969747543337,0.4899780750274658,-0.9408032298088074,0.4630920886993408,0.9838915467262268,0.1688185185194015,0.0588020645081996,-0.2746630907058716,-0.5087080597877502,-0.7288460731506348,0.6797954880073197,-0.2181790641852225,0.6941173734542166,0.0920707162154185,-0.1696308606198125,1.6304901063939343,0.4492561927902969
1771355020608001792,15.457001686096191,0.0995610654354095,-0.4897641837596893,0.2800301015377044,0.98490971326828,0.165321335196495,0.0512027591466903,-0.2654578685760498,-0.5932388305664062,-0.7207126617431641,0.6824462598959424,-0.2155445870373306,0.6922007729230084,0.0930899375521891,-0.1660838269218916,1.622736828014358,0.4460374998944224
1771355020618032640,15.467032670974731,-0.1035457104444503,0.0091462917625904,0.0957902371883392,0.9853366017341614,0.1634818017482757,0.0488443523645401,-0.2575990557670593,-0.5889731049537659,-0.7376565933227539,0.6831743813934259,-0.2148809739742387,0.6915550177511337,0.0940782360597512,-0.1642189110837749,1.6203270171335096,0.4462143845338881
1771355020628063744,15.477063655853271,-0.0218425951898098,0.4430756270885467,-0.1342954337596893,0.9851849675178528,0.1636905521154403,0.051148734986782,-0.3062450885772705,-0.4355105757713318,-0.7542432546615601,0.6823470298746372,-0.2152715568670579,0.6922662237383346,0.0939589824234563,-0.1644305160776682,1.6226676537368034,0.4468245804866808
1771355020638095872,15.487095832824709,0.0516517758369445,0.8336455225944519,-0.3056458830833435,0.9844605922698976,0.1659523099660873,0.057421363890171,-0.2667635083198547,-0.2892433106899261,-0.7106196880340576,0.6802497181014182,-0.2163390343502846,0.694196012869655,0.0924643951928272,-0.1667236288661292,1.629058057639937,0.4468793956301483
1771355020648126720,15.497126817703249,0.0972884967923164,1.1278328895568848,-0.5008431077003479,0.983165681362152,0.1700135022401809,0.0669393092393875,-0.22454434633255,-0.3169098496437073,-0.6313467025756836,0.6771103473164441,-0.2179282380996862,0.6971204607249721,0.0897330003690568,-0.1708433775443728,1.6387768933400866,0.4463175919974342
1771355020658157824,15.507157802581789,0.0693674683570861,1.3647568225860596,-0.6505199670791626,0.9812490344047546,0.1757756620645523,0.0790772512555122,-0.2312796115875244,-0.297891765832901,-0.5051484107971191,0.673089232060885,-0.2202059542669149,0.7007481459718651,0.0860943040120457,-0.1766936462277374,1.6512109070975889,0.4458559096852973
1771355020668188928,15.517188787460327,-0.0579803586006164,1.552349090576172,-0.7573361396789551,0.9787166118621826,0.1827414780855178,0.0933776348829269,-0.1973903179168701,-0.2544119954109192,-0.3688139915466308,0.6682650327920857,-0.2232774574259602,0.7048659415689934,0.0820550081180244,-0.1837741606634051,1.6659166557421976,0.4463762912070599
1771355020678220800,15.527220726013184,-0.2524449229240417,1.707828164100647,-0.8467035889625549,0.9755519032478333,0.1904945224523544,0.1095921173691749,-0.1760676503181457,-0.2607459723949432,-0.2841068506240845,0.6626541518393233,-0.2272938620261539,0.7093190806502928,0.078060727292456,-0.1916658623812161,1.6826658826179963,0.4487579102292678
1771355020688251648,15.537251710891724,-0.4357699751853943,1.8176950216293335,-0.9000837206840515,0.9717497229576112,0.1986261010169983,0.1274771839380264,-0.1659177541732788,-0.292604923248291,-0.2598929405212402,0.6563007340242251,-0.2322316107349267,0.7140077544725526,0.0743699568531184,-0.1999558915580818,1.7012346389055837,0.4533448447019172
1771355020698282752,15.547282695770264,-0.5440333485603333,1.9139459133148191,-0.9547901153564452,0.9672939777374268,0.2069720029830932,0.1466464102268219,-0.1563656330108642,-0.2699755430221557,-0.282342791557312,0.6493448874475876,-0.2378686537176164,0.7188474887528282,0.0709090481439667,-0.2084789301947751,1.7212553995756494,0.4596990825658716
1771355020708314880,15.5573148727417,-0.5179631114006042,2.0164945125579834,-1.0114696025848389,0.9621244668960572,0.2156376987695694,0.1667845398187637,-0.1514402031898498,-0.2272496223449707,-0.315664529800415,0.6419316171897141,-0.2438649533472459,0.723824671084692,0.0673170987865653,-0.2173448409959135,1.7424408453089146,0.4668156074121325
1771355020718345984,15.56734585762024,-0.3802519738674164,2.118701934814453,-1.0817208290100098,0.956138789653778,0.2248787432909011,0.1876918375492096,-0.1564409136772155,-0.1702675372362136,-0.3272486925125122,0.634174128522222,-0.2497966349731364,0.7290044995544839,0.0630657155147714,-0.226818592868003,1.764633482094908,0.473350991963278
1771355020728376832,15.57737684249878,-0.2385931015014648,2.257829427719116,-1.1531928777694702,0.9491997361183168,0.2349385917186737,0.2093410342931747,-0.1862145662307739,-0.1067952811717987,-0.2877407073974609,0.6260818468511452,-0.2555308663251934,0.7344211958400653,0.0578876865739991,-0.2371553845687547,1.7878661877095603,0.4788003220824856
1771355020738408704,15.587408781051636,-0.146315723657608,2.3816142082214355,-1.2045317888259888,0.9412097334861756,0.2457470297813415,0.2318022102117538,-0.2097798585891723,-0.0843396335840225,-0.2308714836835861,0.6175824673521912,-0.2611190928592049,0.7400796755486836,0.0518715175462575,-0.2482902862024918,1.81227183845743,0.4834335501345808
1771355020748439808,15.597439765930176,-0.1871590316295623,2.494154214859009,-1.2374979257583618,0.9321942329406738,0.2568423151969909,0.2550408542156219,-0.2083325982093811,-0.0985781550407409,-0.1834008693695068,0.6086146613290503,-0.266735433029837,0.745903909121105,0.0454722695585695,-0.2597534733878212,1.83785303966056,0.4881600357542534
1771355020758470656,15.607470750808716,-0.3564595580101013,2.593772649765014,-1.250638484954834,0.922105610370636,0.2676434516906738,0.2794423103332519,-0.2058582305908203,-0.1043592393398284,-0.1633381247520446,0.598944769028318,-0.2727552934328042,0.7518814387620355,0.039292938985066,-0.2709464203226394,1.865047131288544,0.4944414263249499
1771355020768501760,15.617501735687256,-0.5184683799743652,2.694859266281128,-1.2626632452011108,0.9109166264533995,0.2779212892055511,0.3049432039260864,-0.2020392417907714,-0.1340614855289459,-0.1911279559135437,0.5885605117744862,-0.2792920250264923,0.757936383797072,0.0335379227384798,-0.2816294685602951,1.893835023214999,0.5027438586383542
1771355020778533632,15.627533674240112,-0.6397534608840942,2.7962822914123535,-1.2693363428115845,0.898551881313324,0.2875250875949859,0.3315629959106445,-0.1844099760055542,-0.156864047050476,-0.238163948059082,0.5774290675691257,-0.2862622600447584,0.764091234340552,0.0281819900367293,-0.2916417925757628,1.924293785216634,0.5129263725365565
1771355020788564736,15.637564659118652,-0.6430414319038391,2.896439790725708,-1.2783489227294922,0.8849630355834961,0.2966915369033813,0.3589076399803161,-0.1839284896850586,-0.1557765901088714,-0.3053188323974609,0.5657054417774147,-0.2933891290580781,0.7703094432915417,0.0228817962489299,-0.3012263135835721,1.9560885718454788,0.524085957006165
1771355020798595584,15.647595643997192,-0.5044025778770447,2.980990171432495,-1.3035885095596311,0.8700697422027588,0.3058215379714966,0.3865900635719299,-0.2048628330230713,-0.102650761604309,-0.3492975234985351,0.5535432461400426,-0.3003311402261113,0.7765927067603128,0.0171718102588616,-0.3108011949914619,1.9889173663011728,0.5350813800490424
1771355020808627968,15.657627820968628,-0.2652323246002197,3.1032118797302246,-1.3583543300628662,0.853691041469574,0.315739244222641,0.4141505360603332,-0.2404707074165344,-0.0470624268054962,-0.3718073964118957,0.5411250883394577,-0.3068127605352546,0.7829056157425988,0.0104156301974425,-0.32123566120669,2.0224767699885597,0.5447341083679006
1771355020818658816,15.667658805847168,0.0022793412208557,3.2356016635894775,-1.4352208375930786,0.8355902433395386,0.327039361000061,0.4414002597332001,-0.2668799757957458,-0.0233437120914459,-0.3442017436027527,0.5284835139554299,-0.3127640171092057,0.789226707976302,0.0022439065254721,-0.33316894415638,2.056787421448564,0.5526212944756481
1771355020828689920,15.677689790725708,0.1412404328584671,3.3318393230438232,-1.5032049417495728,0.815680742263794,0.3395934998989105,0.4683390855789184,-0.2877112627029419,-0.0555815994739532,-0.2756205201148987,0.5155382692014481,-0.3183545201864821,0.7954998076773925,-0.0071311241443817,-0.3464846720593095,2.0920063212156905,0.5594105103359361
1771355020838720768,15.687720775604248,0.0757972300052642,3.3995237350463867,-1.5634227991104126,0.7940758466720581,0.3526026904582977,0.4950906932353973,-0.2986382842063904,-0.09868124127388,-0.1417582333087921,0.5021620790210416,-0.3239997813136031,0.8016043173652938,-0.01696715948393,-0.3603509923185485,2.1283020946106888,0.5667356355999426
1771355020848752640,15.697752714157104,-0.1487602442502975,3.479952573776245,-1.6151185035705566,0.7707592248916626,0.3648713827133178,0.5223017334938049,-0.3138958215713501,-0.1519349813461303,-0.0603723526000976,0.488007169660773,-0.3301134917405791,0.80757410876449,-0.0264222655306993,-0.3734946517742821,2.1663613764744065,0.5763470136630653
1771355020858783744,15.707783699035645,-0.4282911121845245,3.5311946868896484,-1.661441206932068,0.7458098530769348,0.3757922351360321,0.5500434637069702,-0.3113921880722046,-0.1671741306781768,-0.0378363728523254,0.4730208639667623,-0.3369352612976151,0.8133242617378097,-0.0350643773510229,-0.3852515213347334,2.2062568694050726,0.5891183942978572
1771355020868814592,15.717814683914185,-0.6234598159790039,3.562469244003296,-1.7113531827926636,0.7192844152450562,0.3851374089717865,0.5781862139701843,-0.2912142872810364,-0.1613519489765167,-0.0923463702201843,0.4572417156000099,-0.3443996798764311,0.8188296406030393,-0.0428597151477476,-0.395356715239471,2.247871539411794,0.6049044723601711
1771355020878846976,15.72784686088562,-0.6351581811904907,3.609936475753784,-1.7496381998062134,0.6912026405334473,0.393625408411026,0.6060513257980347,-0.28182452917099,-0.1621494889259338,-0.1880062222480774,0.4409468549093267,-0.3521532501988564,0.8240228987696138,-0.0504013063540979,-0.4045720531965977,2.2906488296437812,0.6223909822589843
1771355020888877824,15.73787784576416,-0.4686043560504913,3.6889493465423584,-1.782853364944458,0.6615258455276489,0.4020723104476928,0.6330251097679138,-0.3002894520759582,-0.0865969955921173,-0.2565147280693054,0.4243553690559403,-0.3596785390040112,0.8289414287364831,-0.0583933162883475,-0.4137790472872836,2.3341821036054524,0.6399305732247482
1771355020898908928,15.7479088306427,-0.1468880325555801,3.7831571102142334,-1.8566133975982664,0.6298717856407166,0.4118379950523376,0.6585216522216797,-0.3251385688781738,-0.0117373764514923,-0.2850628495216369,0.4076218760866943,-0.3667315378311613,0.8335279289280778,-0.0677016389461834,-0.4244701485929467,2.3784277246182866,0.6564786406428615
1771355020908939776,15.75793981552124,0.1253847628831863,3.863802194595337,-1.9338940382003784,0.5961831212043762,0.42353355884552,0.6820448637008667,-0.3602974414825439,0.0098161101341247,-0.2405164837837219,0.3908923255888054,-0.3732763971400059,0.8376676931249546,-0.0786181754370922,-0.4373424811770078,2.4232662080129295,0.671919106050822
1771355020918971904,15.767971754074097,0.0677022933959961,3.8948488235473633,-1.978753924369812,0.5608093738555908,0.4356927275657654,0.7040345072746277,-0.4004243016242981,0.0169592499732971,-0.0549561977386474,0.3739633445619338,-0.3796186305336871,0.8413720554808215,-0.0901894919678319,-0.4508077651806546,2.468949591069353,0.6876997546570073
1771355020929002752,15.778002738952637,-0.2547029256820678,3.943232774734497,-2.014402389526367,0.5238209366798401,0.4460211396217346,0.725724995136261,-0.4626331925392151,-0.0405645966529846,0.1900311708450317,0.3562648377595759,-0.3863456429052641,0.8447482177851726,-0.1010587562150086,-0.4623148513443419,2.516391823526365,0.7060529208011879
1771355020939033856,15.788033723831177,-0.5531971454620361,3.861184120178222,-1.9894300699234009,0.485893189907074,0.4532689154148102,0.7472985982894897,-0.4685286581516266,-0.1144017279148101,0.2906194925308227,0.3378416404203258,-0.3934849823885437,0.8478318626237529,-0.1105158263810873,-0.4704291965884724,2.565077195754069,0.7271647676460105
1771355020949065728,15.798065662384031,-0.7046758532524109,3.724107265472412,-1.94025981426239,0.4480859339237213,0.4575506448745727,0.7680277824401855,-0.4123803079128265,-0.1146245300769805,0.2076345682144165,0.3192696659669533,-0.4007520680374022,0.850536109116811,-0.1185456333671954,-0.475238624637643,2.6134504625539825,0.7498619166389658
1771355020959096576,15.808096647262571,-0.5797217488288879,3.671422958374023,-1.8775383234024048,0.4105482101440429,0.4605894386768341,0.786960780620575,-0.3800916969776153,-0.0070830285549163,0.0445057153701782,0.3010054717499723,-0.4076575172802609,0.8528163646534177,-0.1261556253147178,-0.4786591685682781,2.660745367536538,0.7723064106822853
1771355020969127936,15.818127870559692,-0.1312249302864074,3.7147676944732666,-1.855404257774353,0.372439831495285,0.4648714065551758,0.803232729434967,-0.3612857460975647,0.1548031568527221,-0.1020304560661315,0.2831905216157995,-0.4137922839758141,0.8546299223666082,-0.1348579609566571,-0.4834893602764401,2.707424057489264,0.7931603075008131
1771355020979158784,15.828158855438232,0.5724464654922485,3.782500505447388,-1.8592933416366575,0.3333243429660797,0.4732365608215332,0.8154398202896118,-0.3253439962863922,0.2209620475769043,-0.2318216562271118,0.266295296468026,-0.4188184428450425,0.8557517280409688,-0.1461742892806009,-0.4929611762482012,2.753552010623787,0.8114959882476962
1771355020989190912,15.838190793991089,1.0354732275009155,3.9761576652526855,-1.9038310050964355,0.2924493849277496,0.4860631823539734,0.8235383629798889,-0.3130030035972595,0.2374626994132995,-0.280417263507843,0.2500073905116177,-0.4228210794258543,0.8561492399749122,-0.1603963343240352,-0.5075793261855498,2.8003698996145436,0.8281363348265612
1771355020999221760,15.848221778869627,0.8883424401283264,4.1751227378845215,-1.936155676841736,0.2489630728960037,0.4995083808898926,0.8297640681266785,-0.3675086498260498,0.1095308065414428,-0.124716579914093,0.2328944214394505,-0.4263766256602538,0.8562038294817067,-0.1757215451140101,-0.5230312117635075,2.8500984250344494,0.8455347055163069
1771355021009252864,15.858252763748167,0.0711269378662109,4.200405597686768,-2.0718817710876465,0.2037641555070877,0.5084733366966248,0.8366210460662842,-0.3807050883769989,-0.203221321105957,0.1500884294509887,0.2141651733650439,-0.4304785974382463,0.8561534388358117,-0.1892688020062583,-0.5334108708671764,2.9026879745103433,0.8662178571188464
1771355021019284736,15.868284702301024,-1.144406795501709,4.033432960510254,-2.0526273250579834,0.1582757979631424,0.5076824426651001,0.8468809723854065,-0.424877405166626,-0.4519574046134949,0.3621644377708435,0.1932194401444199,-0.435914375275772,0.8563989341663409,-0.1980550020490012,-0.5324926545254303,2.9568315202037008,0.891135555315963
1771355021029315584,15.878315687179564,-1.6720744371414185,3.941221475601196,-1.886430621147156,0.1141805946826934,0.4978705942630768,0.8597019910812378,-0.3965750336647033,-0.3223945498466491,0.4173670411109924,0.1708833143289524,-0.4417219483208739,0.8571655065415037,-0.2023557724058632,-0.5211416935935356,3.009551262769193,0.9164161869226723
1771355021039346688,15.888346672058104,-1.4675129652023315,3.845989942550659,-1.6516075134277344,0.0717770308256149,0.4855251908302307,0.8712709546089172,-0.3413082957267761,0.1392764151096344,0.2742519974708557,0.1488065257069998,-0.4466809108664452,0.8579694898851992,-0.205477652621519,-0.5069638097779363,3.0593962872317264,0.9387187076917312
1771355021049377792,15.898377656936646,-0.982201099395752,3.826286792755127,-1.5489346981048584,0.0304758679121732,0.4752260744571686,0.8793359994888306,-0.3302500545978546,0.3370603024959564,0.0896430015563964,0.1278238897055718,-0.450448949571495,0.8583494259437193,-0.2097454731648157,-0.4952209703510111,3.10694869990912,0.9577983162781012
1771355021059409920,15.90840983390808,-0.1179136484861373,3.9131288528442383,-1.4833662509918213,-0.0109132695943117,0.4703941941261291,0.8823885917663574,-0.3166166245937347,0.3839911818504333,-0.0854681730270385,0.1082715138676769,-0.4531741811794067,0.8578038595184408,-0.2169857885896523,-0.489737436003512,-3.129225412209752,0.9751446152114068
1771355021069440768,15.91844081878662,0.8504303693771362,4.015199184417725,-1.4138498306274414,-0.0528043992817401,0.4732255935668945,0.8793571591377258,-0.2718415856361389,0.4363659918308258,-0.2121362090110778,0.0904669773250119,-0.454800793423203,0.8560577124299217,-0.2283354707091827,-0.492948716209645,-3.0816158076018985,0.9917983193074912
1771355021079471872,15.92847180366516,1.4746220111846924,4.183164119720459,-1.4232372045516968,-0.0955166593194007,0.4827346205711365,0.8705425262451172,-0.2619205117225647,0.4002458453178406,-0.2239359021186828,0.0739937955542183,-0.4555165300182241,0.853097855277987,-0.2434209718901817,-0.5037745697845314,-3.0323089579409617,1.0090343925735932
1771355021089503744,15.938503742218018,1.3555432558059692,4.303704738616943,-1.5186963081359863,-0.1395158767700195,0.4937020540237427,0.8583667874336243,-0.3121747970581054,0.1888235807418823,-0.027220606803894,0.0573604117226099,-0.4559194671864524,0.8493060967639177,-0.2598583653484242,-0.5163416626974292,-2.980465253384265,1.0279604111229452
1771355021099534848,15.948534727096558,0.5515720248222351,4.330294609069824,-1.6233221292495728,-0.1843648552894592,0.4995571970939636,0.8464350700378418,-0.3584665656089782,-0.1844326853752136,0.2968449592590332,0.0390993639703053,-0.4565369878970692,0.845453439866836,-0.2743241530042038,-0.5230875603628257,-2.9271290039005353,1.0478638760102543
1771355021109565696,15.958565711975098,-0.5874252319335938,4.081208229064941,-1.6458921432495115,-0.2281770706176757,0.4959059953689575,0.8378618955612183,-0.3546171188354492,-0.43097984790802,0.4277478456497192,0.0188937020148411,-0.4575994041868109,0.8423382618458181,-0.2840987614602069,-0.5188778563299953,-2.8757080399372925,1.066250917438708
1771355021119597568,15.968597650527954,-0.9730743765830994,3.888726949691773,-1.5652459859848022,-0.2694554626941681,0.4846468865871429,0.8321728110313416,-0.2914576828479767,-0.2530641853809356,0.3323781490325928,-0.0021853619155197,-0.458769707206762,0.8400099706062581,-0.2896703887196355,-0.5059594157874854,-2.8284487789212585,1.0813382555906257
1771355021129628928,15.978628873825071,-0.6631689667701721,3.8870599269866943,-1.449363350868225,-0.3089158535003662,0.4732137620449066,0.8250092267990112,-0.2558730244636535,0.2518382370471954,0.1359742283821106,-0.0226448538001736,-0.4594074397001115,0.8375257668451203,-0.2949283449126377,-0.4929352764127436,-2.7833136708810753,1.0944774474969188
1771355021139659776,15.988659858703612,0.1623865365982055,3.977569341659546,-1.400282859802246,-0.3479550778865814,0.4663724601268768,0.813279926776886,-0.2939822077751159,0.4178743660449981,0.0122969150543212,-0.0418673688395104,-0.4594504311435647,0.8339935678400006,-0.3026668514372777,-0.4851854939364024,-2.737317533920148,1.1084170824197737
1771355021149690880,15.998690843582152,0.9586464166641236,4.072646141052246,-1.3729567527770996,-0.3868780434131622,0.4658868610858917,0.7957857251167297,-0.2852411568164825,0.449671059846878,-0.0682618618011474,-0.0594516141693742,-0.4591627116781943,0.8288923064853148,-0.3139628518603762,-0.4846366206947028,-2.6890793764197576,1.1254135856647598
1771355021159722752,16.00872278213501,1.4732446670532229,4.170344352722168,-1.3786464929580688,-0.4257780015468597,0.4700483679771423,0.773154079914093,-0.3320496678352356,0.3498978614807129,-0.0554265975952148,-0.0758861005134159,-0.4586247758446599,0.8223383489579424,-0.3281221462766136,-0.489345563242662,-2.638210153696263,1.145712645390216
1771355021169753856,16.01875376701355,1.6495836973190308,4.1812262535095215,-1.4515186548233032,-0.4643560349941253,0.4758033752441406,0.7469838857650757,-0.3835444450378418,0.1904411911964416,0.0253092646598815,-0.0917918473882696,-0.4580430438127827,0.8146707924243941,-0.3436311974855328,-0.4958771870435418,-2.5854122148372425,1.168678702866407
1771355021179784704,16.02878475189209,1.4509426355361938,4.167228698730469,-1.5501089096069336,-0.5022544264793396,0.4801051616668701,0.7191939949989319,-0.4116098284721374,0.0310186147689819,0.1356341242790222,-0.107786550866213,-0.457587483313235,0.8063564273234699,-0.3588665540710902,-0.5007745790264307,-2.531969955357253,1.1929050381263668
1771355021189815808,16.03881573677063,1.0816571712493896,4.117061614990234,-1.6419553756713867,-0.5392743349075317,0.4807448089122772,0.6914240121841431,-0.4211289882659912,-0.0626540780067443,0.2061740756034851,-0.1244828110195168,-0.4571358229921899,0.7979591783722753,-0.3725478184559431,-0.5015039061033472,-2.479199115948608,1.2161834602525008
1771355021199847680,16.048847675323486,0.7665005326271057,4.031495571136475,-1.6965835094451904,-0.5750039219856262,0.477656751871109,0.6642399430274963,-0.4118582606315613,-0.0723680555820465,0.2296657562255859,-0.1417609253316986,-0.4566766717405982,0.7896622004857472,-0.3844267547504019,-0.4979855706990048,-2.4280788375241724,1.237620559599916
1771355021209878784,16.058878660202026,0.5742919445037842,3.98607873916626,-1.6872738599777222,-0.6092591881752014,0.4719173610210418,0.6372579336166382,-0.4186949729919433,0.0158756673336029,0.2001597285270691,-0.1593488189876696,-0.4560331281834169,0.7814491421649542,-0.3949419079847961,-0.4914642619420368,-2.378652313066511,1.257034522255883
1771355021219909632,16.068909645080566,0.5256867408752441,3.943765163421631,-1.646323561668396,-0.6419203877449036,0.4648182392120361,0.6098214983940125,-0.4159561991691589,0.1105144023895263,0.1473042964935302,-0.1769303549191106,-0.4550403551445313,0.7732069673738885,-0.4047034998089316,-0.483429302803941,-2.3305566941728033,1.2747528423630468
1771355021229941760,16.078941822052002,0.6583219766616821,3.8652358055114746,-1.586649775505066,-0.6727546453475952,0.4576218724250793,0.5813630223274231,-0.4029746055603027,0.164097398519516,0.1162686347961425,-0.1939851705912596,-0.4538202131117215,0.7646755720897973,-0.4143526246859458,-0.4753187407155596,-2.283449850704512,1.2919693073423446
1771355021239972864,16.088972806930542,0.8189287185668945,3.7452728748321538,-1.4931066036224363,-0.7014248967170715,0.4512006640434265,0.551743745803833,-0.3840700984001159,0.2064226269721985,0.136488676071167,-0.2100666921397084,-0.4524359346326436,0.7557602839230887,-0.4242642241225651,-0.468110276926486,-2.2373155581777877,1.3094293499835548
1771355021250003712,16.099003791809082,0.915573000907898,3.5548272132873535,-1.440203070640564,-0.7276926040649414,0.44540935754776,0.521607518196106,-0.3662712574005127,0.2120919823646545,0.2209309339523315,-0.2250140599813951,-0.4510319619997809,0.7465748048962865,-0.4342407569041839,-0.4616314170220789,-2.19270642998644,1.3271281442967011
1771355021260035840,16.10903573036194,0.8855712413787842,3.2846946716308594,-1.3810385465621948,-0.7513880729675293,0.4395623803138733,0.4921391904354095,-0.3396306037902832,0.1703619360923767,0.3222376108169555,-0.2388240676256164,-0.4497944009580168,0.7373971783568727,-0.4437268396927348,-0.4551114054329012,-2.150659841089656,1.344441410627523
1771355021270066688,16.11906671524048,0.720318615436554,2.959639072418213,-1.2866822481155396,-0.7722676992416382,0.4332132637500763,0.4646818041801452,-0.2779033184051513,0.1450796425342559,0.4040011763572693,-0.2515226252791078,-0.4486681066332023,0.7287234241060477,-0.4521012986304597,-0.4480548999034804,-2.112472787475635,1.3599799740052372
1771355021280097792,16.12909770011902,0.5120071172714233,2.594867467880249,-1.145295262336731,-0.7901387214660645,0.4264602661132812,0.4402414858341217,-0.184272289276123,0.1434097290039062,0.4642385244369507,-0.2630235967863171,-0.4475484595868271,0.7209862133360754,-0.4590184062797421,-0.4405757155354302,-2.07912755646721,1.3727054414252244
1771355021290128640,16.13912868499756,0.2849574685096741,2.208406686782837,-0.9865578413009644,-0.8050314784049988,0.4196355938911438,0.4193211495876312,-0.1043923497200012,0.1625329852104187,0.5108240842819214,-0.2732571902315292,-0.4463575689430396,0.7144406893070963,-0.4644027421184068,-0.4330438254737443,-2.051004512149354,1.3821825674336088
1771355021300160768,16.149160861968994,0.0854857265949249,1.839764714241028,-0.7903342843055725,-0.8170768618583679,0.4131307005882263,0.4021301567554474,-0.0369881987571716,0.165452092885971,0.5326538681983948,-0.2821502710450294,-0.4450645889265961,0.7092126558488188,-0.4683227881706835,-0.4258891931017096,-2.0281499326557357,1.3884013086205658
1771355021310191872,16.159191846847534,-0.1080307438969612,1.4289854764938354,-0.6387764811515808,-0.8264705538749695,0.4071165323257446,0.3888480365276336,0.0313807129859924,0.1806520819664001,0.5299142003059387,-0.2896641036923567,-0.4437376612729996,0.705351614555802,-0.4708192682477444,-0.4192948840721655,-2.010560350689102,1.391540932429754
1771355021320222976,16.169222831726074,-0.2064172327518463,1.1001917123794556,-0.5115311741828918,-0.8336445689201355,0.4017120599746704,0.3790306448936462,0.0794330835342407,0.2123016417026519,0.4941688179969787,-0.2958246255903701,-0.4425505471543907,0.7026125097950576,-0.4721996567854237,-0.4133856330848229,-1.997524511271437,1.3925677028765149
1771355021330254848,16.17925477027893,-0.1843774318695068,0.829015851020813,-0.4201982915401459,-0.8391141891479492,0.3971216976642608,0.3717281520366668,0.1072721481323242,0.2554051578044891,0.4421299695968628,-0.3007357901818781,-0.4415941625091735,0.7006130691120511,-0.4729629388710732,-0.4083785003877407,-1.9878143875566257,1.3926853306161713
1771355021340285696,16.18928575515747,-0.1128618046641349,0.6169949769973755,-0.3574768602848053,-0.8433073163032532,0.393305629491806,0.3662560582160949,0.1176450848579406,0.2707416117191314,0.4090276956558227,-0.3045297190123308,-0.4409851147564219,0.6990423189856518,-0.4734275361129405,-0.4042242185248649,-1.980525398725585,1.3927905352791932
1771355021350316800,16.19931674003601,-0.0190399736166,0.4713229835033417,-0.3046091198921203,-0.8465748429298401,0.3902789950370788,0.3619297742843628,0.1035329103469848,0.2927348911762237,0.3731318414211273,-0.3073491485917946,-0.440752936693035,0.6976401235172454,-0.4738898032838067,-0.4009346069672843,-1.9748016067163772,1.3935570087564573
1771355021360347648,16.20934772491455,0.029313089326024,0.4169140756130218,-0.2526963949203491,-0.8492546677589417,0.3879634439945221,0.3581210374832153,0.0770685076713562,0.3359439969062805,0.3550441861152649,-0.3095269910462745,-0.4406910486709238,0.6963130878714524,-0.4744812300301447,-0.3984209242028907,-1.9698588770220151,1.3948631700824818
1771355021370379776,16.219379663467407,0.0468318983912467,0.3990232050418854,-0.2172494381666183,-0.8516266345977783,0.3861122727394104,0.3544706106185913,0.0605957508087158,0.3102531135082245,0.3463808298110962,-0.3114150750464041,-0.4406076356045983,0.6950541131631028,-0.4751687437746849,-0.3964132834043963,-1.9652133894534576,1.3962886317773884
1771355021380410624,16.229410648345947,-0.0494622364640235,0.3992824554443359,-0.180979311466217,-0.8538120985031128,0.3844190537929535,0.3510373830795288,0.0614688396453857,0.2846026122570038,0.3561464846134186,-0.3133063364441251,-0.4403094575915349,0.6940073965285949,-0.4757316196350134,-0.3945784218705356,-1.9608701790484375,1.3970232290004008
1771355021390441984,16.239441871643066,-0.0821922197937965,0.4236248135566711,-0.145584300160408,-0.8558783531188965,0.3828541934490204,0.3476996421813965,0.0601935386657714,0.2977030575275421,0.3737664222717285,-0.3152655612462388,-0.4397679307687699,0.6931478791478973,-0.4761909932751526,-0.3928839123597997,-1.9566780379297852,1.3970603679268945
1771355021400473856,16.249473810195923,-0.0833671241998672,0.4444468915462494,-0.0918315947055816,-0.8578425049781799,0.3816131055355072,0.3442064821720123,0.0607994794845581,0.3387238383293152,0.3850721418857574,-0.317247551367639,-0.4389716486081692,0.6923923287907666,-0.4767084019297606,-0.3915408613510839,-1.9523770062122725,1.3967037962156323
1771355021410504704,16.259504795074463,-0.0905067920684814,0.4209823310375213,-0.0357054769992828,-0.8595649003982544,0.380834013223648,0.3407547771930694,0.0436773300170898,0.3156382143497467,0.3814285099506378,-0.3190790925991388,-0.4380015538284597,0.6917600910088848,-0.4772957319878987,-0.3906980998343112,-1.9482187730234373,1.3961270170832156
1771355021420535808,16.269535779953003,-0.0957773625850677,0.3349903225898742,0.0366454198956489,-0.8608575463294983,0.3805013000965118,0.3378510475158691,0.0300163030624389,0.286628246307373,0.3756499588489532,-0.3206118202269543,-0.4369337677717106,0.6913858599929669,-0.4777893277111352,-0.3903383207246808,-1.944784744175428,1.3951366810003734
1771355021430567168,16.2795672416687,-0.0566656477749347,0.207453653216362,0.1066865548491478,-0.8615008592605591,0.3808603882789612,0.335799902677536,0.0233051180839538,0.2736348509788513,0.3554385602474212,-0.3215476348618258,-0.4359134078912614,0.6912882543770166,-0.4782333719250843,-0.3907266232251322,-1.9424655470811991,1.3940842420354704
1771355021440599552,16.289599418640137,-0.0514776296913623,0.0994157344102859,0.1715805977582931,-0.8614861965179443,0.3819073736667633,0.3346464335918426,0.0201471447944641,0.2642870545387268,0.3333680331707001,-0.3218700350543004,-0.4349558148489688,0.6914742649167167,-0.4786192986538662,-0.3918592224040125,-1.9413084750892688,1.3929792136293258
1771355021450630400,16.299630403518677,-0.0455052256584167,-0.0328331142663955,0.2360863536596298,-0.8608105778694153,0.3835171163082123,0.3345442712306976,0.0224011540412902,0.2180301249027252,0.29509437084198,-0.3216031529781853,-0.4340793271369522,0.6919879152927221,-0.4788520634596463,-0.3936016294212377,-1.9414702545568885,1.3916637146914004
1771355021460661504,16.309661388397217,-0.0189440120011568,-0.1592400521039962,0.2820927202701568,-0.8594955801963806,0.3856320083141327,0.3354928195476532,0.0295089483261108,0.1638064980506897,0.2492850124835968,-0.3207338161743967,-0.4333459495207997,0.6927897953224654,-0.4789399523518034,-0.3958927308822845,-1.9429447638878845,1.39027468552524
1771355021470693376,16.319693326950073,0.0021980246528983,-0.2597339153289795,0.3346486091613769,-0.8575809597969055,0.3882596492767334,0.3373568952083587,0.0331332087516784,0.1638339161872863,0.2349545061588287,-0.3192712249515522,-0.4327717178518456,0.6938206504927287,-0.4789442106799925,-0.398742341704071,-1.9455845425994849,1.3889679531181494
1771355021480724224,16.329724311828613,0.0582935214042663,-0.3459007740020752,0.3602825999259949,-0.855181097984314,0.391381025314331,0.3398325145244598,0.0282768607139587,0.1427834033966064,0.2225912809371948,-0.3173061884382879,-0.432326650974442,0.6949891591381834,-0.478957742866765,-0.4021318658687681,-1.9490427081928856,1.3878816403624217
1771355021490755328,16.339755296707153,0.0632629767060279,-0.4079465568065643,0.3905569016933441,-0.8524129986763,0.3948246836662292,0.3427906632423401,0.0220450162887573,0.0993006527423858,0.2086771428585052,-0.314954529213811,-0.4320159637164565,0.6962453098050939,-0.4789658544494571,-0.4058770315208249,-1.953147459249496,1.3870078547795175
1771355021500786432,16.349786281585693,0.0368738025426864,-0.467113584280014,0.4010273814201355,-0.8493291139602661,0.3983757793903351,0.3463184237480163,0.0147956013679504,0.0682226717472076,0.2090098261833191,-0.3123663796727014,-0.4317638515926811,0.697666960528839,-0.47881929949705,-0.4097453696343158,-1.957970343342105,1.3859025098321025
1771355021510818304,16.35981822013855,-0.0142538286745548,-0.5173376202583313,0.416307270526886,-0.8459792733192444,0.4018929898738861,0.3504300713539123,0.0099654793739318,0.0465933382511138,0.2081484794616699,-0.3096397055596697,-0.4315336487337344,0.6992808747426749,-0.4784435855433366,-0.413583205253985,-1.9635095138572485,1.3843478951831512
1771355021520849152,16.36984920501709,-0.061254184693098,-0.5903775691986084,0.4264869391918182,-0.8423189520835876,0.4053297936916351,0.355255126953125,0.0102573633193969,0.0226181745529174,0.2098083198070526,-0.3067771021206303,-0.4313107049677723,0.7011409550514855,-0.4777657602125659,-0.4173395511525802,-1.969918140987708,1.3821632866769065
1771355021530880256,16.37988018989563,-0.0837608277797699,-0.6786448955535889,0.4387595653533935,-0.8382818102836609,0.4087244272232055,0.3608705401420593,0.0113471746444702,0.005582183599472,0.2117306590080261,-0.3036718193702181,-0.4311855365308167,0.703217104576519,-0.4768102338130634,-0.4210559823952677,-1.9773064388040784,1.3795704478333206
1771355021540912384,16.389912366867065,-0.1204788908362388,-0.7678655982017517,0.4560757279396057,-0.8337992429733276,0.4120919704437256,0.3673670291900635,0.0139446854591369,0.0003072321414947,0.2123904526233673,-0.3002785760207764,-0.4311696154838266,0.7055326224286874,-0.4755513489693259,-0.424748875231657,-1.985800838790844,1.3765363008072924
1771355021550943488,16.399943351745605,-0.1329728364944458,-0.8954077959060669,0.4847931265830993,-0.8287714719772339,0.4155201315879822,0.3748073875904083,0.0106716156005859,-0.0140004158020019,0.2031343877315521,-0.2965076025268283,-0.4312845142742075,0.7080941805731985,-0.4740036236928834,-0.428514572558518,-1.995515279172443,1.3731267559412037
1771355021560974336,16.409974336624146,-0.1526183634996414,-1.0489490032196045,0.524058997631073,-0.8229666948318481,0.4191488623619079,0.3834576904773712,0.0062096714973449,-0.0081381797790527,0.2194170355796814,-0.292163803045944,-0.4315863955561885,0.710958529544594,-0.4721349244623241,-0.4325076507165009,-2.0068311810668926,1.369370843673329
1771355021571005440,16.420005321502686,-0.1811093986034393,-1.2300269603729248,0.5740891098976135,-0.8162150382995605,0.4230118989944458,0.3935144245624542,0.0011059045791625,-0.0088731348514556,0.2341862320899963,-0.2871678467902277,-0.4320617274102823,0.7141987629205837,-0.4698694495149155,-0.4367666747228536,-2.020038705217043,1.3650820389143383
1771355021581037312,16.430037260055542,-0.2413238286972046,-1.4300535917282104,0.6436477303504944,-0.8082849979400635,0.4271313846111297,0.4052575230598449,-0.0095096230506896,0.0013200938701629,0.254700243473053,-0.2814151665330819,-0.4326978262918821,0.7179145813505462,-0.4670937598001815,-0.4413178041227419,-2.0355469018090355,1.3599992840507744
1771355021591068160,16.440068244934082,-0.2961484491825104,-1.6322344541549685,0.7166982293128967,-0.7990264296531677,0.4315036833286285,0.4187616109848022,-0.0289154052734375,0.0187068581581115,0.2684331834316253,-0.2748722097165667,-0.433454660836938,0.7221480929784666,-0.4637504166217535,-0.4461589560756647,-2.053529541828332,1.3539327433210655
1771355021601099264,16.450099229812622,-0.3865311741828918,-1.848474621772766,0.8006266951560974,-0.7882757782936096,0.4360927939414978,0.4341016113758087,-0.0449455380439758,0.0285220146179199,0.2871813178062439,-0.2675170723819919,-0.434281686799562,0.7269458169175304,-0.4597648936785193,-0.4512522765668689,-2.074174992572656,1.3466426307081167
1771355021611131392,16.460131406784058,-0.512864887714386,-2.086646318435669,0.8753131628036499,-0.7758503556251526,0.4406615197658539,0.4515238404273987,-0.0762920975685119,0.0488252341747283,0.3347920775413513,-0.2593780612208347,-0.4351319508215485,0.7324084250950572,-0.4549298270561344,-0.4563354594713917,-2.097855084876802,1.337650296436654
1771355021621162496,16.470162391662598,-0.6219702959060669,-2.349224805831909,0.9451769590377808,-0.7615559697151184,0.4450507462024688,0.4711290597915649,-0.1125896573066711,0.0498528778553009,0.3852857947349548,-0.2503792925148217,-0.4360795656870606,0.7385114342542655,-0.4491611700251538,-0.4612309135223449,-2.1248091521158132,1.3269849579732105
1771355021631193344,16.480193376541138,-0.7110437154769897,-2.620260000228882,1.0214216709136963,-0.7451223731040955,0.4492267072200775,0.4929381906986236,-0.138926088809967,0.0772320330142974,0.3989685773849487,-0.2404033011756064,-0.4371516225261364,0.7452298648041301,-0.4424219375052712,-0.4658995924335333,-2.1552505655484886,1.31468337897121
1771355021641224448,16.490224361419678,-0.7068286538124084,-2.8635754585266113,1.0867992639541626,-0.7264481782913208,0.453434020280838,0.5164021849632263,-0.1592026352882385,0.1092491745948791,0.399125337600708,-0.2293160546565612,-0.4384124229906305,0.7523268111320118,-0.434986504757684,-0.4706144294998259,-2.1887730199972775,1.301462728762148
1771355021651256320,16.500256299972534,-0.6658095717430115,-3.0291595458984375,1.1346869468688965,-0.7057260274887085,0.4577495455741882,0.540755033493042,-0.1789632439613342,0.1232745945453643,0.3496868014335632,-0.2172495506045131,-0.4398056649436117,0.7595712638653253,-0.4271124732292886,-0.4754623424754873,-2.2246098870277047,1.28776473689294
1771355021661287424,16.510287284851074,-0.6906848549842834,-3.177576780319214,1.2322635650634766,-0.6830388903617859,0.4622458517551422,0.5654968619346619,-0.2099359631538391,0.1198159158229827,0.2788482904434204,-0.2043395074997825,-0.4411613391721906,0.7668931421405274,-0.4189235712628519,-0.4805261976296675,-2.2623272231631946,1.2735027025730885
1771355021671318272,16.520318269729614,-0.7591949105262756,-3.298797130584717,1.302296161651611,-0.6583378911018372,0.4665796458721161,0.5906732678413391,-0.2312037944793701,0.1868475079536438,0.3041936755180359,-0.1907852534360862,-0.4422724517334692,0.7744234784372629,-0.4102004898369422,-0.4854197456266154,-2.3020728449065424,1.25789436998458
1771355021681350144,16.53035020828247,-0.8300375938415527,-3.4283688068389893,1.3398206233978271,-0.6317586898803711,0.4703491032123565,0.6161596775054932,-0.2688455581665039,0.1787445247173309,0.3317773342132568,-0.1767281973191788,-0.4432095728826933,0.7820774354020901,-0.4008582431404306,-0.4896863437499091,-2.343695115918814,1.2410427653810745
1771355021691381248,16.54038119316101,-0.8637694716453552,-3.577524423599243,1.385255217552185,-0.6031795144081116,0.4734161794185638,0.6419121623039246,-0.2827152013778686,0.1978026330471038,0.3419896960258484,-0.1621044680031788,-0.4440576442806915,0.7897904101233073,-0.390852838215705,-0.4931650914822779,-2.387292755003404,1.2231446883437933
1771355021701412352,16.55041241645813,-0.7504166960716248,-3.7132604122161865,1.425069808959961,-0.5725335478782654,0.4763421416282654,0.6673109531402588,-0.3040687441825866,0.2544624209403991,0.362977921962738,-0.1466868744435176,-0.4448940986931289,0.7973234718934356,-0.3805622228323703,-0.4964898397679643,-2.432489088519923,1.205026742285646
1771355021711443456,16.56044340133667,-0.5547865033149719,-3.8188536167144775,1.4561976194381714,-0.5399325489997864,0.4799169301986694,0.6914859414100647,-0.3126828074455261,0.2980371713638305,0.3561978340148926,-0.1302966488311752,-0.4457508359652513,0.8043936604599277,-0.3705129972500653,-0.5005600254102097,-2.47865089630631,1.1875552292198306
1771355021721475328,16.570475339889526,-0.3461014628410339,-3.9275927543640137,1.480294704437256,-0.5055004358291626,0.4844668507575989,0.713975727558136,-0.3267444372177124,0.3045651316642761,0.3468916416168213,-0.1129048765523579,-0.44663169678292,0.8108686680367309,-0.3609219831347398,-0.5057536319095507,-2.525512467490018,1.170989960737545
1771355021731506432,16.580506324768066,-0.198157787322998,-4.0049214363098145,1.493746280670166,-0.4694057703018188,0.4897807240486145,0.734692394733429,-0.3444827497005462,0.2916828691959381,0.337283194065094,-0.0946641266312938,-0.4474997955393128,0.8167558579071499,-0.3516993953545876,-0.5118382320796101,-2.5730497741278633,1.1550647823290825
1771355021741537280,16.590537309646606,-0.1312092989683151,-4.067262172698975,1.5083822011947632,-0.4318645000457763,0.4953849017620086,0.7537151575088501,-0.370686799287796,0.2291787564754486,0.2887803912162781,-0.0758202552570749,-0.4482961032680401,0.8221241810692662,-0.3426275355195414,-0.5182778812911938,-2.6212769703705185,1.1393402465054394
1771355021751568384,16.600568294525146,-0.1586686223745346,-4.1149492263793945,1.5523369312286377,-0.3929245769977569,0.5006750822067261,0.7713202238082886,-0.363178938627243,0.1824151277542114,0.2438927888870239,-0.0566056619579595,-0.4488734803522045,0.827147332694219,-0.3333702597900039,-0.5243784680113193,-2.6704388805073744,1.123063064448805
1771355021761600256,16.610600233078003,-0.2419523298740387,-4.159824848175049,1.6125797033309937,-0.3525752425193786,0.5050393342971802,0.7877981066703796,-0.345651626586914,0.1513174176216125,0.237210988998413,-0.0372282128595419,-0.4490562548106884,0.8320141456309247,-0.3235969345283159,-0.52942753360299,-2.720782027472683,1.1054917592697189
1771355021771631360,16.620631217956543,-0.3598763048648834,-4.212594032287598,1.6772106885910034,-0.3108065128326416,0.5080873966217041,0.8032723665237427,-0.3398892879486084,0.1662900447845459,0.2508200407028198,-0.0177684475550568,-0.4488122983213526,0.8367817511395133,-0.3131263195887145,-0.5329627315856549,-2.77240800912008,1.0864641767913945
1771355021781662208,16.630662202835083,-0.4182539582252502,-4.250058650970459,1.7364604473114014,-0.2676680386066437,0.5099098086357117,0.817524254322052,-0.3494126498699188,0.2016838192939758,0.2677571773529053,0.0018124257506874,-0.4481333216713484,0.841390904909777,-0.3020506833060443,-0.5350799453253948,-2.8251798674104105,1.066195871951734
1771355021791694336,16.64069437980652,-0.3852209150791168,-4.2822394371032715,1.7759766578674316,-0.2233947813510894,0.5108762383460999,0.8301205039024353,-0.3753448128700256,0.2167543172836303,0.2645601630210876,0.0215662584065724,-0.4470600653226351,0.8456935302724375,-0.2906451428485243,-0.5362037982176401,-2.8787093467117857,1.0451838620532594
1771355021801725440,16.65072536468506,-0.2977561056613922,-4.315324783325195,1.8127301931381223,-0.1781509518623352,0.5116102695465088,0.8405458331108093,-0.3963729739189148,0.2174546718597412,0.2189482450485229,0.0416416076980639,-0.4456258087087031,0.8495237168810162,-0.2792724444411714,-0.5370578707240014,-2.932736669516508,1.0238691965488034
1771355021811756288,16.6607563495636,-0.1930581927299499,-4.3514723777771,1.8487608432769775,-0.1320315599441528,0.5123709440231323,0.8485537767410278,-0.4087246656417846,0.2140541672706604,0.1971462368965149,0.0621017137208673,-0.443814734569507,0.8528220076505386,-0.268079168182673,-0.5379433977795686,-2.9872344145693224,1.0023068253215244
1771355021821787392,16.67078733444214,-0.0737060606479644,-4.369181156158447,1.854338526725769,-0.0852463990449905,0.5132484436035156,0.8539962768554688,-0.4400069415569305,0.1986962556838989,0.1860429644584655,0.0829322372191813,-0.441670318641689,0.8555264266353754,-0.2571463735625582,-0.5389655400821436,-3.042101651319207,0.9806353874502376
1771355021831819264,16.680819272994995,-0.0678702741861343,-4.401653289794922,1.8800612688064575,-0.0379998907446861,0.5138813853263855,0.857019305229187,-0.4660284221172333,0.1434978246688842,0.161794900894165,0.1039909882416124,-0.4392155286655186,0.8576708996645709,-0.2463255115984636,-0.5397031521658293,-3.0972820794717597,0.9588236662201602
1771355021841850368,16.690850257873535,-0.1655732244253158,-4.458428859710693,1.882717490196228,0.0098147131502628,0.5131800770759583,0.8582251071929932,-0.488955944776535,0.1013372540473938,0.1900691390037536,0.1250944425850244,-0.4365308905710347,0.8593912525844538,-0.2350296749406557,-0.5388858659860845,3.130157093035439,0.9368225139149255
1771355021851881216,16.700881242752075,-0.2784696817398071,-4.517919540405273,1.891318917274475,0.0581176169216632,0.5105981230735779,0.8578532338142395,-0.5117919445037842,0.0627051591873169,0.1812093257904052,0.1461209832873015,-0.4337045742553434,0.8607130566912519,-0.2229845741600982,-0.535880311948175,3.073948279972498,0.9149316135869718
1771355021861913088,16.71091318130493,-0.3233214914798736,-4.572843074798584,1.8956996202468872,0.1068571731448173,0.5063588619232178,0.8556764125823975,-0.5165404081344604,0.0803110003471374,0.1722013354301452,0.1671409738525661,-0.4307084611219199,0.8615848298237715,-0.2102989560192874,-0.5309570322335149,3.0173554609220763,0.8933193293082298
1771355021871944448,16.72094440460205,-0.2591651380062103,-4.619095325469971,1.8868435621261597,0.1558053195476532,0.5013229846954346,0.8511165976524353,-0.5138833522796631,0.1091504693031311,0.1674073934555053,0.1883176377997119,-0.4275000481571515,0.8618596193433051,-0.1974285331771902,-0.5251270723338198,2.960537430778954,0.8721321659563843
1771355021881975296,16.73097538948059,-0.1310529708862304,-4.623076438903809,1.8785749673843384,0.204526275396347,0.496246337890625,0.8437466621398926,-0.5283178091049194,0.1193084418773651,0.0896791815757751,0.2096791230777526,-0.4239935301058851,0.8614539016132446,-0.1848277326742187,-0.5192698025049699,2.903777297689396,0.8513008049620776
1771355021892006400,16.74100637435913,0.0016864323988556,-4.633890151977539,1.8921996355056765,0.2528439462184906,0.4913906455039978,0.8334299325942993,-0.5292111039161682,0.1150241494178772,0.0610404014587402,0.2312383047159775,-0.4200660348298831,0.8603833378805689,-0.1726671813809885,-0.5136857562629689,2.847040072525647,0.8304895335259534
1771355021902038272,16.751038312911987,0.083910197019577,-4.598958492279053,1.92538321018219,0.3005381822586059,0.4864750504493713,0.8203769326210022,-0.5325939059257507,0.1316888630390167,0.0564997196197509,0.2528497897316441,-0.4156391988138495,0.858738920132332,-0.1608675731702723,-0.5080506777664066,2.790434468049033,0.8094935009313263
1771355021912069376,16.761069297790527,0.1110563278198242,-4.555886745452881,1.938380002975464,0.3472530543804168,0.4810009896755218,0.8050177693367004,-0.543770968914032,0.0931262671947479,0.0455834865570068,0.2742536226563226,-0.4107452405619892,0.8566196621693869,-0.1492519149869762,-0.5017960999151365,2.7343467709871008,0.7884748754430488
1771355021922100224,16.771100282669067,0.0563917532563209,-4.525075435638428,1.952958583831787,0.3928618133068084,0.4744812548160553,0.7877354025840759,-0.5445952415466309,0.0395262837409973,0.0375056862831115,0.2953155532562948,-0.4055416554470877,0.8540513258442368,-0.1375536404690238,-0.4943746326616434,2.678967111339389,0.7679124198766943
1771355021932132352,16.781132221221924,-0.0334020480513572,-4.486005783081055,1.9429302215576172,0.4372641444206238,0.466467946767807,0.7689005732536316,-0.5510793924331665,0.01227667927742,0.0261587500572204,0.3159048121823324,-0.4001578972090641,0.8510722402758061,-0.1255148131878511,-0.4852934612848673,2.6245153409731055,0.7482856953991495
1771355021942163200,16.791163206100464,-0.1584703028202057,-4.4655537605285645,1.9336477518081665,0.4803328514099121,0.4568153619766235,0.7487325668334961,-0.5592817664146423,0.0001091361045837,0.0265207886695861,0.3359483709767917,-0.3947236690632256,0.8476788906792843,-0.113015569868056,-0.4744118976779739,2.5711962694367374,0.7300625349065138
1771355021952194304,16.801194190979004,-0.2536311745643616,-4.458980083465576,1.9030600786209104,0.5220409035682678,0.4455884099006653,0.7272718548774719,-0.5621410012245178,-0.0102246403694152,0.0296251773834228,0.3554746280727117,-0.3893487954509375,0.8438266624194924,-0.1000093796289388,-0.4618314072240104,2.5190153354449087,0.713596398290707
1771355021962225408,16.811225414276123,-0.249094471335411,-4.437578201293945,1.8697489500045776,0.5623098611831665,0.4334557354450226,0.7042187452316284,-0.5692068338394165,-0.0177604854106903,0.0138751864433288,0.3746350909191922,-0.3839420556933198,0.839462847021546,-0.0868289833976712,-0.4483239672962951,2.467774634036022,0.6985486153850925
1771355021972257280,16.82125735282898,-0.1195018664002418,-4.397957801818848,1.829269766807556,0.6008564829826355,0.4213649332523346,0.6792811155319214,-0.5745198726654053,-0.0017940700054168,-0.0402736067771911,0.3935433702794393,-0.3783178450418219,0.834575435639588,-0.0740472194274945,-0.43494987102602,2.4173806609336053,0.6841778894088766
1771355021982288384,16.83128833770752,0.0904613062739372,-4.306578636169434,1.7840555906295776,0.637495219707489,0.4100642800331116,0.6522629261016846,-0.5700209140777588,0.0214695036411285,-0.0797379612922668,0.4123192340897176,-0.3723036626827953,0.8291691384432152,-0.0621395210071626,-0.4225245263068909,2.367643988283836,0.6697040430484203
1771355021992319232,16.84131932258606,0.2516112923622131,-4.227990627288818,1.7751926183700562,0.6719972491264343,0.3995155692100525,0.6235441565513611,-0.5603944063186646,0.0184532701969146,-0.132806122303009,0.4308181334607256,-0.3657720255448562,0.8233971710637296,-0.0512226212290177,-0.4109883455815292,2.31881202134715,0.6547024437052872
1771355022002351360,16.851351261138916,0.3447703719139099,-4.084231853485107,1.7305923700332642,0.7043458223342896,0.3892665803432464,0.5936066508293152,-0.5435637831687927,-0.0073084831237792,-0.1292358636856079,0.448901556318629,-0.3588563334076533,0.8173282486457565,-0.0410387435268009,-0.3998352387573158,2.271082267796358,0.6395539217224354
1771355022012382208,16.861382246017456,0.2947916388511657,-3.940474033355713,1.6977190971374512,0.7341920137405396,0.3788408637046814,0.5634194016456604,-0.5354463458061218,-0.0875964164733886,-0.2279703021049499,0.466164811134899,-0.3518516752800663,0.8111165747764606,-0.0313143183986581,-0.3885434811784215,2.2253411290266576,0.6251399172910318
1771355022022413312,16.871413230895996,0.1531204283237457,-3.818300485610962,1.6815133094787598,0.7618773579597473,0.367391973733902,0.5334472060203552,-0.5040496587753296,-0.1585602164268493,-0.1703644394874572,0.4825112200927245,-0.3449615266300923,0.8048137308412935,-0.0214312710917519,-0.3762033357157891,2.181639463581255,0.6123279734937628
1771355022032444160,16.881444215774536,-0.0052702771499753,-3.706163167953491,1.633332133293152,0.787461519241333,0.3548934161663055,0.5039399862289429,-0.4964762330055237,-0.1349684596061706,-0.1172364354133606,0.4979003705338455,-0.3384346270601902,0.7983933783230458,-0.0111974738145699,-0.3628000751747027,2.1400776361261933,0.6017757947160167
1771355022042476288,16.89147639274597,-0.1370028257369995,-3.6035540103912354,1.5688894987106323,0.8110038638114929,0.3416720330715179,0.4749033749103546,-0.4985800385475158,-0.1280794441699981,-0.0987741351127624,0.512394309329959,-0.332336516010239,0.7918359183754242,-0.0006929134175182,-0.3486954173202173,2.100541469506601,0.5934910381959483
1771355022052507392,16.90150737762451,-0.1894798874855041,-3.492173671722412,1.4996808767318726,0.8325651288032532,0.3282293677330017,0.446207046508789,-0.4946898221969604,-0.1069006621837616,-0.0717716515064239,0.52611736656303,-0.3266305579507603,0.7851216507831412,0.0098472974916323,-0.3344284781177374,2.0627828288049797,0.5870898375751108
1771355022062538496,16.91153836250305,-0.1732358485460281,-3.3713340759277344,1.4266726970672607,0.8521419167518616,0.3151370882987976,0.4177826344966888,-0.4946744441986084,-0.0838139355182647,-0.1157350242137909,0.5391734565909803,-0.321129528679703,0.7783104422200794,0.0200125527822157,-0.3206010886304737,2.026632543103507,0.5817108849037002
1771355022072570368,16.921570301055908,-0.158077672123909,-3.297788619995117,1.380621075630188,0.8699880838394165,0.3023090660572052,0.3895258605480194,-0.4663624167442322,-0.0595416724681854,-0.0971063673496246,0.5516763251680029,-0.3157176830068329,0.7714177082280214,0.0298404240868508,-0.3071141510888872,1.991766768920576,0.577046770791225
1771355022082601216,16.93160128593445,-0.0797783359885215,-3.1899542808532715,1.318382740020752,0.8862141370773315,0.2900067865848541,0.3612764179706573,-0.4384907484054565,-0.0449048578739166,-0.1191194057464599,0.563763629705382,-0.3102859352838726,0.7644349888519295,0.0391459428724091,-0.2942339362400567,1.957890947688061,0.5725884393453404
1771355022092632320,16.94163227081299,0.0097041437402367,-3.0598928928375244,1.274059176445007,0.900801122188568,0.2782544493675232,0.3333645164966583,-0.4264511466026306,-0.0634717047214508,-0.1885585784912109,0.5753536374335197,-0.3047596485233676,0.7574983901657584,0.0478117828212671,-0.2819763063556532,1.9252427377198296,0.5680308937992274
1771355022102663168,16.95166325569153,-0.0122123397886753,-2.9418163299560547,1.238595724105835,0.9138433337211608,0.266840785741806,0.3060825169086456,-0.4030553698539734,-0.0783794820308685,-0.2319705486297607,0.5863649507638529,-0.2992181158326273,0.7506728813758119,0.0559905962005928,-0.2701134628413734,1.8939920108811643,0.5636365450847839
1771355022112695296,16.961695194244385,-0.0570605024695396,-2.8544652462005615,1.197635531425476,0.9255409240722656,0.2555320560932159,0.2794226706027984,-0.3664132952690124,-0.0943077504634857,-0.2187995314598083,0.5968149914370655,-0.2938919033111903,0.7438675204528439,0.0640343464083457,-0.2583979799543124,1.86399718096356,0.5601409905712846
1771355022122726400,16.971726417541504,-0.1405171304941177,-2.755465030670166,1.1537988185882568,0.9359924793243408,0.24429352581501,0.2534537613391876,-0.3418304920196533,-0.0773165971040725,-0.1664175987243652,0.6066995407279204,-0.288844079255652,0.7370861409619495,0.0720333797475069,-0.2467910803015779,1.8352407134641668,0.5577124115371508
1771355022132757504,16.981757402420044,-0.1763723343610763,-2.649484634399414,1.1085752248764038,0.9452274441719056,0.2332296371459961,0.2283614575862884,-0.3149784803390503,-0.061079978942871,-0.1421034485101699,0.6159712788004233,-0.284165417198838,0.7303634326584781,0.0799915696291401,-0.2353975972128639,1.8078481180322037,0.5564792540010889
1771355022142789376,16.9917893409729,-0.1155253201723098,-2.570725440979004,1.0510090589523315,0.95335853099823,0.2226314395666122,0.2038200497627258,-0.2700852751731872,-0.0597438961267471,-0.1008843332529068,0.6248329988903343,-0.2796114591796437,0.7236901668162093,0.0875992972617554,-0.2245128174859241,1.7814171967791117,0.5555499057070082
1771355022152820224,17.00182032585144,0.0358751192688941,-2.4412639141082764,0.9638291597366332,0.9603814482688904,0.2128840088844299,0.1798550337553024,-0.2489557266235351,-0.0084925591945648,-0.09562648832798,0.6333683979953724,-0.2749786328166425,0.7171570724316221,0.0944294870107066,-0.2145256784780828,1.7559265039569234,0.5539871173157175
1771355022162851328,17.01185131072998,0.2178499847650528,-2.2764384746551514,0.9191341400146484,0.96634042263031,0.2039747834205627,0.1567814350128173,-0.2309126257896423,0.005223199725151,-0.1818363815546035,0.6415316649809716,-0.2700535576081729,0.710958360351284,0.1002316318157438,-0.2054163595821612,1.7316372881742454,0.5510773683686935
1771355022172882432,17.02188229560852,0.4755766093730926,-2.1236608028411865,0.8402401208877563,0.971333146095276,0.1958682984113693,0.1347119510173797,-0.2130935192108154,-0.0259159654378891,-0.3326032161712646,0.6493514508445017,-0.2646513602059237,0.7052060905668692,0.1048170122512379,-0.1971428215314943,1.7086049516527442,0.5462135075962367
1771355022182914304,17.031914234161377,0.7570978999137878,-1.9076868295669556,0.758007824420929,0.9753919839859008,0.1888185143470764,0.1138335391879081,-0.1700636148452758,-0.0832887291908264,-0.5003386735916138,0.6568360960549614,-0.258755064737689,0.6999732748712086,0.1079332727363714,-0.1899588856426163,1.6869761929744609,0.5389845954421316
1771355022192945152,17.041945219039917,0.967406690120697,-1.633562088012695,0.6769499778747559,0.9785829186439514,0.1826876848936081,0.094871811568737,-0.1642976403236389,-0.0975283831357956,-0.6278002262115479,0.6637540351134666,-0.2523778254143961,0.6955151595531437,0.1095201982410489,-0.1837194496321186,1.667442445108154,0.5293263454736284
1771355022202976256,17.051976203918457,0.989142656326294,-1.3387339115142822,0.5821212530136108,0.981013834476471,0.1773685961961746,0.0784358829259872,-0.1949725747108459,-0.1278233230113983,-0.6863002777099609,0.6698311415361601,-0.246054972315506,0.6918633480168249,0.1100376022553201,-0.1783120072779619,1.6505805072650073,0.5186940339102352
1771355022213008384,17.062008380889893,0.8524764180183411,-0.9950807690620422,0.4681715369224548,0.9827733039855956,0.1728670001029968,0.0653732642531395,-0.1972203254699707,-0.2544404864311218,-0.641072154045105,0.6746903704059681,-0.2404862556944728,0.6890957805365214,0.1100286252794461,-0.1737397510030265,1.637217647519341,0.5089286774657518
1771355022223039488,17.072039365768433,0.6013808846473694,-0.6537267565727234,0.36444753408432,0.9839916825294496,0.1692052483558654,0.0559448227286338,-0.1776868104934692,-0.3738561272621155,-0.5767577886581421,0.6781934283050526,-0.2361183960061386,0.6871830286392255,0.1099144157770682,-0.1700232325786942,1.6275901617344686,0.501257137203977
1771355022233070336,17.082070350646973,0.3531779646873474,-0.3163420557975769,0.2264755368232727,0.9847557544708252,0.1664980053901672,0.0503420382738113,-0.1741784811019897,-0.4271486401557922,-0.5547213554382324,0.6802617991514568,-0.2332034809049162,0.686139311946092,0.1098762550157764,-0.1672770254584028,1.62187320614712,0.4962777856493099
1771355022243101440,17.092101335525513,0.1819497644901275,0.0454503670334816,0.0929105579853057,0.9850817918777466,0.165087342262268,0.0485822968184948,-0.1853380799293518,-0.436388611793518,-0.5919630527496338,0.6809412843939965,-0.2317072605088044,0.6860050253038003,0.1096717457466172,-0.1658465674621163,1.6200744368006783,0.4935614496651418
1771355022253133312,17.10213327407837,0.146905243396759,0.3922828733921051,-0.0971264913678169,0.984960913658142,0.1652453392744064,0.0504590943455696,-0.2169402837753296,-0.3655779659748077,-0.6005384922027588,0.6803866041897797,-0.2312978189732559,0.6868266639677714,0.1088328031557366,-0.1660067588300238,1.6219811213326574,0.4919129705986126
1771355022263164160,17.11216425895691,0.1427750140428543,0.6746346950531006,-0.2555043995380401,0.9843674302101136,0.167166993021965,0.0554610043764114,-0.1835862398147583,-0.2909310162067413,-0.565837025642395,0.6788241727349671,-0.2317407317312399,0.688495995027874,0.1070851777947727,-0.1679555203973009,1.6270785928037597,0.4905583255498655
1771355022273195264,17.12219524383545,0.1323801726102829,0.904220461845398,-0.4013835787773132,0.9833369851112366,0.1705155968666076,0.0630322992801666,-0.165038526058197,-0.2792954742908478,-0.4929486513137817,0.6764252324777911,-0.2328351989425744,0.6908718549250503,0.1045603522866273,-0.1713529067131089,1.6348091558762852,0.4893554497226056
1771355022283227136,17.132227182388306,0.1141162142157554,1.084941864013672,-0.5143341422080994,0.9818544983863832,0.175176665186882,0.0726290941238403,-0.1616334915161132,-0.2296352982521057,-0.3867312669754028,0.6733543451054629,-0.2345379151676887,0.6937625761761715,0.1013874077079756,-0.1760852102685756,1.6446331907088174,0.4884097146139886
1771355022293258496,17.142258405685425,0.0553061589598655,1.2134257555007937,-0.6100228428840637,0.9799474477767944,0.1807831525802612,0.0837882608175277,-0.1377233266830444,-0.1832398027181625,-0.2784293889999389,0.6697278807015371,-0.2367820500418596,0.6970139090742073,0.0978287039894712,-0.1817826595152753,1.6560916792788192,0.4879805715873162
1771355022303289344,17.152289390563965,-0.0400569289922714,1.3304115533828735,-0.6583222150802612,0.9776262640953064,0.1870328336954116,0.0962577015161514,-0.1227068901062011,-0.1705380976200103,-0.2148947715759277,0.6655877102741686,-0.239592282462162,0.7005172285663258,0.0941493819838712,-0.1881408017735259,1.668940621939083,0.4884838468753284
1771355022313320448,17.162320375442505,-0.126740425825119,1.4243258237838743,-0.7023466229438782,0.9748972058296204,0.1936160027980804,0.1099467054009437,-0.1228769421577453,-0.1653414815664291,-0.2109293937683105,0.6609330120536329,-0.2429254009615983,0.7042447040687437,0.0905216823380566,-0.1948465624628423,1.6830995563350026,0.490109719625651
1771355022323352320,17.17235231399536,-0.1599703729152679,1.49792218208313,-0.7142099738121033,0.9717731475830078,0.2003799676895141,0.1245184540748596,-0.1147937774658203,-0.1577316522598266,-0.2346868515014648,0.6558881626711195,-0.2465765878440228,0.7081378481940045,0.0868992984588966,-0.2017457371996033,1.6982371954747308,0.4924680803578055
1771355022333383424,17.1823832988739,-0.0832212641835212,1.5822962522506714,-0.7286331057548523,0.9682617783546448,0.2072114646434784,0.1397587209939956,-0.1160279512405395,-0.1275453418493271,-0.250522255897522,0.6505523150400608,-0.2502150789548079,0.7122301429772973,0.0830802660548607,-0.2087236884066122,1.7141460919218976,0.4947629438946179
1771355022343414272,17.19241428375244,0.0489353500306606,1.6768274307250977,-0.7641860246658325,0.9642857313156128,0.214385375380516,0.1555369198322296,-0.1203222274780273,-0.1090387105941772,-0.2652628421783447,0.6450139768477303,-0.2535797230545795,0.7165652670537783,0.078666638494577,-0.2160625250718143,1.730716480137038,0.4960570068450721
1771355022353445376,17.20244526863098,0.1351386755704879,1.782379388809204,-0.8267067074775696,0.9597129821777344,0.2222080826759338,0.1719725430011749,-0.1316947937011718,-0.0979099720716476,-0.2561705112457275,0.6392204174486806,-0.2567981939243787,0.7211386546515222,0.0735595141859459,-0.2240785866509405,1.748106159754625,0.4964693805390171
1771355022363477248,17.212477207183838,0.1610740572214126,1.89775812625885,-0.8917168378829956,0.954426407814026,0.2307231277227401,0.1893068253993988,-0.1527448892593383,-0.1206462234258651,-0.2345949411392212,0.6330403810254894,-0.2600672430730757,0.7259603596289717,0.0678707921721587,-0.2328207926469584,1.766601172345862,0.496532811378253
1771355022373508096,17.222508192062378,0.0802697464823722,2.030777931213379,-0.928900957107544,0.9483586549758912,0.2396815866231918,0.2077705711126327,-0.1660100221633911,-0.1378901898860931,-0.2067329883575439,0.6263202588225915,-0.2636447388173502,0.7310107655626952,0.0619488153415986,-0.2420378579000411,1.7864731201377864,0.497188607872067
1771355022383539456,17.232539415359497,-0.0931736752390861,2.1452443599700928,-0.9713224768638612,0.9414681792259216,0.2487049102783203,0.22755928337574,-0.1668864488601684,-0.1490956097841262,-0.2004292458295822,0.6189193313322083,-0.2677799720572248,0.7362564304321018,0.0562056141964837,-0.2513429252634656,1.807954559607709,0.4994369059068559
1771355022393571328,17.242571353912354,-0.3026917576789856,2.2484140396118164,-1.0090641975402832,0.933712363243103,0.2575189769268036,0.2487278282642364,-0.1682550907135009,-0.1655541956424713,-0.1905765235424041,0.610772593442904,-0.2726467172123533,0.7416385097938153,0.0509219234131047,-0.260453689431683,1.8311365941883813,0.5039642351833659
1771355022403602432,17.252602338790894,-0.4823651909828186,2.3573052883148193,-1.0327311754226685,0.925037443637848,0.2659924924373626,0.2712075114250183,-0.1742441058158874,-0.15359628200531,-0.2047249376773834,0.6018864013183236,-0.2782394478066162,0.7471188387651021,0.0461403157938338,-0.2692333480916904,1.8559895526518595,0.510841294927174
1771355022413633280,17.262633323669434,-0.5325490236282349,2.468378782272339,-1.0432720184326172,0.9153862595558168,0.2740771174430847,0.2948727011680603,-0.1812552809715271,-0.1299883127212524,-0.2418942153453827,0.5923125728603138,-0.2842155150291487,0.7527668283571682,0.0415877349892185,-0.2776299355290129,1.8824295636025328,0.5191715595785907
1771355022423664384,17.272664308547974,-0.4005037248134613,2.5753045082092285,-1.0743412971496582,0.9046688079833984,0.2822939753532409,0.319193959236145,-0.1804865598678589,-0.0916048288345336,-0.2812453210353851,0.5822892222987419,-0.2901305092207655,0.7585652703635267,0.0366387410867929,-0.2861845115315741,1.909989754137006,0.5274192625287698
1771355022433696768,17.28269672393799,-0.1932306885719299,2.69092059135437,-1.1115437746047974,0.8927773237228394,0.291129320859909,0.343791127204895,-0.1872872114181518,-0.0622627437114715,-0.3071547746658325,0.5719769236169749,-0.2956233548678063,0.7645275639397794,0.0307707391359715,-0.2954070764769977,1.938375256770717,0.5343538272490427
1771355022443727616,17.29272770881653,0.0342222712934017,2.790355682373047,-1.1797025203704834,0.8795932531356812,0.3010360896587372,0.3683656752109527,-0.2115938663482666,-0.0319625437259674,-0.316272109746933,0.56147597061858,-0.3006115988765961,0.7705942501351387,0.0237065620253798,-0.3057789653395586,1.967396094686524,0.5395523706424104
1771355022453758720,17.30275869369507,0.2119312882423401,2.883415699005127,-1.2579611539840698,0.8650248646736145,0.3121817111968994,0.3927777707576751,-0.2331127524375915,-0.0247061848640441,-0.2753004431724548,0.5507908493718608,-0.3052607635297141,0.7766625684215966,0.0155073588873162,-0.3174886408365479,1.997025802838093,0.5434534909980341
1771355022463790592,17.312790632247925,0.2974268198013305,2.946000337600708,-1.334173321723938,0.8490591645240784,0.3244027495384216,0.4169670343399048,-0.2398062348365783,-0.0672158598899841,-0.2057701349258422,0.5398844454723127,-0.3097553449624013,0.7826462468131807,0.0064278365449544,-0.3303802536361696,2.0272929999699927,0.5467524097250893
1771355022473821696,17.322821617126465,0.2430730611085891,2.9973347187042236,-1.3861579895019531,0.8317358493804932,0.337059885263443,0.4411418437957763,-0.2353460788726806,-0.115960031747818,-0.1339519023895263,0.5286021860640203,-0.314395079735709,0.7884964556945695,-0.0029676937852755,-0.3437922903038848,2.0584569654615397,0.5506979772264778
1771355022483852544,17.332852602005005,0.0533762536942958,3.045747756958008,-1.4424875974655151,0.8131232261657715,0.3494041264057159,0.46556156873703,-0.2308324575424194,-0.1440207660198211,-0.0828253626823425,0.5167911993799096,-0.3194742375612646,0.794176927405457,-0.0120887245834813,-0.356935065915611,2.0907946976531613,0.5565230146456647
1771355022493883648,17.342883586883545,-0.1961544752120971,3.0923502445220947,-1.5238945484161377,0.7931070923805237,0.361009418964386,0.4905644953250885,-0.2307749390602111,-0.1667802929878235,-0.0908604860305786,0.5042761109654763,-0.3253175231395194,0.7996566528033959,-0.0205774025870195,-0.3693500876144793,2.1247331371387643,0.5652827907978275
1771355022503915776,17.35291576385498,-0.3917229771614074,3.103274345397949,-1.5777095556259155,0.7717810869216919,0.371634840965271,0.5159861445426941,-0.2223883867263794,-0.2006295621395111,-0.1143594980239868,0.4911254128763497,-0.3319151149383984,0.80487602873414,-0.0283341349738245,-0.3807693500998095,2.160112284680036,0.5770357839709915
1771355022513946880,17.36294674873352,-0.4578932225704193,3.1380083560943604,-1.627112865447998,0.7491726279258728,0.3815245330333709,0.5414600968360901,-0.2342954277992248,-0.1593413949012756,-0.1185934543609619,0.4774883841780141,-0.3389585450030528,0.8098377261465843,-0.035702835613663,-0.391445033543497,2.196624226908505,0.5908208548135238
1771355022523977728,17.37297773361206,-0.3018434643745422,3.2108118534088135,-1.6878001689910889,0.7251096367835999,0.3916124403476715,0.5664411187171936,-0.2611051797866821,-0.0847277641296386,-0.1672711968421936,0.4635616642073773,-0.3460046117756384,0.8145559352268913,-0.0434736910865405,-0.402383359329644,2.233955846863792,0.6050522752009547
1771355022534009600,17.383009672164917,-0.0067849052138626,3.2540597915649414,-1.735108494758606,0.6995001435279846,0.4029545783996582,0.5901925563812256,-0.2676306962966919,-0.0355840027332305,-0.2460915446281433,0.449617298153167,-0.3526201913741954,0.8189964995945809,-0.0524216489414144,-0.4147428221554526,2.271641801472522,0.6182223842011144
1771355022544040704,17.393040657043457,0.2184290289878845,3.3096320629119873,-1.8066306114196775,0.6724424958229065,0.4158208668231964,0.6123025417327881,-0.2785215377807617,0.0263331234455108,-0.1982857584953308,0.4357995083328074,-0.3587127771053351,0.8230895474801617,-0.0626706868906072,-0.4288452300880278,2.3094178156706255,0.630117161188549
1771355022554071552,17.403071641921997,0.2393383085727691,3.2969772815704346,-1.8757481575012207,0.6439506411552429,0.4295662939548492,0.633088231086731,-0.3107291460037231,0.0089408457279205,-0.0728159546852111,0.4219332895537707,-0.3646759348885453,0.8267741976795829,-0.0736769890655018,-0.4440124536779262,2.3476887356412264,0.642137717719187
1771355022564102656,17.413102626800537,-0.0361246839165687,3.2902514934539795,-1.907938838005066,0.6144330501556396,0.4422867596149444,0.6533408761024475,-0.3263013958930969,-0.0926163792610168,0.1136878132820129,0.4077294209331518,-0.3709999123664803,0.8300780045585989,-0.0841797951455755,-0.4581467671490857,2.3868747190844557,0.6563133727771103
1771355022574134528,17.423134565353394,-0.4940818548202514,3.3290677070617676,-1.8955674171447752,0.5838115811347961,0.4520094096660614,0.6744266748428345,-0.3514508008956909,-0.171629250049591,0.2331050038337707,0.3925703797317308,-0.378007686839579,0.833260773054818,-0.0931402186767271,-0.4690167404510839,2.4280878101353873,0.6741576026655092
1771355022584165888,17.433165788650513,-0.9543756246566772,3.3119537830352783,-1.823279619216919,0.5524478554725647,0.4576223790645599,0.6966943144798279,-0.3388553857803345,-0.1973532736301422,0.2417975068092346,0.3763502338604306,-0.3855675796472849,0.836471631611144,-0.1000664444567746,-0.4753193074682077,2.471161694359763,0.6954629217971414
1771355022594196736,17.443196773529053,-1.2292530536651611,3.2582430839538574,-1.7686315774917605,0.5208379030227661,0.4593652784824371,0.7195214629173279,-0.3076422214508056,-0.1240687370300293,0.1875066757202148,0.3594301200555266,-0.3934771368813173,0.8396049587076504,-0.1051150292183215,-0.4772804779247978,2.5150274713391108,0.7192080403205704
1771355022604228608,17.45322871208191,-1.131691813468933,3.2454657554626465,-1.7224127054214478,0.4889791011810303,0.4593829810619354,0.7415302395820618,-0.2886158227920532,-0.0017412602901458,0.0762951970100402,0.3423844360768737,-0.4012187174460689,0.8424895627272322,-0.1095805237203754,-0.4773004218259737,2.5586244817414867,0.7431748160555877
1771355022614259712,17.46325969696045,-0.5381637215614319,3.334402561187744,-1.6817667484283447,0.4563206136226654,0.4609097242355346,0.7611398696899414,-0.273459255695343,0.1562015414237976,-0.0857247114181518,0.3257412568191916,-0.4080498006389296,0.8450238424735598,-0.1154242143370104,-0.4790200418357815,2.6015242094311843,0.7647451895292556
1771355022624290816,17.47329068183899,0.361152708530426,3.410181999206543,-1.6296931505203247,0.4226451218128204,0.4674996733665466,0.7764115333557129,-0.2479625940322876,0.2533864676952362,-0.2766405344009399,0.3102686071497512,-0.4131917538915837,0.8470409245724958,-0.1246095631732953,-0.4864601941218975,2.6430921124990885,0.7815312072168428
1771355022634321664,17.48332166671753,1.0678284168243408,3.5497360229492188,-1.6202586889266968,0.3876802623271942,0.4799144268035888,0.7870112061500549,-0.2229920625686645,0.3113454580307007,-0.3453454375267029,0.2959692739517454,-0.4166755268948766,0.8484616158342633,-0.1374653360625699,-0.5005571720652866,2.6838840542496256,0.7940431323166687
1771355022644353536,17.493353605270386,1.323854923248291,3.6599349975585938,-1.669328689575195,0.3510202467441559,0.4957136809825897,0.7943881154060364,-0.2504801154136657,0.1562027633190155,-0.1907353401184082,0.2819765991683292,-0.4192582256677623,0.8493624683874397,-0.1526272202286691,-0.5186563936460735,2.7255159949011767,0.805163628041897
1771355022654384640,17.503384590148926,0.8970352411270142,3.752853393554687,-1.7362840175628662,0.3127819001674652,0.5107038021087646,0.8008423447608948,-0.2749707102775574,-0.1064376235008239,-0.0507205724716186,0.2672835792835675,-0.4219547770128382,0.8499266685588741,-0.1677442487963401,-0.5360031803108551,2.7692452712663536,0.8182680316602922
1771355022664415488,17.513415575027466,0.0926023125648498,3.809274196624756,-1.7357889413833618,0.2731807827949524,0.5198453068733215,0.8094030022621155,-0.2956417202949524,-0.2871487736701965,0.1054530143737793,0.2506631097263125,-0.4254159879224188,0.8507189520913707,-0.1801847343916329,-0.5466698785621753,2.816088733609031,0.8353964975385075
1771355022674446592,17.523446559906006,-0.7461429238319397,3.760154008865357,-1.728831768035889,0.2331317365169525,0.5215328931808472,0.8207638263702393,-0.2931903004646301,-0.3491085171699524,0.1551274061203003,0.232154268694348,-0.4296743483584384,0.851916585156467,-0.189004075376346,-0.5486465265103867,2.864839370204103,0.8559180351069865
1771355022684478720,17.53347873687744,-1.00713849067688,3.756474733352661,-1.663425326347351,0.193104863166809,0.5177974104881287,0.8334245085716248,-0.2678271234035492,-0.1645563840866089,0.04981529712677,0.2125205289325462,-0.4342699388579431,0.8533005822077949,-0.1952505903294871,-0.5442743594342899,2.9139098277859294,0.8777400205076821
1771355022694509824,17.54350972175598,-0.757358968257904,3.838045120239258,-1.6421236991882324,0.1526690572500229,0.5128608345985413,0.8447877764701843,-0.2397967427968979,0.090258240699768,-0.1057739853858947,0.1926244920169969,-0.438526166153012,0.8544522790817147,-0.2012511724138226,-0.538513926021116,2.9628035307025677,0.8988828985139768
1771355022704540672,17.55354070663452,0.0416045524179935,3.955767869949341,-1.635747313499451,0.1110606640577316,0.5119020342826843,0.851834237575531,-0.2267528176307678,0.2006070613861084,-0.2751132249832153,0.1734146050538787,-0.4418859902441547,0.8547829558258786,-0.2097860487661728,-0.5373974772506998,3.0119456973939625,0.9184962993904296
1771355022714572544,17.563572645187378,0.6911492943763733,4.1386613845825195,-1.6575919389724731,0.0679908692836761,0.5167084336280823,0.8534573912620544,-0.2020698487758636,0.3167571425437927,-0.3468351364135742,0.1551729826877145,-0.4442342465440121,0.8540401866170907,-0.2217940851904339,-0.543001903474567,3.062095331212848,0.937143555299467
1771355022724603648,17.573603630065918,0.8269076347351074,4.261891841888428,-1.777335286140442,0.0231987498700618,0.5243891477584839,0.851162850856781,-0.2627464830875397,0.1785680651664734,-0.1518371105194091,0.1370563786183389,-0.446117972511248,0.8523849995675455,-0.23586905916873,-0.5519975241042335,3.1143440404174156,0.9566284271039176
1771355022734634752,17.583634614944458,0.0896905958652496,4.401073455810547,-1.86361300945282,-0.0234283078461885,0.5287109017372131,0.8484787940979004,-0.3639160692691803,-0.1372923851013183,0.1484237909317016,0.1174444331561118,-0.4482945668387539,0.8504536326113673,-0.2489327486526871,-0.5570811443806438,-3.1139875367316123,0.978116244922468
1771355022744665600,17.593665599822998,-1.222101092338562,4.2595720291137695,-1.883936643600464,-0.0703208371996879,0.5231679677963257,0.8493237495422363,-0.4527657628059387,-0.4189960956573486,0.3526875376701355,0.0952946477855557,-0.4510059355255691,0.8492676345418941,-0.2574047681778004,-0.5505640130566759,-3.058984806185213,0.9997054620773544
1771355022754697728,17.603697776794434,-1.8169941902160645,3.989421367645264,-1.7618837356567385,-0.1150252595543861,0.5079167485237122,0.853691816329956,-0.4339402019977569,-0.3365300297737121,0.3284218311309814,0.0717575837357578,-0.4541297324286904,0.848888735429674,-0.2607775375124453,-0.5327646116116805,-3.0076606328436437,1.0190571357380112
1771355022764728832,17.613728761672974,-1.3481365442276,3.89818811416626,-1.6085692644119265,-0.1572034806013107,0.4916741847991943,0.856471598148346,-0.3662950396537781,0.1613714396953582,0.1774792075157165,0.0491083792362676,-0.4566668180877732,0.8483461642200328,-0.263348777802781,-0.5140113408232525,-2.960065383600881,1.035466996967923
1771355022774759680,17.623759746551514,-0.3939294219017029,3.9717044830322266,-1.5405722856521606,-0.1985700130462646,0.4809277057647705,0.8539783358573914,-0.3760150074958801,0.454985499382019,0.0355940461158752,0.028178812535159,-0.458246891272849,0.8467578995303257,-0.268732072378043,-0.501712524821633,-2.913128894248827,1.0508739638836249
1771355022784791808,17.63379168510437,0.800748348236084,4.014207363128662,-1.525155782699585,-0.2399650365114212,0.4793545603752136,0.8441776037216187,-0.3374274969100952,0.4942934513092041,-0.1039128303527832,0.0096331332737643,-0.4592294454510613,0.8433250310133188,-0.2789594183885843,-0.499919118942572,-2.864639010464406,1.0684241181616942
1771355022794822656,17.64382266998291,1.6818687915802002,4.127478122711182,-1.5584259033203125,-0.2815056145191192,0.4860641658306122,0.8273427486419678,-0.3188361525535583,0.451954573392868,-0.1365164518356323,-0.0067637524651735,-0.4598805697971033,0.8379625555997131,-0.2937393814990969,-0.5075804476036665,-2.813627648431204,1.0896419166793572
1771355022804853760,17.65385365486145,1.8324247598648071,4.177948951721191,-1.625786066055298,-0.3234521746635437,0.4959806501865387,0.8058425188064575,-0.3639105558395386,0.2616488039493561,-0.0086469650268554,-0.0224528970383492,-0.4603543177098457,0.8312611802903563,-0.3107646794822417,-0.5189638176274715,-2.7598938675495295,1.1140025280607664
1771355022814884608,17.66388463973999,1.2517414093017578,4.162227630615234,-1.7475742101669312,-0.3652089536190033,0.5027869343757629,0.783471941947937,-0.4117381572723388,-0.0507299304008483,0.2803100943565368,-0.0388148800378551,-0.4609648047264102,0.8241646726933293,-0.3267377930760939,-0.5268198173443694,-2.7053966451899427,1.1393191798412354
1771355022824916480,17.673916578292847,0.2144268304109573,3.9438416957855225,-1.768253207206726,-0.405696839094162,0.5018048882484436,0.7639384865760803,-0.4711341857910156,-0.3160597085952759,0.5150684714317322,-0.056782221644601,-0.4616131957986622,0.8178523718455089,-0.3388311663069459,-0.5256841520112724,-2.653407251117205,1.1615223506441323
1771355022834947584,17.683947563171387,-0.6321827173233032,3.604121685028076,-1.6867101192474363,-0.4429264366626739,0.4925682842731476,0.7491281032562256,-0.4320736229419708,-0.2825004756450653,0.4872305989265442,-0.0757548799080578,-0.4620924339390767,0.8130403728456506,-0.3459728597308104,-0.5150384277470994,-2.6076274419738414,1.177466168098129
1771355022844978688,17.693978786468506,-0.6492024660110474,3.4115231037139893,-1.5389962196350098,-0.4767846167087555,0.4800648689270019,0.7363523244857788,-0.3506233692169189,0.0905071496963501,0.3224247097969055,-0.0943369401184299,-0.4622666367722534,0.8090029085051501,-0.3506059709761147,-0.5007286484537582,-2.566980268607282,1.1890940454671868
1771355022855009792,17.704009771347046,-0.1031074449419975,3.3373663425445557,-1.4323891401290894,-0.5085180997848511,0.4698006212711334,0.7215934991836548,-0.3291285037994385,0.3306297957897186,0.1810861229896545,-0.1115410447957701,-0.4620898891392918,0.8045307140193343,-0.3560364957559324,-0.4890649013273448,-2.5277089126184475,1.2005561281188006
1771355022865041664,17.714041709899902,0.5166122317314148,3.226767063140869,-1.333175778388977,-0.5384495854377747,0.4640432298183441,0.7033749222755432,-0.2898738384246826,0.3906931579113006,0.1036015152931213,-0.1267453034399217,-0.461852190398283,0.7989868739182637,-0.3636595562937705,-0.482554203243445,-2.4882307124574634,1.214605782671374
1771355022875072768,17.724072694778442,0.9633048176765442,3.1287052631378174,-1.2890002727508545,-0.5666208863258362,0.4620082080364227,0.6822675466537476,-0.2780293226242065,0.35835000872612,0.1307817101478576,-0.1401089699137171,-0.461706479703947,0.7924398378407036,-0.373142933920742,-0.4802582353062673,-2.4485308459558524,1.2314882715190436
1771355022885103616,17.734103679656982,1.2513831853866575,3.021541118621826,-1.2959293127059937,-0.5933160185813904,0.4620364606380462,0.6591653823852539,-0.2608100771903991,0.2691648304462433,0.1975089907646179,-0.1521331197529167,-0.4618096703582844,0.7850570211352739,-0.3837616386870067,-0.4802900692016176,-2.4087212614634983,1.2508666180948596
1771355022895135744,17.74413561820984,1.2380748987197876,2.94342041015625,-1.32041597366333,-0.6187430620193481,0.4622828364372253,0.6351784467697144,-0.2304543256759643,0.1696446537971496,0.2416983842849731,-0.1634459538977697,-0.4621096986285141,0.7772025705127934,-0.3945835871973037,-0.4805679113242156,-2.369300926052817,1.271422548623233
1771355022905166592,17.75416660308838,1.065184473991394,2.8693583011627197,-1.3397886753082275,-0.6430660486221313,0.4611514210700989,0.6113965511322021,-0.2034763693809509,0.0754697322845459,0.2585375905036926,-0.1746811211774438,-0.462423185013073,0.769326384023816,-0.4047076988365506,-0.4792923975785371,-2.330954409915225,1.2913396554213818
1771355022915197696,17.76419758796692,0.8348743319511414,2.8082306385040283,-1.3510737419128418,-0.666366457939148,0.4580380618572235,0.5883513689041138,-0.1780245304107666,0.0449222028255462,0.257443368434906,-0.186143120734773,-0.4626207146422124,0.7616808733363912,-0.4137332289353698,-0.4757868519116506,-2.294097041845167,1.309531386410808
1771355022925228544,17.77422857284546,0.6590164303779602,2.75516676902771,-1.350011944770813,-0.6886433362960815,0.4531559348106384,0.5660567283630371,-0.1674052476882934,0.065200388431549,0.2450394630432129,-0.1978238703595639,-0.4626436588013211,0.7543137342120851,-0.4217077305478391,-0.4703024815211138,-2.258801674785075,1.3257679183650808
1771355022935260672,17.784260749816895,0.5931513905525208,2.7162137031555176,-1.3173184394836426,-0.7099103927612305,0.4472558498382568,0.5440492630004883,-0.1654558777809143,0.118189126253128,0.2232847809791565,-0.2095354789793118,-0.4624617899418246,0.7470968669853528,-0.4290341638956237,-0.4636948560228754,-2.2246879450490993,1.3405516563836646
1771355022945291776,17.794291734695435,0.5883564949035645,2.669114351272583,-1.2694790363311768,-0.7300445437431335,0.4410609304904938,0.5220156908035278,-0.1653259992599487,0.1843968629837036,0.2098416686058044,-0.2209728858394085,-0.4621346419946124,0.7398914910080814,-0.4360770473517166,-0.4567804692569425,-2.191549305395531,1.3545846099368883
1771355022955322624,17.804322719573975,0.6614291071891785,2.580481767654419,-1.200581192970276,-0.748930037021637,0.4351057708263397,0.4997864067554474,-0.151567280292511,0.2075790762901306,0.2349089682102203,-0.2319497844231765,-0.4616059664221726,0.7326753288401783,-0.4430643184539974,-0.4501557590739197,-2.1592607284707825,1.368132349765253
1771355022965354752,17.81435465812683,0.6971694827079773,2.466097831726074,-1.125294208526611,-0.7663714289665222,0.4295973479747772,0.4776197373867035,-0.1326000094413757,0.2310470938682556,0.2619126141071319,-0.2422205584845723,-0.4610172201111478,0.7254467512188931,-0.4500213457853507,-0.4440468366720093,-2.128116252820749,1.38153560926842
1771355022975385600,17.82438564300537,0.6955673694610596,2.3076953887939453,-1.055148363113403,-0.7822306156158447,0.4244011044502258,0.4560693204402923,-0.1021994352340698,0.2370369136333465,0.2893072962760925,-0.251738418013428,-0.4603936956105471,0.7183817272983483,-0.4567200490764351,-0.4383003774871435,-2.098649578809239,1.3944072330526665
1771355022985416704,17.83441662788391,0.6244651675224304,2.1051595211029053,-0.9595962762832642,-0.7963879108428955,0.4193828403949737,0.4357574582099914,-0.0613240003585815,0.213612824678421,0.315631091594696,-0.2604605281696119,-0.4597663431254244,0.7116836634051896,-0.4629056717750481,-0.4327653783608599,-2.0714621539680915,1.406291387856082
1771355022995447552,17.84444761276245,0.4965085387229919,1.870455741882324,-0.8492655158042908,-0.8086949586868286,0.4144865572452545,0.4173883497714996,-0.0346276760101318,0.2106812298297882,0.3514867126941681,-0.2683635614852792,-0.4590762298056557,0.7056509016662643,-0.4682805737906386,-0.4273785386622322,-2.04726123034589,1.416429999257072
1771355023005479936,17.854479789733887,0.3971173763275146,1.5983357429504397,-0.7203051447868347,-0.8190872669219971,0.4099137485027313,0.4013311862945556,-0.0050856471061706,0.2166273891925811,0.3716332614421844,-0.275312341706896,-0.4583638655353839,0.7004057106104022,-0.472797545359968,-0.4223594931491159,-2.026390726000463,1.424760251768758
1771355023015510784,17.864510774612427,0.2734191417694092,1.321898102760315,-0.5888957381248474,-0.8275459408760071,0.4058720469474792,0.3878599405288696,0.0252541899681091,0.2485773563385009,0.3889344334602356,-0.2811978711170642,-0.4576534419752921,0.6960483490485272,-0.47644275292958,-0.4179327893839072,-2.0090811564389592,1.4312619038320278
1771355023025541888,17.874541759490967,0.1632304936647415,1.049404859542847,-0.4593547582626343,-0.8342217206954956,0.4023749530315399,0.37705197930336,0.0566644668579101,0.2492363452911377,0.4034654498100281,-0.2860642456532786,-0.4569586146576829,0.6926144768634945,-0.4792088599104441,-0.4141095931644418,-1.995296049886917,1.4359271284853357
1771355023035573760,17.884573698043823,0.0254465341567993,0.7758532166481018,-0.3355225622653961,-0.8392232656478882,0.3993883430957794,0.3690435886383056,0.0824789404869079,0.2612866759300232,0.4034325778484344,-0.2899826745934895,-0.4562509489769288,0.6901861097275634,-0.4810282964024847,-0.4108495850628453,-1.985088898706406,1.438543658627913
1771355023045604608,17.894604682922363,-0.0360455885529518,0.5440846681594849,-0.2293463051319122,-0.8427698016166687,0.3970089852809906,0.3634866774082184,0.1050533056259155,0.2443636357784271,0.375709980726242,-0.292955200739836,-0.4556154187383608,0.6885912609955029,-0.482113878685397,-0.4082557064041487,-1.977991053887436,1.4397177756944035
1771355023055635712,17.904635667800903,-0.0685449391603469,0.3681120276451111,-0.1442828178405761,-0.8451440334320068,0.3952780961990356,0.359842985868454,0.1019340753555297,0.2652901709079742,0.353108674287796,-0.2950876285066777,-0.4550626402324822,0.6876332530329523,-0.4827026684184834,-0.4063705890884482,-1.973325019625623,1.439967005307278
1771355023065666560,17.914666652679443,-0.0675210431218147,0.2254479676485061,-0.0664980113506317,-0.8465998768806458,0.3942286372184753,0.3575649857521057,0.0850488543510437,0.2660344541072845,0.3330630362033844,-0.2964793560583015,-0.4546017055648186,0.6871097280422322,-0.4830296074488937,-0.4052283667950272,-1.970423794002074,1.4398042494805547
1771355023075698688,17.9246985912323,-0.0568907707929611,0.1230779215693473,-0.0055169477127492,-0.8473450541496277,0.3937475979328155,0.3563278913497925,0.0605254769325256,0.2739312946796417,0.3260299265384674,-0.2972884240409624,-0.4542020788061641,0.6869238851924604,-0.4831726184729683,-0.4047049740741716,-1.9688686321984792,1.439340008821817
1771355023085729536,17.93472957611084,-0.0552754774689674,0.0530327856540679,0.0535700730979442,-0.8475502729415894,0.3938157856464386,0.3557632565498352,0.0498513579368591,0.270368754863739,0.3181868493556976,-0.2976342034703594,-0.4538193552901523,0.6869713407371304,-0.4832516883765851,-0.4047791814339111,-1.9682158317679777,1.4387407403122847
1771355023095760640,17.94476056098938,-0.0301157943904399,0.0026700166054069,0.0871749073266983,-0.8473580479621887,0.3943097591400146,0.3556743264198303,0.0504220128059387,0.2612078487873077,0.3159259557723999,-0.2976384801785093,-0.4534387986541275,0.6871902326843594,-0.4832951507833775,-0.4053166174496306,-1.96820754759338,1.4380443291586371
1771355023105792768,17.954792737960815,-0.01485126465559,-0.0223639644682407,0.1284429877996444,-0.8468886613845825,0.3951500058174133,0.3558593690395355,0.0406296253204345,0.2434913218021392,0.3050292432308197,-0.2973939411873569,-0.453050717429881,0.6875134385708612,-0.4833498769592141,-0.4062311289525442,-1.9685910431854312,1.437335290248514
1771355023115823872,17.964823722839355,0.0158065129071474,-0.0344941318035125,0.1605931967496872,-0.8462139964103699,0.3963575065135956,0.3561220169067383,0.0367808938026428,0.2273913025856018,0.2858000099658966,-0.2969515042355068,-0.4526226051768846,0.6878908293032292,-0.4834861990741994,-0.4075460026687375,-1.9691394843704335,1.4366966681649072
1771355023125854720,17.974854707717896,0.0147866113111376,-0.0505745634436607,0.1898064762353897,-0.8453506827354431,0.3979786336421966,0.3563646078109741,0.0339643955230712,0.2005016505718231,0.261097639799118,-0.2963035210302492,-0.4521547063475004,0.6882865853809138,-0.4837582979912317,-0.4093124103984267,-1.9697482326795732,1.4362411706954246
1771355023135885824,17.984885692596436,0.0004787780344486,-0.0797907710075378,0.2146830707788467,-0.8443052172660828,0.3997370600700378,0.3568736016750335,0.0271666646003723,0.1582767963409423,0.2569263875484466,-0.2955736504461348,-0.4516104894961499,0.6888285428032633,-0.4839414697399012,-0.4112299870194784,-1.9707029463678207,1.4354354715078987
1771355023145917696,17.994917631149292,-0.0300958212465047,-0.1299852430820465,0.2456510961055755,-0.8430110812187195,0.4016368985176086,0.3577988445758819,0.0188992023468017,0.1237842142581939,0.2493177354335785,-0.2946958441251229,-0.451035792122486,0.6895405203020155,-0.4839988649271225,-0.4133035603131146,-1.9721837177914456,1.4342909259174972
1771355023155948544,18.004948616027832,-0.0324844121932983,-0.1843914687633514,0.2657654285430908,-0.8414051532745361,0.4036913216114044,0.359263926744461,0.0099385380744934,0.1167554259300232,0.2347606122493744,-0.2935995691339192,-0.4504809769436226,0.6904338175911051,-0.4839083440177687,-0.4155479733488846,-1.9743436232132228,1.432858097725341
1771355023165979648,18.014979600906372,-0.0064267991110682,-0.2488864511251449,0.2986517250537872,-0.8394721746444702,0.4060268700122833,0.3611495494842529,0.0044500231742858,0.1090641319751739,0.2022812664508819,-0.2921977755938386,-0.4499988111637865,0.691430284864523,-0.4837828044916069,-0.4181022019211099,-1.9770718243351313,1.4314731598003891
1771355023176010496,18.025010585784912,0.0056200101971626,-0.3114036321640014,0.3278535604476928,-0.8371721506118774,0.408674955368042,0.3634936511516571,0.0006396174430847,0.0932323932647705,0.1778271198272705,-0.290469078144402,-0.4495781518680539,0.6925505865652616,-0.4836123734984957,-0.4210017807458432,-1.980427046967996,1.4300893483400867
1771355023186042880,18.035042762756348,0.0168242827057838,-0.3749904632568359,0.3447574377059936,-0.8345242142677307,0.41154944896698,0.3663283288478851,0.0021114945411682,0.060893177986145,0.1622971296310424,-0.2884220155329625,-0.4492638950326286,0.6937767066643306,-0.4833721244496591,-0.4241535056438291,-1.9844371521897208,1.4287473886016535
1771355023196073728,18.045073747634888,0.0078688720241189,-0.4438446164131164,0.3624970316886902,-0.8315312266349792,0.4145634174346924,0.369720309972763,0.0040165781974792,0.0417811870574951,0.153030514717102,-0.2861001285476129,-0.4490400952633888,0.6951425338715814,-0.4829975359314166,-0.4274629854693419,-1.989172136935666,1.4272824157033477
1771355023206104832,18.055104732513428,-0.0112706450745463,-0.5175289511680603,0.383542388677597,-0.8281713724136353,0.4176782965660095,0.3737345337867737,0.0073704123497009,0.0269018709659576,0.1543112695217132,-0.2835075506229649,-0.4489067106620937,0.6966706723026224,-0.4824483132075503,-0.4308885479698612,-1.9947115321171225,1.4256098396126626
1771355023216136704,18.065136671066284,-0.0212551020085811,-0.5910345911979675,0.3916706144809723,-0.8244506120681763,0.420841783285141,0.3783825635910034,0.0144378542900085,0.0091661214828491,0.1535236537456512,-0.280672750488931,-0.448855100655464,0.6983697981238721,-0.4816964986471587,-0.4343730778687697,-2.001069048746604,1.4236556933941462
1771355023226167552,18.075167655944824,-0.0275145061314106,-0.676062285900116,0.416349858045578,-0.8203125596046448,0.4240734875202179,0.3837305605411529,0.0196076035499572,-0.0035260021686553,0.1590856313705444,-0.2775288425914738,-0.4489363085535089,0.7002295809819796,-0.4807416336190619,-0.4379385677545103,-2.0083420724972183,1.421519924623051
1771355023236198656,18.085198640823364,-0.0425688214600086,-0.7854790687561035,0.4402136504650116,-0.815642237663269,0.4274328052997589,0.389909416437149,0.0191638469696044,0.0093195736408233,0.1697067618370056,-0.2740068657817835,-0.4491455023411554,0.7022983851884594,-0.4795473825623679,-0.4416511915458121,-2.0167218897007073,1.4191112227529117
1771355023246229760,18.095229625701904,-0.0642350614070892,-0.8976538777351379,0.4669922888278961,-0.8103762269020081,0.4309252798557281,0.3969806432723999,0.0164767503738403,0.0013561844825744,0.1712261140346527,-0.2700699686450863,-0.4494952655037461,0.7045880604662532,-0.4780918604065006,-0.4455179046108655,-2.0263088015034523,1.4164090615779263
1771355023256261632,18.10526156425476,-0.1050272285938263,-1.0359089374542236,0.5145933032035828,-0.8043710589408875,0.4345526099205017,0.4051554501056671,0.016712486743927,-0.0115180015563964,0.1779438853263855,-0.2656671254128334,-0.4499663486619972,0.7071831534373596,-0.4762805335653247,-0.4495414701575185,-2.0373933590061997,1.4131746640142462
1771355023266292736,18.11529278755188,-0.1744550466537475,-1.203322172164917,0.580394983291626,-0.797389030456543,0.4383597373962402,0.4147427082061767,0.0150862336158752,4.050135612487793e-05,0.2005833089351654,-0.2607139726350961,-0.4505023819851656,0.7102245795725233,-0.4739798398814256,-0.4537729072587192,-2.0504147249170614,1.4090083398987374
1771355023276323840,18.12532377243042,-0.243048220872879,-1.400033950805664,0.6664286851882935,-0.7891691327095032,0.4424131512641907,0.4260077476501465,0.0027312040328979,0.0290376245975494,0.2304405868053436,-0.2550788650612846,-0.4510927236721774,0.7138061510873592,-0.4710954057262657,-0.4582877117382868,-2.065788692363743,1.4036870581088334
1771355023286355712,18.135355710983276,-0.3062461614608764,-1.6120028495788574,0.7543161511421204,-0.7794662714004517,0.4468217194080353,0.4390700459480285,-0.0176222324371337,0.0560010969638824,0.2715470194816589,-0.2486189970737303,-0.4517377527724759,0.7179610179163255,-0.4676040119140939,-0.4632095387776275,-2.083790073383197,1.397160761371306
1771355023296386816,18.145386695861816,-0.3786964118480682,-1.819388747215271,0.8462439775466919,-0.7681745886802673,0.4515154361724853,0.4539177715778351,-0.0421585440635681,0.0649945139884948,0.2814489006996155,-0.2413249542712462,-0.4524283286810578,0.7226807706901983,-0.4634687743756471,-0.4684630449820411,-2.1045010594432423,1.3893504416729048
1771355023306417664,18.155417680740356,-0.4374049305915832,-2.0424487590789795,0.9298214316368104,-0.7551855444908142,0.4563854336738586,0.4705389440059662,-0.0700859427452087,0.083272099494934,0.2889671921730041,-0.2331860928910092,-0.4531758544415636,0.7279430773688647,-0.4586444208618499,-0.4739286582732988,-2.1280118114037223,1.3802119150362506
1771355023316448768,18.165448665618896,-0.4934860467910766,-2.24786114692688,1.0111652612686155,-0.7403880953788757,0.4614230990409851,0.4887884259223938,-0.0893085002899169,0.108904629945755,0.3012506663799286,-0.2241594755196251,-0.4539909963197918,0.7336800334248271,-0.4531647621380522,-0.4795986110753023,-2.154293777232679,1.3698620737858171
1771355023326480640,18.175480604171753,-0.5426645278930664,-2.4653265476226807,1.0900208950042725,-0.7236999273300171,0.4665649235248565,0.5085029602050781,-0.1068968176841735,0.1182738840579986,0.3135184049606323,-0.2142464357876635,-0.4548649301728953,0.7398306489585593,-0.4470423682043856,-0.4854030735649635,-2.1832941772087646,1.358342676001992
1771355023336511488,18.185511589050293,-0.6037350296974182,-2.6531789302825928,1.1724010705947876,-0.705050528049469,0.4716917872428894,0.5295378565788269,-0.1387909054756164,0.1454041004180908,0.3311951160430908,-0.2035017979510334,-0.4557365401827414,0.7463733229947103,-0.4402476399871654,-0.4912084249844202,-2.214977879917612,1.3455107950910723
1771355023346542592,18.195542573928833,-0.6505244970321655,-2.807120561599731,1.2402019500732422,-0.6845078468322754,0.4766861200332641,0.5515613555908203,-0.1704728007316589,0.1620011031627655,0.3255292177200317,-0.1920228963546949,-0.4565721611426154,0.7532081574141144,-0.4328356773527013,-0.496881088024126,-2.24905048306143,1.3314613107404532
1771355023356573696,18.205573558807373,-0.7247071266174316,-2.951667547225952,1.312492609024048,-0.662101686000824,0.4814113974571228,0.5743386745452881,-0.1937485933303833,0.1832157373428344,0.3204674124717712,-0.1799251791386453,-0.4572760444243455,0.7603077942478239,-0.4248031823808764,-0.5022642711030951,-2.2853329390953583,1.3160439862519726
1771355023366605824,18.21560573577881,-0.7786359190940857,-3.0673723220825195,1.3731828927993774,-0.6378872990608215,0.4857481122016907,0.5976191163063049,-0.2126376032829284,0.2163392901420593,0.3121098279953003,-0.1672841944572396,-0.4578210638114868,0.7675997877937236,-0.4161807953943403,-0.5072188455112037,-2.323613580854643,1.2993274228439928
1771355023376636672,18.22563672065735,-0.7903797030448914,-3.159827947616577,1.4248998165130615,-0.611992597579956,0.489711046218872,0.6210060119628906,-0.2294686436653137,0.2332656979560852,0.2868767380714416,-0.1541516916825958,-0.4582006225870624,0.7749549546824657,-0.4071048488827182,-0.5117582989666277,-2.3635044734472563,1.281612236932722
1771355023386667776,18.23566770553589,-0.7934661507606506,-3.227631092071533,1.4512598514556885,-0.584614634513855,0.4933648407459259,0.6440628170967102,-0.253214955329895,0.2542548179626465,0.261881947517395,-0.1405779435762239,-0.4584383803850104,0.7822184187801127,-0.3977517407963378,-0.5159539332372753,-2.404540653955205,1.2633198775683891
1771355023396699648,18.245699644088745,-0.7331660985946655,-3.2995080947875977,1.4819868803024292,-0.5558739900588989,0.496774822473526,0.6664976477622986,-0.2744025588035583,0.2583064138889313,0.2670503258705139,-0.1265688649786863,-0.4585789209067583,0.7892744842794414,-0.3882416397243572,-0.5198786368251271,-2.446447831708616,1.2447917874096457
1771355023406730752,18.255730628967285,-0.7062406539916992,-3.3767166137695312,1.5050642490386963,-0.5257083773612976,0.4999821782112121,0.6882210969924927,-0.2776362895965576,0.2647272646427154,0.2778127789497375,-0.1120754174186904,-0.4586293663288823,0.7960965161391009,-0.3785874627982364,-0.5235781816732029,-2.489276534311487,1.226077416247295
1771355023416761600,18.265761613845825,-0.6595215797424316,-3.4407341480255127,1.522884726524353,-0.4942044615745544,0.5029845237731934,0.7090614438056946,-0.2856874167919159,0.2498229742050171,0.2544851303100586,-0.0971316834633483,-0.4585887653832503,0.802637573349706,-0.3688286856429456,-0.527048450200657,-2.5328937498941326,1.2072650499754627
1771355023426792192,18.275792121887207,-0.6468740105628967,-3.517706871032715,1.573075771331787,-0.4612806141376495,0.5056681036949158,0.7290540933609009,-0.2923662066459656,0.2333302497863769,0.2350724339485168,-0.0817420051530554,-0.4584225888379695,0.8089349613062489,-0.3588748600022837,-0.5301561689817965,-2.5774674794511117,1.1881593082304425
1771355023436824064,18.285824060440063,-0.6728425025939941,-3.618922710418701,1.630648493766785,-0.4266557693481445,0.5078769326210022,0.7483491897583008,-0.2935134172439575,0.2602964043617248,0.2667878270149231,-0.0658798853986476,-0.457979054242535,0.8151256210272425,-0.3485476036168291,-0.5327184270552664,-2.6234265664385177,1.1681696096877112
1771355023446855424,18.295855283737183,-0.7097685933113098,-3.7216641902923584,1.667017936706543,-0.3903625309467315,0.5093593597412109,0.7669222950935364,-0.3148223161697387,0.2367342710494995,0.2885738015174866,-0.0495825049978372,-0.4573271415253013,0.8211656562937123,-0.3377578077611233,-0.5344401907119444,-2.670771951720748,1.1474298285568931
1771355023456886272,18.305886268615723,-0.7209885120391846,-3.8491363525390625,1.717274188995361,-0.3522472679615021,0.5101313591003418,0.7846579551696777,-0.3438129425048828,0.2143560051918029,0.3072916269302368,-0.032746322242008,-0.4564917561215798,0.8270092226951017,-0.3264946787582356,-0.5353375205160606,-2.7196386722821524,1.126056941856523
1771355023466918144,18.31591820716858,-0.6659226417541504,-3.975624084472656,1.7362017631530762,-0.3122516870498657,0.5103421807289124,0.8012802600860596,-0.3645824491977691,0.2092776298522949,0.28929603099823,-0.0152695763478348,-0.455504879447111,0.83255956979816,-0.3148440844422615,-0.5355826378483465,-2.7700048249794085,1.1043046196138182
1771355023476949248,18.32594919204712,-0.5888009667396545,-4.079665660858154,1.7573281526565552,-0.270609587430954,0.5103569626808167,0.8162761926651001,-0.3897603154182434,0.1837348937988281,0.276070237159729,0.0028785582187782,-0.4543975520024592,0.8376520481342076,-0.3030738817125031,-0.5355997980340563,-2.8214775015831943,1.0826175586116504
1771355023486980096,18.33598017692566,-0.4810397624969482,-4.186537265777588,1.759662389755249,-0.2274720519781112,0.5103365182876587,0.8293449878692627,-0.3995115756988525,0.1807340383529663,0.2716529369354248,0.0217022351500328,-0.4531854883304341,0.8421967727509555,-0.291301422348662,-0.5355760489700643,-2.873896719796101,1.0611791267369737
1771355023497011200,18.3460111618042,-0.4130537807941437,-4.284980297088623,1.7907696962356567,-0.1829190999269485,0.5102774500846863,0.8403317332267761,-0.4055513739585876,0.1778786778450012,0.2773287296295166,0.0411671520754106,-0.4518044738802145,0.8461906238639981,-0.2795342133245082,-0.5355073925768178,-2.927261211327171,1.0398485840736296
1771355023507043072,18.356043100357056,-0.3666532635688782,-4.3368964195251465,1.813026785850525,-0.1371450424194336,0.509887158870697,0.8492385149002075,-0.4293069541454315,0.1968998908996582,0.2657058238983154,0.0611038366159149,-0.4501526469737648,0.8496951589928573,-0.2676695439721058,-0.5350535883019276,-2.9814831917122397,1.0183481358289754
1771355023517074176,18.366074085235596,-0.3893724083900451,-4.39697265625,1.8378280401229856,-0.0904724448919296,0.5087772011756897,0.8561310768127441,-0.4391143321990967,0.165920615196228,0.247140347957611,0.0812962062820903,-0.4482230664784292,0.8527377242356661,-0.2555882809251153,-0.533763825238086,-3.036307491540491,0.9966888173777168
1771355023527105024,18.376105070114136,-0.4287015497684479,-4.464332580566406,1.866202473640442,-0.0428362041711807,0.5064924955368042,0.8611798882484436,-0.4328870773315429,0.1182634234428405,0.2468067407608032,0.1016919181606331,-0.4460236603106631,0.8553670747210993,-0.2430409631824986,-0.5311120100217652,-3.091892320322992,0.9748263298367906
1771355023537137152,18.38613724708557,-0.4251624643802643,-4.503848552703857,1.892371654510498,0.0054985652677714,0.5031062960624695,0.8642070889472961,-0.4399620592594147,0.1215426921844482,0.2065936923027038,0.1222231984744914,-0.4435126936878439,0.8575546766173434,-0.2301259790155052,-0.5271893501075944,3.1352301841925727,0.9528815723240984
1771355023547168256,18.39616823196411,-0.3568707406520843,-4.533655643463135,1.9122191667556765,0.0542775616049766,0.4991140961647033,0.8648349046707153,-0.4387685060501098,0.1326150894165039,0.1669340133666992,0.1429463110470636,-0.4406515351460451,0.8592110762503427,-0.2171381820203832,-0.5225761107441047,3.078914257289453,0.9309935341655616
1771355023557199360,18.40619921684265,-0.2361744195222854,-4.555078506469727,1.9350403547286987,0.1032656133174896,0.4950153827667236,0.8627262115478516,-0.4380434155464172,0.1434735059738159,0.1474820971488952,0.1639274112730557,-0.4373933516459952,0.8602616842657977,-0.2043644803293031,-0.5178525367688879,3.0224625837472647,0.9091682411988262
1771355023567230208,18.41623020172119,-0.079211875796318,-4.568564414978027,1.972015142440796,0.1523041427135467,0.491138219833374,0.857663631439209,-0.4521850943565368,0.1348231434822082,0.125078797340393,0.1852092826890374,-0.4336222295373854,0.8606994678128272,-0.1920045882035438,-0.5133959442562102,2.9658444812884177,0.8871266074570836
1771355023577262080,18.426262140274048,0.049321062862873,-4.56923770904541,1.99987530708313,0.2011710256338119,0.4875022768974304,0.8496302366256714,-0.469222217798233,0.1234138011932373,0.1183109283447265,0.206748531388895,-0.4293241300563529,0.8605207165136928,-0.1801107218562155,-0.5092267846912778,2.9090994382781656,0.8647891713914625
1771355023587293184,18.436293125152588,0.1051126047968864,-4.569455623626709,2.029759407043457,0.2496774047613144,0.4836262762546539,0.8389080762863159,-0.4893014430999756,0.1129313111305236,0.1195574402809143,0.228388195580981,-0.4245367421346674,0.8597805499998797,-0.1684778224784778,-0.5047930021603165,2.852319040159123,0.8422159226742884
1771355023597324032,18.446324110031128,0.1043357625603675,-4.567953586578369,2.040881633758545,0.2976737320423126,0.4789313673973083,0.8258419632911682,-0.5118155479431152,0.0880394577980041,0.129999041557312,0.2499686256394044,-0.4193582329542127,0.8585217821028869,-0.1568268731578435,-0.4994369907364976,2.7956398241299643,0.8196906322783319
1771355023607355136,18.456355094909668,0.0494569726288318,-4.560709476470947,2.0446066856384277,0.3449051678180694,0.4730122685432434,0.8107403516769409,-0.5355484485626221,0.0423075556755065,0.114369511604309,0.271320324333455,-0.4139197638824191,0.8567616890309401,-0.1449659713072801,-0.4927065846596485,2.739366307589187,0.7976666550091882
1771355023617387264,18.466387271881104,-0.0205082632601261,-4.549888610839844,2.0378618240356445,0.3912015855312347,0.4655792713165283,0.793849527835846,-0.5458036661148071,0.0006987154483795,0.0577892065048217,0.2923280880137912,-0.4083157349751834,0.8545191709970917,-0.1327383717279826,-0.484289051056911,2.683729175429321,0.7765320024605343
1771355023627418368,18.476418256759644,-0.0723669379949569,-4.5296454429626465,2.0168023109436035,0.4363004863262176,0.4567864239215851,0.7752345204353333,-0.536077618598938,-0.012740284204483,-0.0114708542823791,0.3129360492427795,-0.4026011640048984,0.8517802375435501,-0.1202244371942545,-0.4743793669859875,2.628976810015878,0.7565348624266278
1771355023637449216,18.486449241638184,-0.0751006677746772,-4.511931419372559,2.024874210357666,0.4801590740680694,0.4468438029289245,0.7548366189002991,-0.5299789905548096,0.0055183172225952,-0.0264428853988647,0.3331950053237911,-0.3966907962182071,0.8485603792853574,-0.107530958015978,-0.4632342133134395,2.5750440226527145,0.73750307608837
1771355023647481088,18.49648118019104,0.0077275466173887,-4.473320484161377,2.005916118621826,0.5226332545280457,0.4364210963249206,0.732387363910675,-0.5399824976921082,0.0423234105110168,-0.0241506099700927,0.3532379945351855,-0.3904844300761305,0.8448168922266563,-0.0950225048678016,-0.4516171341173413,2.521795899519057,0.7190662581667917
1771355023657512192,18.50651216506958,0.1280262619256973,-4.411012172698975,2.003591537475586,0.5634071230888367,0.4260358512401581,0.7078601717948914,-0.5603553056716919,0.0523119866847991,-0.0325061678886413,0.3730572910536854,-0.383863034482061,0.8405826893416889,-0.0830555070471656,-0.4401065351642786,2.469338371229403,0.7007814047024873
1771355023667543296,18.51654314994812,0.214430034160614,-4.3581342697143555,2.016185522079468,0.6024863123893738,0.4153918027877807,0.6815128326416016,-0.5710532665252686,0.0530530214309692,0.0218715667724609,0.3925937811699516,-0.3767703428666393,0.8359428978457932,-0.0715099192088711,-0.4283734850279233,2.4176641150536327,0.6825352490752938
1771355023677574144,18.52657413482666,0.3021183311939239,-4.258473873138428,1.9678161144256592,0.6395424008369446,0.4047226309776306,0.6535941958427429,-0.5896918773651123,0.0456100702285766,0.0117349028587341,0.4117539391602743,-0.3693536672952357,0.8308880628685146,-0.0605117555085546,-0.4166755048215425,2.367060525506085,0.6645664152580897
1771355023687606016,18.536606073379517,0.367138534784317,-4.169605255126953,1.9464906454086304,0.6744040846824646,0.3939897119998932,0.6244606971740723,-0.5937309265136719,-0.039421260356903,-0.0861154198646545,0.4304230640219384,-0.3616776992686565,0.8254814205218102,-0.0500561582278628,-0.404968386592027,2.3177618265757487,0.6469830377216921
1771355023697637120,18.546637058258057,0.3821012377738952,-4.060789108276367,1.9227967262268064,0.7071180939674377,0.3828433752059936,0.594487190246582,-0.5673781037330627,-0.0500949621200561,-0.155705451965332,0.4485101936434336,-0.3537948547588938,0.8198004532561973,-0.0399378743694544,-0.3928722060306751,2.269877182241226,0.629996693684583
1771355023707668224,18.556668281555176,0.4118978381156921,-3.947607278823853,1.915532112121582,0.7376203536987305,0.3712665736675262,0.563983142375946,-0.5369216799736023,-0.0638173520565033,-0.2211792469024658,0.4659384532144449,-0.3457209028396887,0.8139217515731767,-0.0301609181428951,-0.3803727249003721,2.223574936102566,0.6136189492007632
1771355023717700352,18.566700220108032,0.3495354056358337,-3.8380355834960938,1.9011210203170776,0.7660720944404602,0.3589393198490143,0.533194363117218,-0.5160568356513977,-0.0617591440677642,-0.1865451335906982,0.4826834768040742,-0.3375349773188921,0.8078782881037434,-0.0204821802620778,-0.3671312464432685,2.178839889419957,0.5981660143836885
1771355023727731200,18.576731204986572,0.2910681962966919,-3.697072505950928,1.8383466005325315,0.7922568321228027,0.3459933698177337,0.5026105642318726,-0.5322777032852173,-0.0640720725059509,-0.1564192771911621,0.4985740453620139,-0.3294762122967777,0.8017173509519817,-0.0108871245392803,-0.3532973403468433,2.1361292085849746,0.5841611615440655
1771355023737762304,18.586762189865112,0.1766092479228973,-3.562549829483032,1.785048484802246,0.8161754608154297,0.332539290189743,0.4725197851657867,-0.5461560487747192,-0.1093185245990753,-0.1451119780540466,0.5135545849837807,-0.3217356216036331,0.7954533846183808,-0.0013084942097555,-0.3389948346962553,2.0955894777445208,0.5719989910763711
1771355023747793152,18.596793174743652,0.0241179727017879,-3.4959728717803955,1.7450978755950928,0.8381384015083313,0.3183615505695343,0.4429105222225189,-0.5319861173629761,-0.092195838689804,-0.066232144832611,0.5277043825702504,-0.3144001805718615,0.7890550008984285,0.008528657654717,-0.3240006020830428,2.056940597718169,0.5620071276051452
1771355023757825024,18.60682511329651,-0.0479599498212337,-3.406850814819336,1.6673223972320557,0.8583042025566101,0.303747683763504,0.4135830998420715,-0.5126775503158569,-0.0584779381752014,-0.018395721912384,0.5411689120512736,-0.307479782865347,0.7824626074227203,0.0185627556975483,-0.3086237246130482,2.019827500340467,0.5540462694276008
1771355023767856128,18.61685609817505,-0.0257617905735969,-3.311301946640014,1.6101685762405396,0.8766090869903564,0.2893619835376739,0.3844818472862243,-0.4804604649543762,-0.0603123009204864,-0.065069556236267,0.5540367412230323,-0.300801932214705,0.7757313448109686,0.0283272507099326,-0.2935602276423746,1.984130712190556,0.5472391621557058
1771355023777887232,18.62688708305359,0.0432846546173095,-3.2056350708007812,1.57838237285614,0.8932139873504639,0.2752605378627777,0.3555283844470978,-0.4442852139472961,-0.0351177155971527,-0.1150193214416503,0.5664098219485978,-0.2940681710565744,0.7689525976181278,0.0376262852641608,-0.2788607023382407,1.949605601806496,0.5407253987035343
1771355023787918080,18.63691806793213,0.1630814522504806,-3.100917100906372,1.4958102703094482,0.9081465005874634,0.2616699039936065,0.3268009126186371,-0.4228255152702331,-0.0149047970771789,-0.1356082260608673,0.5783235497131703,-0.2872180803856884,0.7621720478453942,0.0462756686131178,-0.2647520002060108,1.9162233927308845,0.5341173349563725
1771355023797950208,18.646950244903564,0.2701042890548706,-2.9848668575286865,1.4498307704925537,0.9214653968811036,0.2488918453454971,0.2982527017593384,-0.3885826468467712,-0.028539627790451,-0.209843248128891,0.5898740799937454,-0.2801979008914813,0.7553909457805507,0.0540588394512474,-0.2515359235830461,1.8838267566830016,0.5269737549278385
1771355023807981312,18.656981229782104,0.3553111851215362,-2.8673553466796875,1.4165761470794678,0.9332980513572692,0.2364670932292938,0.2702548503875732,-0.3570500612258911,-0.0501421242952346,-0.258597195148468,0.600935057242709,-0.2730405405815907,0.7487164285223286,0.0612329078593457,-0.238728211035238,1.852656806825094,0.5196033745407896
1771355023818012160,18.667012214660645,0.5109230875968933,-2.732898473739624,1.3497103452682495,0.9437239766120912,0.2245160490274429,0.2428522408008575,-0.3301072120666504,-0.0636427104473114,-0.254616916179657,0.6115540458013194,-0.2656530184840655,0.7421957916535532,0.0676413841489297,-0.226446384292362,1.8226655570778512,0.511589922955307
1771355023828044288,18.6770441532135,0.6068641543388367,-2.578348159790039,1.310245394706726,0.9527600407600404,0.2131804823875427,0.2163392901420593,-0.2997599840164184,-0.0689391046762466,-0.2599031627178192,0.6216730567826058,-0.2580669008863717,0.735915158113883,0.0731646812990193,-0.2148291228488537,1.7940762302580926,0.5027951999479725
1771355023838075136,18.68707513809204,0.6758727431297302,-2.431650161743164,1.2128440141677856,0.9605103731155396,0.2023682296276092,0.1909640431404113,-0.2671050429344177,-0.0735992640256881,-0.2696382701396942,0.6312222211135864,-0.2504382830020833,0.7299059465571405,0.0779526421158267,-0.2037755786493004,1.7670523867666377,0.4936087741291277
1771355023848106240,18.69710612297058,0.7321388125419617,-2.25386118888855,1.1237705945968628,0.9670302867889404,0.1923123300075531,0.1669384688138961,-0.2367904186248779,-0.1361447423696518,-0.3207623958587646,0.6401592933550765,-0.2429878417386113,0.7241727294956603,0.082017390808529,-0.1935179230897004,1.7417415285936564,0.4843466857364118
1771355023858137088,18.70713710784912,0.8045157790184021,-2.073089122772217,1.0052032470703125,0.9724269509315492,0.1831304281949997,0.1443914920091629,-0.2058102488517761,-0.1764928698539734,-0.3942540884017944,0.6484801923296326,-0.2357541496741092,0.718759854767144,0.085309000123243,-0.1841697867895298,1.718204966492209,0.4749306944544459
1771355023868169216,18.717169284820557,0.9886102676391602,-1.8034776449203491,0.8500781059265137,0.976706862449646,0.1752789318561554,0.1237765550613403,-0.1863475441932678,-0.2172406613826751,-0.5189944505691528,0.6561062250085186,-0.2286534104986443,0.7138668604519749,0.0873852849184463,-0.1761890811604417,1.6968528218233498,0.4645949966275626
1771355023878200320,18.727200269699097,1.119388222694397,-1.4781475067138672,0.6996287107467651,0.979933261871338,0.1689076125621795,0.1058352440595626,-0.2073655128479004,-0.246742695569992,-0.6559450626373291,0.6628223522520739,-0.2216787772758238,0.7097718930895843,0.0880280643936528,-0.1697212445551165,1.6783818075977035,0.45300019253884
1771355023888231168,18.737231254577637,1.1847670078277588,-1.088597059249878,0.5192320346832275,0.9822280406951904,0.1640354096889495,0.0912169069051742,-0.2303054332733154,-0.320560097694397,-0.7329710721969604,0.6683991002409133,-0.215081268971882,0.7066459509619818,0.0873739105304564,-0.1647800994954068,1.6633980677484714,0.4406768844595725
1771355023898263296,18.747263193130493,1.053702712059021,-0.6730642318725586,0.3132852613925934,0.9836605787277222,0.16092549264431,0.0807145535945892,-0.2419003248214721,-0.4180818796157837,-0.7623552083969116,0.6725316164964602,-0.2094279413168729,0.7046255834334918,0.0856968081305334,-0.1616283000887131,1.6526681927512323,0.4288484566076818
1771355023908294144,18.757294178009033,0.7214330434799194,-0.237088918685913,0.1079829856753349,0.984342873096466,0.1595864444971084,0.0748417228460311,-0.244139015674591,-0.5622506141662598,-0.7684605121612549,0.6749657118426846,-0.2054501238128368,0.7037123769935333,0.0836685149719226,-0.1602717087631526,1.6466824934857038,0.4195205339440821
1771355023918325248,18.767325162887573,0.3104620277881622,0.1966484040021896,-0.089204654097557,0.9843693375587464,0.159914955496788,0.0737853422760963,-0.2654972672462463,-0.6513395309448242,-0.6908202171325684,0.6755729307604534,-0.2036890697952425,0.7038490129250888,0.0819058361511862,-0.1606045035188852,1.6456133831427635,0.4143339426138462
1771355023928356096,18.777356147766113,0.0258283428847789,0.5574630498886108,-0.3329464793205261,0.98372620344162,0.1621908396482467,0.077312596142292,-0.2619242668151855,-0.6151021718978882,-0.5845910310745239,0.6744698575416301,-0.2040791111659533,0.7049879546716321,0.0802138419513112,-0.1629104802891993,1.6492266974774932,0.4128955509958968
1771355023938388224,18.78738808631897,-0.165650799870491,0.8658462166786194,-0.5156625509262085,0.9824385046958924,0.1663880199193954,0.0844385847449302,-0.2122204899787902,-0.4929260611534118,-0.501110315322876,0.6720511019746905,-0.2061346421965059,0.7069142826013397,0.0782824763343733,-0.1671654924368714,1.656533587817104,0.4139907416195758
1771355023948419072,18.79741907119751,-0.3261366188526153,1.1233108043670654,-0.6823822855949402,0.9805164933204652,0.1721193045377731,0.0946683958172798,-0.1986867785453796,-0.4299775958061218,-0.4366788864135742,0.6684892920030813,-0.2094867894505447,0.7095417404634122,0.0760773049984421,-0.1729806783317136,1.6670475043513244,0.4170200773963821
1771355023958450176,18.80745005607605,-0.4848402440547943,1.329659104347229,-0.7933788299560547,0.9779658913612366,0.1789997071027755,0.1074331775307655,-0.191421091556549,-0.3634937107563019,-0.3768118619918823,0.6639620761555567,-0.2139511541084331,0.7127001408672418,0.0737415269727207,-0.1799696479119559,1.680211302037478,0.4219092457272186
1771355023968481280,18.81748127937317,-0.5767929553985596,1.5174777507781982,-0.8855095505714417,0.9747819900512696,0.1866112500429153,0.1223775967955589,-0.1760454773902893,-0.286815732717514,-0.3319113254547119,0.6585768619688906,-0.2192596942526215,0.7163197510819566,0.0713281129897119,-0.1877116677600024,1.6956864806134382,0.4283457624545053
1771355023978513152,18.827513217926025,-0.57734215259552,1.684775471687317,-0.9648802876472472,0.9709092378616332,0.1948931217193603,0.1391108334064483,-0.1725847125053405,-0.2602160274982452,-0.3317530155181885,0.6524876175045331,-0.2250685131390083,0.7203468468072102,0.0685889800910119,-0.1961484842877435,1.713106702587491,0.4354858107211492
1771355023988544256,18.837544202804565,-0.5146867036819458,1.8162130117416384,-1.0264861583709717,0.9663081169128418,0.2037529647350311,0.1572683453559875,-0.1692805290222168,-0.2340569198131561,-0.3537710905075073,0.6458311948422858,-0.2310559680677344,0.7247394772528687,0.065329229197778,-0.205189778567519,1.7321334942403157,0.4425866914815086
1771355023998575104,18.847575187683105,-0.4227355122566223,1.9569474458694456,-1.0916067361831665,0.9609355330467224,0.213170900940895,0.176524668931961,-0.1713237762451172,-0.2231348901987075,-0.3722338676452636,0.6387200931116822,-0.2370341963881783,0.7294361671309001,0.0614351996625383,-0.2148193098808577,1.752471628883348,0.4492210682086339
1771355024008607232,18.85760712623596,-0.3021904528141022,2.087900161743164,-1.1838663816452026,0.9546554684638976,0.2234499901533126,0.1967300772666931,-0.1820573806762695,-0.2294467687606811,-0.3783860504627228,0.6312056784387571,-0.2429646320871101,0.7343931023037238,0.0566939661734402,-0.2253525331174752,1.7740258081370508,0.4550954078633681
1771355024018638080,18.867638111114506,-0.2566064596176147,2.2166194915771484,-1.2735941410064695,0.9473664164543152,0.2345707714557647,0.2178845554590225,-0.2072082757949829,-0.2300083935260772,-0.3508496284484863,0.6232450871311288,-0.2489633315716113,0.7395671280216958,0.0512188587940244,-0.2367770030839351,1.796854974317023,0.4606113779890096
1771355024028669184,18.87766909599304,-0.284918874502182,2.3726861476898193,-1.369577169418335,0.9388964772224426,0.2464938759803772,0.2402380406856537,-0.2365344166755676,-0.2327762246131897,-0.2915686368942261,0.6146863289896333,-0.2552655874872502,0.7449553685102586,0.0451856940585691,-0.2490608364419485,1.8212946222649689,0.4664857857636018
1771355024038700032,18.887700080871586,-0.4244988560676574,2.511260747909546,-1.4522943496704102,0.9291539788246156,0.2588720917701721,0.2639278173446655,-0.243241012096405,-0.2487402856349945,-0.2320064604282379,0.6054053033719907,-0.2621382649030543,0.7504981305698001,0.0389925692135698,-0.2618543053328143,1.847558262497966,0.4737578283650272
1771355024048732160,18.897732257843018,-0.6629674434661865,2.6333823204040527,-1.501071572303772,0.918091118335724,0.2710458636283874,0.2892111837863922,-0.2464601397514343,-0.2399178743362426,-0.1952780187129974,0.595226942520667,-0.2698059567862677,0.7561814225079271,0.0331571833653348,-0.2744793955051965,1.8759695298804429,0.4835444925023855
1771355024058763264,18.90776324272156,-0.9132657051086426,2.7604260444641113,-1.5315979719161987,0.9056699872016908,0.2825257480144501,0.3161348104476928,-0.2395017743110656,-0.2233368754386901,-0.2014954090118408,0.5840810544418003,-0.2783353503097804,0.7619690493838851,0.0279637819032366,-0.2864260987031746,1.906635090942859,0.4963668328385528
1771355024068794368,18.917794227600098,-1.1286808252334597,2.8969531059265137,-1.533893346786499,0.89186692237854,0.2929515242576599,0.3446061313152313,-0.2208461761474609,-0.2004679143428802,-0.2337813675403595,0.5719683915902894,-0.2875556726430381,0.7678637952262168,0.0234377361701078,-0.2973123507905209,1.9395129011177643,0.5119890631246231
1771355024078826240,18.92782616615295,-1.2089955806732178,2.9991772174835205,-1.5291892290115356,0.8766735196113586,0.3022692203521728,0.3742686510086059,-0.2126567959785461,-0.1608812510967254,-0.2709056138992309,0.5590090351662383,-0.2971550249596278,0.7738431467078987,0.0193550079674303,-0.307072322045102,1.9742913346414652,0.5295820274872256
1771355024088857088,18.937857151031498,-1.054504632949829,3.108708620071411,-1.5386782884597778,0.8600177764892578,0.3111490607261657,0.4044203162193298,-0.2243213653564453,-0.1128763556480407,-0.3248610496520996,0.5454967412067693,-0.3065567708053884,0.7798930076451105,0.0149394792638528,-0.316401858244407,2.010359057732199,0.5471885811179139
1771355024098888192,18.94788813591003,-0.7429375052452087,3.2566399574279785,-1.550252914428711,0.8417068719863892,0.3204935491085052,0.4345263540744781,-0.2452256679534912,-0.0278452932834625,-0.389314591884613,0.5316472420087553,-0.3152798724196773,0.7860418403467632,0.0093772288875161,-0.3262504869511073,2.04735474282285,0.5630564194542916
1771355024108919040,18.957919120788578,-0.2766911387443542,3.3743603229522705,-1.5953195095062256,0.8216286897659302,0.3313261270523071,0.4638419151306152,-0.2608224153518677,-0.0071074068546295,-0.4194693863391876,0.5177598508463817,-0.3229364949011944,0.7922329022351869,0.0019444887782746,-0.3377087445526301,2.0847337887126463,0.5757306730458625
1771355024118951168,18.96795105934143,0.1118957623839378,3.4770421981811523,-1.6440633535385132,0.7997164130210876,0.3441654443740845,0.4919390380382538,-0.2706788182258606,-0.0075259804725646,-0.3761705756187439,0.5039582415805656,-0.3295408487534545,0.7983560309255857,-0.0075253288590156,-0.3513497751912967,2.1222752277136294,0.585168581526184
1771355024128982272,18.97798228263855,0.2594143748283386,3.615409374237061,-1.6975102424621582,0.7757669687271118,0.3583283424377441,0.5194098949432373,-0.3068337440490722,-0.0290130972862243,-0.261307418346405,0.4898519816001466,-0.3354623842362658,0.804468733647814,-0.0184435449435337,-0.3664767133741042,2.1607880949010965,0.5929064954464002
1771355024139013376,18.98801326751709,0.0873376801609993,3.7011067867279057,-1.7881640195846558,0.7498157024383545,0.3727117478847503,0.5466834902763367,-0.3452439904212951,-0.0922398567199707,-0.1341924667358398,0.4751620056116186,-0.3416194226655231,0.8103319705905134,-0.0296561310619608,-0.3819296358413064,2.200780468451802,0.6019715692085138
1771355024149044224,18.99804425239563,-0.3538679480552673,3.7565817832946777,-1.850520372390747,0.7219192385673523,0.3854783773422241,0.5746642351150513,-0.344264268875122,-0.2025713324546814,-0.0209227204322814,0.4594317893284402,-0.3486936851626665,0.8159318710799441,-0.0398786099318263,-0.3957262191306724,2.2431074663590165,0.6150109120070932
1771355024159076096,19.008076190948486,-0.8166454434394836,3.754661083221435,-1.8566149473190308,0.6924212574958801,0.3951811790466308,0.6036431789398193,-0.3340989351272583,-0.2449888288974762,0.0437263250350952,0.4425425272512706,-0.3568193411686222,0.8212804292776249,-0.0483182837211123,-0.4062650852216082,2.2878031311485545,0.6328880496633817
1771355024169107200,19.018107175827023,-1.0469307899475098,3.733298778533935,-1.8461756706237793,0.6617931127548218,0.4018784165382385,0.6328690648078918,-0.3165784478187561,-0.1812974512577057,0.0002484917640686,0.4248731962563946,-0.3655643849532029,0.8263154349739067,-0.0552097806872101,-0.4135672730802245,2.3338571914544723,0.6542095614375181
1771355024179138304,19.028138160705566,-1.0126469135284424,3.763942241668701,-1.8375941514968872,0.6300048828125,0.4069811701774597,0.661407470703125,-0.306198239326477,-0.0734241306781768,-0.1094971895217895,0.4068137815068959,-0.3743028101336367,0.8310241576264853,-0.0616336416489221,-0.4191467083112848,2.380506191604893,0.6766255919437695
1771355024189170176,19.038170099258423,-0.6320268511772156,3.838076591491699,-1.8583875894546509,0.5966801047325134,0.4126574099063873,0.6882493495941162,-0.3133395910263061,0.0358137786388397,-0.2280135750770568,0.3887323336407001,-0.3824697156430959,0.8353691395988122,-0.0690118304068024,-0.4253695160232388,2.4273382408995476,0.6979111205839971
1771355024199201024,19.048201084136963,-0.0699816271662712,3.938654661178589,-1.88999342918396,0.5615531802177429,0.421049565076828,0.7123029828071594,-0.3279563188552856,0.1143966615200042,-0.2994610667228699,0.3710363093886074,-0.3895660853938665,0.8392793108001707,-0.0786169992907993,-0.4346021470899654,2.473987971350381,0.7163152604251268
1771355024209232128,19.058232069015503,0.3070885241031647,4.046410083770752,-1.9246283769607544,0.5243728160858154,0.4325403869152069,0.7334455847740173,-0.3503310084342956,0.1280370950698852,-0.2879344820976257,0.3536530766925625,-0.395661478963561,0.8427186890773513,-0.0905916729652027,-0.4473084803838871,2.520907122649895,0.732275398551304
1771355024219263232,19.068263292312626,0.2222143709659576,4.0374755859375,-1.9519444704055784,0.4857532083988189,0.4445308148860931,0.7526195645332336,-0.3948718905448913,0.0682865679264068,0.0017597675323486,0.3361960096207536,-0.4013695087675548,0.8457022561500074,-0.103259248334674,-0.460650408331259,2.5684462096045566,0.7482625764102192
1771355024229295360,19.07829523086548,-0.3448821902275085,4.099150657653809,-2.0271830558776855,0.4455752372741699,0.4536211192607879,0.7718101143836975,-0.4816164374351501,-0.0916825830936431,0.2765756845474243,0.3177170811919342,-0.4076683002606075,0.8483581865880613,-0.114677234244181,-0.4708243613837081,2.618022591791591,0.7675577947092298
1771355024239326208,19.08832621574402,-0.8981395363807678,4.00799036026001,-1.929578185081482,0.4046620726585388,0.4572277665138244,0.7919541597366333,-0.4819173216819763,-0.2469616830348968,0.3527601361274719,0.2979470031113403,-0.4146044596914764,0.8509290283025438,-0.1234929325558173,-0.4748755314794987,2.6692103508622056,0.7904103610062154
1771355024249357312,19.09835720062256,-1.2738173007965088,3.847435235977173,-1.8056873083114624,0.3644874989986419,0.4554676413536072,0.8122181296348572,-0.4102638661861419,-0.1083912253379821,0.3424450159072876,0.277631422133457,-0.421726208210342,0.8533791978140689,-0.1296602736328995,-0.4728974491147119,2.7197739828334573,0.8148850190744346
1771355024259388160,19.1083881855011,-1.1764310598373413,3.758157253265381,-1.6861647367477417,0.3251889646053314,0.4513037800788879,0.8310095071792603,-0.3927396535873413,0.0933891534805297,0.2167961597442627,0.2575304430865115,-0.4283458808014403,0.8555843298457483,-0.1348081976853106,-0.4682258212299908,2.7685931094057494,0.8383899860810405
1771355024269420032,19.118420124053955,-0.6730456352233887,3.743169069290161,-1.6155328750610352,0.2862421870231628,0.4484007060527801,0.8467596173286438,-0.3674189746379852,0.2386414408683776,0.0404624938964843,0.2382655134754142,-0.434025335001986,0.8573224730769604,-0.1408887482314056,-0.4649752942046518,2.8156083226401063,0.8594464762413812
1771355024279451136,19.128451108932495,0.1481744050979614,3.7662277221679688,-1.5532841682434082,0.2470156848430633,0.4503134191036224,0.8580218553543091,-0.3472048640251159,0.295887291431427,-0.0975236296653747,0.2203751152431149,-0.4384340251404232,0.858362702002281,-0.149746437400009,-0.4671163228985796,2.861282876643172,0.8773674198934915
1771355024289482240,19.138482093811035,0.9732390642166138,3.8468964099884033,-1.5154284238815308,0.2072620689868927,0.4586988687515259,0.8640819191932678,-0.3066273331642151,0.3738511502742767,-0.1532208323478698,0.2040912509876173,-0.4414463920793058,0.8585837352256359,-0.1621904624686961,-0.4765303936059579,2.906176348038644,0.8923896587734234
1771355024299514368,19.14851427078247,1.4800926446914673,3.9825453758239746,-1.5810571908950806,0.166083812713623,0.4725556969642639,0.8655098676681519,-0.3095774948596954,0.2983793318271637,-0.103241741657257,0.1887308629643446,-0.4435277465989113,0.8579266109896861,-0.1778362723930195,-0.4921884371911708,2.9520059344791516,0.9065169793074968
1771355024309545216,19.15854525566101,1.3590784072875977,4.072152137756348,-1.6915240287780762,0.1231690049171447,0.4876139461994171,0.8643277883529663,-0.3176270127296448,0.0612295567989349,-0.0160762667655944,0.1731008131532233,-0.4454600996372526,0.8565799361751413,-0.1946081845813664,-0.5093546774986927,3.0000430124187054,0.9222024061826586
1771355024319576320,19.16857624053955,0.6038429737091064,4.088051795959473,-1.7677154541015625,0.0792294815182685,0.4981286525726318,0.8634760975837708,-0.307745099067688,-0.2097984552383422,0.1340215802192688,0.1560838442068256,-0.4479019834784019,0.8550566488390393,-0.2095230421505954,-0.521439291323697,3.0500924380996968,0.9406271699605128
1771355024329607168,19.17860722541809,-0.4704935550689697,4.007968902587891,-1.7990717887878418,0.035120639950037,0.4998014271259308,0.8654279708862305,-0.3259684145450592,-0.3580471575260162,0.2817890048027038,0.1369467600062495,-0.4511265461141077,0.853931385415161,-0.2202991980121405,-0.5233695092914146,3.101033090187177,0.961186827001738
1771355024339639296,19.188639163970947,-1.1257376670837402,3.888925790786743,-1.7236814498901367,-0.0081367893144488,0.4925585687160492,0.8702415823936462,-0.3466300666332245,-0.2647294104099273,0.3106058239936828,0.1160823352736947,-0.4548608824729589,0.8533594665081162,-0.2267250460146809,-0.515027239907312,-3.13224289084844,0.9818951047934944
1771355024349670144,19.198670148849487,-1.135645866394043,3.811666965484619,-1.6052809953689575,-0.0499571301043033,0.4817916452884674,0.8748602867126465,-0.3222657442092895,0.0468794703483581,0.1557333469390869,0.0950187012754607,-0.4581992028919558,0.8529265068502425,-0.231389608343231,-0.5026981580913239,-3.084551616691596,1.0005891577818475
1771355024359701248,19.208701133728027,-0.5770704746246338,3.839747905731201,-1.4967178106307983,-0.0909209102392196,0.472861647605896,0.8764330148696899,-0.3078522682189941,0.2708363533020019,-0.002806544303894,0.0748160288284973,-0.4607156111812855,0.8520314738030758,-0.2370357442727128,-0.4925356429990128,-3.0382226981737697,1.017396159108675
1771355024369732096,19.218732118606567,0.3267978727817535,3.906343460083008,-1.4263168573379517,-0.1318297982215881,0.4701006412506103,0.8727120161056519,-0.2970032095909118,0.4139630496501922,-0.1101388335227966,0.0562110135292351,-0.4623097608339936,0.8500739340493522,-0.2459355787606438,-0.4894048113745903,-2.9916685171493715,1.033716085290198
1771355024379763968,19.228764057159424,1.1333372592926023,4.030953884124756,-1.4262478351593018,-0.1731228530406952,0.4744323790073395,0.8631006479263306,-0.2938571572303772,0.4375092089176178,-0.106569766998291,0.0392614563376097,-0.4631715760333977,0.8467717681815831,-0.2586663844175142,-0.4943190933189541,-2.9436371075701007,1.0511523874895876
1771355024389795328,19.238795280456543,1.5261908769607544,4.158720016479492,-1.4922136068344116,-0.2153249382972717,0.4833338856697082,0.8485419750213623,-0.3303140997886657,0.2751805186271667,-0.0472114086151123,0.0231299643340278,-0.4636590912640164,0.8421943013491621,-0.2742152544176638,-0.5044589835048297,-2.893079496521725,1.0708665311252428
1771355024399826176,19.248826265335083,1.2847946882247925,4.2177348136901855,-1.6004763841629028,-0.2582119107246399,0.4917795956134796,0.8315526843070984,-0.3518955409526825,0.0783498585224151,0.0693569183349609,0.0066335330421566,-0.4641159496928075,0.836882746274723,-0.2901375053747932,-0.5141324043342361,-2.840514654290486,1.0924103145242663
1771355024409858304,19.25885820388794,0.6741136908531189,4.1906843185424805,-1.7059268951416016,-0.3012086749076843,0.4953499734401703,0.8148019313812256,-0.3836974203586578,-0.1696204841136932,0.2272972464561462,-0.0111436339357545,-0.4647809613237218,0.8314924129593313,-0.304096979840805,-0.5182376493282539,-2.78750213172306,1.1141947137424235
1771355024419889152,19.26888918876648,-0.1108697578310966,4.051711559295654,-1.7169636487960815,-0.3431252539157867,0.4920275807380676,0.8001088500022888,-0.3764487504959106,-0.2462847232818603,0.2403117418289184,-0.0303232608802313,-0.4655341081859288,0.8266392338110635,-0.3146841966589859,-0.5144172266429777,-2.736467061708927,1.133727731057406
1771355024429920768,19.278920650482178,-0.3865935504436493,3.904865503311157,-1.6495922803878784,-0.3830429911613464,0.483678251504898,0.7869772911071777,-0.3631727993488312,-0.0871939063072204,0.235224187374115,-0.0501129019431188,-0.4660966789827747,0.822339670577047,-0.3224903136417283,-0.5048523804936564,-2.6886198337597182,1.1500239962347356
1771355024439951872,19.288951873779297,-0.1864098906517028,3.8181190490722656,-1.56808602809906,-0.420959860086441,0.4747322201728821,0.772930920124054,-0.3662105500698089,0.1454917788505554,0.1940796375274658,-0.0693354696961813,-0.4663367985932699,0.8179214281426715,-0.3297380098545601,-0.4946597403493697,-2.6428831383912947,1.164785126025629
1771355024449983744,19.298983812332153,0.2260511815547943,3.77297043800354,-1.4861218929290771,-0.4572933614253998,0.4680913090705871,0.7561570405960083,-0.3742344081401825,0.2924830913543701,0.1393508911132812,-0.0873904395626326,-0.466225315135687,0.8128422203138667,-0.338059815801953,-0.4871296084616418,-2.597680661750726,1.1798980079160717
1771355024460014848,19.309014797210693,0.6760902404785156,3.7051050662994385,-1.417631983757019,-0.4920829832553863,0.4645611345767975,0.7362315654754639,-0.3623938262462616,0.3163836002349853,0.115590214729309,-0.1040215835802036,-0.4659088286654251,0.8068734404409169,-0.3479419854898953,-0.4831389689277671,-2.552404332256378,1.1965470073798028
1771355024470045696,19.319045782089233,1.0098375082015991,3.631742477416992,-1.3632076978683472,-0.5252390503883362,0.4636735320091247,0.7135342955589294,-0.3610219955444336,0.2783766686916351,0.1253940463066101,-0.1192837864630086,-0.4654734508550409,0.8000635064503563,-0.3591717465887815,-0.482136903754304,-2.50704120575807,1.2149619931731788
1771355024480077824,19.32907772064209,1.2016775608062744,3.5505576133728027,-1.3573449850082395,-0.5568098425865173,0.4641542434692383,0.6888570189476013,-0.3634477853775024,0.2508421540260315,0.1582500338554382,-0.1335015109730701,-0.465033967305985,0.7925729685244289,-0.3711454589786957,-0.4826795269877393,-2.461805257180781,1.234863554868323
1771355024490108672,19.33910870552063,1.1956843137741089,3.457658052444458,-1.396559476852417,-0.5869846343994141,0.4644842445850372,0.6631014943122864,-0.3538723587989807,0.1512384712696075,0.1935421824455261,-0.1471336079462702,-0.4647086273835217,0.7845996692219953,-0.3831461903853199,-0.4830521189296963,-2.417008698380168,1.2556513566605914
1771355024500139776,19.34913969039917,1.0311908721923828,3.3398475646972656,-1.4174919128417969,-0.6156983971595764,0.4633190035820007,0.637378454208374,-0.3299041390419006,0.047881007194519,0.2176325917243957,-0.1605682211345965,-0.46444942432311,0.7765152687402019,-0.3943712799643336,-0.4817367933109207,-2.373494242668226,1.2759557441132086
1771355024510170624,19.35917067527771,0.8207745552062988,3.227325439453125,-1.409559965133667,-0.6428134441375732,0.4601846635341644,0.6123899221420288,-0.2972959876060486,0.0188498795032501,0.2253024578094482,-0.1739612122586736,-0.4641313194374303,0.7686202533047846,-0.4044040937833911,-0.4782031792213541,-2.3319613442478295,1.2946337896854356
1771355024520202752,19.369202852249146,0.6685876846313477,3.12025785446167,-1.379068374633789,-0.6683251857757568,0.4554822444915771,0.5881134271621704,-0.2727911472320556,0.0573809146881103,0.2069000005722046,-0.1872618017069149,-0.4636529086536217,0.7609748280028197,-0.4133718925847732,-0.4729138458429904,-2.292440421937308,1.3114533783351172
1771355024530233856,19.37923383712769,0.5759089589118958,3.024155855178833,-1.324902892112732,-0.6922330856323242,0.4498327672481537,0.564325749874115,-0.2498444318771362,0.0968285202980041,0.1885275840759277,-0.2003279541883886,-0.4629559149386708,0.7535480704838113,-0.4215516017552483,-0.4665780857676637,-2.2547521206726273,1.3266018455860813
1771355024540264960,19.389264822006226,0.5150863528251648,2.909618377685547,-1.2637999057769775,-0.7144790291786194,0.4437501728534698,0.5409297347068787,-0.2274610996246338,0.1091977059841156,0.198877215385437,-0.2129731097632212,-0.4620608253994352,0.7463006424174001,-0.429158972013951,-0.4597791146375494,-2.218823865551208,1.3404036715747742
1771355024550295808,19.39929580688477,0.4633733630180359,2.7671420574188232,-1.214784860610962,-0.7350233197212219,0.4373417794704437,0.5181440114974976,-0.2126543521881103,0.1242732405662536,0.2310320734977722,-0.2251051333233607,-0.4610440747721699,0.7392634006749209,-0.4361832055428303,-0.4526406537579542,-2.1848270188488867,1.3529468210700637
1771355024560327680,19.409327745437626,0.4122249484062195,2.612734317779541,-1.154773831367493,-0.7538935542106628,0.4307107627391815,0.4961180388927459,-0.1915106177330017,0.1324148774147033,0.2717652916908264,-0.2366586172328941,-0.4599787971929125,0.7324469483389235,-0.4426441098766492,-0.4452801865377707,-2.152826816440246,1.3643768649384695
1771355024570358784,19.41935873031616,0.403575986623764,2.4275002479553223,-1.0982109308242798,-0.7709940671920776,0.4240849912166595,0.4750998914241791,-0.1654987335205078,0.135820984840393,0.3025642335414886,-0.2474546540325532,-0.4589521838461755,0.7258876183855479,-0.448571302696472,-0.4379512930198797,-2.1230550327359707,1.374879990412292
1771355024580389632,19.429389715194706,0.3887669444084167,2.2244105339050293,-1.0287548303604126,-0.7863418459892273,0.4176346361637115,0.4552449882030487,-0.1201981902122497,0.1455673277378082,0.3271036744117737,-0.2573805842555084,-0.4580456353286857,0.7195948118389356,-0.4540185133949346,-0.4308404847655666,-2.0955868048744897,1.384692016893369
1771355024590421760,19.43942165374756,0.3694754540920257,2.009357452392578,-0.9650192856788636,-0.7999588847160339,0.4113946259021759,0.4368301331996918,-0.0731491446495056,0.1635108292102813,0.3482193350791931,-0.2664059581228173,-0.4572753557853893,0.7136626085755454,-0.4589258127649163,-0.4239836412923395,-2.0706139823083527,1.3937007127967085
1771355024600452864,19.44945287704468,0.3454489409923553,1.7794853448867798,-0.8880478143692017,-0.8119027018547058,0.4054465889930725,0.4200325310230255,-0.0271782279014587,0.1668648421764373,0.3607140183448791,-0.2744895375279866,-0.4566755158629663,0.7081410446987784,-0.4632918161070868,-0.4174673346214383,-2.0482222340004204,1.4019466033318122
1771355024610483968,19.459483861923218,0.3099519312381744,1.5477896928787231,-0.7982726693153381,-0.8222001194953918,0.3999090194702148,0.4050430953502655,0.0055343508720397,0.1851130127906799,0.3743758797645569,-0.2815894211251034,-0.456239014730849,0.7031127326629693,-0.4671037474808958,-0.4114175858649625,-2.028533176101368,1.4093636349260792
1771355024620514816,19.46951484680176,0.2180643528699875,1.332902193069458,-0.7138320803642273,-0.8309901356697083,0.394691526889801,0.3920127749443054,0.0330622196197509,0.2122268974781036,0.3928230404853821,-0.2878329507733512,-0.4558934470355937,0.6986898814162299,-0.4702614471360797,-0.4057320865988505,-2.011582884785462,1.415593503269378
1771355024630546688,19.479546785354614,0.0953326746821403,1.0868606567382812,-0.6272492408752441,-0.8383176326751709,0.3897540867328644,0.3812026977539062,0.0597378015518188,0.2216808795928955,0.4231186509132385,-0.2932264801129012,-0.4556602527900093,0.6949640884281584,-0.4726700298114695,-0.4003645494290136,-1.997571338729692,1.420474400225593
1771355024640577792,19.48957777023315,0.0201055649667978,0.8652747869491577,-0.5174287557601929,-0.8442263007164001,0.3851668536663055,0.3727315664291382,0.0869782567024231,0.2286027073860168,0.4534098207950592,-0.2978367160103604,-0.4554196195742339,0.6920684548520823,-0.4742653822634922,-0.3953886179610545,-1.9865647951375336,1.42362088220835
1771355024650608896,19.499608755111694,-0.0481666103005409,0.6703470945358276,-0.3999444246292114,-0.848839521408081,0.3812184035778045,0.3662563860416412,0.0953606367111206,0.2444681823253631,0.4581759870052337,-0.3016467009824401,-0.455127668992612,0.6899181069117638,-0.4752693993718638,-0.3911138714137572,-1.978141860546785,1.425386893427196
1771355024660640768,19.50964069366455,-0.1405636519193649,0.5044910311698914,-0.305424302816391,-0.8523221015930176,0.3778978288173675,0.3615799844264984,0.0920683145523071,0.2790387868881225,0.4569166600704193,-0.3047406759777993,-0.4547726029189008,0.6884561534602972,-0.475755232629361,-0.387524687786514,-1.972013995988943,1.4259057421351062
1771355024670671616,19.51967167854309,-0.1673128008842468,0.3420369029045105,-0.2324659377336502,-0.8548740148544312,0.3750235736370086,0.3585356175899505,0.0903323888778686,0.2839424908161163,0.448959469795227,-0.3072143816693179,-0.4544379632012082,0.687571046660846,-0.4757641694082016,-0.3844222109506769,-1.9679156167517744,1.425444745562487
1771355024680702720,19.52970266342163,-0.1494797468185424,0.2165852338075637,-0.1604157090187072,-0.8566003441810608,0.3728103637695312,0.356718897819519,0.0927453637123107,0.2947005927562713,0.4337016344070434,-0.3089819306802074,-0.4542108696621172,0.6870603597868932,-0.4755741340600201,-0.382035900743927,-1.965390566467938,1.424742154229112
1771355024690733568,19.53973364830017,-0.0903162807226181,0.1187457591295242,-0.0943682566285133,-0.8576653599739075,0.3713217377662658,0.3557112216949463,0.0863334536552429,0.317231148481369,0.4145067036151886,-0.3101173707525325,-0.4540673841731027,0.6867884883318212,-0.4753647650666535,-0.3804321208959931,-1.9639477577570343,1.4241194531600845
1771355024700765952,19.549765825271606,-0.0791517794132232,0.0404914319515228,-0.0255090314894914,-0.8581504225730896,0.3705776333808899,0.3553172945976257,0.0753591656684875,0.312970370054245,0.4062184393405914,-0.3107027950727712,-0.4539359101342029,0.6867319984167277,-0.4751896951754173,-0.3796308481340915,-1.9633558988115565,1.4235446363686917
1771355024710796800,19.559796810150143,-0.0840591043233871,-0.0255280658602714,0.0362371541559696,-0.8581511378288269,0.3703615069389343,0.3555406928062439,0.0697141885757446,0.2890165150165558,0.4033552408218384,-0.3108899566942129,-0.4537708181811973,0.6869224084859182,-0.4749496270094355,-0.3793981692756947,-1.9635778317439148,1.4227356647609015
1771355024720827904,19.569827795028687,-0.0971338897943496,-0.0994970947504043,0.1020936667919159,-0.8576696515083313,0.3706320524215698,0.3564193844795227,0.0614355206489563,0.2627755105495453,0.388575792312622,-0.3107155146396535,-0.4535403917695358,0.6873942192320289,-0.4746011234341207,-0.3796894609532812,-1.9646502788434563,1.4215425681308451
1771355024730858752,19.579858779907227,-0.0669255629181861,-0.1924583315849304,0.1716852635145187,-0.8566340208053589,0.3715179860591888,0.357984334230423,0.0486657619476318,0.254656970500946,0.3641225397586822,-0.3100830050529351,-0.4532694027520734,0.68814170910019,-0.4741903028118392,-0.3806434844429537,-1.9666348667484783,1.420100661101513
1771355024740890624,19.589890718460083,-0.0376206710934639,-0.2748291194438934,0.2211926281452179,-0.8550499677658081,0.373034119606018,0.3601873219013214,0.0446405410766601,0.2393926382064819,0.3446161448955536,-0.3089167491390677,-0.4530661751458055,0.6890752530260325,-0.4737897450021878,-0.3822770447231338,-1.969483943172314,1.4187714755439662
1771355024750921728,19.599921703338623,-0.0093940924853086,-0.3662943243980407,0.2672994136810303,-0.8529768586158752,0.37501922249794,0.363030195236206,0.034098744392395,0.2167776226997375,0.3286812007427215,-0.3072901109381771,-0.4529486580769466,0.6901830259059951,-0.4733472843456299,-0.3844175240258352,-1.973178281430321,1.4174919719136156
1771355024760952832,19.609952688217163,0.0288449078798294,-0.463074654340744,0.3112351596355438,-0.850360631942749,0.3775577843189239,0.3665198087692261,0.0302618741989135,0.1932581961154937,0.3044701516628265,-0.3051328071598883,-0.452942285378773,0.6914500605038238,-0.4728995816436161,-0.3871574545390374,-1.9777522814957753,1.4163813604823
1771355024770984960,19.6199848651886,0.0727450773119926,-0.5627129673957825,0.3509381115436554,-0.8472048044204712,0.3805766105651855,0.3706822097301483,0.0248477458953857,0.1707997024059295,0.2767786681652069,-0.3024556939015296,-0.4530744897584454,0.6928669516528937,-0.4724186371302079,-0.3904197407542226,-1.983236611281664,1.4154401861935562
1771355024781015808,19.63001585006714,0.0869786068797111,-0.6582636833190918,0.3883728384971618,-0.8434930443763733,0.384034126996994,0.375549703836441,0.0173515677452087,0.1487875878810882,0.2515713572502136,-0.2992586472343926,-0.4533600038309545,0.694434706722817,-0.4718787197662811,-0.3941614965582747,-1.9896777263764491,1.4146471077017249
1771355024791046912,19.64004683494568,0.0825803056359291,-0.7528209686279297,0.4110927879810333,-0.8392562866210938,0.387749046087265,0.3811818659305572,0.0155410766601562,0.1144329607486724,0.236570119857788,-0.2956448901117594,-0.4537651955544517,0.6961954278947905,-0.4711721408521122,-0.3981883431123922,-1.9971292346611529,1.413725361267009
1771355024801077760,19.65007781982422,0.0420786850154399,-0.8621330857276917,0.4585008025169372,-0.8344478607177734,0.3916448354721069,0.3876993954181671,0.0201627016067504,0.0894494652748107,0.2186542153358459,-0.291659020249251,-0.4542347655661899,0.698226667776433,-0.4701969976327544,-0.4024185489773334,-2.005739777432502,1.4123595670609148
1771355024811109888,19.660109758377075,0.0084319533780217,-0.9840909242630004,0.5134848952293396,-0.8288921117782593,0.3958220779895782,0.395300954580307,0.0146068334579467,0.0935577750205993,0.2317895889282226,-0.2872131260449783,-0.4547289994313973,0.7006225884470405,-0.468890363688417,-0.4069628776932619,-2.0157960177943197,1.4103325109993143
1771355024821140736,19.670140743255615,-0.0197818428277969,-1.1287930011749268,0.5777634978294373,-0.8224828243255615,0.4003242552280426,0.4040572643280029,0.0146368741989135,0.1022239327430725,0.2533523440361023,-0.2822276071808987,-0.4552775808474921,0.7033853552558779,-0.467246045523773,-0.4118706558226496,-2.027431783866849,1.407687295028557
1771355024831171840,19.680171728134155,-0.0482411794364452,-1.2776756286621094,0.6396971940994263,-0.8150792717933655,0.4051950871944427,0.4140810072422027,0.0097507834434509,0.1039754748344421,0.2690703272819519,-0.2766206996925951,-0.4558912078347615,0.7065434900541405,-0.4652317870350506,-0.4171922144799392,-2.040843643970192,1.4043760040692157
1771355024841202688,19.690202713012695,-0.0905217975378036,-1.4430485963821411,0.7122305035591125,-0.8065853714942932,0.4103976786136627,0.4254335463047027,-0.0025423765182495,0.0886715054512023,0.2468686997890472,-0.270366808760125,-0.4565717877017811,0.7101119433905699,-0.4628012542330649,-0.4228901185159324,-2.056162090195089,1.4003113093007995
1771355024851234560,19.70023465156555,-0.098963476717472,-1.6142566204071045,0.7898882627487183,-0.7968515753746033,0.4160174131393432,0.4381293654441833,-0.0133292078971862,0.099195659160614,0.2313043475151062,-0.2633924271901774,-0.4572957022780525,0.7141045595865334,-0.4599563509034374,-0.4290613353081434,-2.0735055913387,1.3954443395889244
1771355024861265920,19.71026587486267,-0.1277562528848648,-1.7896326780319214,0.8707711696624756,-0.7857465744018555,0.4221386015415191,0.4521073698997497,-0.0283707380294799,0.1219439506530761,0.2386884987354278,-0.2556153491309164,-0.4580697860283689,0.7184885226154534,-0.4567351645826374,-0.4358031418851429,-2.092920464959847,1.3898608959535317
1771355024871296768,19.72029685974121,-0.203147143125534,-1.9715211391448977,0.9488430619239808,-0.7731895446777344,0.4285168349742889,0.4674945771694183,-0.0491980910301208,0.1080584824085235,0.2554057538509369,-0.2471082074240733,-0.4588663621511978,0.7233180149243589,-0.452979255418015,-0.4428506079406147,-2.1146142303860453,1.383204809651052
1771355024881328896,19.730328798294067,-0.2970917522907257,-2.174745559692383,1.0195633172988892,-0.7590416669845581,0.4348994195461273,0.4844770133495331,-0.0728827714920044,0.1119145154953002,0.3085829019546509,-0.2379152298523314,-0.4596608125648266,0.7286634675414773,-0.448506113374237,-0.449926581894558,-2.1388845450226923,1.375087975833675
1771355024891359744,19.740359783172607,-0.4010027647018432,-2.3898110389709473,1.095434308052063,-0.7430778741836548,0.4411532580852508,0.5032085180282593,-0.0921728610992431,0.1276485621929168,0.3655352592468261,-0.2279727568593651,-0.4604737734079721,0.734553034301819,-0.443197550055082,-0.4568833342665304,-2.166052312865217,1.3653501048253516
1771355024901390848,19.750390768051147,-0.504130482673645,-2.585869550704956,1.1832443475723269,-0.7251875400543213,0.447204053401947,0.5235561728477478,-0.1182418465614318,0.1475071609020233,0.3697084188461303,-0.2173023327531719,-0.4612412127171845,0.7409687179006024,-0.4370371066021833,-0.4636369548778686,-2.196108848259415,1.3538670772947436
1771355024911421696,19.760421752929688,-0.5849201083183289,-2.751659154891968,1.2537883520126345,-0.7053708434104919,0.4530465006828308,0.545161247253418,-0.1557741165161132,0.1543143093585968,0.3288621306419372,-0.2059392830430962,-0.4619181575294737,0.7478049549103766,-0.4301259883825054,-0.4701797105852742,-2.2287754528747343,1.3407876522659754
1771355024921453824,19.770453691482544,-0.6413026452064514,-2.8997652530670166,1.3081673383712769,-0.683746874332428,0.4585760533809662,0.5676247477531433,-0.1922905445098877,0.1458854973316192,0.3019735813140869,-0.193972458423963,-0.4625086810171895,0.7549159458029396,-0.4225662196530547,-0.4763921843068334,-2.263663574465372,1.326378439700169
1771355024931484672,19.780484676361084,-0.7448779344558716,-3.0275487899780273,1.3871322870254517,-0.6602902412414551,0.4636201858520508,0.5908237099647522,-0.2117493748664856,0.137881189584732,0.304455041885376,-0.181471687955865,-0.4629633877196831,0.7622839158655461,-0.4143139271877944,-0.4820766886525623,-2.3007277066109504,1.3105211041695692
1771355024941515776,19.790515661239624,-0.8611632585525513,-3.140467882156372,1.4451265335083008,-0.6350083351135254,0.4679566919803619,0.6146386861801147,-0.2264112830162048,0.1693876087665558,0.3040624260902405,-0.168576218216846,-0.463145366411633,0.769945267264815,-0.4052932798996165,-0.4869772796347934,-2.3398956171057157,1.292870535025202
1771355024951546624,19.800546646118164,-0.9435725808143616,-3.2414753437042236,1.5047001838684082,-0.607978105545044,0.4714723527431488,0.6388088464736938,-0.2409446835517883,0.1716398894786834,0.3077701926231384,-0.1553220600235662,-0.4630899409024077,0.7777866839162844,-0.395563800281675,-0.4909595862043496,-2.3809176098001994,1.2737145123497895
1771355024961578752,19.8105788230896,-1.014588713645935,-3.362154245376587,1.5295168161392212,-0.5792079567909241,0.4741235077381134,0.6631174087524414,-0.2587588429450989,0.1723912954330444,0.343657374382019,-0.1416763267445389,-0.4628656553012008,0.7856933722750257,-0.3851869823451046,-0.4939682678470775,-2.423634296276465,1.253415527181283
1771355024971609856,19.82060980796814,-1.0355514287948608,-3.4980146884918213,1.545236110687256,-0.5486354827880859,0.4758658409118652,0.6874234676361084,-0.2940312027931213,0.1635079979896545,0.3461917042732239,-0.1275515258943118,-0.4625971620521679,0.7935462199453245,-0.3741910438162853,-0.4959482056818031,-2.4680088189529226,1.2324095581829593
1771355024981640704,19.83064079284668,-0.9878820180892944,-3.631458044052124,1.5557007789611816,-0.5162018537521362,0.4770202338695526,0.7113276124000549,-0.3368558883666992,0.1964873671531677,0.3366153836250305,-0.1127879217417779,-0.4623570303465367,0.8011802465297719,-0.3627877776902555,-0.4972612054918077,-2.5138336923339137,1.2112692990441267
1771355024991672832,19.840672731399536,-0.8738406300544739,-3.7475969791412354,1.5478769540786743,-0.4819825887680053,0.4780383706092834,0.7342831492424011,-0.3658414185047149,0.2361339032649994,0.305709958076477,-0.0972565689511104,-0.4622207102205814,0.8083895063728267,-0.351282621475473,-0.4984200101110494,-2.5607322981699863,1.190659993726967
1771355025001703680,19.850703716278076,-0.8069859743118286,-3.8617019653320312,1.528876543045044,-0.4461712539196014,0.4789614975452423,0.7559941411018372,-0.3987078964710235,0.2054104506969452,0.285082459449768,-0.0810486884292655,-0.4621614213892835,0.8151097392753421,-0.3397558697820111,-0.4994712875354843,-2.6084263623913593,1.1706724842482068
1771355025011734784,19.860734701156616,-0.7637964487075806,-3.980777740478515,1.5344942808151243,-0.4086241722106933,0.4794602394104004,0.7766232490539551,-0.4143432378768921,0.2030500471591949,0.2769806981086731,-0.0641987253244292,-0.4621671032740342,0.821409278534455,-0.3279737205237357,-0.5000395384380054,-2.657240673975736,1.1510035827315592
1771355025021765632,19.870765686035156,-0.6461156010627747,-4.0555195808410645,1.4875408411026,-0.3696459829807281,0.4798245429992676,0.7956947684288025,-0.4283123910427093,0.1772799491882324,0.2302298545837402,-0.0467686490577345,-0.4622070154388922,0.8271711100710517,-0.3161728674851859,-0.500454702655384,-2.7066988461102097,1.1319365611241492
1771355025031797760,19.880797863006592,-0.5952159762382507,-4.1377668380737305,1.516295313835144,-0.3294042646884918,0.4801748692989349,0.812973141670227,-0.4273249208927154,0.0895883738994598,0.1834716796875,-0.0288087804347038,-0.4622352759994005,0.8323611758338915,-0.3044398004824147,-0.500854059571913,-2.7566247482561317,1.113478182665789
1771355025041828864,19.890828847885132,-0.6038837432861328,-4.238582134246826,1.5471144914627075,-0.2875224351882934,0.4799877405166626,0.8288196921348572,-0.4128406643867492,0.1193773746490478,0.2260659337043762,-0.010365331977542,-0.4620215533286393,0.8372251326279294,-0.2923740178238644,-0.5006407351373636,-2.8076769334728984,1.0946482558388757
1771355025051859968,19.900859832763672,-0.595887303352356,-4.31350564956665,1.5315743684768677,-0.2442534267902374,0.4790475070476532,0.8431214690208435,-0.4141480624675751,0.1361563205718994,0.239443838596344,0.0084533650897467,-0.4616722741718949,0.8416765601813785,-0.2799425414916139,-0.4995692999701506,-2.859610734212132,1.0757908584229028
1771355025061891840,19.91089177131653,-0.5551998019218445,-4.377985000610352,1.5339765548706057,-0.1998877525329589,0.4775182902812958,0.8555822968482971,-0.4237999618053436,0.1227318942546844,0.2343224287033081,0.027596842382364,-0.4612125078500166,0.8456205873409087,-0.2672961563820486,-0.4978279810629931,-2.9120815512185043,1.057208524047368
1771355025071922688,19.92092275619507,-0.4254482090473175,-4.44215726852417,1.5551787614822388,-0.1544101685285568,0.4760138392448425,0.8657763004302979,-0.4414303004741668,0.1428979635238647,0.2303084135055542,0.0472293163305938,-0.4605207958018135,0.8490045596748804,-0.2547181181060083,-0.4961165136909508,-2.9650995452112947,1.0388270301819755
1771355025081953792,19.93095374107361,-0.3675649464130401,-4.486866474151611,1.6048307418823242,-0.1079316511750221,0.4746681153774261,0.873522162437439,-0.4500822722911834,0.1785148680210113,0.2194191217422485,0.0673316966020589,-0.4594573044864303,0.8518568259956502,-0.2422919154819191,-0.4945869319865406,-3.0186565953150253,1.0203480840635415
1771355025091984640,19.94098472595215,-0.3822804093360901,-4.57147216796875,1.6552654504776,-0.0603634640574455,0.4728142619132995,0.8790920972824097,-0.4679415822029114,0.1671546101570129,0.2614566087722778,0.0877963849618732,-0.4579909464942842,0.8542776707486444,-0.2296644143261677,-0.4924818573125403,-3.073034581247855,1.0014785472067806
1771355025102016768,19.951016664505005,-0.4733053743839264,-4.645549774169922,1.6788724660873413,-0.0116981230676174,0.4696419537067413,0.8827793002128601,-0.5070091485977173,0.1475760042667389,0.2943140268325805,0.1084738781426758,-0.4561978178975218,0.8563137287257392,-0.216434031056501,-0.4888851842185732,-3.1283419593807644,0.9823051863223896
1771355025112047616,19.961047649383545,-0.5360044836997986,-4.696942329406738,1.651620626449585,0.0375253409147262,0.4648959934711456,0.8845699429512024,-0.5407907366752625,0.1016476452350616,0.2470525503158569,0.1291350191552437,-0.4542344614775672,0.8578787858542766,-0.2025815531792109,-0.4835171256055316,3.099195942535892,0.9634581773023456
1771355025122078976,19.971078872680664,-0.5432426929473877,-4.750315189361572,1.628002405166626,0.087052084505558,0.4590576887130737,0.8841313719749451,-0.5368658900260925,0.033831775188446,0.1738827228546142,0.1498567051547073,-0.4522031660312653,0.8588236111299592,-0.1883543557512276,-0.4769342319593831,3.04344842033249,0.9454275714498844
1771355025132109824,19.981109857559204,-0.4109075963497162,-4.782722473144531,1.6333060264587402,0.1367070078849792,0.4529028832912445,0.8810164928436279,-0.5133854746818542,0.0476158857345581,0.1140243411064148,0.1707693037100602,-0.4499269186752687,0.8591123347267411,-0.174153869211439,-0.470018621461441,2.987650704158402,0.927944911275577
1771355025142141696,19.99114179611206,-0.2029802501201629,-4.779667377471924,1.6809170246124268,0.1863377541303634,0.4475545287132263,0.8746275305747986,-0.4874241948127746,0.1222544908523559,0.0508333444595336,0.1920941044744341,-0.4470704942054459,0.8587442796430592,-0.1605805776918905,-0.4640288076904623,2.9316828813555698,0.9102301776747302
1771355025152172800,20.0011727809906,0.0131740672513842,-4.779226779937744,1.7245073318481443,0.2356844097375869,0.4430618584156036,0.864956259727478,-0.4732332229614258,0.1945419609546661,0.057513952255249,0.2137711087097571,-0.4435328380089877,0.8577626401341255,-0.1477290083350985,-0.459011186745956,2.8755695572141526,0.8919402912857173
1771355025162203904,20.01120376586914,0.2701254487037658,-4.752707004547119,1.7327325344085691,0.2844126224517822,0.4398181736469269,0.8518622517585754,-0.4790995419025421,0.1789104342460632,0.0696007013320922,0.2358242067670268,-0.4393327634339977,0.8561062149121328,-0.1358520444938879,-0.455396188601235,2.819357721307995,0.8729802890974334
1771355025172234752,20.02123475074768,0.3706164360046386,-4.709743022918701,1.786630392074585,0.3321698606014251,0.4371644854545593,0.8357931971549988,-0.49569833278656,0.129775732755661,0.0441200733184814,0.2579671074623746,-0.4344776775332861,0.8538886093013809,-0.124725047818292,-0.4524435209247948,2.7633031847293315,0.8532971242462453
1771355025182266624,20.031266689300537,0.3521311581134796,-4.673298358917236,1.8267948627471924,0.3789924681186676,0.4337407648563385,0.817455530166626,-0.5041298866271973,0.1091364026069641,0.0928837656974792,0.2799066402441213,-0.4290508026456335,0.8512597512069691,-0.1136858848913191,-0.4486402767124315,2.7074664621417472,0.8331637605824654
1771355025192297728,20.041297674179077,0.2375231087207794,-4.63027286529541,1.8481336832046509,0.4246389865875244,0.4287715852260589,0.7973938584327698,-0.5291157960891724,0.0469365119934082,0.0846558213233947,0.3013784434399165,-0.4233011174321349,0.8482411721601271,-0.1023434847482294,-0.4431325813000065,2.652258192364978,0.8133840905736783
1771355025202328576,20.051328659057617,0.1006635203957557,-4.574477672576904,1.8442867994308472,0.4688714742660522,0.421792984008789,0.7760476469993591,-0.540557324886322,-0.0017033219337463,0.019774317741394,0.3221725397834871,-0.4174165119831209,0.8448593232464063,-0.0904486071258663,-0.435421901450891,2.598106235176558,0.7946564592497981
1771355025212360960,20.061360836029053,0.0521948784589767,-4.522910118103027,1.837433934211731,0.5114930868148804,0.4132755696773529,0.7533777952194214,-0.5274080634117126,-0.0315006971359252,-0.0805568099021911,0.3423344652089746,-0.4114391017252326,0.8410747635553391,-0.0782189724568224,-0.4260482783922112,2.5451459512111483,0.7771270664930274
1771355025222391808,20.071391820907593,0.0739020407199859,-4.463222026824951,1.841039538383484,0.5524349212646484,0.403881311416626,0.729174792766571,-0.5038813352584839,-0.0073205530643463,-0.1227598786354065,0.3620160105546992,-0.4052283715704797,0.8368855084016988,-0.0660084342851059,-0.4157556480266345,2.493234705187679,0.7603530671748859
1771355025232422912,20.081422805786133,0.2069350033998489,-4.387986183166504,1.8372501134872437,0.5915930271148682,0.3943157494068146,0.7032305002212524,-0.4960119128227234,0.0340900719165802,-0.1381364464759826,0.3813713712080825,-0.3986238084855683,0.8322946048298817,-0.0542285913307857,-0.405323146875393,2.4422000700673743,0.7437324555285846
1771355025242453760,20.091453790664673,0.4141859412193298,-4.290894031524658,1.8140827417373655,0.6287776827812195,0.3852690160274505,0.6754302382469177,-0.512170135974884,0.0570221841335296,-0.108566403388977,0.4005085041125413,-0.3914632526694802,0.8273280149111643,-0.0433324503678787,-0.3954993333378428,2.3919500422940554,0.7265687166055702
1771355025252485632,20.10148572921753,0.5398420095443726,-4.177549839019775,1.798446774482727,0.6637327075004578,0.3767769336700439,0.6461409330368042,-0.5373746752738953,0.0594413578510284,-0.1494826078414917,0.4193024827325105,-0.3838264749011433,0.8220387410839898,-0.0333914564440985,-0.3863143282371203,2.3427651388942823,0.7089214196010384
1771355025262516736,20.11151671409607,0.5755619406700134,-4.10252046585083,1.7742456197738647,0.6966187357902527,0.3681707382202148,0.6157698035240173,-0.544137716293335,-0.0057592988014221,-0.0529951453208923,0.4376522085218307,-0.375862964482523,0.8164630561203935,-0.0239914275092158,-0.3770407962132249,2.294667804148471,0.6912990270172065
1771355025272547840,20.12154769897461,0.4749237596988678,-4.025887489318848,1.7417534589767456,0.727502167224884,0.3588487505912781,0.5847808122634888,-0.5509273409843445,-0.0461350679397583,0.0103883147239685,0.4554062655614588,-0.3678980343381873,0.810580937977685,-0.014657759287477,-0.3670341905672747,2.2478622507576853,0.6747191059023706
1771355025282579968,20.131579875946045,0.3019501268863678,-3.9408118724823,1.689868450164795,0.7563278079032898,0.3483145833015442,0.5537554025650024,-0.5550339818000793,-0.095918983221054,-0.0019976496696472,0.4723319646894051,-0.3602416470044293,0.8044275342341956,-0.0049770095475139,-0.3557724823533593,2.2027838164553715,0.6602065466805946
1771355025292610816,20.141610860824585,0.1283725649118423,-3.866304397583008,1.6358081102371216,0.7831090688705444,0.3366189301013946,0.5229031443595886,-0.5398993492126465,-0.1461740136146545,-0.0633999705314636,0.488386796299223,-0.3530678459990424,0.7979941449695112,0.0051682197361336,-0.343323967773506,2.1595326896313125,0.6482296802777018
1771355025302641920,20.151641845703125,0.1032096818089485,-3.7829723358154297,1.558906078338623,0.8078793287277222,0.324414998292923,0.4920218586921692,-0.5179014205932617,-0.1448801457881927,-0.0967278182506561,0.5037369458835688,-0.3462434809816209,0.7912814762436746,0.0154283167320644,-0.3303931974827829,2.117828271329346,0.6381556578246059
1771355025312672768,20.161672830581665,0.120018757879734,-3.681538820266723,1.5191693305969238,0.8306362628936768,0.3123155534267425,0.4609802067279815,-0.5017939805984497,-0.1022477149963378,-0.1440092325210571,0.518524642084715,-0.3394926513500243,0.7843690745224235,0.0253420694794708,-0.3176295247869273,2.0774491028767654,0.6289337534989015
1771355025322704896,20.17170476913452,0.1943840682506561,-3.586912155151367,1.4922815561294556,0.8514958620071411,0.30032679438591,0.4298352897167206,-0.4985449314117431,-0.0613284409046173,-0.1624251008033752,0.5327953253902266,-0.3326220125041589,0.7773546447229658,0.0348052866647334,-0.305035256438164,2.0382767345820256,0.6200080731968162
1771355025332735744,20.18173575401306,0.3282320499420166,-3.4817609786987305,1.4742649793624878,0.8705824017524719,0.2885246574878692,0.398547351360321,-0.4923626780509949,-0.0174674987792968,-0.114672839641571,0.5466417726798465,-0.3254765071969757,0.7702848278048696,0.0436938755067076,-0.2926856004403453,2.0001127647153605,0.6108720886066574
1771355025342766848,20.1917667388916,0.5546374917030334,-3.3410985469818115,1.4361999034881592,0.8878033757209778,0.2774085700511932,0.3672186434268951,-0.4908003211021423,0.0204887390136718,-0.1423803865909576,0.5601205163881527,-0.3178561116607304,0.763267193076716,0.0515329955872839,-0.2810957604827975,1.962993854883908,0.6005881258843376
1771355025352797696,20.20179772377014,0.7889916300773621,-3.218895196914673,1.4206547737121582,0.9032960534095764,0.267010360956192,0.3357996642589569,-0.4753482341766357,0.0428955554962158,-0.1445154547691345,0.5733394853287587,-0.3095722557680916,0.7563496840553467,0.0581540699807963,-0.2702894309876613,1.926714005389672,0.5885174541600532
1771355025362829568,20.211829662323,0.9264962673187256,-3.094135046005249,1.4057374000549316,0.9171321988105774,0.2569010853767395,0.3047468960285187,-0.4395167231559753,0.0448872745037078,-0.1420271098613739,0.5861333745669237,-0.3007816478943412,0.7496024607384271,0.0638306574800736,-0.259814299895896,1.8916007455048376,0.5752187810957411
1771355025372860672,20.221860647201535,0.7694752216339111,-2.9355876445770264,1.361245036125183,0.929392158985138,0.2466611564159393,0.2745699882507324,-0.4024602770805359,-0.0170010924339294,-0.1550478637218475,0.5982767011087919,-0.2920031836454363,0.7429799012220062,0.0691379708917078,-0.2492334401542201,1.858054873418722,0.5622654286117295
1771355025382891776,20.231891870498657,0.4705617725849151,-2.788127899169922,1.295591950416565,0.9400847554206848,0.2357814610004425,0.2462682127952575,-0.37947678565979,-0.1541011035442352,-0.1625736653804779,0.6092950951106878,-0.2841461457945072,0.7364747600672646,0.0750034126572889,-0.2380226266788524,1.8270029845017504,0.5523924976538492
1771355025392923904,20.241923809051514,0.0406793728470802,-2.6652064323425293,1.247832417488098,0.9493981003761292,0.2243508100509643,0.2197957634925842,-0.3511771559715271,-0.2824409604072571,-0.1819234788417816,0.6192021641021435,-0.2775904655962993,0.7299598732538543,0.0817979337222609,-0.2262768188244275,1.7982989826996632,0.5466278930362486
1771355025402954752,20.251954793930057,-0.2414556443691253,-2.491725444793701,1.161843180656433,0.9574097394943236,0.2125868052244186,0.1953800171613693,-0.3142213225364685,-0.2480482459068298,-0.2267825752496719,0.62792477331388,-0.2724655133536645,0.7235002091518903,0.0895569127366218,-0.2142215139398362,1.7721036809802475,0.5451909397294026
1771355025412985856,20.261985778808594,-0.2083498984575271,-2.2896063327789307,1.055683970451355,0.9641329646110536,0.2014561742544174,0.1728082746267318,-0.2869633436203003,-0.1967259794473648,-0.3676630556583404,0.6357288551917717,-0.2680987087231271,0.7173055288411794,0.0971831360913945,-0.202844342787521,1.748150085645757,0.5454685397983333
1771355025423016704,20.272016763687137,0.150070309638977,-2.044624090194702,0.9668718576431274,0.9696617126464844,0.1915305405855178,0.1518951207399368,-0.2277794480323791,-0.1415275037288665,-0.5380798578262329,0.642912001616607,-0.2635493822971685,0.711680606196197,0.1035208598329351,-0.1927213251928198,1.7261811115992556,0.544303301754283
1771355025433047808,20.28204774856567,0.734437882900238,-1.7412596940994265,0.8390664458274841,0.9740642309188844,0.1834159940481186,0.1325054317712783,-0.2064707279205322,-0.1060234010219574,-0.6854991912841797,0.6497886342482393,-0.2579136433339637,0.7069181470383564,0.1073410812035782,-0.1844602751699239,1.7059999813502005,0.538496590249728
1771355025443078656,20.292078733444217,1.1763637065887451,-1.3758457899093628,0.7300571799278259,0.9774256348609924,0.1769391447305679,0.1154642105102539,-0.2318963408470153,-0.0801220834255218,-0.8121347427368164,0.6561268249222427,-0.2511094087441823,0.7033321902730363,0.1084694332350104,-0.1778756574616241,1.6883823221364698,0.5276571802961328
1771355025453109760,20.30210971832275,1.3595519065856934,-0.8910533785820007,0.5643097162246704,0.9798117280006408,0.1719296425580978,0.1020261719822883,-0.2772360444068908,-0.1608365029096603,-0.8900052309036255,0.6613858582618798,-0.2439260569946409,0.7010799975165358,0.1074976072301847,-0.1727881485930516,1.674550751627027,0.5138544011355412
1771355025463140608,20.312140703201297,1.258348822593689,-0.3718025386333465,0.3183351457118988,0.9811886548995972,0.1688617318868637,0.0935671776533126,-0.3015925884246826,-0.3595049977302551,-0.8899996280670166,0.664963371844176,-0.2376157844661381,0.7002301963881562,0.1050724873384612,-0.1696747002023756,1.665869881390347,0.4999645442301085
1771355025473172736,20.32217264175415,0.8103834986686707,0.097431942820549,0.1143902838230133,0.9816699028015136,0.1677812486886978,0.090408980846405,-0.2916369438171386,-0.6351121664047241,-0.8772894144058228,0.6665904898286485,-0.2332979244314665,0.7005544728140861,0.1022383809591954,-0.1685785765193076,1.662634389542592,0.4891076839857135
1771355025483203584,20.33220362663269,0.3310462236404419,0.5832801461219788,-0.1625190824270248,0.981319010257721,0.1685281246900558,0.0927959233522415,-0.3125569224357605,-0.772745668888092,-0.7780224084854126,0.6660634130098159,-0.2316934853101191,0.7019373835086746,0.0998073269760098,-0.1693362391775654,1.6650784093748527,0.4834920914719388
1771355025493234688,20.34223461151123,-0.0032944781705737,0.9594078063964844,-0.4285520911216736,0.9800460934638976,0.1717062890529632,0.1001328378915786,-0.2612655758857727,-0.6334067583084106,-0.647053599357605,0.6636731204946525,-0.2326307377268194,0.7042367205036199,0.0973218508233493,-0.1725614253771968,1.6726145744885947,0.4821905916842803
1771355025503266816,20.352266788482662,-0.2471755743026733,1.2713607549667358,-0.6556792855262756,0.9779058694839478,0.1769262105226516,0.1113431453704834,-0.2173315286636352,-0.535095751285553,-0.5314328670501709,0.6598255871971181,-0.2355233036293254,0.7072484333530177,0.0946501845286596,-0.1778625148679148,1.6841668598460031,0.4840799352798913
1771355025513297920,20.36229777336121,-0.4571609497070312,1.5269914865493774,-0.8001925349235535,0.9749107956886292,0.1836977303028106,0.125713512301445,-0.2178003191947937,-0.470501959323883,-0.4367638826370239,0.6547611277009441,-0.2399614979332707,0.7108271477565736,0.0918206309587459,-0.184746880762707,1.699037392620996,0.4885781256934335
1771355025523328768,20.372328758239743,-0.5352142453193665,1.7304370403289795,-0.9187239408493042,0.9710975289344788,0.1914205253124237,0.1425756961107254,-0.1902899742126464,-0.3330678343772888,-0.3808112144470215,0.6487090708605926,-0.245418362196789,0.714882982808187,0.0888185271437419,-0.1926092341800623,1.7165739632603438,0.4948589446460638
1771355025533359872,20.38235974311829,-0.4840049743652344,1.898498058319092,-1.043797492980957,0.9664010405540466,0.2001922279596328,0.1612210273742675,-0.1694039702415466,-0.2705504894256592,-0.3769346475601196,0.6419699853369383,-0.2514170812282137,0.7193051978594762,0.0852296137151515,-0.2015541202606079,1.7361002388698028,0.5016296487109195
1771355025543391744,20.392391681671143,-0.3810881972312927,2.03387713432312,-1.1145105361938477,0.9607962369918824,0.209918275475502,0.1811216026544571,-0.1632651090621948,-0.2549469470977783,-0.3910062313079834,0.6347496299707068,-0.2575460933928728,0.7240378494739395,0.0808219438991972,-0.2114913788131681,1.7571216970498218,0.5079497169783076
1771355025553422592,20.402422666549683,-0.1811177283525467,2.135728120803833,-1.1868244409561155,0.9543058276176452,0.2204340547323227,0.2017653882503509,-0.1696226000785827,-0.2255304753780365,-0.3998550176620483,0.627230861083841,-0.2634612473543871,0.7290204817057514,0.0754903356237703,-0.2222594425632711,1.7791542147171524,0.5131368965519008
1771355025563453696,20.412453651428223,0.0353551805019378,2.2585854530334473,-1.2609909772872925,0.9468528032302856,0.2319472134113311,0.2228677868843078,-0.1808006763458252,-0.1822341233491897,-0.4017923176288605,0.6195226010308883,-0.2689468083305775,0.7342353207477519,0.0689765501157824,-0.2340790128483569,1.8019659402550527,0.5165397734822815
1771355025573485568,20.42248558998108,0.1648583114147186,2.3737971782684326,-1.3529595136642456,0.938298761844635,0.2445605844259262,0.2445106953382492,-0.2123314142227172,-0.1708301156759262,-0.3695716857910156,0.61153518197199,-0.2742122156352555,0.7396370776219625,0.061395140880634,-0.2470664948203636,1.8257163597468935,0.5187333149724487
1771355025583516672,20.43251657485962,0.1413742899894714,2.481656312942505,-1.4555586576461792,0.9285374283790588,0.2581698298454284,0.2667709589004516,-0.2311802506446838,-0.2091585993766784,-0.2787338495254516,0.6031518262374216,-0.2796478218718657,0.7451057525287874,0.0531269186157371,-0.2611273453857105,1.8505635630442876,0.5209376511446899
1771355025593547520,20.44254755973816,-0.0815391317009925,2.5965113639831543,-1.5340888500213623,0.9174583554267884,0.2721198201179504,0.2902085185050964,-0.2411277890205383,-0.252283364534378,-0.1749742031097412,0.5940377054599296,-0.2857634734312791,0.7506287377506642,0.0448882027275325,-0.2755952851282799,1.8771556600705444,0.5250434752432769
1771355025603578880,20.45257878303528,-0.4596762955188751,2.691060781478882,-1.5865126848220823,0.9050622582435608,0.2856056094169616,0.3151067495346069,-0.2435172200202942,-0.2813940942287445,-0.1152928173542022,0.5839914605357641,-0.2929871412633291,0.7561163371386647,0.0374270231600477,-0.2896383001753863,1.9058312948085003,0.5327867004467666
1771355025613610752,20.462610721588135,-0.9077464938163756,2.755387783050537,-1.613090753555298,0.8914154171943665,0.2977857291698456,0.3416172564029693,-0.2300994992256164,-0.2770032584667206,-0.0697208642959594,0.5728968102522528,-0.3015201828297383,0.7615078498266535,0.031315612502235,-0.3023723154308194,1.93676286502169,0.5452478552319747
1771355025623641856,20.472641706466675,-1.257898449897766,2.8276596069335938,-1.6194988489151,0.8765460252761841,0.3081910610198974,0.3697097599506378,-0.209767460823059,-0.2569520473480224,-0.0818680524826049,0.5607453636334493,-0.3112357917747251,0.7668032129281004,0.0266411188481172,-0.3132909525313078,1.969936626505544,0.5623100005701456
1771355025633672704,20.482672691345215,-1.3736940622329712,2.8755648136138916,-1.6163406372070312,0.8604905009269714,0.317139595746994,0.3987213373184204,-0.1986863017082214,-0.2036599814891815,-0.1466461420059204,0.5478331928885162,-0.3215266288055683,0.7719982497095194,0.0227632113801845,-0.322711866638371,2.004708994384837,0.5820719791890551
1771355025643703808,20.492703676223755,-1.1494410037994385,2.9648685455322266,-1.616216778755188,0.8431832194328308,0.3256371319293976,0.4277882575988769,-0.2125983834266662,-0.0893700122833252,-0.2336811423301696,0.5345658809320368,-0.3315941810996122,0.7771353997415614,0.018581538585407,-0.3316855068839293,2.040305938650905,0.6017781290088655
1771355025653735680,20.50273561477661,-0.6607043147087097,3.076305866241455,-1.624502420425415,0.8244150876998901,0.3351106941699981,0.4561149477958679,-0.233091115951538,0.0177488327026367,-0.3273307681083679,0.5213241195772113,-0.3406084116542653,0.7823320185027499,0.0127976775060771,-0.3417227158628522,2.076138097193424,0.6184909457540076
1771355025663766528,20.51276659965515,-0.0754120796918869,3.202229261398315,-1.6693845987319946,0.8040325045585632,0.3467836081981659,0.4829831719398498,-0.2481091022491455,0.0746946334838867,-0.3912321627140045,0.5084163887399883,-0.3481685669029327,0.7875723721019359,0.0045999626920034,-0.3541397260408993,2.1117311465807727,0.6306701959575884
1771355025673797632,20.52279758453369,0.3564169108867645,3.297372817993164,-1.738142967224121,0.7818192839622498,0.3611440062522888,0.5082650184631348,-0.2697191834449768,0.0554208755493164,-0.3835397958755493,0.4958132007497673,-0.3545129117653319,0.7927503494592537,-0.0060546391806013,-0.3694943963244744,2.147245734101099,0.6389118652615997
1771355025683829760,20.532829761505127,0.4045458137989044,3.3414995670318604,-1.81958532333374,0.7578667998313904,0.3769827485084533,0.532467782497406,-0.3005303740501404,-0.0213461518287658,-0.1954317092895507,0.4831585912475087,-0.3604096218935346,0.7977084595005374,-0.0179970058827585,-0.3865365209301765,2.1832567771618088,0.6460415647930489
1771355025693860864,20.542860746383667,0.1597848236560821,3.354245185852051,-1.908894419670105,0.7324054837226868,0.3925251364707947,0.5563331246376038,-0.3174273371696472,-0.1387866139411926,0.0166802406311035,0.4700523378497461,-0.3667776684654574,0.8022722082348407,-0.0297378639449352,-0.4033754623171344,2.220411360948154,0.6553913870601057
1771355025703891712,20.552891731262207,-0.3137396275997162,3.360058546066284,-1.9285035133361816,0.7055410742759705,0.4060442149639129,0.5808100700378418,-0.3135578632354736,-0.2563096284866333,0.0958715677261352,0.4560479423222238,-0.3740990920927083,0.8065078450882109,-0.0401917758262488,-0.418121183014181,2.2595317097869643,0.6689934843913959
1771355025713922816,20.562922716140747,-0.6950151324272156,3.3408360481262207,-1.926457762718201,0.6776136159896851,0.416217565536499,0.6063024401664734,-0.2949384450912475,-0.221851110458374,0.1251428127288818,0.4409925428785546,-0.3823511780975839,0.8105299436855233,-0.0487270978725624,-0.429281475146782,2.30070957204589,0.6872318608375766
1771355025723954688,20.572954654693604,-0.8759527206420898,3.3592662811279297,-1.9381961822509768,0.648683488368988,0.42408087849617,0.6319533586502075,-0.2816028594970703,-0.1092463135719299,0.0211380124092102,0.4252902404461607,-0.391095995145355,0.8142607680903061,-0.05613819435219,-0.4379467400145296,2.3431313281405064,0.7083146681985595
1771355025733985536,20.582985639572144,-0.7291865944862366,3.41434383392334,-1.9541090726852417,0.6184431910514832,0.4311363399028778,0.6570005416870117,-0.2731367349624634,-0.0178366899490356,-0.1232175230979919,0.4092196578411063,-0.3997821335564123,0.8177252123844239,-0.0635536962659225,-0.4457517934349877,2.3864158281106875,0.7301507208072039
1771355025744016640,20.593016624450684,-0.2401671260595321,3.4578139781951904,-1.9650757312774656,0.5868436694145203,0.4396486580371856,0.6799437403678894,-0.25801682472229,0.0432462096214294,-0.2785460352897644,0.39342613465972,-0.4076556808082411,0.820846335286807,-0.0724154246977352,-0.4552074732796746,2.4295556241175644,0.75005742444462
1771355025754047744,20.603047609329224,0.351578414440155,3.574145555496216,-2.0147809982299805,0.553683340549469,0.4514402151107788,0.699740469455719,-0.263705313205719,0.1189790964126586,-0.3869199752807617,0.3783091516021769,-0.4143738597269613,0.8235074584412975,-0.0837377724535683,-0.4683787177755194,2.4721978654676855,0.7668202702317737
1771355025764079872,20.61307978630066,0.9046876430511476,3.710509777069092,-2.103414297103882,0.5183328986167908,0.466976135969162,0.7164244055747986,-0.2988200783729553,0.1241187155246734,-0.3704467415809631,0.3636259280797721,-0.4200443576584182,0.8256966336145181,-0.0977950498937299,-0.4858680499366298,2.515268505139784,0.7810313073077298
1771355025774110720,20.6231107711792,1.1108052730560305,3.85666298866272,-2.214625358581543,0.4805196225643158,0.4853162467479706,0.7304579019546509,-0.3399099707603454,0.0477342009544372,-0.2490737438201904,0.3489712356414512,-0.4251461871600254,0.8273328658372541,-0.1139738680193844,-0.5067248153026614,2.5597303178171105,0.7946229243828239
1771355025784141824,20.63314175605774,0.9747099876403807,3.835269689559937,-2.331570863723755,0.4408089518547058,0.5037104487419128,0.7429423928260803,-0.3620583117008209,-0.073870301246643,-0.0299144387245178,0.3338934948073656,-0.4303971001283703,0.8283897268775575,-0.1305526085479037,-0.5278885750381479,2.606093059751398,0.8103356962852247
1771355025794173696,20.643173694610596,0.5257373452186584,3.8207132816314697,-2.4206745624542236,0.3998066782951355,0.5194515585899353,0.7551982998847961,-0.3926656246185303,-0.1869779229164123,0.220784306526184,0.3179739896190917,-0.4363998226091918,0.8289477267999233,-0.1459223192600998,-0.5462089704411451,2.654697734419235,0.8302497628937611
1771355025804204800,20.653204679489136,0.0539423562586307,3.7741310596466064,-2.4229273796081543,0.3580127358436584,0.5308490991592407,0.7681313753128052,-0.4285236299037933,-0.1859548091888427,0.3263356685638428,0.3009559622668256,-0.4431375127360628,0.8292736733558315,-0.1592473885044098,-0.5596021633978331,2.7054451457059985,0.8543496816099156
1771355025814235648,20.663235664367676,-0.2529321908950805,3.728404998779297,-2.3665690422058105,0.3159992694854736,0.5380479693412781,0.7814404368400574,-0.4080555140972137,-0.0590897798538208,0.2208789587020874,0.2831045496117998,-0.4501700635068399,0.8294981188372379,-0.1706800676422229,-0.5681195895484082,2.7573157002016413,0.8809744621915121
1771355025824266752,20.673266649246216,-0.2561439573764801,3.739235639572144,-2.2656209468841553,0.2739876210689544,0.5428029894828796,0.7939114570617676,-0.3606423139572143,0.0663124918937683,-0.0313993692398071,0.2649503372079979,-0.45689210722526,0.8295814161348163,-0.1812333119512308,-0.5737709976474026,2.809279869054638,0.9079659199223088
1771355025834298624,20.683298587799072,-0.0351013205945491,3.8714404106140137,-2.183828592300415,0.2313438802957534,0.5471767783164978,0.8044111728668213,-0.3347222208976745,0.1621584892272949,-0.2429641485214233,0.2466833594794045,-0.4627804422435535,0.8294816773599906,-0.1922021267736083,-0.5789875188839497,2.861555947991066,0.9338872818198248
1771355025844329472,20.693329572677612,0.2589303255081177,4.00109338760376,-2.123629570007324,0.1875457167625427,0.5526672601699829,0.8120255470275879,-0.3160857558250427,0.1995605230331421,-0.3119797706604004,0.2284476931479345,-0.4676820320463337,0.8290273228392243,-0.2044477170588269,-0.5855612902220693,2.914612355497975,0.9585688406640382
1771355025854360576,20.703360557556152,0.2129498422145843,4.128171920776367,-2.06074595451355,0.1426372826099395,0.5583056211471558,0.81728196144104,-0.3301067352294922,0.151533305644989,-0.191106915473938,0.2099523901922825,-0.4717804403911539,0.8282899282633668,-0.217437604417569,-0.5923420715337436,2.968806549375724,0.9826643958843724
1771355025864391680,20.71339178085327,-0.314159482717514,4.230035781860352,-2.0407586097717285,0.0968217253684997,0.560473620891571,0.8224931359291077,-0.3820084929466247,-0.0006133317947387,0.0890212059020996,0.1902370668848761,-0.475614401355107,0.8276699241162488,-0.2292668914652874,-0.5949575495133005,3.024414559082696,1.0071700370096457
1771355025874423808,20.723423719406128,-1.0771220922470093,4.210038661956787,-2.031054735183716,0.0503457374870777,0.5562016367912292,0.829521119594574,-0.4519875943660736,-0.2124668955802917,0.3572465181350708,0.1686338818705407,-0.4797977073446262,0.827378213548726,-0.2383319684869339,-0.5898082218793124,3.0809744792873652,1.0326013582921434
1771355025884454656,20.733454704284668,-1.7224054336547852,4.061218738555908,-1.823830723762512,0.0050151390023529,0.5449811220169067,0.838433027267456,-0.4378306865692138,-0.2609541416168213,0.4184027314186096,0.1457017977198592,-0.4838920408535749,0.8276865404705417,-0.2440375897276932,-0.5763666173974294,3.13561116299324,1.0563124547023062
1771355025894485760,20.743485689163208,-1.929128646850586,3.9310781955718994,-1.6150473356246948,-0.0379867665469646,0.5288365483283997,0.8478733897209167,-0.3975143432617187,0.0505244731903076,0.3586392402648926,0.1224547297818751,-0.4873948262777437,0.8284823254807099,-0.2471199055745354,-0.557229157778843,-3.09682018609004,1.0763513407018577
1771355025904517632,20.753517627716064,-1.6388530731201172,3.892040252685547,-1.452501893043518,-0.0793499201536178,0.5123335719108582,0.8551130890846252,-0.3733936250209808,0.3211625814437866,0.1801806688308715,0.0998338297325478,-0.4899123627540578,0.8291817824116885,-0.2499535860285806,-0.5378998878699007,-3.0490629862870615,1.0928321916135897
1771355025914548736,20.763548612594604,-0.8543813824653625,3.950605869293213,-1.3188172578811646,-0.1200454160571098,0.5000767707824707,0.8576201796531677,-0.3314621746540069,0.4057918190956116,-0.0020140409469604,0.07867009379339,-0.4912703823303099,0.829134192539941,-0.2549528282328381,-0.5236874460025068,-3.0025211966876295,1.107114608202401
1771355025924579584,20.773579597473145,0.0579891167581081,4.079277038574219,-1.2227603197097778,-0.1608280837535858,0.4949864149093628,0.853887140750885,-0.3049007356166839,0.4472744464874267,-0.1252340674400329,0.0594006689417347,-0.4914683406504027,0.8278903552835442,-0.2636818504354964,-0.5178192004032534,-2.955425464433517,1.120899082537722
1771355025934610688,20.783610582351685,0.6727031469345093,4.185332775115967,-1.207577109336853,-0.2020628750324249,0.4961449205875397,0.8443997502326965,-0.3170411586761474,0.4003395140171051,-0.1095974445343017,0.0415918247232281,-0.4907844307500143,0.8254274796099632,-0.2758084080841186,-0.5191530016910094,-2.9067118810368804,1.1354972562104348
1771355025944642816,20.79364275932312,0.6993171572685242,4.253139972686768,-1.2580490112304688,-0.2436875849962234,0.4994678199291229,0.8313531279563904,-0.3412733078002929,0.1832408308982849,0.0587530136108398,0.0241870908901465,-0.4897691065337481,0.8220722445144217,-0.2893758072890168,-0.5229843743848976,-2.856458162451708,1.1514034933541193
1771355025954673664,20.80367374420166,0.2018467783927917,4.215224742889404,-1.32496440410614,-0.2853012979030609,0.5000054836273193,0.8176780939102173,-0.3764723539352417,-0.0916803479194641,0.2773077487945556,0.0059741357544062,-0.4887560038839279,0.8185087780233021,-0.3018695034717047,-0.5236050874964899,-2.8058835058466793,1.1673590058656418
1771355025964704768,20.8137047290802,-0.5508629083633423,4.020429611206055,-1.367659091949463,-0.3256591856479645,0.4944401681423187,0.8059002757072449,-0.3624359369277954,-0.2758426964282989,0.3801501989364624,-0.0134460041628426,-0.4879410571134906,0.8153917197841689,-0.3112380673365545,-0.5171906483502038,-2.757562251698297,1.1812632842378874
1771355025974736640,20.823736667633057,-1.0142196416854858,3.751162052154541,-1.3399572372436523,-0.3635708391666412,0.4829403460025787,0.7966084480285645,-0.3241122961044311,-0.1871334016323089,0.4152752161026001,-0.033520817920018,-0.4872918693251682,0.8129273383647845,-0.3171311626726397,-0.5040094966852917,-2.713430539101487,1.191839914863599
1771355025984767744,20.833767652511597,-0.9334308505058287,3.5657899379730225,-1.2629574537277222,-0.3987928926944732,0.4700337052345276,0.7874210476875305,-0.3072158992290497,0.1111887097358703,0.3608178496360779,-0.052908741666215,-0.48651280521958,0.8105651216956724,-0.3216985619366085,-0.489328966502719,-2.672794822021968,1.2002477398518916
1771355025994798592,20.843798637390137,-0.4799242317676544,3.505732774734497,-1.1904218196868896,-0.4321753978729248,0.4592426419258117,0.7760933041572571,-0.2830346524715423,0.319352388381958,0.2797844409942627,-0.0709821538367964,-0.4855324851123617,0.8076539178912795,-0.3269784901686196,-0.4771424194918048,-2.633497832603974,1.2086814928477196
1771355026004829696,20.853829622268677,0.124562993645668,3.5037360191345215,-1.0942236185073853,-0.4643878042697906,0.4527067542076111,0.7611837387084961,-0.2564678788185119,0.3631501495838165,0.1645670533180236,-0.0874585599662115,-0.4842785314526958,0.8037824094844999,-0.334304005616403,-0.4697986425728371,-2.593789695045624,1.2187872446419588
1771355026014861568,20.863861560821533,0.6822845339775085,3.496140480041504,-1.0255484580993652,-0.4955498874187469,0.4507811367511749,0.7424464821815491,-0.2425635755062103,0.3516938984394073,0.0841526389122009,-0.1022844412185827,-0.4827962914861609,0.7988310098302619,-0.3439690169933699,-0.4676402370748319,-2.553044217143269,1.2313856439357702
1771355026024892928,20.873892784118652,1.007636785507202,3.5022165775299072,-1.0319498777389526,-0.5259076356887817,0.451847106218338,0.7205938696861267,-0.2632464170455932,0.279293030500412,0.0701318979263305,-0.1159919232571579,-0.4812077105881451,0.7929287974183669,-0.3553153392638615,-0.4688347897477934,-2.511128880219296,1.2463565000009105
1771355026034923776,20.883923768997192,1.0649210214614868,3.4716336727142334,-1.081326246261597,-0.5555002093315125,0.4536564648151397,0.6968610286712646,-0.2756155133247375,0.1613032519817352,0.1096575260162353,-0.1291674738192205,-0.4797119801661256,0.7863249498625212,-0.3672672664434647,-0.4708640327898136,-2.4685941565338014,1.263009276118064
1771355026044954880,20.893954753875732,0.9315293431282043,3.392106294631958,-1.15095853805542,-0.5841816663742065,0.4541740715503692,0.6726497411727905,-0.2712565660476684,0.0602149665355682,0.1941562891006469,-0.1423309485548932,-0.4783535126001346,0.7794246498675442,-0.3787044102427645,-0.4714449529014907,-2.4264683451082183,1.2799021924478644
1771355026054986752,20.90398669242859,0.7440676689147949,3.3033764362335205,-1.1917788982391355,-0.6117006540298462,0.4527117609977722,0.6487483978271484,-0.2443174719810485,0.0007336735725402,0.2545108795166015,-0.155607521587124,-0.4770876557830028,0.7725034370379938,-0.3891171102243376,-0.4698042528193256,-2.3855785343330025,1.296001673152653
1771355026065017600,20.91401767730713,0.6487720608711243,3.234363555908203,-1.2269617319107056,-0.6380478143692017,0.4495297968387604,0.6251540184020996,-0.2205793261528015,0.0364778041839599,0.269224464893341,-0.1689506932913753,-0.475861726609374,0.7655929888140789,-0.3985956851373054,-0.4662388709139052,-2.345987623977684,1.3111286904245325
1771355026075048704,20.92404866218567,0.6331855654716492,3.1787796020507812,-1.222826361656189,-0.6632710099220276,0.4454627633094787,0.6013606786727905,-0.2060222625732422,0.105074405670166,0.2392460703849792,-0.1821587050857995,-0.4746255930633657,0.7585584258445358,-0.4076001954003257,-0.4616910692966401,-2.307278315405445,1.3257681748621837
1771355026085080576,20.934080600738525,0.6439516544342041,3.1295371055603027,-1.205715298652649,-0.6873533129692078,0.440994530916214,0.5771216154098511,-0.1965273022651672,0.146377295255661,0.2153283357620239,-0.195113540223266,-0.473313802294776,0.7513553357542865,-0.4163771604567673,-0.4567064816916421,-2.269238436962534,1.3401140863811734
1771355026095111680,20.944111585617065,0.6281620860099792,3.055133104324341,-1.1744379997253418,-0.7101269364356995,0.436274379491806,0.5526162385940552,-0.1917591691017151,0.1454975306987762,0.2203330397605896,-0.2077122773084875,-0.4718982727782813,0.7440565502858888,-0.4249088965605431,-0.4514540464260418,-2.232098570721506,1.3540260473244552
1771355026105142528,20.954142570495605,0.5707525610923767,2.9535136222839355,-1.138249397277832,-0.7314526438713074,0.431175947189331,0.5282655358314514,-0.1787341237068176,0.141318529844284,0.2392363548278808,-0.2199425019552509,-0.4703664022700233,0.7368094866543211,-0.4330041181316681,-0.4457957066896174,-2.196276160870485,1.3670938466487172
1771355026115173888,20.964173793792725,0.5211544632911682,2.8087940216064453,-1.0857139825820925,-0.7511866688728333,0.4257138073444366,0.5044659972190857,-0.1627840995788574,0.1308352351188659,0.2601060271263122,-0.2317056593030562,-0.4687688553895021,0.7297182796655319,-0.440544396184864,-0.4397505973988776,-2.162178130243604,1.3791503349107384
1771355026125205760,20.97420573234558,0.4661098718643188,2.6359505653381348,-1.0046322345733645,-0.7690911889076233,0.4201999008655548,0.481592059135437,-0.1606420874595642,0.1436123549938202,0.284734845161438,-0.2427987970268713,-0.4670862741338459,0.7229290713683659,-0.4474960992843035,-0.4336656098116772,-2.130246102573901,1.3900141949796097
1771355026135236864,20.98423671722412,0.4066457450389862,2.4162871837615967,-0.9115331768989564,-0.7850571274757385,0.4147796332836151,0.4600467681884765,-0.1466749310493469,0.159332275390625,0.309270828962326,-0.2530810602358976,-0.4653723111404568,0.7165556467394592,-0.4537913158992884,-0.4277005972564672,-2.1008612080527778,1.3996126844714802
1771355026145267712,20.99426770210266,0.3415873944759369,2.1434671878814697,-0.8132113814353943,-0.7989277839660645,0.4096385836601257,0.4403530955314636,-0.104194164276123,0.1628711819648742,0.3505405187606811,-0.2623409390797229,-0.4637227458732754,0.7107304379886751,-0.4593482117622472,-0.4220578519640859,-2.0745450855079106,1.4079273823078156
1771355026155298816,21.0042986869812,0.2568504512310028,1.8409736156463623,-0.7052348256111145,-0.8106728792190552,0.4048028588294983,0.4230181276798248,-0.0609245300292968,0.1719641387462616,0.4014752507209778,-0.2704929526651868,-0.4621995982539837,0.7056065435274254,-0.4640307960316827,-0.4167632307730269,-2.0517401887839894,1.4147689345502967
1771355026165330688,21.014330625534058,0.1261409223079681,1.5118993520736694,-0.5908302664756775,-0.8202901482582092,0.40032958984375,0.4084856510162353,-0.0196452736854553,0.1680603623390197,0.4458997845649719,-0.2774817762679654,-0.4608191001119091,0.7013476892227958,-0.4677190738126673,-0.4118764737843323,-2.032824236448183,1.41988196171622
1771355026175361536,21.0243616104126,-0.0025664577260613,1.1617436408996582,-0.4701743721961975,-0.8278258442878723,0.3961984813213348,0.3971534669399261,0.0195831656455993,0.1603047549724578,0.4724600911140442,-0.2832856623835451,-0.4596206530651628,0.6980870940026831,-0.4702897068254271,-0.4073727694632172,-2.01811704135742,1.423060555356697
1771355026185392640,21.034392595291138,-0.0677563771605491,0.8569493889808655,-0.3591288030147552,-0.8334203362464905,0.3926369547843933,0.3889043033123016,0.0621039271354675,0.1661245822906494,0.4611932635307312,-0.2878690622678919,-0.4586088251094005,0.6957945837496493,-0.471888952341882,-0.4034970701705971,-2.007398676773376,1.4245778366166464
1771355026195424768,21.044424772262573,-0.0713380649685859,0.5593475103378296,-0.2717885673046112,-0.8373657464981079,0.3897242248058319,0.3833187818527221,0.0893953442573547,0.1831669807434082,0.4190035462379455,-0.2912348618336747,-0.4579192558878068,0.6942401172270728,-0.4727819022849414,-0.4003321205300382,-2.0000908591630644,1.425240123141446
1771355026205455872,21.054455757141113,-0.0298646576702594,0.3291332125663757,-0.1911888122558593,-0.8399522304534912,0.3876254260540008,0.3797721266746521,0.1232926845550537,0.2062924206256866,0.3798103332519531,-0.2934292999186286,-0.4575882447340449,0.6931803944320462,-0.4733003420613985,-0.3980542360389605,-1.9954246220524947,1.4257919504257492
1771355026215486720,21.064486742019653,0.0387707725167274,0.1437445878982544,-0.124033473432064,-0.8414533138275146,0.3863562047481537,0.3777367174625397,0.1328657865524292,0.215801328420639,0.3679144978523254,-0.2946059828990973,-0.4575663694284492,0.6924603819478102,-0.4736442743618489,-0.3966777567977403,-1.9927433532248648,1.4265460603831333
1771355026225517824,21.074517726898193,0.0875486955046653,0.0275402106344699,-0.0804393887519836,-0.8421456217765808,0.3858019113540649,0.3767590522766113,0.1107614636421203,0.2363141179084777,0.3677782416343689,-0.2949765922145919,-0.4577928081466405,0.6919575623220016,-0.473929520463593,-0.3960768630680875,-1.9914692637976017,1.4276286398981484
1771355026235549696,21.08454966545105,0.0875276550650596,-0.0379518456757068,-0.0501131787896156,-0.8423568606376648,0.3856719136238098,0.3764203488826751,0.082682728767395,0.2343689799308776,0.3560167551040649,-0.2948832777401385,-0.4581436024783366,0.6916029332123224,-0.4741663541266128,-0.3959359603725034,-1.9910406869851227,1.4288325131118174
1771355026245580800,21.09458065032959,0.0553777106106281,-0.0606792606413364,-0.0274305008351802,-0.8422948122024536,0.3856773674488067,0.3765538930892944,0.0647982954978942,0.2068367004394531,0.3349329829216003,-0.2946175393839173,-0.4584843882834044,0.691425352230349,-0.4742612202438682,-0.39594188853409,-1.991200273353754,1.4297131521165574
1771355026255611648,21.10461163520813,0.0171323232352733,-0.0616674274206161,-0.0027898708358407,-0.8421165943145752,0.3857169449329376,0.3769113421440124,0.0465385913848876,0.2008766829967498,0.3062552213668823,-0.2943538602081572,-0.458722929110987,0.6913963729975713,-0.47423641073336,-0.3959847671269735,-1.9916327785468648,1.430138098107998
1771355026265642752,21.11464262008667,-0.0013888971880078,-0.0529274642467498,0.0274663027375936,-0.8418639898300171,0.3858391940593719,0.3773505985736847,0.0331785082817077,0.2131751179695129,0.2929223179817199,-0.2941229207540478,-0.4588200601444466,0.6914907438800524,-0.4741482130117982,-0.3961172958851261,-1.9921792263845723,1.430142253465954
1771355026275674624,21.124674558639526,0.0037491405382752,-0.0536065697669982,0.0564390979707241,-0.8415064215660095,0.3861874639987945,0.3777917027473449,0.0246422886848449,0.2094088792800903,0.2872017025947571,-0.2938485075311134,-0.458794124796358,0.6916674054100821,-0.47408581540565,-0.3964948221696899,-1.9927741375324952,1.4299382045866007
1771355026285705728,21.13470578193665,0.0106555148959159,-0.0798773244023323,0.0986691117286682,-0.8409491181373596,0.3868901133537292,0.3783125579357147,0.0285560488700866,0.1968958675861358,0.2757248282432556,-0.2934100510126302,-0.4586900773912308,0.6919246333055736,-0.4740824656722335,-0.3972566792749197,-1.993536982601836,1.429676806828576
1771355026295736832,21.144736766815186,0.0062910383567214,-0.1456905603408813,0.1469437032938003,-0.8400406241416931,0.3879761397838592,0.3792180716991424,0.0328659415245056,0.1979918479919433,0.2627345323562622,-0.2927033279504172,-0.4585387327486826,0.6923519843630049,-0.4740419468052044,-0.3984347107307382,-1.994837351940665,1.4292180030334318
1771355026305768704,21.15476870536804,0.0061925007030367,-0.2239443510770797,0.1999456584453582,-0.8386456370353699,0.3894985318183899,0.3807418942451477,0.0266339182853698,0.1773044466972351,0.2396804094314575,-0.2916241068505161,-0.458370846992002,0.6930130710730327,-0.4739034149509457,-0.4000870772097991,-1.996968481599372,1.4284928655704203
1771355026315799808,21.164799690246586,-0.0015160189941525,-0.3287242949008941,0.2449458986520767,-0.8367257118225098,0.3913769423961639,0.383032888174057,0.0230355262756347,0.153361827135086,0.2110985517501831,-0.2901428703209268,-0.4582437877559245,0.6939229628622228,-0.4736039262394071,-0.4021274205352393,-2.000097873813494,1.4274900305068872
1771355026325830656,21.17483067512512,0.0140512231737375,-0.4252228736877441,0.2940993309020996,-0.8342114090919495,0.3936841189861297,0.3861401975154876,0.0197888016700744,0.1369402706623077,0.1979662179946899,-0.2881678802757485,-0.4582090218328888,0.695064446338831,-0.4731693434783718,-0.404635944961775,-2.004309885998885,1.4263608746265275
1771355026335861760,21.184861660003666,-0.0125336935743689,-0.5386093854904175,0.331091970205307,-0.8310914039611816,0.3963093757629394,0.390161395072937,0.0148072242736816,0.1165232360363006,0.197729229927063,-0.2857299026071095,-0.4582722691117538,0.6964676797295059,-0.4725226928517327,-0.4074935767533503,-2.0097121090185657,1.4249633394185683
1771355026345893632,21.19489359855652,-0.0426878668367862,-0.6567162871360779,0.3717014491558075,-0.8273475170135498,0.3991250097751617,0.3952155411243438,0.0143897533416748,0.0773459374904632,0.186861515045166,-0.2828819736806146,-0.4584108507739314,0.6981885563055363,-0.4715612583136131,-0.4105623587597551,-2.0164370790475616,1.4230465066525348
1771355026355924480,21.20492458343506,-0.0705142617225647,-0.7870358228683472,0.4164561331272125,-0.8228731155395508,0.4021816551685333,0.4014098942279815,0.0062990188598632,0.0666598975658416,0.1931488513946533,-0.2795487389735419,-0.4586404739985008,0.700252714363951,-0.4702633497081693,-0.4138984525254491,-2.024648540995299,1.4205941488085565
1771355026365955584,21.2149555683136,-0.1025054827332496,-0.9223843216896056,0.4647482931613922,-0.8176265358924866,0.4054426848888397,0.4087823927402496,0.005569040775299,0.0579819977283477,0.2105108499526977,-0.2757201256113137,-0.4589717434588335,0.7026636047862139,-0.46860130440469,-0.4174630364817374,-2.034413750923304,1.4175748246441748
1771355026375986688,21.22498679161072,-0.1305508762598037,-1.0672786235809326,0.5146066546440125,-0.8114920258522034,0.4089855253696441,0.4173867702484131,0.0061330199241638,0.0550190508365631,0.2282736897468567,-0.271323854920971,-0.4593997986304433,0.7054397299836493,-0.4665726573028793,-0.4213420868712472,-2.04585387970158,1.4139710879937808
1771355026386018816,21.235018730163578,-0.1666209995746612,-1.219075083732605,0.5608431100845337,-0.8044187426567078,0.4127199053764343,0.427285373210907,-0.0028780102729797,0.053924411535263,0.2480380535125732,-0.2663509879361947,-0.4599579121445225,0.7085770291162097,-0.464127648603213,-0.4254381262472506,-2.059070081195365,1.409759539587046
1771355026396049664,21.24504971504211,-0.2179254591464996,-1.374104380607605,0.6030696630477905,-0.7963650226593018,0.4165521264076233,0.438505083322525,-0.0067964196205139,0.0340398252010345,0.2506275177001953,-0.2608328936343113,-0.4606277892384929,0.7120916929576939,-0.4612087863386531,-0.4296494431276496,-2.07412559599489,1.404800139558819
1771355026406080768,21.255080699920654,-0.2555628418922424,-1.518336057662964,0.6441720724105835,-0.7872840762138367,0.4204614162445068,0.4509944319725036,-0.0189292430877685,0.0231573283672332,0.2285252511501312,-0.2547530012126625,-0.4614242525298245,0.7159503275415366,-0.457824954713965,-0.4339538250877171,-2.0910121264014507,1.3991555420832158
1771355026416112640,21.26511263847351,-0.2845882177352905,-1.6409298181533811,0.6907896399497986,-0.7772001028060913,0.4244540333747864,0.4645415246486664,-0.0405641794204711,0.0366055369377136,0.1957367658615112,-0.2481618340038074,-0.4622960267565482,0.7201063460819402,-0.4540318843085676,-0.4383588100083173,-2.1095314996382246,1.392847284336692
1771355026426143744,21.27514362335205,-0.3520442247390747,-1.77177894115448,0.7520309090614319,-0.7660260200500488,0.4285832047462463,0.4790835678577423,-0.056926429271698,0.0566616058349609,0.2063871622085571,-0.2410560704296552,-0.4631675441390998,0.724580994359788,-0.4498337042750381,-0.44292408287919,-2.129693457677834,1.3857346438628368
1771355026436174848,21.28517484664917,-0.4929198622703552,-1.899566411972046,0.8016930222511292,-0.7536962032318115,0.4324764609336853,0.4948799014091491,-0.0621302127838134,0.0532870888710022,0.2354514598846435,-0.2335910736959358,-0.4639430777046059,0.7295181739644612,-0.444966566939014,-0.4472375876298258,-2.1518000422075803,1.377136387647395
1771355026446205952,21.29520583152771,-0.6810428500175476,-2.0735321044921875,0.8696528673171997,-0.7400479316711426,0.4357680082321167,0.5122841596603394,-0.0670961737632751,0.0168381333351135,0.2834311127662658,-0.2258209426853059,-0.4646045724189035,0.7350406008891615,-0.4391613905476146,-0.4508914000114529,-2.176289224397149,1.3665483159005791
1771355026456237824,21.305237770080566,-0.8445383310317993,-2.28096342086792,0.94255930185318,-0.7246859669685364,0.4383955597877502,0.5316389799118042,-0.0693510174751281,0.041234016418457,0.3458787798881531,-0.2175778807805955,-0.4651552228171642,0.7412490136395273,-0.432250510580071,-0.4538127612043151,-2.20372694206459,1.3537148011338214
1771355026466268928,21.31526899337769,-0.9428052306175232,-2.472754955291748,0.984911561012268,-0.7074860334396362,0.4404417276382446,0.5526978373527527,-0.0895416140556335,0.0834993720054626,0.3860840201377868,-0.2087163777251067,-0.4656971219073942,0.7479806845235417,-0.4243685462929218,-0.4560906255640303,-2.2339767996977904,1.3391931935089223
1771355026476300032,21.325299978256226,-0.9970461130142212,-2.647876024246216,1.021129488945007,-0.6885296702384949,0.4420093894004822,0.5749390125274658,-0.1238330602645874,0.0969768762588501,0.3783538937568664,-0.1991943371579242,-0.4663184540057052,0.7549944468861827,-0.4157549603764731,-0.4578375279700932,-2.266531751292052,1.323710967449528
1771355026486330880,21.33533096313477,-0.9864597916603088,-2.8214595317840576,1.0629684925079346,-0.6678034067153931,0.4432516396045685,0.5979686975479126,-0.1616643667221069,0.1262673735618591,0.3434069752693176,-0.1889670982888399,-0.4670167529590533,0.7621546381816056,-0.4065797241405965,-0.4592228923891976,-2.3010787390179988,1.307643238654849
1771355026496363008,21.345362901687626,-0.9143205881118774,-2.9547061920166016,1.0872867107391355,-0.6453381776809692,0.4444634914398193,0.6212818622589111,-0.1920642256736755,0.167536050081253,0.3163402676582336,-0.1779447958318447,-0.4678385280242545,0.7692646121265004,-0.3971080599628988,-0.4605752556418445,-2.337204253870297,1.2916023244840542
1771355026506393856,21.35539388656616,-0.804820716381073,-3.088781356811523,1.1305015087127686,-0.6212077140808105,0.4460174143314361,0.6443365812301636,-0.2145314216613769,0.1762054860591888,0.303386926651001,-0.166080418017429,-0.4687509546459957,0.7761706131880196,-0.3876197532222286,-0.4623106839796335,-2.3744682428959383,1.2759975213824457
1771355026516424960,21.365424871444706,-0.712466299533844,-3.210644006729126,1.179266095161438,-0.5953112244606018,0.448115199804306,0.6669313907623291,-0.2313031554222107,0.1871844828128814,0.3250577449798584,-0.1533153563411269,-0.4696888809437465,0.7828525036276659,-0.3781914419870309,-0.4646558856978533,-2.4128740937893105,1.260782092517338
1771355026526456832,21.37545680999756,-0.6422570943832397,-3.3362720012664795,1.2258927822113037,-0.567611038684845,0.4505291879177093,0.6890873908996582,-0.2552191615104675,0.1825274527072906,0.3419185876846313,-0.1397380908271359,-0.4705962467537465,0.7893559753008476,-0.3686863941016903,-0.4673579889739793,-2.45255815424453,1.2456162378579034
1771355026536487936,21.3854877948761,-0.6441781520843506,-3.470374822616577,1.2802814245224,-0.5380382537841797,0.4529644250869751,0.710871696472168,-0.2720662355422973,0.1834950149059295,0.3537799715995788,-0.1254471693215685,-0.4713902176913377,0.795755683537619,-0.3589252223278291,-0.470087655332931,-2.4937084933963822,1.2300650197571177
1771355026546518784,21.39551877975464,-0.6645475625991821,-3.6137287616729736,1.3012080192565918,-0.5065160393714905,0.4549598693847656,0.7324296236038208,-0.291289746761322,0.1874351501464843,0.3761214017868042,-0.1105318849217133,-0.472089898218378,0.8020884820856506,-0.3486659249905927,-0.4723271524020996,-2.536556373560043,1.2138878050250648
1771355026556549888,21.40554976463318,-0.624496579170227,-3.7534515857696538,1.3013789653778076,-0.4731092154979706,0.4565276801586151,0.7534920573234558,-0.3169145882129669,0.1700592339038849,0.3356498479843139,-0.0949595024590698,-0.472820987731939,0.808199437402436,-0.337989203123074,-0.4740885102732249,-2.5809186940169697,1.197569907445184
1771355026566582016,21.415581941604614,-0.4984268248081207,-3.8788795471191406,1.2987052202224731,-0.4378966093063354,0.4581500589847564,0.7735278606414795,-0.3256532549858093,0.1787518560886383,0.28854501247406,-0.0785994127326384,-0.4736491045703704,0.8138921653233093,-0.3271976058719027,-0.4759128562596199,-2.6264702583804165,1.1817004487232927
1771355026576612864,21.42561292648315,-0.3283653259277344,-3.958183526992798,1.2872016429901123,-0.4011440575122833,0.4603603482246399,0.7919289469718933,-0.3416842222213745,0.194745123386383,0.2609273791313171,-0.0614371136866352,-0.4745261002581824,0.8190173760617888,-0.3166400317192462,-0.4784010754802208,-2.6727263928277485,1.1665989056642536
1771355026586643968,21.435643911361694,-0.2000094950199127,-4.030725955963135,1.2782659530639648,-0.3631335496902466,0.4631476700305938,0.8084728121757507,-0.346339076757431,0.1892113089561462,0.2496631741523742,-0.0436109643869882,-0.4754122522602263,0.8235408925365246,-0.3063685497889484,-0.481543480457646,-2.7194375980734784,1.1522137177478295
1771355026596674816,21.44567489624023,-0.1792990565299987,-4.1094560623168945,1.2629886865615845,-0.3238817155361175,0.4659945368766784,0.8233767747879028,-0.352113127708435,0.1544583141803741,0.2788721323013305,-0.0252826176300691,-0.4762585842544719,0.8275664052705188,-0.2960950621389662,-0.4847583057980409,-2.766825352960519,1.13809787136132
1771355026606706944,21.45570683479309,-0.1700895875692367,-4.204292297363281,1.2451876401901243,-0.2833990156650543,0.4683519899845123,0.8368581533432007,-0.3873010575771332,0.0835126340389251,0.2840219736099243,-0.0065855048825649,-0.4770980332319652,0.8311477233651062,-0.2855303805633199,-0.4874246212504572,-2.815067959970177,1.1240750792041714
1771355026616737792,21.46573781967163,-0.1510652005672454,-4.289095401763916,1.2648438215255735,-0.2415772378444671,0.4702332615852356,0.8488348722457886,-0.3966521620750427,0.0931060314178466,0.2766073346138,0.0125160726835413,-0.4778335925646492,0.8343215774298498,-0.2746375504888855,-0.4895550738512885,-2.86432476042403,1.109916444522401
1771355026626768896,21.47576880455017,-0.0762117356061935,-4.359403610229492,1.3187683820724487,-0.1984384357929229,0.4720916748046875,0.8589245676994324,-0.4034292101860046,0.1496429145336151,0.2641374468803406,0.0321035256690419,-0.4782727848831727,0.837088666212466,-0.2636418408721053,-0.4916620049957738,-2.914545026989699,1.0953755918484287
1771355026636801024,21.485800981521606,0.0084928506985306,-4.410427570343018,1.3724459409713743,-0.1540364027023315,0.4741876125335693,0.8668439984321594,-0.420487493276596,0.1883642077445984,0.2698135375976562,0.0522294095876837,-0.4783067118026874,0.8394311748833445,-0.252685558758643,-0.4940410934543205,-2.9657304073329205,1.0802875431208647
1771355026646831872,21.495831966400143,-0.0086126327514648,-4.4184980392456055,1.4313812255859375,-0.1088092774152755,0.4761135578155517,0.8726262450218201,-0.4551708400249481,0.173636257648468,0.2260524034500122,0.0726081322450861,-0.4778692564091205,0.8414000816509708,-0.2416918932953306,-0.4962298779407583,-3.0175412008161295,1.064497077013175
1771355026656862976,21.505862951278687,-0.0792499631643295,-4.447070598602295,1.478137493133545,-0.0629860013723373,0.4770005941390991,0.8766433000564575,-0.4849876463413238,0.0941054224967956,0.1650285720825195,0.0929415542992049,-0.4769832661804495,0.8430946694777275,-0.2303047851758219,-0.4972388826604523,-3.069866845973427,1.047930718572381
1771355026666894080,21.515893936157227,-0.1333747059106826,-4.472754001617432,1.521165370941162,-0.0165267959237098,0.4766114354133606,0.8789589405059814,-0.4741348326206207,0.0554473996162414,0.1207513809204101,0.113240835125958,-0.4757160296543571,0.8444961377500848,-0.21839677231604,-0.496796130026528,-3.1227921759443036,1.0307830656831831
1771355026676925952,21.525925874710083,-0.0851777195930481,-4.471262454986572,1.578109622001648,0.030316287651658,0.4754627645015716,0.8792133927345276,-0.4614381194114685,0.1052257716655731,0.0464763641357421,0.1335643858234432,-0.4739850131747433,0.845544153453973,-0.2062859354687942,-0.4954899872749077,3.1071251618978644,1.013122246161284
1771355026686956800,21.535956859588623,0.1001756340265274,-4.487175464630127,1.6100993156433103,0.0774043798446655,0.4745959043502807,0.8767935037612915,-0.437588095664978,0.1695232391357422,0.0325995683670043,0.1541816293193047,-0.4717182240911685,0.8460961313499243,-0.1945023235321384,-0.4945048717548577,3.0535397321611213,0.994962002702504
1771355026696987904,21.545987844467163,0.3019974529743194,-4.475657939910889,1.6607089042663574,0.1244647428393364,0.4747451841831207,0.8712779879570007,-0.4292895793914795,0.1914534568786621,0.0409075617790222,0.175225248686021,-0.4688651467835083,0.8460522824218132,-0.1834586181156141,-0.4946744917828946,2.999699584812514,0.9762078247798583
1771355026707018752,21.556018829345703,0.4513451159000397,-4.466024398803711,1.698842167854309,0.171373501420021,0.4755069017410278,0.862858235836029,-0.4409963190555572,0.1851376295089721,0.0891070365905761,0.1965680424847564,-0.4653608145092512,0.8454989202604439,-0.1730083735997965,-0.4955401702513075,2.9455326193308555,0.9565511407463226
1771355026717050880,21.56605076789856,0.4787716865539551,-4.4618706703186035,1.742260456085205,0.2179704904556274,0.4762298762798309,0.851876974105835,-0.4671922922134399,0.1378754079341888,0.121801733970642,0.2180308821823089,-0.4613295113581503,0.8444605213514264,-0.1628623834807014,-0.4963621586686361,2.8910961515715137,0.93620807214986
1771355026727081984,21.57608199119568,0.376744657754898,-4.451796054840088,1.766919732093811,0.2641768455505371,0.4756659865379333,0.839018702507019,-0.4969955086708069,0.0971184074878692,0.1284647583961486,0.239289563343113,-0.4569270779117579,0.8430462667325828,-0.1524176352741456,-0.49572101537601,2.8365554869312835,0.9155945751428846
1771355026737113088,21.58611297607422,0.191001147031784,-4.420717716217041,1.7670574188232422,0.3096167147159576,0.4730024635791778,0.824867308139801,-0.5229040384292603,0.0484056174755096,0.0839461088180542,0.2599947730405837,-0.4523751458212519,0.8413027960881304,-0.1413118546449907,-0.4926954543799452,2.7825122329768193,0.8955016673145554
1771355026747144960,21.596144914627075,0.0018264260143041,-4.409766674041748,1.761289358139038,0.3541254699230194,0.467880517244339,0.8097427487373352,-0.5251001119613647,-0.0170899927616119,0.0235245823860168,0.2799951859952009,-0.4478046691409908,0.8392510586070345,-0.1293499815194597,-0.4868910858408843,2.729324208140125,0.8765154090412455
1771355026757175808,21.606175899505615,-0.1085117980837822,-4.410793781280518,1.764210820198059,0.397784024477005,0.4607505798339844,0.7933959364891052,-0.5036036968231201,-0.0186271071434021,-0.0065457820892333,0.2994763435515556,-0.4432016683238969,0.8368215123592114,-0.1166878113278664,-0.4788406993487852,2.6768505383295413,0.8587283766020922
1771355026767206912,21.616206884384155,-0.0714147612452507,-4.400626182556152,1.760175347328186,0.4405381977558136,0.4525720775127411,0.7753096222877502,-0.492845207452774,0.0355261862277984,-0.0222882628440856,0.3187027764855329,-0.4384223015757352,0.8339308641101507,-0.1037971340310906,-0.4696476093305828,2.6248766611262178,0.8417623018177716
1771355026777238016,21.626237869262695,0.1038618013262748,-4.37960147857666,1.760864019393921,0.4821436107158661,0.4444704353809356,0.7549723982810974,-0.4994319081306457,0.0974911451339721,-0.0288982391357421,0.33789540648864,-0.4332261207776982,0.8305427834992367,-0.0913259463263877,-0.4605830151855827,2.5732561091685455,0.8248442259069688
1771355026787269888,21.63626980781555,0.3971554636955261,-4.339663505554199,1.756749153137207,0.522483229637146,0.4373954832553863,0.7319130897521973,-0.5085671544075012,0.1392189860343933,0.0023398995399475,0.3573077696690404,-0.4273567555361974,0.8266333775471764,-0.0798417410121057,-0.4527003575638228,2.5216253202678054,0.8070199597014216
1771355026797300736,21.646300792694092,0.7372863292694092,-4.2630109786987305,1.7527920007705688,0.5611676573753357,0.4319483637809753,0.706053614616394,-0.5262097120285034,0.1379369795322418,-0.0520008206367492,0.376963137195217,-0.4206856156304889,0.8222228555259675,-0.0698000632236773,-0.4466519428110583,2.470033768256996,0.787646286556315
1771355026807331840,21.656331777572632,1.0679502487182615,-4.159485340118408,1.7669941186904907,0.5980014801025391,0.4280070960521698,0.6776459813117981,-0.5239811539649963,0.1244830787181854,-0.0717957615852356,0.3967597555486445,-0.4130666604517938,0.8174343509010797,-0.0613080711816022,-0.4422865405812858,2.418548126829668,0.7661705476556474
1771355026817362944,21.66636300086975,1.20358145236969,-4.022317886352539,1.801343321800232,0.6328130960464478,0.4246016442775726,0.6475040912628174,-0.5180058479309082,0.0894975364208221,-0.1267061829566955,0.41633499317014,-0.4046016474344942,0.8124343296228947,-0.0539748221899227,-0.4385218540299229,2.3676684779289183,0.7429869179696517
1771355026827395072,21.676394939422607,1.161979913711548,-3.92026948928833,1.8238563537597656,0.665706992149353,0.4203952252864837,0.6165239810943604,-0.4969295859336853,0.005843698978424,-0.0913317799568176,0.4353487834843281,-0.3956641165584066,0.8072867497497058,-0.0470040232026308,-0.4338808718152832,2.317855906380266,0.7194367975907497
1771355026837425920,21.686425924301147,0.8533040285110474,-3.78982925415039,1.8221393823623655,0.6965967416763306,0.4140773713588714,0.5859119296073914,-0.4925104975700378,-0.0872798860073089,-0.1070148944854736,0.45330424555684,-0.3868650602166613,0.8020544876987132,-0.039487473183938,-0.4269289466288727,2.270104449341891,0.6976756758051804
1771355026847457024,21.696456909179688,0.4632209539413452,-3.694190740585327,1.8043254613876345,0.7255058288574219,0.4048673808574676,0.5565284490585327,-0.4891623258590698,-0.2159329652786255,-0.0887702703475952,0.4698842397325478,-0.3786988129529749,0.796775651782449,-0.0307352324963207,-0.4168337842605314,2.22514577071329,0.6794924805932386
1771355026857488896,21.706488847732544,0.1059419140219688,-3.6043179035186768,1.7483035326004028,0.7525098323822021,0.393158346414566,0.5283517837524414,-0.4727550745010376,-0.2345584630966186,-0.0838784575462341,0.4851763015254933,-0.3714237144186989,0.7913408430975808,-0.0206904418246833,-0.4040640472257885,2.1829433609281135,0.6655538340535576
1771355026867519744,21.716519832611084,-0.0552935823798179,-3.5154008865356445,1.6854488849639893,0.7775348424911499,0.3800675570964813,0.5009872913360596,-0.4543384313583374,-0.2104355990886688,-0.1600143909454345,0.4994071991239565,-0.3648782684369792,0.7857209971373129,-0.0099411180993063,-0.3898693349332508,2.143173677753752,0.655011642390665
1771355026877550848,21.726550817489624,-0.0119126439094543,-3.456088066101074,1.6417765617370603,0.8007960319519043,0.3666587769985199,0.473589539527893,-0.4192805886268616,-0.1399589776992797,-0.1622949838638305,0.5130347039827756,-0.3585560504715464,0.7798925115374066,0.0007979364512182,-0.3754151364063677,2.1048671459665225,0.6460237709998545
1771355026887581952,21.736581802368164,0.2969602644443512,-3.3540992736816406,1.5676772594451904,0.8223180770874023,0.3541197776794433,0.4454120993614197,-0.4064246416091919,-0.0284972488880157,-0.1515431702136993,0.5264805773241886,-0.3518699192914453,0.77388216629559,0.0105866166209832,-0.3619726771150769,2.06720948971886,0.6363545827869141
1771355026897614080,21.7466139793396,0.6186766028404236,-3.197829008102417,1.5377545356750488,0.8419235944747925,0.3432005047798157,0.4163868725299835,-0.4167222380638122,0.0331117212772369,-0.181325227022171,0.539869312210411,-0.3443755467677147,0.7678534471754488,0.0186461767546102,-0.350322265387605,2.030087370259566,0.6242560447847174
1771355026907644928,21.75664496421814,0.8570979833602905,-3.0292811393737793,1.5140827894210815,0.859653890132904,0.3331771492958069,0.3872829079627991,-0.430393636226654,0.0508560240268707,-0.1676632463932037,0.5529188689861898,-0.3361328279089672,0.7620079936643283,0.0252826852473806,-0.3396712563895406,1.9940745327406333,0.6101217829622965
1771355026917676032,21.76667594909668,0.8964495062828064,-2.8732292652130127,1.497170090675354,0.8756495118141174,0.3234502375125885,0.358633816242218,-0.4235467314720154,-0.0037480294704437,-0.1492069661617279,0.5654404063277015,-0.3274695646143911,0.756360095761464,0.0309897472947886,-0.3293734593936112,1.9595195617044447,0.5950469708144908
1771355026927706880,21.77670693397522,0.6979913115501404,-2.7284061908721924,1.484918236732483,0.890097975730896,0.3130335211753845,0.3312640488147735,-0.3997261524200439,-0.0892938375473022,-0.1262774169445037,0.5770777259589173,-0.3190216267406269,0.7509042717675328,0.036733727440289,-0.3183854087682662,1.9270799320591268,0.5812900757450179
1771355026937739008,21.786738872528076,0.3088246285915375,-2.642686128616333,1.456822395324707,0.903203547000885,0.3014223575592041,0.305561363697052,-0.3631035089492798,-0.188949853181839,-0.1284374296665191,0.5876543924624964,-0.3114897520950165,0.7454896462382063,0.043377051237178,-0.3061840394704353,1.8970177491597489,0.5710867187557034
1771355026947769856,21.796769857406616,-0.0734095573425293,-2.584244728088379,1.4246175289154053,0.9151667952537536,0.28858482837677,0.2814039289951324,-0.319524884223938,-0.2330886721611023,-0.0935378670692443,0.5972152609774295,-0.3051738168499823,0.7399803449519932,0.0513014210483905,-0.292748458071616,1.8691097344747336,0.5653525483337744
1771355026957800960,21.806800842285156,-0.2209205478429794,-2.5357825756073,1.3713167905807495,0.9260387420654296,0.2752463817596435,0.2582477331161499,-0.2893198728561401,-0.1933829486370086,-0.0731891095638275,0.6060319408146432,-0.2998061117675777,0.7343297407547532,0.0600123912860116,-0.2788459846824104,1.84276020850958,0.5629289047960344
1771355026967832832,21.816832780838013,-0.0931322276592254,-2.4784047603607178,1.3211601972579956,0.9358828663825988,0.2622119486331939,0.2353038638830185,-0.2600712180137634,-0.0901691317558288,-0.074049025774002,0.6145343932472362,-0.29458519822884,0.7286092869573871,0.0685233710374308,-0.26531363607137,1.817115226182872,0.5610947993498715
1771355026977863680,21.826863765716553,0.2559832632541656,-2.4228579998016357,1.259561538696289,0.9447041749954224,0.2501724362373352,0.2120087891817093,-0.2367269396781921,0.0273391306400299,-0.0807221084833145,0.6230893968228876,-0.2887694410661179,0.7229222691442544,0.0758628730211405,-0.2528583473703703,1.791556921965092,0.5572707654119277
1771355026987895040,21.836894989013672,0.615700364112854,-2.3281946182250977,1.180508732795715,0.9524555206298828,0.2394641935825348,0.1883749812841415,-0.2357503175735473,0.0855937451124191,-0.1117606461048126,0.6318008326531815,-0.2820347396869748,0.7173868533623501,0.0814869821984901,-0.2418139441638017,1.7660546718024457,0.5501732271849694
1771355026997925888,21.846925973892212,0.8396940231323242,-2.1853225231170654,1.1141142845153809,0.9591490030288696,0.2297643274068832,0.1650500446557998,-0.2264982461929321,0.0513330698013305,-0.1803088337182998,0.6404163105902204,-0.2746625209862993,0.712099375833888,0.0856849478729492,-0.2318355182201825,1.7412070426044923,0.5406483909796876
1771355027007958016,21.85695791244507,0.9382402896881104,-2.031250238418579,1.0364738702774048,0.964831292629242,0.2208081632852554,0.1426344364881515,-0.2088192105293274,-0.0746594369411468,-0.2950392961502075,0.6486934849918418,-0.2669600125078386,0.7071418315843411,0.0887674001151698,-0.222643003187157,1.71756682815,0.5296048644892134
1771355027017988864,21.86698889732361,0.7310566902160645,-1.8610073328018188,0.9454970359802246,0.9695633053779602,0.2123076617717743,0.1219528168439865,-0.1713455319404602,-0.2157866656780243,-0.42430579662323,0.6562244366132212,-0.2598342828445757,0.7024688998864528,0.0916136999457078,-0.2139358535263981,1.6959204159306682,0.5196894331544849
1771355027028019968,21.87701988220215,0.4351701140403747,-1.6785589456558228,0.8390827178955078,0.9734290242195128,0.2042856365442276,0.103456862270832,-0.1313880085945129,-0.3442087173461914,-0.563982367515564,0.6627884101201517,-0.2539296515150612,0.698031633647306,0.0947791006676169,-0.2057339012212961,1.6766796951267813,0.5126433013424853
1771355027038050816,21.88705086708069,0.2509043216705322,-1.4081400632858276,0.7353137135505676,0.9764955043792723,0.1968761682510376,0.0877272859215736,-0.162530779838562,-0.3933789134025574,-0.6062667369842529,0.6682016781982851,-0.2493141458837134,0.6940505027390105,0.0981975316939267,-0.1981707053849307,1.660394700027393,0.5084602404618411
1771355027048082944,21.897082805633545,0.2754722535610199,-1.0772130489349363,0.6012073159217834,0.9788027405738832,0.1905734837055206,0.0750124976038932,-0.1874972581863403,-0.348044216632843,-0.5886385440826416,0.6725126685916418,-0.2455344174094196,0.6908104644069273,0.1010961311834264,-0.1917463018019553,1.6472838079472316,0.5053162539383748
1771355027058113792,21.907113790512085,0.4244775474071502,-0.7179659008979797,0.4429625868797302,0.980420172214508,0.1857272088527679,0.0654370188713073,-0.174893319606781,-0.3215304017066955,-0.5930402278900146,0.6758122465334699,-0.2421064136750999,0.6885513745357665,0.1027590367313568,-0.1868118937691502,1.6374413387497746,0.5014070489487237
1771355027068144896,21.917144775390625,0.5011577010154724,-0.3042140305042267,0.2581911385059356,0.9813963174819946,0.1825699061155319,0.0594102032482624,-0.1939664483070373,-0.3477005064487457,-0.6435166597366333,0.6780088604606875,-0.2390200961098152,0.6874405398236676,0.1029511402104564,-0.1835996625470231,1.6312589437228835,0.4963644291441749
1771355027078176000,21.927175998687744,0.4014409482479095,0.128288522362709,0.0447030775249004,0.9817271828651428,0.1813171654939651,0.0577579289674758,-0.2383800148963928,-0.4407775998115539,-0.7043032646179199,0.67876166372563,-0.2368881354999441,0.6875776146935121,0.1019986684600839,-0.1823256543933889,1.6295615606062577,0.4916123133711914
1771355027088207872,21.9372079372406,0.3004879653453827,0.5485242009162903,-0.2289492338895797,0.98135244846344,0.1824643909931183,0.0604499913752079,-0.2560258507728576,-0.5391080379486084,-0.7087653875350952,0.6780562617318895,-0.2362075518954916,0.6887895095976323,0.1000738493262311,-0.1834923325725046,1.6323172483066235,0.4881343721570378
1771355027098238976,21.94723892211914,0.1492425948381424,0.8919861912727356,-0.4636560082435608,0.9802462458610536,0.1860688328742981,0.0670511424541473,-0.1952730417251587,-0.5203278064727783,-0.6621592044830322,0.6760354846609068,-0.2369719328983262,0.6909195871229104,0.097213949540729,-0.1871595747631773,1.6390922902756222,0.4859556013302802
1771355027108269824,21.95726990699768,0.0203770287334918,1.1911414861679075,-0.6746697425842285,0.9784021973609924,0.1917801052331924,0.0771358385682106,-0.2058190703392028,-0.5025405287742615,-0.5739924907684326,0.672789515715116,-0.2391896338968369,0.6937984125960955,0.0937364914751529,-0.1929755914015871,1.6494721694671477,0.4855460704263917
1771355027118301952,21.967301845550537,-0.1475819796323776,1.4252856969833374,-0.8458446860313416,0.9758012890815736,0.1992178559303283,0.0901345610618591,-0.2106340527534485,-0.4446097016334533,-0.4811258316040039,0.6684809580028034,-0.2426852349863569,0.697259748328381,0.0898109076316092,-0.2005597123851124,1.662904747804603,0.4868923424290535
1771355027128332800,21.977332830429077,-0.2628081440925598,1.6302032470703125,-0.9770631790161132,0.9724385142326356,0.207916259765625,0.1055189743638038,-0.2035481333732605,-0.3606414794921875,-0.4219862222671509,0.6632560915720668,-0.2472586910574194,0.7011580621346636,0.0856264873384761,-0.2094441837683019,1.6788830997009128,0.4899748570095242
1771355027138363904,21.987363815307617,-0.3120459318161011,1.8132541179656985,-1.0912115573883057,0.9682517051696776,0.2176722884178161,0.1229118481278419,-0.1980186104774475,-0.3309841156005859,-0.4059928655624389,0.6572445830338455,-0.2526171419123056,0.7054363925071674,0.0810776171877135,-0.2194289411397166,1.6970630287276451,0.4942375292849588
1771355027148394752,21.997394800186157,-0.2855493426322937,1.961636662483215,-1.184653401374817,0.963195264339447,0.2283093631267547,0.1418787091970443,-0.1989131569862365,-0.2922132611274719,-0.4010187685489654,0.6506032239247007,-0.2584037140285907,0.710047094509214,0.0760000390934792,-0.2303408299545528,1.717044700766743,0.498930681572956
1771355027158426880,22.007426977157593,-0.1860107630491256,2.112330913543701,-1.270705223083496,0.9572082757949828,0.2397588193416595,0.1620742231607437,-0.2083984613418579,-0.2376530915498733,-0.4061386585235595,0.6434571403481548,-0.264290015053375,0.7149740576768117,0.0701842056460516,-0.2421174195336978,1.7385252274111462,0.5032896109647378
1771355027168457984,22.017457962036133,-0.0756142139434814,2.2770676612854004,-1.3581769466400146,0.9501783847808838,0.2520731687545776,0.1833582520484924,-0.2410871982574463,-0.1608713865280151,-0.3786860704421997,0.6358357696753139,-0.2701611194036897,0.7202028155245829,0.0635119926391166,-0.2548220146486918,1.7614255906923435,0.5070362708181505
1771355027178489088,22.027488946914673,-0.0114200487732887,2.433175802230835,-1.442729353904724,0.9419455528259276,0.265318214893341,0.205778956413269,-0.2652181982994079,-0.1143172085285186,-0.3265217244625091,0.6276779201674643,-0.2760459544528613,0.7257328086327768,0.0559556296919133,-0.2685339648355485,1.7858788009802808,0.5102781299766452
1771355027188519936,22.037519931793213,-0.1031025648117065,2.570178747177124,-1.507567286491394,0.9324296116828918,0.2791381180286407,0.2294711470603943,-0.2630417943000793,-0.1503081619739532,-0.296396255493164,0.6188393213142653,-0.2822504131330435,0.7314849789193116,0.0479826659774813,-0.2828964238827955,1.812101267263429,0.5142270809513694
1771355027198551808,22.04755187034607,-0.2984119653701782,2.664594888687134,-1.5153967142105105,0.9217347502708436,0.2927181124687195,0.2544037401676178,-0.261807382106781,-0.1949397921562194,-0.2388550043106079,0.6092407229106895,-0.2890030393028759,0.7373459916473535,0.0402977299624021,-0.2970682175328709,1.840096979215012,0.5202124902855382
1771355027208582912,22.05758285522461,-0.5284587144851685,2.793412685394287,-1.5150080919265747,0.909860908985138,0.3055174052715301,0.2807352542877197,-0.2754004597663879,-0.1764585673809051,-0.1905251741409301,0.5987713588126354,-0.2963909461116591,0.7433169099519125,0.0332451896161272,-0.310481758538361,1.8700762374251585,0.5288748423230792
1771355027218613760,22.06761384010315,-0.685659646987915,2.892559051513672,-1.5287880897521973,0.8967121839523315,0.3174704909324646,0.3084149062633514,-0.2630146741867065,-0.1578177809715271,-0.1867566108703613,0.5874322109954603,-0.3043524524638887,0.7493844427924374,0.0267568861465673,-0.3230607761390372,1.902062049465303,0.5400625975276507
1771355027228644864,22.07764482498169,-0.710986316204071,2.9916090965270996,-1.5404328107833862,0.8822093605995178,0.3288652002811432,0.336977869272232,-0.2499920725822448,-0.1496965289115905,-0.2124508917331695,0.5754083746618737,-0.3125532079145173,0.7555126930022409,0.0204008888177448,-0.3351016905971979,1.9356639861956275,0.5526599557531734
1771355027238676992,22.087677001953125,-0.5673816204071045,3.1051034927368164,-1.5632739067077637,0.8662668466567993,0.3401927947998047,0.365855872631073,-0.2544199824333191,-0.1058788299560546,-0.2523000538349151,0.5629271628339912,-0.3205690410637456,0.761684593373553,0.0136022542153021,-0.3471219044886303,1.9704085732681904,0.565223937058509
1771355027248708096,22.097707986831665,-0.3475707173347473,3.206786632537842,-1.5880719423294067,0.8487783074378967,0.3520005345344543,0.3945515751838684,-0.270607590675354,-0.0544541478157043,-0.2952930927276611,0.5501727601122639,-0.3280552192914617,0.7678903266108648,0.0058429870879424,-0.3597075812163756,2.005927711537899,0.5765551288347593
1771355027258738944,22.107738971710205,-0.0964588671922683,3.3177599906921387,-1.6307579278945925,0.829620361328125,0.3647045791149139,0.422754168510437,-0.2850950360298157,-0.0411113500595092,-0.2854097187519073,0.5372273045837647,-0.3349009781705754,0.7740919940662683,-0.0031447771415681,-0.3733155248571742,2.0420749251535595,0.5862161368901924
1771355027268770816,22.11777091026306,-0.0353824608027935,3.3951876163482666,-1.703158617019653,0.8087300658226013,0.3781574070453644,0.4505031108856201,-0.3045185804367065,-0.0625140666961669,-0.237139344215393,0.5240021189083661,-0.3414030671747455,0.7801893993484524,-0.0130516677504374,-0.3878050878857227,2.0790361241868993,0.5952005980826724
1771355027278801920,22.1278018951416,-0.1518920361995697,3.485063076019287,-1.766198754310608,0.7860127687454224,0.3916718661785126,0.4783064723014831,-0.3205586671829223,-0.1295563876628875,-0.1564832925796508,0.5102055539285699,-0.3481308460481309,0.7861031422440405,-0.0231746238821187,-0.40244793594994,2.1174588289333025,0.6054824473555919
1771355027288833024,22.13783288002014,-0.3973257541656494,3.5500452518463135,-1.813329577445984,0.7614657282829285,0.4042994081974029,0.5066671371459961,-0.328116238117218,-0.2193019390106201,-0.1299582719802856,0.4955663321834108,-0.3553973639580198,0.7918499167433786,-0.0328682739419871,-0.4162127229776176,2.157910446432437,0.6184367534888884
1771355027298863872,22.14786386489868,-0.5634634494781494,3.5688347816467285,-1.8482580184936523,0.7353093028068542,0.4154540598392486,0.535460889339447,-0.3181034922599792,-0.2315551340579986,-0.1246789693832397,0.480128126290292,-0.363243462369486,0.7973610339265532,-0.0417923934507404,-0.4284419226462755,2.20020650802947,0.6344242425971902
1771355027308895744,22.157895803451535,-0.5176131129264832,3.587257623672486,-1.8814910650253296,0.70774245262146,0.4258674681186676,0.5636819005012512,-0.315881609916687,-0.1371712982654571,-0.129813551902771,0.4643325698107413,-0.3712320004325967,0.8025134016843877,-0.0505395039695065,-0.4399204337421911,2.243369259725751,0.6518604864822142
1771355027318926848,22.16792678833008,-0.2053497433662414,3.662791967391968,-1.925391435623169,0.6785356402397156,0.4369130134582519,0.5905054211616516,-0.3296586275100708,0.0099406838417053,-0.1393182873725891,0.448470164053933,-0.3787760266636896,0.8073298129731635,-0.0601820543551257,-0.4521639392306433,2.2869379213800625,0.6686326162564579
1771355027328957696,22.177957773208615,0.2406692802906036,3.740086793899536,-2.007720708847046,0.6474016904830933,0.4501158893108368,0.6150339841842651,-0.3341082334518432,0.0861237347126007,-0.1754740476608276,0.4328289711817347,-0.3854858206886342,0.8117374406453722,-0.0717085505050833,-0.4668951183871282,2.3305609997409444,0.6832563546392704
1771355027338989056,22.187988996505737,0.5072277784347534,3.780468463897705,-2.1020679473876953,0.6143152713775635,0.4655855298042297,0.6370609402656555,-0.3260920643806457,0.0569821298122406,-0.1890934109687805,0.4174207205829752,-0.391559896060703,0.8156048743006061,-0.0850259227559167,-0.484296123397992,2.374369005845478,0.696457659481178
1771355027349020928,22.198020935058594,0.3655454218387604,3.815392017364502,-2.192206382751465,0.5794337391853333,0.4814859926700592,0.657592236995697,-0.3325619101524353,-0.0607554912567138,-0.1228785514831543,0.4017805684681765,-0.3976558860346762,0.8189419479932215,-0.0988746456545986,-0.5023493996455911,2.4192931864521374,0.7108431201504999
1771355027359052032,22.208051919937137,-0.1554206311702728,3.865415096282959,-2.228715419769287,0.5426619648933411,0.4946468770503998,0.6788535714149475,-0.3690017461776733,-0.1986569166183471,0.0374243855476379,0.384898102935796,-0.404475050008747,0.8220868012421169,-0.1114745448331201,-0.5174284567185076,2.4672298693480994,0.7294475168545347
1771355027369082880,22.21808290481567,-0.8067706823348999,3.8698205947875977,-2.2233030796051025,0.504654586315155,0.5029519200325012,0.7016856074333191,-0.4117286801338196,-0.2541727423667907,0.1707355380058288,0.3665676378480121,-0.4123257981140781,0.8251243765874696,-0.1215946073727091,-0.5270107459509169,2.5180944956635583,0.753396681262272
1771355027379114752,22.22811484336853,-1.2040090560913086,3.803142786026001,-2.1305456161499023,0.4661459326744079,0.5062211751937866,0.7255678176879883,-0.4014638364315033,-0.214686632156372,0.213641345500946,0.3471412650151873,-0.4207749402000009,0.8280895760607818,-0.1292640947736393,-0.5307974071524496,2.5705385196818273,0.7810151509227106
1771355027389145856,22.23814582824707,-1.30729341506958,3.754816055297851,-2.026402473449707,0.4277043044567108,0.5060378909111023,0.7489960193634033,-0.371551901102066,-0.0200759172439575,0.1352661252021789,0.3273341656604663,-0.4290714955535279,0.8309005073402989,-0.1354785280752432,-0.5305848592772403,2.6227419057671084,0.8093815248487753
1771355027399176960,22.24817681312561,-0.989720106124878,3.7853264808654785,-1.9634562730789185,0.3889352679252624,0.5052220225334167,0.7703766226768494,-0.3539925813674927,0.1529964208602905,0.0270782709121704,0.3076930493872751,-0.4366361987245297,0.8333889472537777,-0.1419038474812362,-0.5296392411683968,2.6740615849968865,0.8362419650241141
1771355027409207808,22.25820779800415,-0.3645837903022766,3.88287615776062,-1.918612360954285,0.3491237759590149,0.5070955753326416,0.7880145311355591,-0.3396175503730774,0.2211149334907531,-0.1042070388793945,0.2887376552202372,-0.442981259297861,0.8353291958714563,-0.1504106566777408,-0.5318115929609151,2.724539779288217,0.8600624088205767
1771355027419239936,22.268239974975582,0.3119654655456543,3.9794225692749023,-1.8945103883743288,0.3080569207668304,0.5131659507751465,0.8011006116867065,-0.3221712708473205,0.2638726830482483,-0.1725145578384399,0.2707126098433918,-0.4479186764484683,0.8366117121515431,-0.1617545366539894,-0.5388694112885954,2.7744826415033277,0.880682283935255
1771355027429270784,22.278270721435547,0.6961703896522522,4.077701091766357,-1.915111303329468,0.2655811309814453,0.5229552984237671,0.8099287748336792,-0.3089465796947479,0.1987702250480651,-0.1662213802337646,0.2533821642906981,-0.4517944634550897,0.8371655492138519,-0.1755936958425883,-0.5503144783282287,2.8247339471982,0.8996080216684483
1771355027439301632,22.288301706314087,0.4931980073451996,4.177150726318359,-1.9690978527069092,0.221636101603508,0.5329153537750244,0.816626250743866,-0.3141959309577942,0.0387856364250183,-0.0271061062812805,0.2357326446850251,-0.4553807343201506,0.8372224975447944,-0.1900445403616737,-0.5620421831046813,2.8765721404293587,0.9194102024517252
1771355027449332736,22.298332691192627,-0.2098014056682586,4.189169406890869,-1.9974581003189087,0.1764480024576187,0.5381542444229126,0.8241698741912842,-0.356059193611145,-0.1708142161369323,0.204150378704071,0.2165195969334551,-0.4594095595101383,0.8372740221148953,-0.2025692110622932,-0.5682456398191983,2.9306847355891996,0.9418844783087514
1771355027459364864,22.308364868164062,-1.004838228225708,4.043728828430176,-1.9441208839416504,0.131477952003479,0.5359474420547485,0.8339506387710571,-0.379036545753479,-0.3013131022453308,0.3478271961212158,0.1956698686373934,-0.4640756482029588,0.8376210952498748,-0.2115134323647088,-0.5656296061091428,2.9852229718575902,0.9663526678910352
1771355027469395968,22.318395853042603,-1.2323232889175415,3.866842746734619,-1.8266456127166748,0.0881213396787643,0.5281744003295898,0.8445512652397156,-0.3633593916893005,-0.0889805555343627,0.308372437953949,0.1742863973571082,-0.4688266792052716,0.8381391121327749,-0.2175976315780478,-0.5564491707007461,3.037627830370809,0.9902911017473628
1771355027479426816,22.328426837921143,-0.9450461864471436,3.799924850463867,-1.6693785190582275,0.046386681497097,0.5198933482170105,0.8529706001281738,-0.3327331244945526,0.2357065081596374,0.1587174534797668,0.1536551053478944,-0.4728432998725629,0.8383940046676297,-0.223393622409615,-0.5467260635144409,3.0872636581255293,1.0118001930769405
1771355027489457920,22.338457822799683,-0.1264472156763076,3.863831043243408,-1.5828074216842651,0.0050950874574482,0.5155419111251831,0.8568493723869324,-0.3284593522548675,0.3538734316825866,0.0010151863098144,0.1343755072861682,-0.4757047380892525,0.8379317876463052,-0.2313409062962473,-0.5416399853948218,3.135646418698731,1.031030415099759
1771355027499489792,22.34848976135254,0.7731820940971375,3.9452717304229736,-1.5372207164764404,-0.0364660881459713,0.5181381106376648,0.8545193076133728,-0.2955651581287384,0.4328964352607727,-0.1288570165634155,0.1169389863114083,-0.4774037310582824,0.8362686971965193,-0.2430342514431576,-0.5446725957322172,-3.0989441413782743,1.0493676784590111
1771355027509520896,22.35852074623108,1.3442206382751465,4.056095600128174,-1.561062932014465,-0.0786939710378646,0.5265313386917114,0.8465055227279663,-0.2880815267562866,0.353015661239624,-0.1165252327919006,0.1008562076042305,-0.4782504619962459,0.8333842191418641,-0.2580216174290019,-0.5545153617673219,-3.04889574586674,1.0683601781904852
1771355027519551744,22.36855173110962,1.2949873208999634,4.165091037750244,-1.6703673601150513,-0.1219378411769867,0.5364430546760559,0.8350806832313538,-0.3094128370285034,0.1357218027114868,-0.0046975016593933,0.0848528153840954,-0.4788436401169275,0.8296078105318423,-0.2743348084120782,-0.5662167368513095,-2.996598136269031,1.0892112124871551
1771355027529583616,22.378583669662476,0.5862320065498352,4.238866806030273,-1.7748644351959229,-0.1662953943014145,0.5420507192611694,0.8237273097038269,-0.3436228036880493,-0.1121954321861267,0.2077667117118835,0.0672774620541475,-0.4796705544212081,0.8256995903854459,-0.2891540163875196,-0.5728755477738507,-2.9423885170987427,1.1114040308913893
1771355027539614720,22.388614654541016,-0.4351345002651214,4.1452178955078125,-1.7956105470657349,-0.2105430662631988,0.5393761992454529,0.8153192400932312,-0.3539253771305084,-0.3250358700752258,0.3505135178565979,0.0474788201278875,-0.480840528505542,0.8224670167336762,-0.3001437808340931,-0.5696961378131791,-2.888879575817478,1.1324449772934482
1771355027549645568,22.398645639419556,-1.303584098815918,3.945524930953979,-1.7508182525634766,-0.253082275390625,0.5279053449630737,0.8107187747955322,-0.3486937880516052,-0.3152132034301758,0.3410297632217407,0.025927442571615,-0.4821809245286481,0.8202810183783142,-0.3065424488718369,-0.5561323426995745,-2.839008250214845,1.1498233949518768
1771355027559676928,22.408676862716675,-1.4077763557434082,3.7944445610046382,-1.6355971097946167,-0.2933346927165985,0.5119873285293579,0.8073558807373047,-0.3253633975982666,0.0037749409675598,0.2780627012252807,0.0040418602273079,-0.4832768419362606,0.8186094554919181,-0.31033154203803,-0.5374967737571392,-2.7930943739357663,1.1634946038074163
1771355027569708800,22.41870880126953,-0.9442078471183776,3.7702672481536865,-1.5063201189041138,-0.3317688107490539,0.4973975419998169,0.8015764951705933,-0.3270598948001861,0.2792900204658508,0.1740093231201172,-0.0168119100950631,-0.4837585439233337,0.8165573572404786,-0.3145298653164993,-0.5205963125006652,-2.7491651988064634,1.1754623012598702
1771355027579739904,22.42873978614807,-0.2022271901369094,3.7640128135681152,-1.3892173767089844,-0.3690224587917328,0.4876884222030639,0.7911906242370605,-0.3240012228488922,0.4112831354141235,0.0854420661926269,-0.0359282508907735,-0.4835810802006137,0.8134768917017974,-0.3211135272559276,-0.5094399884105069,-2.705172922457188,1.1880186636602277
1771355027589770752,22.43877077102661,0.5438696146011353,3.764670848846435,-1.3355978727340698,-0.4052515029907226,0.4837929904460907,0.7757035493850708,-0.3221045434474945,0.4269737005233764,0.040657103061676,-0.0530479967687799,-0.4829991911094405,0.809051024996751,-0.3306573177503533,-0.5049835054381016,-2.6601617764973056,1.202908907683726
1771355027599801856,22.44880175590515,1.0196871757507324,3.766183376312256,-1.3253575563430786,-0.440668523311615,0.4843555092811584,0.7557852268218994,-0.3409782648086548,0.3405652046203613,0.0690134763717651,-0.0685779384147291,-0.4822640285280987,0.8033143955472744,-0.3426434571232131,-0.5056263347753176,-2.6137217857444415,1.2207448918526471
1771355027609833728,22.458833694458008,1.1377836465835571,3.696143627166748,-1.3898190259933472,-0.4751402139663696,0.4863907098770141,0.7332567572593689,-0.3536102771759033,0.1883680820465088,0.1638378500938415,-0.0832574461805424,-0.481573717888887,0.7966901035490767,-0.355583617413293,-0.5079541271238366,-2.566634439793338,1.2405975480156013
1771355027619864576,22.468864679336548,0.9396218657493592,3.607029914855957,-1.490911841392517,-0.5086162090301514,0.4869319796562195,0.7100752592086792,-0.3389484882354736,0.009207546710968,0.2492448091506958,-0.0978558395900778,-0.4811447692373489,0.7896437977700747,-0.3679492134110368,-0.508573725824383,-2.520020610170614,1.2610658608602607
1771355027629895680,22.478895664215088,0.6278437376022339,3.5072121620178223,-1.551379680633545,-0.5409489870071411,0.4844026565551758,0.687552273273468,-0.3020533323287964,-0.0645265281200409,0.2577906847000122,-0.1128357319389717,-0.4808975883999997,0.7826325069738036,-0.3788032697887257,-0.5056802235312162,-2.474967873524174,1.2804059112062305
1771355027639927808,22.488927841186523,0.4571982026100158,3.43564510345459,-1.5805383920669556,-0.5720868706703186,0.4792496263980865,0.6656098365783691,-0.2849382758140564,-0.019090324640274,0.2225737571716308,-0.1281343983537425,-0.4806743822943298,0.775730015676337,-0.3882997070760544,-0.4997995643636005,-2.4316132995265254,1.2981395766767012
1771355027649958912,22.498958826065063,0.4742901027202606,3.362961530685425,-1.5702452659606934,-0.6019386649131775,0.4729541540145874,0.6434163451194763,-0.2784324884414673,0.0768963396549224,0.1979381442070007,-0.1433014035863651,-0.4804102938227974,0.768709381519904,-0.3971859315789241,-0.4926406363100503,-2.389488059820964,1.3150357671535184
1771355027659989760,22.508989810943604,0.5687327980995178,3.299856424331665,-1.5343663692474363,-0.6303727030754089,0.4666664898395538,0.6203647255897522,-0.275526225566864,0.1584402322769165,0.1875118017196655,-0.1579532201195765,-0.4800529339381272,0.7614010402961164,-0.4060398255211254,-0.4855179085468112,-2.3481929941759256,1.3318094192602228
1771355027670020864,22.519020795822144,0.6431801319122314,3.230762481689453,-1.4712257385253906,-0.657299280166626,0.4606950879096985,0.5964205265045166,-0.2691532969474792,0.1854840517044067,0.1952664256095886,-0.1719792807897451,-0.4795575903066349,0.7538134939031752,-0.4149852907306679,-0.4787781821399879,-2.307674093518634,1.3485653468154652
1771355027680052736,22.529052734375,0.6907344460487366,3.1139767169952393,-1.4015848636627195,-0.6824958920478821,0.4549822509288788,0.5720059871673584,-0.2684776782989502,0.1726270616054535,0.2118380665779113,-0.1853245972075534,-0.4788825696373177,0.7461062047827048,-0.4238536559981888,-0.4723522776711011,-2.2683464142208605,1.3649217373654
1771355027690083840,22.53908371925354,0.6737906336784363,2.973464012145996,-1.329106688499451,-0.7058010101318359,0.4493454396724701,0.5476623773574829,-0.2553350329399109,0.1487534344196319,0.2356324195861816,-0.1979543157216819,-0.4780702970847335,0.738430756387259,-0.4324153557614221,-0.4660325071393527,-2.2306961977605564,1.3805536900723057
1771355027700114688,22.54911470413208,0.5990534424781799,2.7828333377838135,-1.2565674781799316,-0.7270774245262146,0.4434963762760162,0.5240894556045532,-0.2315866947174072,0.1467594504356384,0.2693219184875488,-0.2098698211707908,-0.477176871469021,0.7309903915899553,-0.4403521894190041,-0.4594959433843864,-2.1953569518828595,1.3949630623275746
1771355027710145792,22.55914568901062,0.4817014932632446,2.552778720855713,-1.1697564125061035,-0.7461994290351868,0.4372974336147308,0.5019536018371582,-0.193375825881958,0.141849935054779,0.3115991950035095,-0.2210331550801102,-0.4762468958169097,0.7239928933334586,-0.4474009049169232,-0.4525913484663086,-2.162950630910129,1.407681112387235
1771355027720177920,22.569177865982056,0.3817511200904846,2.29630970954895,-1.0727732181549072,-0.7630763649940491,0.4309254586696625,0.4816823005676269,-0.1516270041465759,0.1412791013717651,0.3452677726745605,-0.2313238622087727,-0.4753067569636293,0.7175824969821465,-0.4534844862671771,-0.4455181059782374,-2.133868347911846,1.4185325703058598
1771355027730208768,22.579208850860596,0.2728286385536194,2.0332798957824707,-0.959989368915558,-0.7777048945426941,0.4246205985546112,0.4635430872440338,-0.0923053622245788,0.1625527739524841,0.3700139820575714,-0.2406327956917442,-0.4743840443329878,0.711850628385861,-0.4586111822031086,-0.4385427885693426,-2.108298849016483,1.427524231659152
1771355027740239872,22.589239835739136,0.1837932169437408,1.76081645488739,-0.8359904885292053,-0.7901889085769653,0.4186088442802429,0.4476251304149627,-0.0468472242355346,0.1750343441963195,0.3752814531326294,-0.2489134113875364,-0.473484758213903,0.706841386928462,-0.4628494192834386,-0.4319129427994424,-2.0862029941454314,1.4347575163589117
1771355027750270720,22.599270820617676,0.0878339260816574,1.491094708442688,-0.7149553894996643,-0.8006236553192139,0.413032591342926,0.434057742357254,-0.0047811269760131,0.1805801391601562,0.3847137093544006,-0.2561512708556605,-0.4726012028573141,0.7026214982633062,-0.4662164435737523,-0.4257814585249833,-2.0675923131235026,1.440219660646498
1771355027760302848,22.609302759170532,-0.0349043346941471,1.212697982788086,-0.5994349122047424,-0.8091341257095337,0.4078370630741119,0.4230495691299438,0.0415102243423461,0.1827848851680755,0.3892368078231811,-0.2623842258905857,-0.4717702050657855,0.6992550705602177,-0.4686467126126238,-0.4200839003244426,-2.052550361354046,1.443840737385561
1771355027770333696,22.619333744049072,-0.0946896374225616,0.9610882997512816,-0.5006276369094849,-0.8159499168395996,0.4030592143535614,0.4144501984119415,0.0698866844177246,0.1814592182636261,0.3882687985897064,-0.2676619080335511,-0.471034551680732,0.6966717663027068,-0.4702467167644768,-0.4148571564704755,-2.040772438394248,1.4459175834811084
1771355027780364800,22.629364728927612,-0.1217776238918304,0.7436985969543457,-0.4084998071193695,-0.8212906122207642,0.3988707661628723,0.4079020321369171,0.0842909812927246,0.199304312467575,0.3819540143013,-0.2719668382082079,-0.4704613186333441,0.6947065280871659,-0.4712569319817527,-0.4102850962100342,-2.0317682113509457,1.4470728340686958
1771355027790396672,22.63939666748047,-0.1101172417402267,0.5628092288970947,-0.3192612826824188,-0.825371265411377,0.3954229652881622,0.4029924869537353,0.0925374627113342,0.238305002450943,0.3769604861736297,-0.2753589944523131,-0.4700142943894871,0.6932407986868366,-0.4718910775541388,-0.4065283045382509,-2.0250046759284066,1.4476646782090734
1771355027800427776,22.64942765235901,-0.0916192829608917,0.4169214069843292,-0.2435691952705383,-0.8284438848495483,0.392702043056488,0.3993319869041443,0.0927717685699462,0.2523785829544067,0.3723966479301452,-0.2779565267145384,-0.4696870373521875,0.6921416661690881,-0.4723073529671955,-0.4035678251179504,-2.01996212196801,1.4480090730734068
1771355027810458880,22.659458875656128,-0.0960659608244896,0.3037572801113128,-0.1908913254737854,-0.8307158350944519,0.3905875086784363,0.3966771364212036,0.0815703272819519,0.2468179166316986,0.3667963743209839,-0.2799043615027418,-0.4694629263003352,0.6913343073234022,-0.4725622103708031,-0.4012696959120141,-2.016292566170191,1.448196128750939
1771355027820489984,22.669489860534668,-0.1132708638906478,0.2217264622449875,-0.1393117606639862,-0.8323931694030762,0.3888351321220398,0.394878625869751,0.0646470785140991,0.2448624372482299,0.3589208722114563,-0.2814484305072119,-0.4692431709755152,0.6908329495431735,-0.4725966214447036,-0.3993668862034807,-2.0137464852153726,1.4479152466466654
1771355027830521856,22.679521799087524,-0.1179705485701561,0.1526238322257995,-0.0968652367591857,-0.8335772752761841,0.3874307870864868,0.393759548664093,0.0599260926246643,0.2410482168197631,0.3478939533233642,-0.2826378968041479,-0.4690297421402502,0.6905728571995922,-0.4724787028825782,-0.397843072182364,-2.012099237600101,1.4473131111419868
1771355027840552704,22.689552783966064,-0.0939508751034736,0.1050793454051017,-0.0550237819552421,-0.8343688249588013,0.3864154815673828,0.393079936504364,0.0534849166870117,0.2490215599536895,0.3381059765815735,-0.283507242703418,-0.4688183652153412,0.6904703513182072,-0.4723173792658158,-0.3967420274752359,-2.01106642163469,1.4466041907988203
1771355027850583808,22.699583768844604,-0.0663394853472709,0.0668099895119667,-0.0092432424426078,-0.8348125219345093,0.3858743011951446,0.3926693499088287,0.0458872318267822,0.2457175552845001,0.3279269337654114,-0.284048678652134,-0.4686066599803263,0.6904654053526085,-0.4722093952783413,-0.3961553305648997,-2.010458849436628,1.445978418811308
1771355027860614656,22.709614753723145,-0.0674865990877151,0.0248932968825101,0.0322296321392059,-0.8349285125732422,0.3857580125331878,0.3925372660160064,0.0391825437545776,0.2437281012535095,0.3124188780784607,-0.2843173890765277,-0.4683524955164165,0.690590019638572,-0.472117700071507,-0.3960293010651806,-2.0102757828600986,1.44527554360026
1771355027870646784,22.719646692276,-0.0767397508025169,-0.040774930268526,0.089411161839962,-0.8346428275108337,0.3860204219818115,0.3928859531879425,0.0349755883216857,0.2233698070049286,0.298047125339508,-0.2842995288487657,-0.4680487213940747,0.6909221195714387,-0.4719435466216877,-0.3963137131870983,-2.0107496206170516,1.4442795607596384
1771355027880677632,22.72967767715454,-0.0852569937705993,-0.1097563952207565,0.1438602954149246,-0.8338788747787476,0.3867116570472717,0.3938278257846832,0.030534029006958,0.205482006072998,0.2848526835441589,-0.2839416874691579,-0.4676951474109687,0.6915021051447005,-0.4716601440773927,-0.3970631689723614,-2.0120264923366253,1.4429315822227224
1771355027890708736,22.73970866203308,-0.0713121443986892,-0.1876887530088424,0.1911830604076385,-0.8326435685157776,0.3877743780612945,0.3953929245471954,0.0299093127250671,0.185284674167633,0.2772297263145447,-0.2832240940912439,-0.4673548329316223,0.6922975706637263,-0.4712617033414605,-0.398215800069309,-2.0141341584579555,1.4413511253811775
1771355027900739584,22.74973964691162,-0.0542230829596519,-0.2687871754169464,0.2195252180099487,-0.8309344053268433,0.389236181974411,0.3975462317466736,0.024354875087738,0.1773378849029541,0.2621826827526092,-0.2820916656242224,-0.4670936851189798,0.6932507566292483,-0.4707983808900999,-0.3998022515025719,-2.017041754141336,1.4397738613509077
1771355027910771968,22.759771823883057,-0.0065969745628535,-0.3477443158626556,0.2510541081428528,-0.8287783861160278,0.3910594582557678,0.4002483189105987,0.0217564105987548,0.1564716100692749,0.2359668612480163,-0.2805353890928983,-0.4669647069054403,0.6943112620717523,-0.4702931873515966,-0.4017824428578961,-2.0207011593784574,1.4383569839578472
1771355027920802816,22.769802808761597,0.0239414945244789,-0.4294290542602539,0.286666989326477,-0.8261501789093018,0.3933399617671966,0.4034349620342254,0.0199825763702392,0.1344615519046783,0.2106093168258667,-0.2785263896690429,-0.4669467340513288,0.6954697946227026,-0.4697931767740481,-0.4042615614095281,-2.02506546900378,1.4371476165210666
1771355027930833920,22.779833793640137,0.0505307614803314,-0.5323056578636169,0.3149281740188598,-0.823004424571991,0.3959973156452179,0.4072462022304535,0.017294704914093,0.1116320490837097,0.1999619603157043,-0.2760509311616589,-0.4670732362704171,0.6967536851141684,-0.4692255860606278,-0.4071536924075893,-2.0302983420675873,1.4360687471635134
1771355027940865792,22.789865732192993,0.0314947515726089,-0.6454719305038452,0.3526478707790375,-0.8192479014396667,0.3989435732364654,0.4119183421134949,0.0217321515083313,0.0968144237995147,0.2172778248786926,-0.2730987864423174,-0.4673442721517308,0.698246733525083,-0.4684632625690731,-0.4103644853241828,-2.036681900540965,1.4348640988421542
1771355027950896640,22.799896717071533,0.0032705701887607,-0.7669293880462646,0.3858817219734192,-0.8148186802864075,0.4020595252513885,0.4176347553730011,0.0265191197395324,0.0774479210376739,0.2301619052886963,-0.2697025809898793,-0.4677350697247646,0.7000294819252041,-0.4673790580437756,-0.4137650809754079,-2.044432903738777,1.4332291716369456
1771355027960927744,22.809927701950073,-0.0446863025426864,-0.8793043494224548,0.435878574848175,-0.809693455696106,0.4053064882755279,0.4244092404842376,0.0226146578788757,0.0696538090705871,0.2251879870891571,-0.2659063007161638,-0.4681895570398454,0.7021418342592581,-0.4659283663705516,-0.4173140668341763,-2.0535848965944705,1.430960983976623
1771355027970958592,22.819958686828613,-0.0706611797213554,-0.9994126558303832,0.498462826013565,-0.8037508130073547,0.4088421761989593,0.4322417080402374,0.0209442973136901,0.0786304175853729,0.2104126811027526,-0.2616412385248891,-0.4686508059282798,0.7046185369925443,-0.464136894639891,-0.4211849866605924,-2.0642097948783333,1.427986172322663
1771355027980990976,22.82999086380005,-0.1015059128403663,-1.129392385482788,0.5590308308601379,-0.7969059348106384,0.4127066731452942,0.4411514699459076,0.0169222354888916,0.083738088607788,0.2105209827423095,-0.2568488851858552,-0.4691341969333943,0.7074523635847446,-0.4620098129437632,-0.4254236182427289,-2.076384241235256,1.4243459385330373
1771355027991021824,22.84002184867859,-0.1454347521066665,-1.2652921676635742,0.6191519498825073,-0.789091944694519,0.4168620407581329,0.4511763453483581,0.008421778678894,0.076820820569992,0.2151292562484741,-0.2515097135490706,-0.4696504658768406,0.7106452049084824,-0.4595157661800488,-0.4299903637070984,-2.0901971530261303,1.4200033554290163
1771355028001052928,22.85005283355713,-0.1650618910789489,-1.4263536930084229,0.6813253164291382,-0.7802000641822815,0.4212637543678283,0.4624115824699402,0.0003997683525085,0.0831459760665893,0.2371732592582702,-0.2455800582824145,-0.4702227450199027,0.7142103088036851,-0.4566010890350569,-0.4348382959998187,-2.1058185760633465,1.414904769035655
1771355028011083776,22.86008381843567,-0.1896173059940338,-1.6091078519821167,0.7460654377937317,-0.7700360417366028,0.4259790778160095,0.4749591648578644,-0.0110460519790649,0.097153216600418,0.2682659327983856,-0.2389217300965861,-0.4709047974163703,0.7181422197358198,-0.4532513425801583,-0.4400437778036631,-2.1234781459314767,1.4091353457775302
1771355028021115904,22.870115756988525,-0.2216459959745407,-1.835360765457153,0.8214901685714722,-0.7583349347114563,0.4309986531734466,0.4890486001968384,-0.0251124501228332,0.1076824367046356,0.3088335394859314,-0.2314100358606159,-0.4717249649660691,0.7224955751485983,-0.4493608459570032,-0.4455992180376544,-2.143576472308959,1.4025516959923614
1771355028031146752,22.880146741867065,-0.2613449394702911,-2.0587217807769775,0.9002565741539001,-0.7448863387107849,0.4362968206405639,0.5047671794891357,-0.0467703938484191,0.1213357150554657,0.3506406545639038,-0.2229691906804922,-0.4726867117304286,0.7272900759716217,-0.4448609824111163,-0.4514789878971461,-2.1663596410223884,1.3950413111066318
1771355028041177856,22.890177726745605,-0.3229937553405761,-2.3021903038024902,1.0057199001312256,-0.7294662594795227,0.4418179988861084,0.5221837759017944,-0.0739852786064148,0.1105959415435791,0.3544641733169555,-0.2135670693493185,-0.4737308418666081,0.7325783119617356,-0.4396558059746058,-0.4576241852027333,-2.192076671679314,1.3863129514232582
1771355028051208704,22.900208711624146,-0.4311369955539703,-2.5366032123565674,1.1224188804626465,-0.7118052840232849,0.4475109875202179,0.5413563847541809,-0.1044176816940307,0.1284319460391998,0.3551735877990722,-0.2031932594757827,-0.4747223787615262,0.7384557269659172,-0.4336290774437997,-0.4639801184463902,-2.2210089679689817,1.3758786662187823
1771355028061240576,22.910240650177,-0.5862457752227783,-2.7517106533050537,1.2281396389007568,-0.6918564438819885,0.4529801905155182,0.5622668266296387,-0.1495743989944458,0.1595687270164489,0.3608289957046509,-0.1920263917346331,-0.4755539787841567,0.7449710159618109,-0.4266058757276466,-0.4701053348409748,-2.2532290557256465,1.3632438456471945
1771355028071271936,22.92027187347412,-0.7334527969360352,-2.947216749191284,1.3129483461380005,-0.6696764230728149,0.4578546285629272,0.5847245454788208,-0.1896986365318298,0.15538090467453,0.3577041029930115,-0.1802214641972427,-0.4762066007792739,0.752056873552148,-0.4185188287369513,-0.4755805196863715,-2.2885746564626652,1.34834466830178
1771355028081302784,22.93030285835266,-0.8894146084785461,-3.133424758911133,1.3937922716140747,-0.6452306509017944,0.4619200825691223,0.6085283756256104,-0.2210410833358764,0.1454711854457855,0.3745800256729126,-0.1678223898383943,-0.4766829495615586,0.7596298854677409,-0.4093547598864719,-0.4801588570997676,-2.3269290580209483,1.331283196475062
1771355028091334912,22.94033479690552,-0.98686420917511,-3.3072023391723633,1.4537270069122314,-0.6185375452041626,0.4650767743587494,0.6333365440368652,-0.2557911276817322,0.1684071719646453,0.403177797794342,-0.1548514260090747,-0.4769940140349,0.7675578098336302,-0.3991902461760725,-0.4837213348192508,-2.3680154181906405,1.3123600822324428
1771355028101365760,22.950365781784058,-1.0233559608459473,-3.462404727935791,1.506719946861267,-0.589647114276886,0.4675390720367431,0.6585769057273865,-0.2866498827934265,0.1912896633148193,0.4014663696289062,-0.1412265595095499,-0.4771886744955366,0.7756155156883191,-0.3882867845943779,-0.486504788575557,-2.411360744559609,1.2922580818846512
1771355028111396864,22.9603967666626,-0.995881736278534,-3.617413282394409,1.5493019819259644,-0.5586455464363098,0.4695050716400146,0.6837251782417297,-0.3191162347793579,0.2201769053936004,0.3859159350395202,-0.1268912349204633,-0.4773202949491311,0.7835993377950927,-0.3768766568475978,-0.4887301448691257,-2.4565345802770464,1.2715845492120448
1771355028121427712,22.970427751541138,-0.909357488155365,-3.7511801719665527,1.566861271858215,-0.5255370736122131,0.4713114202022552,0.7082915306091309,-0.3464112877845764,0.2538473904132843,0.3598849177360534,-0.111708704540544,-0.4774618188624618,0.7913128242516599,-0.3652062016687243,-0.4907771140404837,-2.503245106930364,1.2509492681896872
1771355028131459840,22.98045969009399,-0.728029727935791,-3.869251012802124,1.5997347831726074,-0.49051234126091,0.4734298586845398,0.7316160202026367,-0.3576780557632446,0.2880905568599701,0.3250704407691955,-0.0956298933033407,-0.477602186995894,0.7985638032238687,-0.3536198078395301,-0.4931806159673377,-2.5509750260903634,1.2308536327520256
1771355028141490688,22.990490674972538,-0.5564567446708679,-3.96519136428833,1.6429389715194702,-0.4535656273365021,0.4763401448726654,0.75324547290802,-0.3538075685501098,0.3037350475788116,0.3094835877418518,-0.0785586498353401,-0.4776367174754888,0.8052862318361906,-0.3423535108504282,-0.496487576701453,-2.5995949046854983,1.211314669834869
1771355028151521792,23.00052165985107,-0.461001843214035,-4.052468299865723,1.687710165977478,-0.4148906767368316,0.4797649681568146,0.7731052041053772,-0.364757239818573,0.2907582223415375,0.3231931328773498,-0.0606887116779883,-0.4774891526029675,0.8115150782013891,-0.331307077720564,-0.5003868267615934,-2.649052927025941,1.191980493223585
1771355028161552640,23.010552644729614,-0.38239786028862,-4.147441387176514,1.703263521194458,-0.3745015859603882,0.4830515384674072,0.7914609313011169,-0.3854014575481415,0.2686423063278198,0.3350041508674621,-0.0422177698854331,-0.4771196938958223,0.8173660466419239,-0.3201364917798271,-0.504136490368089,-2.6996322633066137,1.1723244087168498
1771355028171584768,23.02058482170105,-0.310701847076416,-4.252527713775635,1.7216838598251345,-0.332504004240036,0.4863763153553009,0.8080095648765564,-0.3918917775154114,0.2232184708118438,0.2709090709686279,-0.0230698249324375,-0.4766560766370994,0.8226808399954523,-0.3089710032355069,-0.5079376489989051,-2.751203405874587,1.152811794520569
1771355028181615872,23.03061580657959,-0.2444796711206436,-4.344906330108643,1.7479239702224731,-0.2888078987598419,0.4894593358039856,0.8228117823600769,-0.3816937506198883,0.2254148125648498,0.268847644329071,-0.0033065689183093,-0.47598702793321,0.8275519633202635,-0.2976291033833426,-0.5114696289927495,-2.8040262089343204,1.1329800687554477
1771355028191646720,23.04064679145813,-0.1405623257160186,-4.4090070724487305,1.7921801805496216,-0.2436654865741729,0.4925697743892669,0.8354652523994446,-0.3745138049125671,0.2385703325271606,0.2669517397880554,0.01704797204843,-0.475052175976404,0.8319002771686091,-0.2863158248427633,-0.5150401380867029,-2.8578116581434205,1.1129222399473369
1771355028201678848,23.050678730010983,-0.0645748823881149,-4.460704326629639,1.8734523057937624,-0.197183758020401,0.4957737326622009,0.8457698822021484,-0.3760889172554016,0.2729639708995819,0.2501619458198547,0.0379333926607027,-0.4736447118402475,0.8357904296271039,-0.2750927878382512,-0.5187255475513667,-2.912543004311415,1.0921765859049115
1771355028211709696,23.060709714889526,0.0623604357242584,-4.508965015411377,1.9370720386505127,-0.149427592754364,0.499068021774292,0.8535822033882141,-0.3955705761909485,0.2668164372444153,0.2757971286773681,0.059348701048366,-0.4716999002288534,0.8392200641334773,-0.2639822895637366,-0.5225229524817722,-2.968289346033632,1.0705691451765116
1771355028221740800,23.070740699768063,0.1922725439071655,-4.544366359710693,2.0164682865142822,-0.1005575731396675,0.5027309060096741,0.8585743308067322,-0.4246499538421631,0.2325443625450134,0.2555004358291626,0.0813515319673102,-0.4691936273493557,0.8421071874238775,-0.2531694609427826,-0.52675501226565,-3.025002255469704,1.048127490037306
1771355028231771648,23.080771684646606,0.3968805372714996,-4.564687728881836,2.0529932975769043,-0.0509636960923671,0.5067794919013977,0.8605679273605347,-0.4461066126823425,0.236918568611145,0.2263460755348205,0.1038334732747021,-0.4661257040705095,0.8443996670439134,-0.2427645521231162,-0.5314449378631512,-3.0824407388475614,1.0248888912130771
1771355028241803776,23.09080386161804,0.5665138959884644,-4.563338756561279,2.1035168170928955,-0.000973338203039,0.5115405917167664,0.8592584729194641,-0.4663118124008178,0.2055462002754211,0.1488744020462036,0.1268017467022673,-0.4624866458306133,0.8460114382106289,-0.2330065055375847,-0.5369767366605741,-3.1404598887742714,1.0008731972809668
1771355028251834880,23.100834846496586,0.6765053868293762,-4.5736403465271,2.1238608360290527,0.0491990782320499,0.5163729786872864,0.8549492359161377,-0.4830217063426971,0.1708065271377563,0.1310125589370727,0.1500458767103853,-0.4583027761538503,0.847014282796051,-0.2236326425735298,-0.5426101294006861,3.084109852266458,0.9759449071963402
1771355028261865728,23.11086583137512,0.7134178876876831,-4.59702205657959,2.1489908695220947,0.0994861647486686,0.5207250118255615,0.8479082584381104,-0.4833972752094269,0.1158260107040405,0.1506575942039489,0.1734692740606839,-0.4536923249013697,0.8474180877768807,-0.2143697673713215,-0.5476999431074762,3.0247953875294313,0.9502582881425125
1771355028271896832,23.120896816253666,0.7244905233383179,-4.604526996612549,2.180128574371338,0.1497916728258133,0.5241221189498901,0.838366687297821,-0.4926871657371521,0.0882741808891296,0.1765565872192382,0.1969528706229563,-0.4486669975312568,0.8472787362541581,-0.2050031431314272,-0.5516839717036455,2.9647874675583994,0.923830661828409
1771355028281928704,23.13092875480652,0.6955443620681763,-4.602013111114502,2.2003281116485596,0.1997860968112945,0.5262184739112854,0.8265466690063477,-0.5232266783714294,0.0786246061325073,0.1632755994796753,0.2202993122217367,-0.4432341674096696,0.8466503397098908,-0.195434937997483,-0.5541473930727441,2.9044297181379073,0.8968258000883357
1771355028291959808,23.14095973968506,0.6725794076919556,-4.595505714416504,2.2136101722717285,0.2492330819368362,0.526909589767456,0.8125572204589844,-0.5462759137153625,0.0423195362091064,0.1381568908691406,0.2434348378553529,-0.4374742288671688,0.845514578635135,-0.1856364533835467,-0.5549603382665926,2.843975956376251,0.8696012929967071
1771355028301990656,23.1509907245636,0.6434698104858398,-4.596637725830078,2.255110025405884,0.2981329262256622,0.526009738445282,0.796511709690094,-0.5643072128295898,0.0250920057296752,0.1091586351394653,0.2663436682821986,-0.4313400498640256,0.8439203783184565,-0.1755143967842988,-0.553901932414229,2.78343736835012,0.8421799733260952
1771355028312021760,23.16102170944214,0.6845059394836426,-4.597888946533203,2.285991907119751,0.3464119136333465,0.5238925218582153,0.778161883354187,-0.566291093826294,0.0409879088401794,0.064520239830017,0.2891443264117982,-0.4247615862478562,0.8418185890972785,-0.1652717988573201,-0.5514144401018278,2.722765196847512,0.8144939084600401
1771355028322053632,23.171053647994995,0.7660291790962219,-4.556783676147461,2.326511859893799,0.3937682509422302,0.5208451151847839,0.7574081420898438,-0.565170168876648,0.0767348408699035,0.0564804077148437,0.3118095764128603,-0.4176244316030748,0.8392222051897823,-0.1551475318143742,-0.547840636938032,2.662160661895422,0.7863658754649353
1771355028332084992,23.18108487129211,0.8632228374481201,-4.514063835144043,2.364654064178467,0.4399536848068237,0.5171400904655457,0.7341707944869995,-0.5749481916427612,0.0900375843048095,0.0427914261817932,0.3343427408597144,-0.409851315138601,0.8361263690296836,-0.145359898494546,-0.543506187071673,2.6017229881882016,0.7576276291119207
1771355028342115840,23.191115856170654,0.9913469552993774,-4.4303436279296875,2.3797080516815186,0.4846163094043731,0.5128526091575623,0.7086109519004822,-0.5969057083129883,0.05158531665802,0.020591378211975,0.3566382174735702,-0.4014602639323604,0.832547368754403,-0.1360285615318,-0.5385043531439508,2.541756595503433,0.728361962368105
1771355028352147712,23.20114779472351,1.0495237112045288,-4.3414459228515625,2.396165132522583,0.5274069309234619,0.5078596472740173,0.6811173558235168,-0.6041280031204224,-0.0057080388069152,-0.0264388918876647,0.3785130774909633,-0.3925180305663603,0.8285458814245715,-0.1271584705644051,-0.5326983687681495,2.4827037769483056,0.6988187284027793
1771355028362178816,23.21117877960205,1.0445141792297363,-4.281563758850098,2.401695966720581,0.5683969259262085,0.5016505122184753,0.6521284580230713,-0.5891641974449158,-0.0292233228683471,0.0155198574066162,0.3998946278308679,-0.3832039174039375,0.8241474254812378,-0.1184060925872063,-0.5255056927370451,2.4246900417669344,0.6696115392094941
1771355028372209664,23.22120976448059,1.000393271446228,-4.182474136352539,2.373457431793213,0.6073206067085266,0.4942042231559753,0.6220319867134094,-0.5942286252975464,-0.0409266352653503,-0.0015028715133666,0.42064756081888,-0.3737020592600219,0.8193672989007688,-0.1097252138574936,-0.5169192194181426,2.36816067627332,0.6413169213966474
1771355028382240768,23.23124074935913,0.8732293248176575,-4.048926830291748,2.3746345043182373,0.6440637707710266,0.4849832057952881,0.5915855169296265,-0.6024224758148193,-0.1097084581851959,-0.0350974202156066,0.4405061991817955,-0.3641235011636529,0.8143751247497162,-0.1008048222090607,-0.5063439552674631,2.313749827103011,0.614569090319445
1771355028392272640,23.241272687911987,0.631180465221405,-3.910273313522339,2.3328189849853516,0.6783902049064636,0.4737571179866791,0.5615525841712952,-0.6095423698425293,-0.1779195666313171,-0.0730423927307128,0.4592047863557459,-0.3547597375422782,0.8092724105003241,-0.0914045620034207,-0.493552182130034,2.2622436804824178,0.5903898816257257
1771355028402303744,23.251303672790527,0.3476536870002746,-3.806909322738647,2.2974390983581543,0.7103754281997681,0.4603217840194702,0.5324200987815857,-0.5870384573936462,-0.1990149021148681,-0.1020457744598388,0.4766540276588493,-0.3459130920233113,0.8040859305064669,-0.08118538951094,-0.4783576485345757,2.213971704569743,0.5697772258479505
1771355028412334592,23.261334657669067,0.1433916389942169,-3.733682870864868,2.259605407714844,0.7403363585472107,0.4449656307697296,0.503892719745636,-0.5685376524925232,-0.2153970897197723,-0.0609146952629089,0.4930864828835701,-0.3375887541161969,0.7987366302491242,-0.0701387253731292,-0.4611358941856739,2.1684014339442883,0.5526594442733782
1771355028422365696,23.271365642547607,0.0348446518182754,-3.6339755058288574,2.2126259803771973,0.7682508230209351,0.428418904542923,0.475655198097229,-0.5672926306724548,-0.1744974255561828,-0.0741965174674987,0.5086558612618863,-0.3296464045826082,0.793196603816521,-0.0586649907020706,-0.4427422264912676,2.125170993274382,0.538330034528237
1771355028432397824,23.281397819519043,0.0823788791894912,-3.512113094329834,2.157707452774048,0.7939881086349487,0.4115394353866577,0.4474576413631439,-0.5597504377365112,-0.1385444402694702,-0.1310055255889892,0.52347558936271,-0.321811138622543,0.7875064505781829,-0.0473766789308394,-0.4241425185465926,2.0839884387480097,0.5255759131442145
1771355028442429184,23.29142904281616,0.2038676738739013,-3.401174783706665,2.1052892208099365,0.8176110982894897,0.3949350118637085,0.4189726412296295,-0.5384058952331543,-0.0848154723644256,-0.1686370074748993,0.5377383828588751,-0.3137886471577511,0.7816796077073681,-0.036755866993887,-0.4059971232922978,2.0443424727882835,0.5131725042758966
1771355028452460032,23.301460027694706,0.3556883633136749,-3.2866649627685547,2.029211044311523,0.8391977548599243,0.3789174556732178,0.3900885283946991,-0.521906316280365,-0.0369526445865631,-0.1618017256259918,0.5515666823042209,-0.3054926221573421,0.7757051757080137,-0.0270195147955585,-0.3886262458174934,2.005918368728765,0.5005705233814173
1771355028462491136,23.31149101257324,0.4955786466598511,-3.163173198699951,1.9346072673797607,0.8587237000465393,0.3636298775672912,0.3610638380050659,-0.5086869597434998,-0.0567145645618438,-0.1591595113277435,0.5649211772805106,-0.2970105581398894,0.7696211077431616,-0.0182263449816037,-0.3721615609342176,1.9688201059452417,0.4877746053705443
1771355028472523008,23.3215229511261,0.5923669338226318,-2.999595880508423,1.8580414056777952,0.8762308359146118,0.3490613400936126,0.3322287201881408,-0.4894051551818847,-0.1020062565803527,-0.1376485526561737,0.5777349097445065,-0.2883550389416318,0.7635219292577992,-0.0103964252118737,-0.356569253904542,1.933206180656091,0.4746955044474136
1771355028482553856,23.33155393600464,0.6123946309089661,-2.856635808944702,1.8085588216781616,0.8918596506118774,0.3347102403640747,0.3042290508747101,-0.468580961227417,-0.1335231363773346,-0.1454003155231475,0.5898096852868087,-0.2796859212051886,0.7575554796329335,-0.0031597121483788,-0.3412977223999187,1.8995362952851724,0.4619980805454652
1771355028492584960,23.34158492088318,0.4909217059612274,-2.7563610076904297,1.7615386247634888,0.90592360496521,0.3202827572822571,0.27698615193367,-0.4290865063667297,-0.1651924550533294,-0.132790595293045,0.6012417322779959,-0.2712412816442276,0.7516124301407193,0.0039118546188797,-0.3260279546693441,1.8675199723207752,0.4504550984869379
1771355028502616832,23.351616859436035,0.3038306534290313,-2.6421091556549072,1.6866374015808103,0.9184967279434204,0.3055393397808075,0.2510175704956054,-0.3881773948669433,-0.1924563944339752,-0.1252088248729705,0.6118526976720388,-0.263454013926719,0.7457216386107195,0.0112982971567579,-0.3105047930554709,1.8375736720145903,0.4413721280344369
1771355028512647936,23.361647844314575,0.0532487817108631,-2.5412890911102295,1.5992391109466553,0.9296093583106996,0.2907611727714538,0.2264601439237594,-0.3505994081497192,-0.2361194789409637,-0.1451308727264404,0.6216155254571019,-0.2565834730009726,0.739861468798492,0.0190788132876835,-0.2950222962407606,1.8097498634422855,0.4352168908255341
1771355028522678784,23.371678829193115,-0.1520756036043167,-2.425736904144287,1.514675498008728,0.93939471244812,0.2760207951068878,0.2033471018075943,-0.3108546733856201,-0.2599685490131378,-0.1807794570922851,0.6305382865802824,-0.250713938874856,0.7340409171499418,0.0273477096041899,-0.2796515990807578,1.783973372907424,0.4321530285244858
1771355028532709888,23.381709814071655,-0.1846559196710586,-2.3069863319396973,1.3984339237213137,0.9478924870491028,0.2618807852268219,0.1814330816268921,-0.2828841209411621,-0.236001968383789,-0.2062591612339019,0.6387621247877725,-0.2455632952770935,0.7282961001628626,0.0355846115290265,-0.2649704990784136,1.7599157236716134,0.4309391510908841
1771355028542742016,23.39174199104309,-0.0135510209947824,-2.1512556076049805,1.28333580493927,0.9551515579223632,0.2488712072372436,0.1604637652635574,-0.2657747864723205,-0.1712497472763061,-0.2488426119089126,0.6464638546396975,-0.2406062282696257,0.7227312958171177,0.0430417630548763,-0.2515146118815812,1.73724029493473,0.4296394590505148
1771355028552773120,23.40177297592163,0.3085609674453735,-1.9779295921325684,1.1488912105560305,0.961226522922516,0.2374191135168075,0.1402690857648849,-0.2484123110771179,-0.103523313999176,-0.3190411627292633,0.6538114987902955,-0.2352790586167397,0.7174805256795178,0.0489471056355742,-0.2397081360127535,1.7157007250825478,0.4262311291981487
1771355028562803968,23.41180396080017,0.6257884502410889,-1.771769881248474,1.0009608268737793,0.9661921262741088,0.2276326119899749,0.1210620179772377,-0.2255764007568359,-0.0912648290395736,-0.4071643352508545,0.6608037164371772,-0.2293836712358408,0.7126809523292473,0.0529848311653357,-0.2296457675613253,1.6954447996979256,0.41991490654366
1771355028572835072,23.42183494567871,0.7698987722396851,-1.5866189002990725,0.8098902106285095,0.9701368808746338,0.2195669263601303,0.1030768528580665,-0.1862624287605285,-0.1620107591152191,-0.4725379943847656,0.6673762315072806,-0.2233097384724901,0.7082875031890636,0.0554127355251793,-0.2213705431447073,1.6766489963420088,0.4115820509787126
1771355028582866944,23.431866884231567,0.747501015663147,-1.3366771936416626,0.6004994511604309,0.9730560183525084,0.213478073477745,0.0871155485510826,-0.1572144031524658,-0.3020400702953338,-0.5364106893539429,0.6732266480764553,-0.2178077755995705,0.7043561231582751,0.0566403289324293,-0.2151337248158915,1.6600860599452858,0.4029475387308299
1771355028592897792,23.441897869110107,0.5065363645553589,-1.0357801914215088,0.4517728388309479,0.975124180316925,0.208881065249443,0.0741729289293289,-0.1881978511810302,-0.4449345469474792,-0.580001711845398,0.6779462661654524,-0.2134818435139252,0.7010791440294307,0.0574666742123815,-0.2104306442313661,1.6467152432522163,0.3960352416805552
1771355028602928896,23.451928853988647,0.2722336053848266,-0.6615994572639465,0.2705796062946319,0.976470112800598,0.2056248784065246,0.0649959594011306,-0.2113181948661804,-0.5459111332893372,-0.5937281847000122,0.6812551227731022,-0.2106575018919625,0.6986568510384347,0.0582532943536775,-0.2071021873837537,1.637260443435567,0.391835981002664
1771355028612961024,23.461961030960083,0.0936268270015716,-0.2842742800712585,0.1072817742824554,0.9771478176116944,0.2039186805486679,0.0599945522844791,-0.2034966945648193,-0.5664675235748291,-0.6382263898849487,0.6830451389490252,-0.2092512506076689,0.6972884550482304,0.0587543232216866,-0.2053590478934811,1.632116972190638,0.3898684041315866
1771355028622992128,23.471992015838623,-0.0067469105124473,0.1035389751195907,-0.076545313000679,0.9772427082061768,0.2037430107593536,0.0590377189218997,-0.2100307941436767,-0.5451279282569885,-0.6734787225723267,0.6833913484634816,-0.2090389880442728,0.6970090106320368,0.0587997110039292,-0.2051796194928058,1.6311355359837851,0.3895106087451724
1771355028633022976,23.482023000717163,-0.0331561490893363,0.470553457736969,-0.3368754386901855,0.9766298532485962,0.205831691622734,0.0618643164634704,-0.2439944744110107,-0.4589444994926452,-0.6400502920150757,0.6824393044663137,-0.2099337921600502,0.697753510795785,0.0578302051384721,-0.2073135144931567,1.6340564971399305,0.3898317364213757
1771355028643054080,23.492053985595703,-0.0146222338080406,0.78663569688797,-0.5469115376472473,0.9752939343452454,0.2101701498031616,0.0680462121963501,-0.1840952038764953,-0.4160112142562866,-0.6035839319229126,0.6803459866886351,-0.2117542616709419,0.6994163547083232,0.0557337400094342,-0.2117489891950264,1.6404533966559884,0.3903853210442323
1771355028653085952,23.50208592414856,-0.0314723215997219,1.0835137367248535,-0.7231137156486511,0.9732458591461182,0.2163891643285751,0.077255479991436,-0.1832829713821411,-0.4183239340782165,-0.5577700138092041,0.6772019419352229,-0.2143178835783803,0.7019227770187566,0.0526295812966507,-0.2181144882946073,1.650009432815248,0.3910746964338433
1771355028663117056,23.5121169090271,-0.0645883753895759,1.3295507431030271,-0.8690389394760132,0.970471739768982,0.2241543382406234,0.0891036540269851,-0.1983312368392944,-0.3619717359542846,-0.4937210083007812,0.6731050259063994,-0.2175905001832755,0.7051284994152821,0.0487628676047437,-0.2260752119141148,1.6623544088278892,0.3922082768250472
1771355028673147904,23.52214789390564,-0.1333980560302734,1.5294651985168457,-0.993317484855652,0.9669486880302428,0.2331527471542358,0.1031992211937904,-0.1842643618583679,-0.3053725957870483,-0.4452097415924072,0.6681548234384496,-0.2215595926438798,0.7088800716311683,0.0443794872533046,-0.2353185342305313,1.6771205231135244,0.3941313266698906
1771355028683179008,23.53217887878418,-0.2184616476297378,1.7092070579528809,-1.0984714031219482,0.9626444578170776,0.2430913150310516,0.1192576363682746,-0.1771372556686401,-0.3228490054607391,-0.4207254648208618,0.6624167955488307,-0.2262115816719505,0.7130618047721203,0.0396889797136707,-0.2455514922441472,1.6940537619336722,0.3971473862812997
1771355028693210880,23.542210817337036,-0.3283196985721588,1.8479876518249512,-1.2063413858413696,0.9574875831604004,0.2538134157657623,0.1371001154184341,-0.1784653663635254,-0.3413835763931274,-0.4044493436813354,0.655923985001842,-0.2315914378380134,0.7175761023582506,0.0348390600197768,-0.2566207364245088,1.7130169695215378,0.4015791243217301
1771355028703241984,23.552242040634155,-0.417740911245346,2.000038146972656,-1.3089958429336548,0.95137619972229,0.2653025090694427,0.1565187126398086,-0.1852933168411255,-0.3183115124702453,-0.3907259702682495,0.6487308629117119,-0.237676808722528,0.7223358573902067,0.0298158025009231,-0.2685176681873443,1.7338538953586289,0.4074281649431315
1771355028713273088,23.562273025512695,-0.4272401332855224,2.148679256439209,-1.444546461105347,0.944162130355835,0.2776495516300201,0.1773945689201355,-0.2036530375480651,-0.2915808260440826,-0.3706318140029907,0.6408642200761858,-0.244324362677032,0.7273258500545707,0.0244099239941794,-0.281346591634632,1.756516866436662,0.414267873910996
1771355028723303936,23.572304010391235,-0.461873859167099,2.2824485301971436,-1.577520728111267,0.9356665015220642,0.2910281717777252,0.1995761096477508,-0.2332130074501037,-0.2700779139995575,-0.3331363201141357,0.6323540223068047,-0.2514828316582785,0.7324919364638315,0.0184467458764614,-0.2953013560831781,1.7809454296011942,0.4218755319822515
1771355028733336064,23.582335948944092,-0.5678263902664185,2.421429395675659,-1.6916159391403198,0.9257724285125732,0.3052303493022918,0.2231140732765197,-0.2597262859344482,-0.2730495631694793,-0.272110104560852,0.6231332001902475,-0.259318470903514,0.7377743342582972,0.0121646523609198,-0.310180324640109,1.807289617309052,0.4309478859202573
1771355028743366912,23.592366933822632,-0.7218084931373596,2.557345390319824,-1.7660640478134155,0.9144670367240906,0.3197039663791656,0.2480719685554504,-0.279426634311676,-0.2702196538448334,-0.2035010755062103,0.6131308541700276,-0.2678532221757733,0.7431625922989342,0.0058898183260012,-0.3254170380601835,1.8356960733249157,0.4420474334676015
1771355028753398016,23.602397918701172,-0.8847526907920837,2.7140486240386963,-1.8064689636230469,0.9016860723495485,0.3339273333549499,0.2746902406215668,-0.2854751348495483,-0.2374765276908874,-0.1775070428848266,0.6022083155439774,-0.2770463805091436,0.7487258626484796,-0.000165666337769,-0.3404670248489274,1.8665051349057984,0.4555048371995819
1771355028763429888,23.61242985725403,-0.9900609850883484,2.826184034347534,-1.8451128005981443,0.8874189257621765,0.3475680947303772,0.3027940392494201,-0.2718487977981567,-0.2121463119983673,-0.184095948934555,0.5903958124931805,-0.2867006007993452,0.7544532987427265,-0.0059874007828845,-0.3549762508658445,1.8996168387058436,0.4710572135337533
1771355028773460992,23.62246084213257,-0.9778504371643066,2.9513893127441406,-1.87825608253479,0.8715971112251282,0.3608366847038269,0.3318365514278412,-0.2696378231048584,-0.174908310174942,-0.2074926793575287,0.5778755267264789,-0.296551265252139,0.7602470821780777,-0.0119022100793655,-0.3691648558144665,1.934574437719783,0.4878491915239449
1771355028783491840,23.63249182701111,-0.8276196122169495,3.0654804706573486,-1.922202467918396,0.8541529178619385,0.3741297125816345,0.3611781299114227,-0.2762416005134582,-0.1179346740245819,-0.267473965883255,0.5648647547261236,-0.3062094119470299,0.7660449500898675,-0.0184035594070958,-0.383458160245919,1.970844084721758,0.5046029518969835
1771355028793522944,23.64252281188965,-0.5242823362350464,3.154541254043579,-1.9893664121627808,0.834978461265564,0.3880980312824249,0.3901165127754211,-0.2866843938827514,-0.0748808681964874,-0.3139598369598388,0.5515994297182472,-0.3153130080803867,0.7717745539916165,-0.0260730840434499,-0.3985669717610942,2.0078756882771467,0.5200044890138417
1771355028803555072,23.652554988861084,-0.1770461946725845,3.250681161880493,-2.0580852031707764,0.8139585852622986,0.4034098088741302,0.4180092215538025,-0.3076567649841308,-0.0538157522678375,-0.3369546234607696,0.5382790278741622,-0.3236437465324594,0.7773411926817347,-0.0353696270408983,-0.4152402972296114,2.045225827640784,0.5331860211765468
1771355028813585920,23.662585973739624,0.1218233183026313,3.311561584472656,-2.148155212402344,0.7910543084144592,0.4202871918678283,0.4445129930973053,-0.3193441033363342,-0.0645132958889007,-0.3136688470840454,0.5249747879204975,-0.331246668100418,0.7826443291218339,-0.0463140809530685,-0.4337618134195354,2.082748700202415,0.5443057865328699
1771355028823617024,23.672616958618164,0.1807819753885269,3.356804609298706,-2.2420027256011963,0.7663000822067261,0.4382089078426361,0.4698476493358612,-0.3336372375488281,-0.0926126837730407,-0.2272329926490783,0.5115462233639213,-0.338590109023955,0.7875789271386453,-0.0582798309702004,-0.4536051158140257,2.1208201029413347,0.5550681234791947
1771355028833647872,23.682647943496704,-0.0352746918797493,3.4119701385498047,-2.3174288272857666,0.739686906337738,0.455860286951065,0.4950297772884369,-0.3564929962158203,-0.1512186229228973,-0.1166576445102691,0.497548766127648,-0.346307357745204,0.792203317844689,-0.0702160045171543,-0.4733385492566347,2.1605799273469892,0.5680257411283329
1771355028843680000,23.69267988204956,-0.4004923403263092,3.430250644683838,-2.349954128265381,0.7113752961158752,0.4717813730239868,0.5209294557571411,-0.372904896736145,-0.2224222719669342,0.0173700451850891,0.4826515063705961,-0.3548308075557917,0.796592629351191,-0.0811343980147127,-0.4913100389840801,2.202863081883383,0.5851484855077379
1771355028853710848,23.7027108669281,-0.7834530472755432,3.4724228382110596,-2.345955610275269,0.6815863251686096,0.485053688287735,0.547871470451355,-0.3811865448951721,-0.2147136926651001,0.0896865129470825,0.466751332607152,-0.3641684405616295,0.8008227573500729,-0.0905952423644907,-0.5064245438742337,2.24786110110512,0.6068423425729843
1771355028863741952,23.71274185180664,-1.0001243352890017,3.473459005355835,-2.32163143157959,0.6505403518676758,0.4956066310405731,0.5754748582839966,-0.3534669876098633,-0.180009126663208,0.0445660352706909,0.4500062851057497,-0.3739887394466367,0.8049036255304611,-0.0987770905060227,-0.5185331499700798,2.295043613456943,0.6320664976788088
1771355028873774080,23.722774028778076,-1.0378847122192385,3.479633331298828,-2.287933349609375,0.6184402108192444,0.5041989088058472,0.6027567386627197,-0.3272108435630798,-0.0924403071403503,-0.0675698518753051,0.4328025655475893,-0.3838115636176252,0.8087441222920246,-0.1063189341499558,-0.5284540545881969,2.343352512552458,0.6589748758720196
1771355028883804928,23.732805013656616,-0.7859706282615662,3.5595288276672363,-2.3136048316955566,0.5850252509117126,0.5123168230056763,0.6287103295326233,-0.3243137001991272,-0.005313217639923,-0.163836121559143,0.4154359529383288,-0.3931802669274943,0.8122588539612104,-0.1142704749732369,-0.5378804105479101,2.3921712025185573,0.6856720228900248
1771355028893836032,23.742835998535156,-0.3748072981834411,3.658923387527466,-2.360559463500977,0.5497123003005981,0.521876871585846,0.652273952960968,-0.3284444808959961,0.0301098823547363,-0.2567049860954284,0.3981493248231346,-0.4017524322742183,0.8153109516906974,-0.1238557810390536,-0.5490497348726009,2.441315115473274,0.7106994128130946
1771355028903866880,23.752866983413696,0.0080430433154106,3.777941942214966,-2.4321541786193848,0.5123286247253418,0.5334932208061218,0.6729819178581238,-0.3216547966003418,0.0152434110641479,-0.3013539910316467,0.3810248259714073,-0.4094948444103448,0.8178049403168399,-0.1353854864170633,-0.5627252954417201,2.4909104093652648,0.7340725039021087
1771355028913899008,23.762898921966553,0.0443152971565723,3.935604333877563,-2.5132765769958496,0.4725242853164673,0.5461111068725586,0.6917251944541931,-0.3479057252407074,-0.0426930785179138,-0.2708420157432556,0.3635429557665343,-0.4168018567322767,0.819840727187171,-0.14823632121238,-0.5777148974170347,2.54229254143598,0.757571036239169
1771355028923929856,23.772929906845093,-0.4845838844776153,3.990231275558472,-2.5957064628601074,0.4305515587329864,0.556344211101532,0.7107083201408386,-0.3897343873977661,-0.1443111896514892,-0.0823819041252136,0.3448635200490916,-0.4245546168726931,0.8216492839978279,-0.1603588244780318,-0.5899797856649697,2.596914767827405,0.7845381212113625
1771355028933960960,23.782960891723633,-1.2966556549072266,4.11828088760376,-2.5787036418914795,0.3866553604602813,0.5605965852737427,0.7322766184806824,-0.4518866539001465,-0.3222390413284302,0.2272264957427978,0.3240813446733587,-0.4333718954625727,0.8236061611013744,-0.1698026812880179,-0.5951060327506752,2.655782553532657,0.8170696096260821
1771355028943991808,23.792991876602173,-2.133512020111084,4.137153625488281,-2.395615816116333,0.3417964875698089,0.5567669868469238,0.7570900321006775,-0.5011287927627563,-0.3726240396499634,0.4116719961166382,0.3010100658691815,-0.4428017956395257,0.8261183895845589,-0.1756354927449901,-0.5904886747388648,2.717524589272019,0.853311865769428
1771355028954023936,23.80302381515503,-2.6543002128601074,4.059938907623291,-2.163939952850342,0.297389805316925,0.5453238487243652,0.7836974859237671,-0.4823873341083526,-0.1186879873275756,0.4615877270698547,0.2764713890926202,-0.4521678836635763,0.8290916407950293,-0.1780869905116838,-0.5767754015691136,2.7789087223588296,0.889893722242042
1771355028964055040,23.81305503845215,-2.4796557426452637,3.9324581623077393,-1.933773159980774,0.254393994808197,0.5301854610443115,0.8088186979293823,-0.4258722066879272,0.1688045263290405,0.255329430103302,0.2520192338846179,-0.4605815901107931,0.8320300075842467,-0.1791008864631837,-0.5588192870426762,2.8368636773495695,0.9230930263974966
1771355028974086144,23.82308602333069,-1.7357909679412842,3.912488460540771,-1.733745813369751,0.2126475423574447,0.5168647766113281,0.8292359709739685,-0.3703470826148987,0.4078637361526489,-0.0027740001678466,0.229034678704731,-0.4672779684759381,0.8344275109155715,-0.1814531712106528,-0.5431845015836627,2.8905640154854386,0.9507288814807284
1771355028984118016,23.833117961883545,-0.4642027020454407,3.965187311172486,-1.6019169092178345,0.1709924638271331,0.5106918215751648,0.8425883650779724,-0.361315369606018,0.5239455103874207,-0.1478863358497619,0.2083489232592231,-0.4718660771335092,0.8358448332383265,-0.1878735211593898,-0.5359892401730462,2.9413745370341244,0.9727218930308302
1771355028994148864,23.843148946762085,0.714776337146759,4.046298027038574,-1.524472951889038,0.129092276096344,0.5142906904220581,0.8478444218635559,-0.319979727268219,0.5927038788795471,-0.1852468252182006,0.190434302243592,-0.474387689653564,0.8359895487910961,-0.199530781410718,-0.5401803524902533,2.990493761197877,0.9903871034743136
1771355029004179968,23.853179931640625,1.262098789215088,4.232972621917725,-1.5753220319747925,0.0858475193381309,0.5247430801391602,0.8469207882881165,-0.3169876635074615,0.44959157705307,-0.1062134504318237,0.1739423560419722,-0.4756109523515798,0.8350177263260187,-0.2151363216700962,-0.5524132545041891,3.0405734046842183,1.0068492109203615
1771355029014210816,23.863210916519165,1.0389807224273682,4.314858436584473,-1.7132301330566406,0.0408607050776481,0.5360321402549744,0.8432084321975708,-0.3257423043251037,0.0641419291496276,0.0817795395851135,0.1571020872247004,-0.4766937988629011,0.8332870006032295,-0.2317646582155189,-0.5657298961666694,3.0931719256745156,1.0251742489612343
1771355029024242944,23.87324285507202,0.1377215087413787,4.33350944519043,-1.8174155950546265,-0.0053500630892813,0.5416001677513123,0.8406193256378174,-0.3295956254005432,-0.3187912702560425,0.2629574537277221,0.1383622764828337,-0.4784358097649954,0.8315099678747777,-0.2460615219435341,-0.5723394458707105,-3.135228309331566,1.0461152590912313
1771355029034273792,23.88327383995056,-1.127315878868103,4.225272178649902,-1.8521504402160645,-0.0514610968530178,0.5369744896888733,0.842027485370636,-0.3166114389896393,-0.4993157386779785,0.2802870273590088,0.1170104573444811,-0.4809784401561413,0.8304658199904519,-0.2555285707515177,-0.5668465798747023,-3.08055287836254,1.067704381117758
1771355029044304896,23.8933048248291,-1.7741578817367554,4.119058132171631,-1.7588809728622437,-0.096389465034008,0.5227698087692261,0.847007155418396,-0.2920382916927337,-0.3049200177192688,0.242607831954956,0.0936427601809948,-0.4839338406477771,0.8302479239155451,-0.2602451593540769,-0.550096866672618,-3.028280066109201,1.087478894547133
1771355029054335744,23.90333580970764,-1.6714097261428833,4.1291399002075195,-1.6369646787643433,-0.1402739137411117,0.5054808259010315,0.8513594269752502,-0.3059083819389343,0.0773591995239257,0.1640673875808715,0.0698980795733402,-0.4863734362668728,0.8301328833219883,-0.2635046231505668,-0.5299391558083635,-2.978295192324581,1.1043744613121649
1771355029064368128,23.913367986679077,-1.1638621091842651,4.185230731964111,-1.541721224784851,-0.183700755238533,0.4905917048454284,0.851806104183197,-0.3085477650165558,0.2903530597686767,0.0459446907043457,0.0469741300126211,-0.4878722824761563,0.8293875375991925,-0.2681237247006831,-0.5127686578269895,-2.929185462805826,1.119322267245921
1771355029074398976,23.923398971557617,-0.382743090391159,4.294165134429932,-1.453471302986145,-0.2271148711442947,0.480831503868103,0.8468881249427795,-0.3036773204803467,0.3579287827014923,-0.0617321133613586,0.0254065848312372,-0.4884708990715319,0.8275507438880504,-0.2755183093322806,-0.5016028077978157,-2.8795818710960996,1.1339423084808045
1771355029084430080,23.933429956436157,0.4211799204349518,4.429567813873291,-1.413499116897583,-0.2708197236061096,0.4774433076381683,0.8358853459358215,-0.3193291425704956,0.407551109790802,-0.1128782629966735,0.005376413186973,-0.4882645944045677,0.8243423786202182,-0.2864059164597578,-0.4977426334466011,-2.8282731992884633,1.1497305692829405
1771355029094460928,23.943460941314697,0.8697963356971741,4.542337417602539,-1.4580851793289185,-0.3148939907550812,0.478902518749237,0.8194476962089539,-0.3726823329925537,0.3140662610530853,-0.0625200271606445,-0.0135366865160563,-0.4875825020384597,0.8197482258654273,-0.3001549870106881,-0.4994041354796367,-2.7747146047373894,1.1677239539497204
1771355029104492800,23.953492879867554,0.7991631627082825,4.6170244216918945,-1.563324809074402,-0.3594398200511932,0.4808133840560913,0.7997634410858154,-0.4349327385425567,0.1154848337173461,0.094996690750122,-0.032559695957765,-0.4867900404226159,0.8141972662415946,-0.3147350553525241,-0.5015821119846928,-2.7192106377154173,1.1874499864270367
1771355029114523904,23.963523864746097,0.4107834994792938,4.521032810211182,-1.646619439125061,-0.4034283757209778,0.4796428680419922,0.7792227864265442,-0.4481035470962524,-0.1106091141700744,0.2676674127578735,-0.0522514295705806,-0.4860476102930084,0.8083125028320868,-0.3281133403278389,-0.5002476596755113,-2.6638604674210375,1.2070299140286325
1771355029124554752,23.97355484962463,0.0117473220452666,4.381636142730713,-1.675177812576294,-0.4457201361656189,0.4741510450839996,0.7592856287956238,-0.4259077310562134,-0.1248467862606048,0.311988353729248,-0.0725107901598532,-0.4853688274420936,0.8025334352492275,-0.3392631153451866,-0.4939995311874851,-2.6107677337551696,1.2247434849553778
1771355029134587136,23.98358702659607,-0.0658926144242286,4.2774763107299805,-1.663797378540039,-0.4861743450164795,0.4658605456352234,0.7393295764923096,-0.4199230074882507,0.0308434963226318,0.2806441187858581,-0.0929280301807949,-0.4845686390953,0.7967797838270634,-0.3488545923286479,-0.4846068970325909,-2.5599015665123264,1.2404913132344448
1771355029144617984,23.99361801147461,0.0539799109101295,4.199772834777832,-1.6403177976608276,-0.524811327457428,0.4573314487934112,0.7179283499717712,-0.4243617057800293,0.1491291224956512,0.2118506431579589,-0.112774082871335,-0.4836360843516611,0.7906075531736184,-0.3582148088580762,-0.4749921153143668,-2.5103576843228397,1.2557514733590216
1771355029154649088,24.00364899635315,0.3067487776279449,4.146005153656006,-1.6082555055618286,-0.5617419481277466,0.4497313797473907,0.694397509098053,-0.4177350401878357,0.2257905304431915,0.1770015358924865,-0.1317692778684946,-0.4825582677441943,0.7837960622483516,-0.3680192495026568,-0.4664645520199808,-2.461410258125771,1.2714400024798755
1771355029164679936,24.01367998123169,0.6172608137130737,4.10706901550293,-1.5850276947021484,-0.597136914730072,0.443593293428421,0.6683207154273987,-0.429138720035553,0.2437388598918914,0.1577291488647461,-0.1497973845546263,-0.4814172742229201,0.7761428680500594,-0.3786824602103333,-0.4596040546770205,-2.4123866934875724,1.2884778712564584
1771355029174712064,24.023711919784542,0.8986262083053589,4.030418872833252,-1.544179081916809,-0.630774736404419,0.4389605820178985,0.6398724913597107,-0.4365927577018738,0.2161450088024139,0.1676225662231445,-0.1667318032984961,-0.4802362023492523,0.7676649276257538,-0.3902105224619456,-0.4544415026784766,-2.3633542999103,1.3070753165933118
1771355029184742912,24.03374290466309,1.0667133331298828,3.909259080886841,-1.5037535429000854,-0.6623642444610596,0.4352781772613525,0.6097593307495117,-0.4269453883171081,0.1940858066082,0.212552011013031,-0.1825883289356616,-0.4790381865862918,0.7585526195109983,-0.4022211028927021,-0.4503472392666339,-2.3148659811284733,1.326816662692611
1771355029194774016,24.043773889541622,1.0603984594345093,3.743729829788208,-1.477765679359436,-0.6916742920875549,0.4315603971481323,0.5790875554084778,-0.3992223143577575,0.1515237390995025,0.2756029367446899,-0.1975404177366031,-0.4778530058943634,0.7491330284043395,-0.414045920221507,-0.4462218166071617,-2.2678274273433146,1.3467238898612992
1771355029204805888,24.05380582809448,0.8901973366737366,3.51635479927063,-1.4429155588150024,-0.7185232043266296,0.4268012046813965,0.5491496324539185,-0.3619058728218078,0.1038994789123535,0.337431788444519,-0.2118276196174855,-0.4766642533406003,0.7398418803233947,-0.4249168091294645,-0.4409526615910575,-2.223371294757438,1.365368551100023
1771355029214836736,24.063836812973022,0.6702180504798889,3.237398147583008,-1.3930294513702393,-0.7427116632461548,0.4205723702907562,0.521054744720459,-0.3126166462898254,0.0705622136592865,0.3863243460655212,-0.2254995628754507,-0.4754739578630524,0.731062162085978,-0.4343069184648833,-0.4340761065388644,-2.1825666544323403,1.3816267228815902
1771355029224868096,24.07386803627014,0.4837553203105926,2.919610500335694,-1.30462908744812,-0.7640708088874817,0.4132636785507202,0.4953880906105041,-0.2476175427436828,0.0870262682437896,0.4235420823097229,-0.2383410119659289,-0.474302529977317,0.7230014915505683,-0.4421534216097386,-0.4260352096074333,-2.1460133216673234,1.395205190442482
1771355029234898944,24.08389902114868,0.3602173924446106,2.5921337604522705,-1.18263840675354,-0.7825809717178345,0.4056314527988434,0.4722603559494018,-0.1847956180572509,0.1556477844715118,0.4504232704639435,-0.2500828925076807,-0.4731493955207132,0.7157232854315071,-0.4486961763481519,-0.4176695768703171,-2.1137598502651125,1.4063839735994694
1771355029244931072,24.093930959701535,0.2771646082401275,2.2594873905181885,-1.0395276546478271,-0.7983287572860718,0.3982723653316498,0.45171919465065,-0.1146656274795532,0.2026340067386627,0.4768543243408203,-0.2605287107406155,-0.4720409783762457,0.7092509546417969,-0.4541642324174702,-0.4096326271319937,-2.085712615861884,1.4155573939063644
1771355029254961920,24.10396194458008,0.1634545624256134,1.8885436058044431,-0.8963717818260193,-0.811403214931488,0.3914254903793335,0.4340634942054748,-0.033308207988739,0.1966177821159362,0.4897951483726501,-0.2695833711611152,-0.4710231924798978,0.7036823889312834,-0.4585772903649358,-0.4021801714717422,-2.062014670712362,1.4228033327390308
1771355029264993024,24.113992929458615,0.0368863195180892,1.515172243118286,-0.7367610931396484,-0.8218778371810913,0.3851471245288849,0.4197360873222351,0.0444273948669433,0.1765288412570953,0.5022457242012024,-0.2772297172083767,-0.4701025695256207,0.6991935448415958,-0.4618177082215831,-0.3953672313711269,-2.0429702067012308,1.4278653166145483
1771355029275023872,24.12402391433716,-0.0615843273699283,1.143036723136902,-0.5972830653190613,-0.8299245238304138,0.3795395195484161,0.4088707864284515,0.0928180813789367,0.1896133720874786,0.4987983107566833,-0.2834427896698778,-0.469344999073132,0.6958093648178638,-0.463923351903339,-0.3892985172823217,-2.0285549009311565,1.4309285085905523
1771355029285056000,24.134055852890015,-0.1092565953731536,0.8329657316207886,-0.4744000136852264,-0.8359516859054565,0.3746970891952514,0.4009825587272644,0.1098315715789794,0.2301155626773834,0.4739411473274231,-0.2883302600318065,-0.4687931366290126,0.6933428292594693,-0.465160628779145,-0.3840700290634823,-2.0180496533459116,1.432604069747156
1771355029295086848,24.144086837768555,-0.0782835036516189,0.577919602394104,-0.3834706246852875,-0.840349018573761,0.3707212805747986,0.395448088645935,0.1106280088424682,0.270147830247879,0.4531848132610321,-0.29199924098721,-0.4684838379801356,0.6915540003866836,-0.465845858967312,-0.3797855238362456,-2.010628905809093,1.4335998544034196
1771355029305117952,24.154117822647095,-0.0380439348518848,0.3642760217189789,-0.3019483387470245,-0.8434444069862366,0.3676249086856842,0.3917313516139984,0.105361521244049,0.2973073720932007,0.4354017972946167,-0.2945449997715699,-0.4684829256025348,0.6902096965850432,-0.4662376572295224,-0.3764537826996548,-2.0055954491733488,1.4345733645010947
1771355029315148800,24.164148807525635,-0.004658814985305,0.2234557867050171,-0.252372533082962,-0.8455994725227356,0.3652258217334747,0.3893220722675323,0.0876801609992981,0.310662180185318,0.4303495585918426,-0.2962498700258279,-0.468710556812852,0.6891817280252551,-0.4664493301130581,-0.3738753772676151,-2.002273059134742,1.4356031416542234
1771355029325180928,24.17418098449707,-0.0362644121050834,0.1381430178880691,-0.188806876540184,-0.8471084237098694,0.3633106350898742,0.3878308236598968,0.0703902840614318,0.3016216158866882,0.4328631162643432,-0.2974355564790467,-0.4690035425862309,0.6884410619071447,-0.4664940333542098,-0.3718188924615219,-2.0001417862888293,1.436398028411333
1771355029335212032,24.18421196937561,-0.0912184715270996,0.086686760187149,-0.137569785118103,-0.8481191396713257,0.3617169857025146,0.3871111273765564,0.0632832050323486,0.3065111935138702,0.4246717095375061,-0.29833182975259,-0.4692082440439485,0.6880401060555699,-0.4663074721064921,-0.370108918122714,-1.9989885655379351,1.436526972877825
1771355029345242880,24.19424295425415,-0.1246588975191116,0.0528487637639045,-0.1000575646758079,-0.8487933874130249,0.360363245010376,0.3868954181671142,0.0584034323692321,0.2996861636638641,0.4129092395305633,-0.2990861332591668,-0.4692622950801446,0.6879248568529531,-0.4659396465409235,-0.3686572659220133,-1.9984780717840736,1.4359706942753685
1771355029355275008,24.204274892807007,-0.1573167145252227,0.0321259088814258,-0.0472489483654499,-0.8492180109024048,0.3592153489589691,0.3870315253734588,0.0554099082946777,0.2719797194004059,0.388496458530426,-0.2997293587782002,-0.4691982294859236,0.6880180152060773,-0.4654531638588373,-0.3674269953560605,-1.9984220767527423,1.434925031291758
1771355029365305856,24.214305877685547,-0.1635009199380874,-0.0050992234610021,0.0295837838202714,-0.8493044972419739,0.3584967255592346,0.3875075876712799,0.0476992726325988,0.2715081572532654,0.36272132396698,-0.3001838740662759,-0.4689531248574436,0.6883580217662355,-0.4649041823250233,-0.3666570730019534,-1.9988476913230924,1.433363692846659
1771355029375336960,24.224336862564087,-0.1324791014194488,-0.0570756047964096,0.1047688126564025,-0.84893798828125,0.3584996461868286,0.388306587934494,0.0425722002983093,0.3175562620162964,0.3457478880882263,-0.3002737809447359,-0.4685557726136575,0.6889185554988803,-0.464416057974657,-0.3666602199873193,-1.9997892985973709,1.4315764971233356
1771355029385367808,24.234367847442627,-0.0557778365910053,-0.141771987080574,0.1607663035392761,-0.8480687737464905,0.3592903017997741,0.3894740641117096,0.0449528098106384,0.3088615536689758,0.3427037596702575,-0.2998448111545677,-0.4681659317644713,0.6896069122375547,-0.464064784216447,-0.3675073176870804,-2.0013144060230212,1.4300346505848422
1771355029395399936,24.244400024414062,0.0272243730723857,-0.2400442212820053,0.2039103060960769,-0.8466513752937317,0.3608132600784302,0.3911462724208832,0.0436422824859619,0.2656821012496948,0.3279546499252319,-0.2987837945515974,-0.4679490261803768,0.6903599437344782,-0.4638481952953946,-0.3691397424423537,-2.003578062563266,1.4290702151881367
1771355029405431040,24.254431009292603,0.0753011777997016,-0.3420431613922119,0.2539654970169067,-0.8446613550186157,0.3629992306232452,0.3934195339679718,0.0386004447937011,0.2429425716400146,0.2993600964546203,-0.2971054131919141,-0.4679037342106015,0.6912133258462708,-0.4637010444043487,-0.3714846552720651,-2.0066884951740476,1.4285524165917884
1771355029415462144,24.264461994171143,0.0830027759075164,-0.4424837529659271,0.3038515448570251,-0.8420775532722473,0.3656860291957855,0.3964587748050689,0.0323697328567504,0.2014069259166717,0.2687329947948456,-0.2949010110742383,-0.4679648907098159,0.6922703554898489,-0.4634697045109405,-0.37436978375203,-2.010820680110518,1.428049304272193
1771355029425492992,24.274492979049683,0.0572743266820907,-0.5567041635513306,0.3555136919021606,-0.838871955871582,0.3687424957752228,0.4004033505916595,0.0256547927856445,0.1490644812583923,0.2476068437099456,-0.2922355051401096,-0.4680866361748876,0.6936112601315078,-0.4630299467835195,-0.3776558257943255,-2.0161290824846163,1.4272247187185831
1771355029435524352,24.28452444076538,0.0465473793447017,-0.681442141532898,0.4093819856643677,-0.8349553942680359,0.3721642792224884,0.4053926467895508,0.0147191882133483,0.1266302466392517,0.2525815963745117,-0.289076284338837,-0.4682613206661897,0.6952896211243992,-0.4623186908394802,-0.3813397228833996,-2.0227979172324524,1.4259352129320038
1771355029445555456,24.29455542564392,0.0216125603765249,-0.8167396783828735,0.459570050239563,-0.8302592039108276,0.3759440779685974,0.4115044176578522,0.0171488523483276,0.1206836998462677,0.2642921209335327,-0.2853690235846145,-0.4685318660238106,0.6973020180353163,-0.4613159250848982,-0.3854153917696609,-2.030944780602674,1.4242276303776953
1771355029455586560,24.30458641052246,-0.0254553500562906,-0.9732635021209716,0.5128231048583984,-0.8246904611587524,0.3799791932106018,0.4189287722110748,0.0224139690399169,0.1054333448410034,0.2820447087287903,-0.2811097145850225,-0.4688990075412942,0.6997128714225449,-0.4599053099605876,-0.3897738072460578,-2.0408099510641753,1.4218763401868393
1771355029465617408,24.314617395401,-0.0483401603996753,-1.139268159866333,0.5683830380439758,-0.8181379437446594,0.3842740356922149,0.4277659356594085,0.0183944106101989,0.1057466864585876,0.2963247001171112,-0.2762424384003222,-0.469375984490137,0.7025447701555797,-0.4580470830658579,-0.3944213499668104,-2.052558792871048,1.4188307902193444
1771355029475649536,24.324649572372437,-0.0482645258307457,-1.295134425163269,0.6325772404670715,-0.8105180263519287,0.3889806866645813,0.4378977119922638,0.0104082822799682,0.1044274866580963,0.2832326591014862,-0.2706721471043803,-0.4699824304085436,0.7057374667052999,-0.455837347222812,-0.3995248782254068,-2.0661377811740995,1.415317703697134
1771355029485680640,24.334680557250977,-0.0702662318944931,-1.4336835145950315,0.7047787308692932,-0.8018173575401306,0.3941178023815155,0.4491770267486572,0.0039811134338378,0.1014571487903595,0.2458302676677703,-0.2644437171650582,-0.4706447655417492,0.7092827541389586,-0.4533001049929698,-0.4051077499422434,-2.081435887990806,1.4112348988308552
1771355029495711488,24.344711542129517,-0.0895957201719284,-1.5795423984527588,0.7615013718605042,-0.7920097708702087,0.3996064960956573,0.4615569412708282,-0.0074133276939392,0.0889951288700103,0.2162536680698394,-0.2575979098916426,-0.4713358562744589,0.7131766835913845,-0.4504050590346142,-0.4110875531368383,-2.0984479279313506,1.406473470710348
1771355029505743616,24.354743480682373,-0.1166916117072105,-1.739909052848816,0.8382003903388977,-0.7809893488883972,0.4054494798183441,0.4750433564186096,-0.0241557955741882,0.1025765836238861,0.2316522002220153,-0.250082255195932,-0.4720742180053645,0.7174033859035763,-0.4471433103151285,-0.417470485716891,-2.1172660866997544,1.4010571000976704
1771355029515774464,24.364774465560913,-0.1628149002790451,-1.908519268035889,0.8891599774360657,-0.7686251997947693,0.4115051925182342,0.4897742867469787,-0.0353146195411682,0.1124663352966308,0.2843499183654785,-0.2418835846508967,-0.4728759685526253,0.7219940918455036,-0.4434018791770453,-0.4241049652996259,-2.1381264495879457,1.3948126838975785
1771355029525805568,24.374805450439453,-0.2304219901561737,-2.090900421142578,0.9543033242225648,-0.7548150420188904,0.4175695776939392,0.5058553814888,-0.0507420897483825,0.095217227935791,0.3145027756690979,-0.2330484563187671,-0.4737155885653279,0.7269946584218776,-0.4390451490254929,-0.4307689001098402,-2.1612213064065577,1.3874489799636798
1771355029535836416,24.384836435317993,-0.3238526284694671,-2.2782416343688965,1.0322407484054563,-0.7393366098403931,0.4235964715480804,0.523400068283081,-0.0749639272689819,0.0928219854831695,0.335624098777771,-0.2235359185454963,-0.4745328566160969,0.732474292501591,-0.4339720471691671,-0.4374119078265454,-2.186825959864036,1.3786648886650534
1771355029545868544,24.39486861228943,-0.4349179565906524,-2.445711374282837,1.1055985689163208,-0.7221109867095947,0.429431676864624,0.5423502922058105,-0.1085163354873657,0.0973474085330963,0.3173450231552124,-0.2133866196096484,-0.4752953576742705,0.738423639434673,-0.428124852202544,-0.4438633871743365,-2.21497694293875,1.3683228175985809
1771355029555899648,24.40489959716797,-0.5461350083351135,-2.6098623275756836,1.1674126386642456,-0.7031717896461487,0.4348534643650055,0.5625401735305786,-0.150404691696167,0.0936040878295898,0.2933099269866943,-0.2027325585821843,-0.475930772017375,0.7448221079174002,-0.4214608963342799,-0.4498755389899713,-2.245539612195071,1.3562491133454322
1771355029565930496,24.41493058204651,-0.660339891910553,-2.780507326126098,1.2354204654693604,-0.6823905110359192,0.4397242963314056,0.5839401483535767,-0.1738565564155578,0.1029698550701141,0.2916550040245056,-0.1915358390379684,-0.4764790185662599,0.7516234538900173,-0.4139372575357066,-0.4552916636445404,-2.2786059737993813,1.3425189802995474
1771355029575961600,24.42496156692505,-0.7283077836036682,-2.936401605606079,1.290293574333191,-0.6597266793251038,0.444038987159729,0.6062920093536377,-0.1965812444686889,0.1242593228816986,0.292740523815155,-0.1797884536077383,-0.4769202453081306,0.7587444105687287,-0.4056230920212742,-0.460101440775179,-2.3140126490280153,1.3272896329142387
1771355029585993472,24.434993505477905,-0.7346912026405334,-3.0814037322998047,1.355001449584961,-0.6351419687271118,0.4480850100517273,0.6291379332542419,-0.2168172597885131,0.1426437497138977,0.3084993362426758,-0.167362920028225,-0.4772876178358074,0.7660062019874265,-0.3967627818847912,-0.4646221113979663,-2.351445536335366,1.3111158293029312
1771355029596024576,24.445024490356445,-0.6817800402641296,-3.198903799057007,1.4052425622940063,-0.6087219715118408,0.4521154761314392,0.651957631111145,-0.2422300577163696,0.1775841414928436,0.3204237818717956,-0.1542256516920765,-0.4775692164963083,0.773244105722783,-0.3876022532220055,-0.4691356262364559,-2.3904765617019894,1.2944267735003214
1771355029606055424,24.455055475234985,-0.6227264404296875,-3.304176568984986,1.4469577074050903,-0.5805878043174744,0.4563030302524566,0.6743187308311462,-0.2626588344573974,0.1802479922771453,0.3057381510734558,-0.140374451504686,-0.4777740080575419,0.7803149207907737,-0.3783328636678415,-0.4738360309957043,-2.4307476596403124,1.277575266100945
1771355029616087552,24.46508741378784,-0.5448631048202515,-3.4086387157440186,1.4805010557174685,-0.5507695078849792,0.4606101214885711,0.6960539817810059,-0.283642053604126,0.1910774707794189,0.3041290640830993,-0.1258357576467363,-0.4779001305964152,0.787171176764769,-0.3689692920478114,-0.4786824710537777,-2.472195065143131,1.2605887783885985
1771355029626118400,24.475118398666385,-0.4585330188274383,-3.491804599761963,1.4955638647079468,-0.5193804502487183,0.4650583863258362,0.716913104057312,-0.3045178055763244,0.1955555975437164,0.2848415970802307,-0.1106267328898346,-0.4780027026316903,0.7937064742870663,-0.3595901922334095,-0.4837005470917951,-2.514633373871364,1.2437227974217129
1771355029636149760,24.4851496219635,-0.4064562320709228,-3.55568790435791,1.5158734321594238,-0.4866016209125519,0.4695447981357574,0.7367134094238281,-0.3201305866241455,0.190199464559555,0.2528190612792969,-0.0948794545006793,-0.4780285829951574,0.7999033593592936,-0.3502016722911099,-0.4887751452969417,-2.557869179049129,1.2268815304862193
1771355029646180608,24.49518060684204,-0.3544064462184906,-3.640695333480835,1.5403209924697876,-0.4524078071117401,0.4739536941051483,0.7554437518119812,-0.3292389810085296,0.168136179447174,0.2425726652145385,-0.0786163807368863,-0.4779628794859854,0.805775008510864,-0.3407310505595156,-0.4937754241175134,-2.602009111873881,1.2099314107902364
1771355029656212480,24.505212545394897,-0.353698581457138,-3.716853618621826,1.5685491561889648,-0.4167661368846893,0.4780030250549316,0.7731878161430359,-0.3335238397121429,0.1531921029090881,0.2598934173583984,-0.0619281954753825,-0.477725611758513,0.8114013449036882,-0.3310152237101135,-0.4983797710422251,-2.6472159926097745,1.1924958019378769
1771355029666243584,24.51524353027344,-0.3605708479881286,-3.8042995929718018,1.6002061367034912,-0.3796506226062774,0.4815183579921722,0.7899401187896729,-0.3438753485679626,0.1449769735336303,0.2612072825431824,-0.0448472647386467,-0.4772918368500912,0.8168001883478255,-0.3209651710497201,-0.5023863122606183,-2.6935795794228796,1.1744510140095987
1771355029676274432,24.525274515151978,-0.3438898622989654,-3.8842031955718994,1.631011962890625,-0.3410446643829345,0.48453089594841,0.8055548667907715,-0.3616531193256378,0.1480069756507873,0.2492090463638305,-0.0273256446109099,-0.4766910158084634,0.8219142905101718,-0.310605797901266,-0.5058268460853944,-2.741106698634278,1.1559471247262163
1771355029686305536,24.53530550003052,-0.2903994917869568,-3.950166940689087,1.6419501304626465,-0.3011130094528198,0.4871360659599304,0.8197742700576782,-0.3743173480033874,0.1699532866477966,0.2344861626625061,-0.0093996518020322,-0.475887879606067,0.8266909153563039,-0.3000410540733462,-0.5088074019221132,-2.789579035383485,1.1370794814780267
1771355029696337408,24.545337438583378,-0.2405270040035247,-4.004556655883789,1.6629520654678345,-0.2600837051868438,0.489624947309494,0.8322401642799377,-0.3688530027866363,0.1344442069530487,0.2114914655685424,0.0089474344164882,-0.4749079471125133,0.8310129431573164,-0.2894819638776035,-0.5116595452831038,-2.8386983063881814,1.1181652527729822
1771355029706368512,24.55536842346191,-0.1410245448350906,-4.051310062408447,1.6751091480255127,-0.218007281422615,0.4919972717761993,0.8428588509559631,-0.3652598857879638,0.1429513692855835,0.2013456225395202,0.0276976884680448,-0.4736926207826162,0.8348920487484931,-0.2789324042994233,-0.5143824136740796,-2.8884874845327717,1.0990656625745336
1771355029716399360,24.565399408340458,-0.0081229656934738,-4.075094699859619,1.6793153285980225,-0.1751535683870315,0.494667112827301,0.8512499332427979,-0.3731100559234619,0.1433029770851135,0.1921005845069885,0.0468829396285701,-0.472253204707886,0.838213498070316,-0.2686582075482522,-0.5174517524068231,-2.938664376407464,1.0800312550451878
1771355029726431488,24.57543158531189,0.0955625921487808,-4.088856220245361,1.6744340658187866,-0.1318176686763763,0.4976751208305359,0.8572887778282166,-0.3884918093681335,0.1194972395896911,0.153819739818573,0.0664106872539097,-0.4705801557003289,0.8409510801731702,-0.2587380129663049,-0.5209163163862645,-2.989026412496991,1.0610727483115878
1771355029736462592,24.58546257019043,0.1217878013849258,-4.122349739074707,1.680221676826477,-0.0880436524748802,0.5004818439483643,0.8612585663795471,-0.3999018967151642,0.0943210124969482,0.1409538984298706,0.0861402293661266,-0.4686816091669195,0.8431884920042352,-0.2488987680776375,-0.5241552418373605,-3.0397198039738234,1.041987512630295
1771355029746493696,24.59549355506897,0.0815910249948501,-4.15910530090332,1.6877602338790894,-0.0437383577227592,0.5024791955947876,0.8634823560714722,-0.4177179634571075,0.0744556188583374,0.1648532152175903,0.1059745596591624,-0.4665693528020198,0.845017280678619,-0.2388058961520011,-0.5264638612428957,-3.0909824618891393,1.0226136076946906
1771355029756524544,24.60552453994751,0.0201596263796091,-4.199038028717041,1.702580451965332,0.0010270030470564,0.5033043622970581,0.8641085624694824,-0.4500778913497925,0.0571509003639221,0.1585964560508728,0.1258115881565856,-0.4642461584088523,0.8464808267867932,-0.2282918097149905,-0.5274185577338366,3.1404041426064486,1.0029725688711253
1771355029766556416,24.61555647850037,-0.0572349391877651,-4.240149974822998,1.7308599948883057,0.046271800994873,0.5027226209640503,0.8632082343101501,-0.4606547355651855,0.0639123916625976,0.155544638633728,0.1456191303249412,-0.4616820297319541,0.8476165453562942,-0.217234539246838,-0.5267454854042197,3.0880394570211895,0.9830600658376192
1771355029776587520,24.625587463378903,-0.1064440384507179,-4.279323577880859,1.7584424018859863,0.0918871611356735,0.5007769465446472,0.860685408115387,-0.4662310183048248,0.07156503200531,0.1628742218017578,0.1653888318905606,-0.458843606973257,0.8484133758655275,-0.2056790468256126,-0.5244961242087188,3.035235063595195,0.9629698438554471
1771355029786618368,24.635618448257446,-0.1565013378858566,-4.2998504638671875,1.7884479761123655,0.1377104520797729,0.497603178024292,0.8564033508300781,-0.4863280057907104,0.0711833536624908,0.1666220426559448,0.1851183166369351,-0.4557036527205997,0.8488438323317636,-0.1937252722562532,-0.5208333832695956,2.982156550578904,0.9428173688293529
1771355029796649472,24.645649433135983,-0.1908981949090957,-4.298393249511719,1.8035120964050293,0.1834508925676345,0.4932385683059692,0.8503299951553345,-0.5112249851226807,0.0645463466644287,0.1109277606010437,0.2047236443473705,-0.452268422729259,0.8488923825932824,-0.1814473184291848,-0.5158087905117944,2.929108505595641,0.9227987518018764
1771355029806681600,24.655681610107425,-0.1716313809156417,-4.3157243728637695,1.808224320411682,0.2289372384548187,0.4878676235675812,0.8423618078231812,-0.5061740875244141,0.0618609189987182,0.0691831707954406,0.2242195778088653,-0.4485583542655787,0.84851417960081,-0.1689520901677786,-0.5096452590912226,2.8762223497576107,0.9030866296156744
1771355029816712704,24.66571259498596,-0.0616260506212711,-4.309019088745117,1.8053542375564575,0.2739518880844116,0.4822815656661987,0.8320784568786621,-0.4866441786289215,0.0773192346096038,0.038755714893341,0.2437657117683441,-0.4445495156726062,0.8475936347709137,-0.1566491889377286,-0.5032573333356164,2.823532380007255,0.883669347544912
1771355029826743552,24.675743579864506,0.1007494553923606,-4.302520275115967,1.8243849277496336,0.318372905254364,0.4770035147666931,0.8192110657691956,-0.4727460145950317,0.1050125956535339,0.0229826569557189,0.2634677243864247,-0.4400767517155705,0.8461311906218532,-0.1448424816819096,-0.4972422025692715,2.7709231887379135,0.8640795354504492
1771355029836775424,24.68577551841736,0.3058887720108032,-4.295661449432373,1.852550029754639,0.3621362745761871,0.4723581373691559,0.8035765886306763,-0.4686578512191772,0.1215902864933013,0.0409822463989257,0.2834199114882453,-0.4350068647172072,0.8441311121845385,-0.1337345125331096,-0.4919642934784461,2.7181936977094026,0.8438602987372977
1771355029846806528,24.6958065032959,0.5184081196784973,-4.252821922302246,1.85473108291626,0.404964804649353,0.4685477614402771,0.7851537466049194,-0.479641318321228,0.114902526140213,0.0144830346107482,0.3035974672341785,-0.4293197329592009,0.8415827016039426,-0.1234976553880478,-0.4876461963342129,2.665402706853685,0.822836308929909
1771355029856837632,24.70583748817444,0.623179018497467,-4.196817874908447,1.884356379508972,0.4465572535991668,0.4650372862815857,0.7644129991531372,-0.4936915934085846,0.0840961039066314,-0.0299463272094726,0.3237422680297582,-0.4230586234141829,0.8385868499090673,-0.1139496522577597,-0.4836767171031473,2.6128843280138785,0.8011244896527607
1771355029866868480,24.71586847305298,0.6838048696517944,-4.135072708129883,1.8789526224136353,0.4868182241916656,0.4612010419368744,0.7418233156204224,-0.4890917837619781,0.0597645342350006,-0.0284442901611328,0.3436682308165514,-0.4163324018173995,0.8352119383418438,-0.1047881390975383,-0.4793483299119203,2.560839426819465,0.7790652263894041
1771355029876900352,24.725900411605835,0.6093466281890869,-4.0366950035095215,1.8907191753387451,0.5254095196723938,0.4564642608165741,0.7180429697036743,-0.4911839365959167,-0.0047734677791595,-0.0714668631553649,0.3630620988955067,-0.4093757734899041,0.8315244855737938,-0.0957317671288073,-0.4740172476407081,2.50989094497811,0.7574238998147299
1771355029886931456,24.735931396484375,0.4109672307968139,-3.981779813766479,1.864946722984314,0.562357485294342,0.4498257637023926,0.693837583065033,-0.4846750497817993,-0.0885587334632873,-0.0552573800086975,0.3816487886684457,-0.4024561375785767,0.8276157703351381,-0.0861704047747934,-0.466570244744231,2.4604801477629548,0.7372241471210508
1771355029896962560,24.745962619781498,0.2206100672483444,-3.942178010940552,1.85267174243927,0.5977669954299927,0.4411444664001465,0.6693775653839111,-0.4810372591018677,-0.1032843887805938,-0.0254108309745788,0.3994389445176242,-0.3957497878755887,0.8234505918668575,-0.0758932676837955,-0.4568735377843457,2.412647776363379,0.7190751057938506
1771355029906993664,24.75599360466003,0.0898502916097641,-3.9123198986053462,1.82833468914032,0.6317106485366821,0.430747240781784,0.6445140242576599,-0.4802214503288269,-0.0587532222270965,0.0180835723876953,0.4165558918189826,-0.3892510595457757,0.818987567930493,-0.0649934204350186,-0.4453206177458682,2.366226375518133,0.7029707105112792
1771355029917025536,24.76602554321289,0.0858486220240593,-3.867968797683716,1.7819607257843018,0.6640954613685608,0.4195475876331329,0.6188355684280396,-0.4797385931015014,-0.0228189527988433,0.0194244384765625,0.4332099365292987,-0.3828235273750631,0.8141645585703061,-0.053958177422255,-0.4329468600919948,2.3209306229215256,0.6882959911506318
1771355029927056640,24.77605652809143,0.1712735146284103,-3.828709840774536,1.7542154788970947,0.6948111057281494,0.4082073271274566,0.5921187400817871,-0.4828206896781921,-0.0065959393978118,-0.0087293982505798,0.4495267370937958,-0.3762925510223675,0.8089890539088936,-0.0432021995965424,-0.4204894750661301,2.276566833632367,0.6743406615881508
1771355029937087488,24.78608751296997,0.2891037166118622,-3.796689033508301,1.7536321878433228,0.7239983081817627,0.3970760107040405,0.564054012298584,-0.4766686558723449,0.0308566689491271,0.0356621146202087,0.4657097405868935,-0.3694214722475016,0.8034642292917725,-0.032975748966256,-0.4083287408720139,2.2326515373996987,0.6602893091630114
1771355029947119360,24.796119451522827,0.4167448580265045,-3.694789409637451,1.71655011177063,0.7515131831169128,0.3861727714538574,0.5348818302154541,-0.4965235590934753,0.0828824043273925,0.0374753475189209,0.4816763414973147,-0.3621313156558105,0.7976852904241214,-0.0233880479916802,-0.3964788903826603,2.189357962752327,0.6458703790746189
1771355029957150464,24.806150436401367,0.4667755365371704,-3.5876717567443848,1.7232348918914795,0.7770554423332214,0.3753095269203186,0.5052996873855591,-0.5019394755363464,0.0182604193687438,-0.079915165901184,0.4971349348772735,-0.3545535378325135,0.7917964568229762,-0.0143898208751711,-0.3847306805091556,2.1473648055306684,0.6314468867732803
1771355029967181568,24.816181421279907,0.4481072425842285,-3.532074451446533,1.736419916152954,0.800956666469574,0.3639394044876098,0.4754122495651245,-0.4635389447212219,-0.0671101212501525,-0.1124055981636047,0.5121156000575754,-0.3467046855666953,0.7858129493761563,-0.0056207131693303,-0.3724938767964319,2.1064637628501983,0.6172902420764501
1771355029977212416,24.826212406158447,0.3698166906833648,-3.442340135574341,1.726051688194275,0.8233007192611694,0.3516828417778015,0.4455284774303436,-0.4436314105987549,-0.0733624100685119,-0.1013662815093994,0.5265216559719026,-0.3388554373622106,0.7797058660415762,0.0033003612809972,-0.3593681642524258,2.066818868744303,0.6043006938521753
1771355029987244544,24.836244583129883,0.3081110715866089,-3.374107360839844,1.7115364074707031,0.8439432382583618,0.3388191163539886,0.4158868491649627,-0.437250554561615,-0.1103644669055938,-0.1360864043235778,0.5402829622548594,-0.3311514200320465,0.7734870152873659,0.0122896917204587,-0.3456614806392987,2.0286593910893584,0.5927005128008452
1771355029997275648,24.846275568008423,0.2340176701545715,-3.3162612915039062,1.7230372428894043,0.8631202578544617,0.3252299427986145,0.3863269686698913,-0.406882643699646,-0.1069683134555816,-0.1085713505744934,0.5535134359610338,-0.3234879445155872,0.7671499445672041,0.0214298996593335,-0.3312548927849316,1.9916471752960616,0.5823031858810798
1771355030007306496,24.856306552886963,0.2263554036617279,-3.257312536239624,1.694270372390747,0.8808421492576599,0.3110706806182861,0.3568640053272247,-0.3958263397216797,-0.0426686406135559,-0.0520087778568267,0.5662401186892978,-0.3158705010254825,0.7606956250621492,0.0306603696362458,-0.3163193999503918,1.9557254954923915,0.5730346090347537
1771355030017337600,24.866337537765503,0.3410849273204803,-3.1631882190704346,1.6329209804534912,0.896942138671875,0.2971886098384857,0.3273738026618957,-0.3846741318702698,-0.0168541669845581,-0.0609706938266754,0.5785842889732069,-0.308192730272467,0.7541247477444719,0.0394114804658104,-0.3017468640579145,1.9207612577248507,0.5640233749166194
1771355030027369472,24.87636947631836,0.4528082609176636,-3.054704189300537,1.5987616777420044,0.9114057421684264,0.2838038802146911,0.2979852259159088,-0.3642864823341369,-0.0189570486545562,-0.0936852395534515,0.5905616047996931,-0.3002535307183946,0.7475563054210268,0.0473760538499303,-0.2877587851590152,1.886792024725065,0.554500854653801
1771355030037400576,24.8864004611969,0.538101077079773,-2.9446377754211426,1.5628374814987185,0.9243265390396118,0.2706660628318786,0.268998384475708,-0.3359172344207763,-0.0109157562255859,-0.1167156994342804,0.6020886984106837,-0.2920750854940727,0.7410744449537113,0.0546801692245411,-0.2740848542187636,1.8539952336049303,0.5446066377196648
1771355030047431424,24.89643144607544,0.4545755982398987,-2.8203108310699463,1.5091971158981323,0.9357622861862184,0.2576087117195129,0.2408036887645721,-0.3246631622314453,-0.0515540838241577,-0.1798906624317169,0.6130211291110416,-0.2840212146694321,0.7346657702668808,0.0616697372359661,-0.2605465784479359,1.822665809876812,0.5353579203823171
1771355030057463552,24.906463623046875,0.3176768720149994,-2.6853880882263184,1.4287166595458984,0.9457427263259888,0.2446036338806152,0.2138682752847671,-0.2988311648368835,-0.1434225887060165,-0.2315684556961059,0.6231761867440033,-0.2765275578468726,0.7283314124193923,0.0686824329523326,-0.2471108850582704,1.7931935668784795,0.5278892917114457
1771355030067494656,24.916494607925415,0.2055980265140533,-2.5269956588745117,1.3012665510177612,0.9542680382728576,0.2321213334798813,0.1883937567472458,-0.2635179162025451,-0.2300766408443451,-0.3180476427078247,0.6325233394341452,-0.2698075967618526,0.7220808381009931,0.0756133249198973,-0.23425802294429,1.765712060218672,0.522360756798384
1771355030077525504,24.926525592803955,0.198844239115715,-2.33579421043396,1.176121473312378,0.9613924026489258,0.2205436825752258,0.1645758897066116,-0.2381258010864257,-0.2738578915596008,-0.4163001775741577,0.641066596829646,-0.2637516480376955,0.716046796853724,0.0821322402459389,-0.2223718482637788,1.740337910048343,0.5180824616822904
1771355030087556608,24.936556577682495,0.2759238481521606,-2.142050504684448,1.0382496118545532,0.9672385454177856,0.2101625353097915,0.142412781715393,-0.2320548295974731,-0.2539857625961303,-0.5186640024185181,0.64890916084457,-0.2580604721676278,0.7103598962410748,0.0878097645655603,-0.2117412081612852,1.716982455561752,0.5138931510078475
1771355030097588480,24.94658851623535,0.471734881401062,-1.8996559381484983,0.8531122803688049,0.971868097782135,0.2015322595834732,0.1218906491994857,-0.2027792334556579,-0.252527117729187,-0.6165958642959595,0.6561743449732435,-0.2525758533528341,0.705089189218182,0.0921410555872324,-0.2029220334575368,1.6955637824874128,0.5087574232998672
1771355030107619584,24.95661950111389,0.5719425678253174,-1.583812952041626,0.6624714732170105,0.9753446578979492,0.1947994530200958,0.1037105843424797,-0.203127920627594,-0.2699642777442932,-0.6527676582336426,0.6626702681779851,-0.2473340749401887,0.7004863651819534,0.0949357674615275,-0.1960529833286766,1.6767305143637394,0.5024288439209889
1771355030117650432,24.96665048599243,0.5162883400917053,-1.1867012977600098,0.4886917173862457,0.9777927994728088,0.1897235214710235,0.0890282690525055,-0.2246496081352234,-0.3375049233436584,-0.6643915176391602,0.6679484184838174,-0.2427913432199886,0.6968260170720745,0.0965956089881462,-0.1908805449264417,1.661596201518473,0.4961630072963131
1771355030127681536,24.97668147087097,0.2388433218002319,-0.7552476525306702,0.3075608015060425,0.9793629050254822,0.1861176341772079,0.0787929147481918,-0.2527394890785217,-0.4564118385314941,-0.708156943321228,0.6715991939236103,-0.239624559299114,0.6942452947550491,0.0977649295887093,-0.1872092522894766,1.6510766515349289,0.4918826557811684
1771355030137713408,24.986713409423828,-0.0820726454257965,-0.2577143013477325,0.1286427229642868,0.9801602363586426,0.1839955747127533,0.073697917163372,-0.2692380547523498,-0.5823415517807007,-0.7475718259811401,0.6733322567565602,-0.2383623010719343,0.6928436856570507,0.0988668008546406,-0.1850498928870509,1.6458447743883913,0.4909747159127914
1771355030147744512,24.996744394302368,-0.2608989477157593,0.2043714523315429,-0.1041412577033042,0.9802011251449584,0.1837280690670013,0.0738203153014183,-0.301948070526123,-0.6104859113693237,-0.7769453525543213,0.6731874285532465,-0.238888448327159,0.6927066232544107,0.0995409413176779,-0.184777740238115,1.645965818308457,0.4927278483604184
1771355030157775616,25.006775617599487,-0.4471002519130707,0.5861595869064331,-0.3087039887905121,0.9795051217079164,0.1855630725622177,0.0783314630389213,-0.2637307047843933,-0.5045480728149414,-0.748619556427002,0.6715029603091957,-0.2410346347728513,0.6935906837415229,0.0995889049643191,-0.1866448515724663,1.6505969465103285,0.4965338846853318
1771355030167807488,25.016807556152344,-0.5615164637565613,0.950975239276886,-0.4680805802345276,0.9781304001808168,0.189039871096611,0.0867449045181274,-0.2223626971244812,-0.4441058039665222,-0.6710649728775024,0.6684384044707524,-0.2444861324832956,0.6954128143133981,0.099083571094374,-0.1901842953381708,1.6592493156175538,0.5019957289005005
1771355030177838592,25.026838541030884,-0.6431884169578552,1.291483759880066,-0.597750723361969,0.9760537147521972,0.1937407106161117,0.0989129021763801,-0.2443795204162597,-0.3723448514938354,-0.5874687433242798,0.6640302667810662,-0.2489435156378284,0.6982002402855838,0.0980172553085011,-0.1949736821070248,1.6717911464424422,0.5086807745507311
1771355030187869440,25.036869525909424,-0.6750900149345398,1.5644032955169678,-0.7126019597053528,0.973232090473175,0.1994532942771911,0.1141837537288665,-0.2477375864982605,-0.2810725271701813,-0.506883978843689,0.6584985825024882,-0.2541535348864377,0.7017819162805482,0.096373380389597,-0.2007999728396982,1.6875866905597612,0.5161796311022895
1771355030197900544,25.046900510787964,-0.6949385404586792,1.7930740118026731,-0.8112949728965759,0.9695992469787598,0.2060769498348236,0.1319462358951568,-0.2235358953475952,-0.2334054112434387,-0.438678503036499,0.6520525346478929,-0.2599037701889579,0.7059908955242061,0.0940981538679695,-0.2075641471747273,1.7060487763342866,0.5241007956258162
1771355030207932416,25.05693244934082,-0.7252864241600037,1.975899577140808,-0.8805334568023682,0.9651336669921876,0.2132803797721862,0.15175162255764,-0.206024169921875,-0.2372214049100875,-0.3983489274978637,0.6448033913801068,-0.2661143333919668,0.7106750100505026,0.0913937272179161,-0.2149313652970328,1.72675325947705,0.5326142906875978
1771355030217963520,25.06696343421936,-0.7419024109840393,2.1269783973693848,-0.9327412247657776,0.9598079919815063,0.2208510786294937,0.1731866151094436,-0.2010494470596313,-0.2259017378091812,-0.3803703784942627,0.6368706483143615,-0.2726557509456662,0.7157179260778546,0.0883321499698822,-0.2226870151861828,1.749314271361867,0.5416275223903706
1771355030227994368,25.0769944190979,-0.6972261667251587,2.2697463035583496,-0.9744303822517396,0.953581154346466,0.2286843061447143,0.1959252208471298,-0.1990033984184265,-0.1993721425533294,-0.3648400008678436,0.6283597546152546,-0.2793500970596431,0.7210590376151339,0.0848615760000334,-0.2307259579281083,1.7734387911207254,0.5508034735712188
1771355030238026496,25.087026596069336,-0.6113024950027466,2.4022295475006104,-1.0285362005233765,0.946374237537384,0.2368906140327453,0.2196783870458603,-0.200890839099884,-0.1776865124702453,-0.3491644859313965,0.6193834360722082,-0.2859994346601743,0.7266660296122518,0.0807771426224697,-0.2391641123717369,1.798883284582497,0.5595742587564244
1771355030248057600,25.097057580947876,-0.5416234731674194,2.5062456130981445,-1.1014037132263184,0.9380801916122437,0.2456345409154892,0.2442734539508819,-0.2133486270904541,-0.1780838370323181,-0.3270370662212372,0.6099865672410446,-0.2926336577990683,0.7324631523752785,0.0760247497937273,-0.2481742385855977,1.82553640390585,0.5679621479952253
1771355030258088704,25.107088565826416,-0.564519464969635,2.6138756275177,-1.1382403373718262,0.9286768436431884,0.2547259032726288,0.2695817053318023,-0.2249261736869812,-0.1837419867515564,-0.2617539167404175,0.6001569012520253,-0.2993902000504573,0.7383470499779317,0.0708584790336434,-0.2575642337821535,1.8533173788132924,0.5765592014836575
1771355030268119552,25.117119550704956,-0.602503776550293,2.6978018283843994,-1.1761409044265747,0.9181322455406188,0.2638240456581116,0.2956864237785339,-0.2376815676689148,-0.1650233268737793,-0.1773545145988464,0.589800880751458,-0.3063301769025156,0.7443151484441594,0.0655122808585652,-0.2669845756207935,1.882359664626038,0.5858151609843121
1771355030278151424,25.127151489257812,-0.7017571330070496,2.772515296936035,-1.2142797708511353,0.9064306616783142,0.2727406024932861,0.3224849104881286,-0.2223942279815673,-0.1630755960941314,-0.1079614460468292,0.5789075117852713,-0.3135827265394281,0.7502721722385063,0.0601982861347689,-0.2762404770695599,1.9126061723938743,0.5962364306819449
1771355030288182528,25.137182474136353,-0.807006299495697,2.8388710021972656,-1.254150390625,0.893536388874054,0.2813170254230499,0.3499333560466766,-0.2020844221115112,-0.1751769185066223,-0.0756719410419464,0.5674537813175055,-0.321221568257462,0.7561635920481837,0.0550408378692612,-0.2851662923012383,1.9440641878815148,0.6081275089025477
1771355030298213376,25.147213459014893,-0.9009474515914916,2.877544403076172,-1.279039740562439,0.8794604539871216,0.2894953489303589,0.3778124749660492,-0.1917619705200195,-0.1695306897163391,-0.1127976775169372,0.5555065854015764,-0.3292345342997123,0.7619126281425255,0.0500638551365518,-0.2936995559790519,1.9765531526101223,0.6214931379171934
1771355030308244480,25.157244443893433,-0.8696572184562683,2.916674852371216,-1.3132795095443726,0.8642645478248596,0.2973424792289734,0.4057517051696777,-0.1991185545921325,-0.122629314661026,-0.1541342139244079,0.5432249260220913,-0.3373544063484,0.7675075652443357,0.0450654551167911,-0.3019080416179255,2.0097281795928144,0.635594468935438
1771355030318276608,25.167276620864868,-0.6823105216026306,2.9852004051208496,-1.3411039113998413,0.8478540182113647,0.3054334223270416,0.4334213435649872,-0.2077172994613647,-0.0717145502567291,-0.2061874866485595,0.5307834700646893,-0.3452085653257564,0.7730082298231044,0.0394747244607399,-0.3103935741088814,2.043362227667555,0.6491250856423204
1771355030328307712,25.177307605743408,-0.3901499509811401,3.0209624767303467,-1.3634122610092163,0.8301880955696106,0.3144240975379944,0.460353285074234,-0.2092469930648803,-0.0419479310512542,-0.228663831949234,0.5184112683177455,-0.3524459411485956,0.7784333668265404,0.0327579758234136,-0.319849915875652,2.0771007643239545,0.6608729176861885
1771355030338338560,25.18733859062195,-0.1727358847856521,3.0641472339630127,-1.3698749542236328,0.8113661408424377,0.3243390917778015,0.4863011538982391,-0.209651231765747,-0.0070936381816864,-0.1715582013130188,0.5061904019790997,-0.3589457470170276,0.7837783679144221,0.0249118272695708,-0.3303129551069007,2.110745772500541,0.6706368344076533
1771355030348369664,25.19736957550049,-0.0200439840555191,3.101277112960815,-1.4264668226242063,0.7913201451301575,0.3351436257362366,0.511361837387085,-0.2261499762535095,-0.0148311555385589,-0.0614565014839172,0.4940222302227275,-0.3650006083739332,0.7889584835081266,0.0161562322508453,-0.3417576789462712,2.1445051805069064,0.6792845081677639
1771355030358401536,25.207401514053345,-0.0003152880817651,3.135697603225708,-1.4760385751724243,0.769966721534729,0.346543550491333,0.535778820514679,-0.233559250831604,-0.0568096339702606,-0.0319640636444091,0.4817300691290954,-0.3709560835406156,0.7939023781076303,0.0068382850504609,-0.3538837894436747,2.1787294125055596,0.6879294838736958
1771355030368432640,25.217432498931885,-0.0160319339483976,3.1364855766296387,-1.5132554769515991,0.7474439144134521,0.3578488826751709,0.5597069263458252,-0.2185590267181396,-0.072738379240036,-0.0405266284942626,0.4691907749950374,-0.3769855000237851,0.7985833716154938,-0.0025624374042201,-0.3659632009378994,2.2135469486363157,0.6974081206518333
1771355030378463488,25.227463483810425,-0.0077284635044634,3.157032251358032,-1.5552966594696045,0.7238116264343262,0.3690597712993622,0.5830019116401672,-0.217143714427948,-0.0562699437141418,-0.065698504447937,0.4564578641837551,-0.3830725915974712,0.8029672060749313,-0.0120470472320932,-0.3779971617881283,2.2488581790999733,0.7076946868217424
1771355030388495360,25.23749542236328,0.0567735657095909,3.2080392837524414,-1.599048137664795,0.6989023089408875,0.380485475063324,0.6056124567985535,-0.2265511751174926,-0.0682142972946167,-0.1298128962516784,0.4435259261380372,-0.3891248048760184,0.807086189913468,-0.0218759773369607,-0.3903212011188671,2.2848029503287064,0.7184463512754927
1771355030398526464,25.24752640724182,0.0848051980137825,3.253389835357666,-1.6353124380111694,0.6726665496826172,0.3920409083366394,0.6275534629821777,-0.2285442948341369,-0.0737883746623992,-0.167379081249237,0.4303433671572926,-0.3950834632527962,0.8109782996871031,-0.0320586915103509,-0.4028490444754671,2.321511925449379,0.7296069573858065
1771355030408557312,25.25755739212036,0.1130937412381172,3.3058032989501953,-1.678002953529358,0.6450563669204712,0.4036294817924499,0.6488342881202698,-0.2418275475502014,-0.0762062966823577,-0.1645354628562927,0.4168614958793303,-0.401002090701392,0.8146253533201299,-0.0425378477677138,-0.4154803732998017,2.3591143044540916,0.7414024186752924
1771355030418588672,25.26758861541748,0.0011381767690181,3.3561084270477295,-1.709261178970337,0.6160736680030823,0.4147813022136688,0.669634222984314,-0.2518310546875,-0.089189201593399,-0.1379111409187317,0.4029511892147931,-0.4070021630085312,0.8180258874427098,-0.0530406817006317,-0.4277024531855438,2.397828839396153,0.7543548329222072
1771355030428620544,25.277620553970337,-0.2583706378936767,3.3963935375213623,-1.7480815649032593,0.585746705532074,0.4243332147598266,0.6905374526977539,-0.2765274047851562,-0.0981461405754089,-0.0477152466773986,0.3882978927663921,-0.4133820894335316,0.8212088421265409,-0.0628965645186854,-0.4382253949101542,2.4381168424292587,0.7696095759088732
1771355030438652928,25.28765296936035,-0.5740622878074646,3.4163553714752197,-1.7442705631256104,0.5542857646942139,0.4313721358776092,0.711818277835846,-0.3007000088691711,-0.1442017555236816,0.0380595326423645,0.3727762105079099,-0.4202557972200194,0.8241930670520484,-0.0716151416515478,-0.4460131437264709,2.4799813579277696,0.787622781359579
1771355030448684032,25.29768395423889,-0.8371697664260864,3.4259066581726074,-1.6926980018615725,0.521958589553833,0.4353935718536377,0.7334792613983154,-0.304185152053833,-0.1266166567802429,0.0823929905891418,0.3563876323436321,-0.4273966163121979,0.8270863028471507,-0.0790460680988125,-0.4504754213942146,2.5231104227825214,0.8077684801422091
1771355030458714880,25.30771493911743,-0.91628098487854,3.435196876525879,-1.6304996013641355,0.489072173833847,0.4371910393238067,0.7547664046287537,-0.2970403134822845,-0.0436363518238067,0.0614261627197265,0.3395245535599899,-0.4344302371360158,0.8298515423375654,-0.0856728916024101,-0.4524730218354126,2.566640075617591,0.8286446658443418
1771355030468747264,25.317747116088867,-0.7710263729095459,3.47591495513916,-1.5819543600082395,0.4555138349533081,0.4382249116897583,0.7748971581459045,-0.2925805449485779,0.058494359254837,-0.0101726055145263,0.3225258482437066,-0.4410102935321361,0.832441298078485,-0.0923491389017223,-0.4536229110172489,2.6101639751020813,0.8489226852102746
1771355030478778112,25.327778100967407,-0.4127119183540344,3.5374844074249268,-1.5452933311462402,0.4210745990276336,0.4403404593467712,0.7929668426513672,-0.281151533126831,0.1150641739368438,-0.1205425858497619,0.305775645555595,-0.4467904856682732,0.8347824219547019,-0.1000890518424064,-0.4559778416192609,2.653444652781653,0.8674095713309217
1771355030488809216,25.337809085845947,0.0275855865329504,3.660038709640503,-1.5392791032791138,0.385342389345169,0.4450648725032806,0.8083494901657104,-0.2675902247428894,0.1334111988544464,-0.2044369578361511,0.2894670785163878,-0.4516518637035778,0.8367707735417725,-0.1097004059251887,-0.4612467086141827,2.696755960211038,0.8837828550391703
1771355030498841088,25.347841024398804,0.2852740883827209,3.787883281707764,-1.5399580001831057,0.3479461073875427,0.452160507440567,0.8212701678276062,-0.2700499892234802,0.1326326429843902,-0.2288322448730468,0.2733170314530809,-0.4557172601124259,0.8384252192999362,-0.121090065868523,-0.4691861218260671,2.740850514394109,0.8987380524400312
1771355030508871936,25.357872009277344,0.1587585210800171,3.888023376464844,-1.5727790594100952,0.3089968562126159,0.4593557715415954,0.8327742218971252,-0.2769991755485534,0.0178475379943847,-0.120967149734497,0.2567492082571727,-0.4594895520471782,0.839795483493711,-0.1330136970953492,-0.4772697747192451,2.7862937355563444,0.9139974493954468
1771355030518903040,25.367902994155884,-0.3448657691478729,3.919044733047486,-1.6100062131881714,0.2687676250934601,0.463291734457016,0.844467282295227,-0.3011314868927002,-0.1561169922351837,0.0189361572265625,0.2389973464704876,-0.4636087540897649,0.8410116394516641,-0.1436895753036517,-0.4817060208708166,2.8334608749047496,0.9313556297345664
1771355030528933888,25.377933979034424,-0.6635992527008057,3.926778793334961,-1.5825717449188232,0.2278243899345398,0.4627899825572967,0.8566922545433044,-0.3135940432548523,-0.2083344161510467,0.1070071458816528,0.2200138574788447,-0.4681063021906674,0.8421535656421826,-0.1524723278777126,-0.4811399167571215,2.8816735500918846,0.9505353215348582
1771355030538966272,25.38796615600586,-0.7065435647964478,3.9057164192199703,-1.4944250583648682,0.1868606954813003,0.4596502780914306,0.8682191371917725,-0.3214432299137115,-0.0043891072273254,0.0850735902786254,0.2005467454776807,-0.472314895317404,0.8432248787503138,-0.1602228951220356,-0.4776013883235856,2.929603391017721,0.9693828233169524
1771355030548997120,25.3979971408844,-0.4610781073570251,3.91735577583313,-1.449431538581848,0.1458510756492614,0.4569178521633148,0.8774701952934265,-0.328422486782074,0.1543340384960174,0.0312976837158203,0.181379984993636,-0.4758921441372986,0.8439560189603339,-0.1684230218245977,-0.4745271184336214,2.976880843245583,0.9869630744130928
1771355030559028224,25.40802812576294,-0.0005959849804639,3.9765589237213135,-1.409085392951965,0.1044529676437377,0.4566183686256408,0.8835099339485168,-0.3167790174484253,0.2038736939430236,-0.0618085861206054,0.1628686737429838,-0.4787172018996111,0.8441473915533245,-0.178098221000125,-0.4741904482759575,3.0239138920901714,1.0032893854318128
1771355030569060096,25.418060064315796,0.4083534181118011,4.051015853881836,-1.3863457441329956,0.0624217763543129,0.4597027897834778,0.885876476764679,-0.2958659827709198,0.2375476360321045,-0.1236997842788696,0.1451156873545643,-0.4807578637450375,0.8436884079544024,-0.1897452793655907,-0.4776605134360828,3.071245632597877,1.0187439791103183
1771355030579091200,25.428091049194336,0.6347585916519165,4.139769077301025,-1.4167207479476929,0.019563440233469,0.4650531709194183,0.8850667476654053,-0.3031480312347412,0.1613201797008514,-0.0888935327529907,0.1277234365506687,-0.4822747408133865,0.8425820063558501,-0.202863101348037,-0.4836946729064512,3.119492337485618,1.0342701629010076
1771355030589122048,25.438122034072876,0.5641642212867737,4.2062835693359375,-1.477036476135254,-0.0242632832378149,0.4705439805984497,0.8820428252220154,-0.3314648568630218,0.0297154188156127,0.0013952255249023,0.1100778911931309,-0.4836408682693863,0.8409000659627929,-0.2164749796857251,-0.4899071744852005,-3.114091533928167,1.050763913754268
1771355030599153152,25.448153018951416,0.1992762833833694,4.250674724578857,-1.5137852430343628,-0.0686693117022514,0.4733529984951019,0.8781922459602356,-0.3335828781127929,-0.0756326019763946,0.0422484874725341,0.0915538841469985,-0.4849826688289859,0.8389802890942879,-0.2291763565940223,-0.4930933380410716,-3.0635574946626623,1.0679131169361935
1771355030609185024,25.458184957504272,-0.1689454019069671,4.207269668579102,-1.5421191453933716,-0.1131346747279167,0.4720312058925628,0.8742926120758057,-0.3380219936370849,-0.1107792556285858,0.1353358626365661,0.0719811451853512,-0.4864203698593864,0.8369835988120433,-0.2401510787329756,-0.4915934221071498,-3.0129063628068353,1.0852263054470273
1771355030619215872,25.468215942382812,-0.4701347947120666,4.158780574798584,-1.515328288078308,-0.1570164710283279,0.466963917016983,0.87022465467453,-0.3533138036727905,-0.0725851356983184,0.1734461188316345,0.0517068839146177,-0.4878384009415278,0.8349407302301467,-0.2494277176811568,-0.4858542565454138,-2.9630811978465297,1.1019092360784208
1771355030629247232,25.47824716567993,-0.511724054813385,4.098739147186279,-1.4550782442092896,-0.199878916144371,0.4599185585975647,0.8651724457740784,-0.3716695308685303,0.0245479643344879,0.1559762358665466,0.0313092833515066,-0.4889052888541285,0.8328012006010788,-0.2577469867885682,-0.4779034677041838,-2.9145482948214267,1.1172366356712202
1771355030639278080,25.48827815055847,-0.2106520980596542,4.054795742034912,-1.3886257410049438,-0.2416061013936996,0.453521728515625,0.8578722476959229,-0.3706070780754089,0.1403198838233947,0.1273115873336792,0.0115305511427707,-0.4895309576800842,0.8302382586259943,-0.2663287303714333,-0.4707128516011949,-2.8670692629264374,1.1317381788663636
1771355030649310208,25.498310089111328,0.2592518329620361,4.05719518661499,-1.3244173526763916,-0.2824430763721466,0.4500713348388672,0.8471490144729614,-0.3707703649997711,0.2650012373924255,0.0637547969818115,-0.0071352993753002,-0.4896564430330831,0.8269287046610144,-0.2763593968196557,-0.466845232212658,-2.8197782762085883,1.1463804630824164
1771355030659341056,25.508341073989868,0.7615988254547119,4.0648512840271,-1.2952110767364502,-0.3225880563259125,0.4504258632659912,0.8324981927871704,-0.3802469968795776,0.294141948223114,0.0388243198394775,-0.0245371686825264,-0.4893550702085502,0.8226668348621333,-0.2883552728735328,-0.4672422719382245,-2.7719135843097926,1.1621615511897403
1771355030669372160,25.518372058868408,1.1056092977523804,4.070361137390137,-1.3081867694854736,-0.3620676398277282,0.453772485256195,0.814246654510498,-0.3846974968910217,0.2466822266578674,0.0552601814270019,-0.0408696493382397,-0.4888219327884749,0.8174206139064866,-0.3020039035938572,-0.4709942134558164,-2.723183497659105,1.1797029865032145
1771355030679404032,25.528403997421265,1.2641788721084597,4.077890872955322,-1.3732925653457642,-0.4010280668735504,0.4583252966403961,0.7931675910949707,-0.3956333696842193,0.1621123850345611,0.0879360437393188,-0.0566379003391121,-0.4882679373243275,0.8112818273532448,-0.316557217600841,-0.4761100159929519,-2.673472519108477,1.1991380473438915
1771355030689434880,25.538434982299805,1.2216005325317385,4.0602641105651855,-1.448993682861328,-0.4394629001617431,0.4621540307998657,0.7702508568763733,-0.4021356701850891,0.064793050289154,0.117902398109436,-0.0723707221238526,-0.4877765344839886,0.8044870956749864,-0.3311150101985402,-0.4804226534018406,-2.623112765761729,1.2198452855264197
1771355030699465984,25.548465967178345,1.0414025783538818,4.024787902832031,-1.523134708404541,-0.4771354496479034,0.4639773964881897,0.7463693022727966,-0.4004281759262085,-0.0214723944664001,0.1455680727958679,-0.0883526261977557,-0.4873507986010645,0.7972915735523666,-0.3449772038802288,-0.4824798746265182,-2.5727937711346764,1.2409069764618066
1771355030709497088,25.558496952056885,0.8737415671348572,4.005992412567139,-1.5941985845565796,-0.51399165391922,0.4632287919521332,0.7219634652137756,-0.3964086174964905,-0.0394007563591003,0.1496031284332275,-0.1047661339163372,-0.4869539392576458,0.7898465657007193,-0.3578298568195988,-0.4816350106417829,-2.5229009069313797,1.2616107264052945
1771355030719529216,25.56852912902832,0.786422073841095,4.001691818237305,-1.630777359008789,-0.5499555468559265,0.4604875743389129,0.6967780590057373,-0.3918930888175964,0.0015636980533599,0.1216421723365783,-0.121477367324987,-0.4864777803777403,0.7821306851326355,-0.3699379644621166,-0.4785444114595108,-2.47342030788565,1.2818066825013223
1771355030729560064,25.57856011390686,0.8238426446914673,3.9816317558288574,-1.64739727973938,-0.5848670601844788,0.4566293656826019,0.6703882217407227,-0.4014764428138733,0.0728964507579803,0.121985375881195,-0.1381986752127926,-0.4858668990961189,0.7740332547730143,-0.381715956027404,-0.4742028071319468,-2.424219899015172,1.3017839648063594
1771355030739591168,25.5885910987854,0.888725996017456,3.942046403884888,-1.6565521955490112,-0.6185153126716614,0.4523083567619324,0.642538845539093,-0.4072263240814209,0.0981524884700775,0.1455472111701965,-0.154627298802999,-0.4851711320189781,0.7654269444937574,-0.3934730597917387,-0.469351895171013,-2.375242539248401,1.3220392980645086
1771355030749622016,25.59862208366394,0.9288873076438904,3.8677802085876465,-1.64117431640625,-0.6505813002586365,0.447552889585495,0.613547146320343,-0.4000930190086365,0.1204401850700378,0.1826411485671997,-0.1706277769314733,-0.4843820323593978,0.7564044108802921,-0.4051079948369236,-0.4640269873513674,-2.3269067130583836,1.3423435980288354
1771355030759654144,25.608654022216797,0.9668501019477844,3.765702486038208,-1.6178005933761597,-0.6808117032051086,0.4423549771308899,0.5837963223457336,-0.3922170400619507,0.1278203129768371,0.2161153554916381,-0.1860939143348532,-0.4835069633793485,0.7470737375080254,-0.416498631663752,-0.4582228332138381,-2.2796286546634135,1.3624553116688063
1771355030769684992,25.618685007095337,0.9975453019142152,3.6197991371154785,-1.5576820373535156,-0.7088964581489563,0.4368891417980194,0.5537089705467224,-0.3664667010307312,0.1509404480457306,0.2407398223876953,-0.2008387546910505,-0.4825393016290024,0.7375705499187141,-0.4275620235712301,-0.4521373712344175,-2.233897369992885,1.3821415175485374
1771355030779716096,25.628715991973877,1.0063261985778809,3.410330057144165,-1.4907315969467163,-0.7345476746559143,0.4312847256660461,0.5238639712333679,-0.3296613097190857,0.1528522372245788,0.2807625532150268,-0.2146463110685491,-0.481553053994862,0.728037518802925,-0.4381723950945254,-0.4459162465616557,-2.1903125956777,1.40126390813818
1771355030789748224,25.638748168945312,0.9413544535636902,3.140561819076538,-1.4038134813308716,-0.7575410008430481,0.4254323840141296,0.4951153099536896,-0.2870605587959289,0.1483286619186401,0.341401994228363,-0.2274005713333731,-0.4806204441984016,0.7187222332118384,-0.4480306038922741,-0.4394396107904557,-2.14968565797511,1.419337705348686
1771355030799779072,25.648779153823853,0.8235330581665039,2.807410478591919,-1.308704495429993,-0.7776772975921631,0.419253796339035,0.4684492945671081,-0.2255272269248962,0.1445280015468597,0.4092669486999511,-0.2390144153568477,-0.4797647382284868,0.7099651039673637,-0.4567796249744756,-0.4326232514044088,-2.1129564906906295,1.4356118684677706
1771355030809810176,25.658810138702393,0.6462878584861755,2.4271085262298584,-1.179120659828186,-0.7948748469352722,0.4127984941005707,0.4447152316570282,-0.1488966345787048,0.1429114043712616,0.4620994925498962,-0.2493958491253325,-0.4790308350455971,0.7020591678039483,-0.4641596607186654,-0.4255244140508745,-2.080887402004997,1.4495422202042922
1771355030819841024,25.668841123580933,0.4280032217502594,2.021322727203369,-1.0108458995819092,-0.809083878993988,0.4063542783260345,0.4245694875717163,-0.0637645125389099,0.1678186357021331,0.5086732506752014,-0.2584547554537916,-0.4783537653333752,0.6953146172347999,-0.4700173677696584,-0.418460512549595,-2.0540499522309426,1.4605578720769872
1771355030829873152,25.67887306213379,0.1493097096681594,1.592391014099121,-0.8301171064376831,-0.8203600645065308,0.4000768661499023,0.4085925221443176,0.0128344893455505,0.1847619712352752,0.5559155941009521,-0.2662048801652676,-0.4776554843094217,0.6900300704014415,-0.4741715915117496,-0.4116007212033311,-2.0328946235224294,1.4680351289255154
1771355030839904000,25.68890404701233,-0.1190695464611053,1.1748318672180176,-0.6645516157150269,-0.8289138674736023,0.3939566910266876,0.3971149921417236,0.0816907882690429,0.1628213226795196,0.5753582715988159,-0.2727188763510192,-0.4769579166961345,0.6863444100559581,-0.4765155315768338,-0.4049324657584799,-2.017567282519545,1.4717493480693014
1771355030849935104,25.69893503189087,-0.2960635721683502,0.8277765512466431,-0.5189765691757202,-0.8351541757583618,0.3881887793540954,0.3896504342556,0.1234840750694274,0.1769357919692993,0.5485516786575317,-0.2780690525535016,-0.4762979393353582,0.6840800362033487,-0.4773390461662439,-0.3986654462831612,-2.0073367868058183,1.4723546649383343
1771355030859965952,25.70896601676941,-0.3285450935363769,0.5531284809112549,-0.3953904211521148,-0.839573085308075,0.383137583732605,0.3851269781589508,0.1339150667190551,0.2430678308010101,0.4962358474731445,-0.282266047535619,-0.4757648242105556,0.6827966927054182,-0.4772446243448547,-0.3931907076512357,-2.000876161771038,1.4712799091027833
1771355030869998080,25.718997955322266,-0.2365601360797882,0.3208449184894562,-0.3228640258312225,-0.8426092863082886,0.3790027499198913,0.3825792968273163,0.1314122676849365,0.2995861768722534,0.4670149683952331,-0.2852808797120599,-0.4755628008487428,0.6820041576706226,-0.4767864527284162,-0.3887183978685573,-1.9970057939043044,1.4700969029805695
1771355030880028928,25.72902894020081,-0.0930820703506469,0.1877124458551406,-0.2758517563343048,-0.8446751832962036,0.3758573532104492,0.3811233043670654,0.1017095446586608,0.3352784812450409,0.4544937312602997,-0.287227067872132,-0.4757504993189678,0.6813392032876064,-0.4763810694584041,-0.3853217932053648,-1.9946534808415937,1.4697858096279854
1771355030890060288,25.739060163497925,0.0122319292277097,0.1129263490438461,-0.2350662499666214,-0.8461931943893433,0.3735666573047638,0.380006730556488,0.0782641172409057,0.3480825126171112,0.4470959901809692,-0.2884412475016735,-0.4761881639094192,0.6806233896168048,-0.4762334653896105,-0.3828510793361792,-1.9928832356163897,1.470485126098233
1771355030900091136,25.749091148376465,0.0170495882630348,0.0938171073794364,-0.1895608156919479,-0.8473911881446838,0.3718289136886596,0.3790400326251983,0.0662633180618286,0.3294039368629455,0.4406010806560516,-0.2892609410034439,-0.4766960529588137,0.6799124093309029,-0.4762437128195251,-0.3809784274781985,-1.9914045687060524,1.4716298068386993
1771355030910123008,25.75912308692932,-0.035796582698822,0.0922671481966972,-0.1506227403879165,-0.8483636379241943,0.3703977465629577,0.3782656490802765,0.0473228693008422,0.3105867505073547,0.4299314618110657,-0.2899777228983124,-0.4770458911683071,0.6793821058271002,-0.4762144256047098,-0.3794371977035528,-1.990216109961616,1.47235265449097
1771355030920154112,25.76915407180786,-0.1071128398180008,0.0802224650979042,-0.0986729860305786,-0.8491522073745728,0.369098961353302,0.377765417098999,0.0356451272964477,0.2991444170475006,0.415523886680603,-0.2907404713986138,-0.4771423580848384,0.6791302331061073,-0.4760119133581036,-0.3780393540965799,-1.9893789846858243,1.4721896249663962
1771355030930184960,25.7791850566864,-0.1458396464586258,0.0436013378202915,-0.0269756335765123,-0.849616527557373,0.3680931031703949,0.3777023553848266,0.0331798195838928,0.3064674139022827,0.3913253247737884,-0.2914071360647557,-0.4770132674501567,0.6791977057449861,-0.4756370977754042,-0.37695730214563,-1.9891140391534592,1.4711947576853248
1771355030940217088,25.789216995239254,-0.1475879997014999,-0.0240607969462871,0.0394214987754821,-0.8496455550193787,0.3675607144832611,0.3781556785106659,0.0363519787788391,0.3216177523136139,0.3840819001197815,-0.291805430466006,-0.4767377103640937,0.679557935364534,-0.4751545089090778,-0.3763847828908334,-1.9895467618447509,1.4696576026607455
1771355030950247936,25.7992479801178,-0.1102093011140823,-0.123384989798069,0.1178252324461937,-0.8490784764289856,0.367744117975235,0.3792489469051361,0.0428346991539001,0.3231891095638275,0.3729940354824066,-0.2916810770426067,-0.4764480601095517,0.6801630084769514,-0.4746552484621144,-0.3765819824943764,-1.990868785928005,1.468027593706586
1771355030960279040,25.809278964996334,-0.053576111793518,-0.2378665655851364,0.1903281956911087,-0.8478193283081055,0.3687449693679809,0.3810901343822479,0.0481519699096679,0.3243244588375091,0.3504468202590942,-0.2908937731115485,-0.4762302061033912,0.6809918163688155,-0.47416853509334,-0.3776584941500545,-1.993229805762476,1.4665356805390055
1771355030970309888,25.81930994987488,-0.0129802171140909,-0.3667558133602142,0.2637568712234497,-0.8458126783370972,0.3705590069293976,0.3837801516056061,0.0461146831512451,0.2804267406463623,0.3106321692466736,-0.2893914659777422,-0.4761267922846495,0.6820508450755504,-0.4736692743724218,-0.3796107912467986,-1.9967571835695184,1.465216517418941
1771355030980342272,25.829342126846313,-0.0111460974439978,-0.5090514421463013,0.3322067558765411,-0.8429927229881287,0.3730446398258209,0.3875580430030823,0.0412958264350891,0.2411674261093139,0.2897796034812927,-0.2871933718749384,-0.4761434814500237,0.6834225703008335,-0.4730127284170864,-0.3822883923633648,-2.0017210183801217,1.4637898540352796
1771355030990373120,25.839373111724857,-0.0144925378262996,-0.6724495887756348,0.4001322984695434,-0.839292049407959,0.3761001527309418,0.3926031291484833,0.0370308756828308,0.2129348218441009,0.3016107678413391,-0.2843172748185013,-0.4762677470145107,0.6851792466645116,-0.4720826454686367,-0.3855838316202732,-2.0083364405703095,1.4619952343237128
1771355031000404224,25.849404096603394,-0.0174217484891414,-0.8254955410957336,0.4685344994068146,-0.834681510925293,0.3796923756599426,0.3989239037036896,0.0343581438064575,0.1945873796939849,0.312959611415863,-0.2807511694089911,-0.4765218435925865,0.6873055246442255,-0.4708680998507404,-0.38946373393479,-2.0166370112508334,1.459857719625853
1771355031010436096,25.85943603515625,-0.0169169902801513,-0.9770639538764954,0.5322911143302917,-0.8291135430335999,0.3838048577308655,0.4065276384353637,0.0340238213539123,0.1767114996910095,0.3065003156661987,-0.2764851832537972,-0.4769059101365454,0.6898003857232259,-0.4693529496198506,-0.3939132069024796,-2.026666759164441,1.4573459387070906
1771355031020466944,25.86946702003479,-0.019545529037714,-1.1356805562973022,0.5929880142211914,-0.822571337223053,0.3884051144123077,0.4153529405593872,0.0237432122230529,0.1647259891033172,0.2929905652999878,-0.2715385969012033,-0.4774078414145295,0.6926458086565094,-0.4675365178528088,-0.3989001826751,-2.0383917575092756,1.4544362407051288
1771355031030498048,25.87949800491333,-0.0141836106777191,-1.2959864139556885,0.665044367313385,-0.8149868845939636,0.3934889137744903,0.4253971576690674,0.0121915340423583,0.1566666960716247,0.2771784961223602,-0.2658826816289206,-0.4780386041526019,0.6958287612739659,-0.4654114176153464,-0.4044236044500056,-2.0518635574075654,1.451138518635449
1771355031040528896,25.88952898979187,-0.0094991102814674,-1.4340111017227173,0.7383084297180176,-0.8062936663627625,0.3991674184799194,0.4365274906158447,0.0021401047706604,0.1580836176872253,0.27288419008255,-0.2595021551757808,-0.4787308710001648,0.6993429077116406,-0.4630280790265424,-0.4106086074908336,-2.0670129922086846,1.4474098826975623
1771355031050561280,25.899561166763306,-0.0308304093778133,-1.5668199062347412,0.7995734214782715,-0.7965287566184998,0.4052786231040954,0.4486550986766815,-0.0092573761940002,0.142649233341217,0.2539817094802856,-0.2524833959699287,-0.4794784739902016,0.7031557035041504,-0.4603527559802396,-0.4172835871489488,-2.0837651353274964,1.4431779181150148
1771355031060592128,25.90959215164185,-0.1341578662395477,-1.7083748579025269,0.8683021068572998,-0.7856184840202332,0.4115442037582397,0.4619899094104767,-0.0185958743095397,0.1023107171058654,0.2436679899692535,-0.2449589664436263,-0.4801882138238312,0.7073996327086625,-0.4571652260745241,-0.4241477605052891,-2.102389323427579,1.4378177074171454
1771355031070623232,25.919623136520386,-0.2656710743904114,-1.876710295677185,0.9451809525489808,-0.7734115719795227,0.4176815450191498,0.47684046626091,-0.0330306887626647,0.0828677415847778,0.2550169229507446,-0.2369906312778449,-0.480818566298293,0.7122034402813079,-0.4532276224273943,-0.4308921307586575,-2.123290104004967,1.430786898348753
1771355031080654080,25.92965412139893,-0.3890577256679535,-2.046398401260376,1.019381403923035,-0.7597109079360962,0.4236467778682709,0.493318110704422,-0.050713837146759,0.1006604433059692,0.2946610152721405,-0.2285260870346968,-0.4813393896541399,0.717615111021914,-0.4484604451956195,-0.4374674467821892,-2.1467143195737033,1.421883623812762
1771355031090686208,25.939686059951782,-0.4912614822387695,-2.217806100845337,1.0871872901916504,-0.7444654107093811,0.4293656051158905,0.5112888216972351,-0.0743211507797241,0.1057600975036621,0.3060633540153503,-0.2195328988253136,-0.4818065947428953,0.7235377034778655,-0.4429004945050698,-0.4437902324658431,-2.172599020197227,1.4113369633686732
1771355031100717056,25.94971704483032,-0.5552721619606018,-2.40490984916687,1.1587435007095337,-0.72749924659729,0.4349134266376495,0.5306556224822998,-0.1104677319526672,0.1202318668365478,0.3161004185676574,-0.2098966279160547,-0.4822386311358879,0.7299134977394379,-0.4365955388112718,-0.4499421345539167,-2.2009984217879133,1.3993127985033935
1771355031110748160,25.959748029708862,-0.5598995685577393,-2.604636907577514,1.2125918865203855,-0.7087122201919556,0.4404129385948181,0.5511476993560791,-0.1424688696861267,0.1299301385879516,0.3211669325828552,-0.1994671249133421,-0.4827494161016976,0.7365642107024464,-0.4296965537154146,-0.4560585589846413,-2.231775367181915,1.3863839698295073
1771355031120780032,25.96977996826172,-0.5608274340629578,-2.781536340713501,1.2616462707519531,-0.6880125999450684,0.445917546749115,0.5725346803665161,-0.1738342642784118,0.1280722618103027,0.3191888928413391,-0.1881746963751268,-0.4833740558293043,0.7433820461521919,-0.4222829204214861,-0.4621991106628868,-2.264840134589774,1.372814118600319
1771355031130810880,25.97981095314026,-0.5481956005096436,-2.9551947116851807,1.3213380575180054,-0.6653640866279602,0.4514660835266113,0.5945323705673218,-0.20392906665802,0.1407732367515564,0.3096118569374084,-0.1760369362342831,-0.484048968751862,0.7503084560567309,-0.4144209544210865,-0.4684077340474241,-2.300033348165247,1.3586215793288885
1771355031140841984,25.9898419380188,-0.538291871547699,-3.087454080581665,1.3809454441070557,-0.6408371329307556,0.4570095241069793,0.6168225407600403,-0.2298598289489746,0.1584384441375732,0.2954241633415222,-0.1631383931234352,-0.4847191036854805,0.7572705316116951,-0.406170646030602,-0.4746301721622049,-2.337102134910191,1.3438340326641298
1771355031150873088,25.99987316131592,-0.5439159870147705,-3.207174062728882,1.4483476877212524,-0.6144973635673523,0.4625118374824524,0.639121413230896,-0.2621812224388122,0.1539433598518371,0.2705162167549133,-0.1495932715417296,-0.4852503104011232,0.7642596661477886,-0.3975691937723977,-0.4808261804318131,-2.375834335963612,1.3282508792398064
1771355031160905216,26.009905099868774,-0.6154881715774536,-3.313383102416992,1.5117322206497192,-0.5863017439842224,0.4676886200904846,0.6614513993263245,-0.2853413820266723,0.1442346572875976,0.279756486415863,-0.1355125491648461,-0.4855557901564595,0.7713373339707853,-0.388472330415475,-0.4866739617111701,-2.416349810584728,1.3114777968287925
1771355031170936064,26.01993608474731,-0.6859872937202454,-3.4160304069519043,1.552820324897766,-0.5563731789588928,0.4720996618270874,0.6837915778160095,-0.3044971823692322,0.1358867883682251,0.2911840677261352,-0.121072195982754,-0.485641442153584,0.7784909701934073,-0.3787423560718981,-0.4916710545615859,-2.4585783679510937,1.2934000912445378
1771355031180967168,26.029967069625854,-0.7155275940895081,-3.512589931488037,1.584989070892334,-0.5247664451599121,0.4757184982299804,0.7059124708175659,-0.3157640695571899,0.136891484260559,0.2872058749198913,-0.1062564194706723,-0.4855716181531699,0.7856057873447769,-0.3684473296036993,-0.4957807089187234,-2.5023370670198086,1.2743708266408114
1771355031190998016,26.039998054504395,-0.6454744935035706,-3.6034789085388184,1.597598671913147,-0.4915766417980194,0.4788955152034759,0.7273319363594055,-0.3235479295253753,0.1630112826824188,0.2651150822639465,-0.0909524385334192,-0.4854160212474699,0.7924880094775844,-0.3578571826463184,-0.4993961363706648,-2.547250425630023,1.2550296455059602
1771355031201029888,26.05002999305725,-0.5218390822410583,-3.6695053577423096,1.5935198068618774,-0.4569605588912964,0.4821730852127075,0.7474599480628967,-0.3274633288383484,0.1567429900169372,0.2382425665855407,-0.0750264373419561,-0.4852390406014928,0.7989199335973601,-0.3473343066520849,-0.5031335046747273,-2.592868451548213,1.2360657016593994
1771355031211060992,26.06006097793579,-0.4056505262851715,-3.720487594604492,1.5789644718170166,-0.4212060272693634,0.4856611788272857,0.7659756541252136,-0.3395209014415741,0.1552231907844543,0.2102663516998291,-0.0585652134706315,-0.4850430546164755,0.8048111903322342,-0.3370197249782514,-0.5071193941178886,-2.6388301998710513,1.2176784946248915
1771355031221092096,26.07009196281433,-0.3194426596164703,-3.7808313369750977,1.578108310699463,-0.3843594789505005,0.4892497956752777,0.7828812003135681,-0.3486270904541015,0.1302724182605743,0.1994951367378235,-0.0416260707549511,-0.4848027384417732,0.8101894179884238,-0.3268437268528771,-0.5112293560739539,-2.6852071468145056,1.199691332761858
1771355031231124224,26.080124139785767,-0.2729324400424957,-3.831696033477783,1.5815131664276123,-0.3463625311851501,0.4927201271057129,0.7982856631278992,-0.3440061211585998,0.1073775291442871,0.2117394208908081,-0.0242634729536874,-0.4844536676651292,0.8151364693330871,-0.3166519937012333,-0.515212895618796,-2.73222219629406,1.1817441835102176
1771355031241155072,26.090155124664307,-0.264355719089508,-3.878535747528076,1.5720584392547607,-0.3073788285255432,0.4956763982772827,0.8122947812080383,-0.3593997061252594,0.100713312625885,0.2005071640014648,-0.0066508051982914,-0.4839921646094893,0.8196944358269788,-0.3062813733800051,-0.518613466109108,-2.7798375138774754,1.1636926739028493
1771355031251186176,26.100186109542847,-0.248284712433815,-3.922274351119995,1.58355450630188,-0.2674849927425384,0.4981151819229126,0.8248233795166016,-0.3749406337738037,0.0889821052551269,0.1724759936332702,0.0111874775645517,-0.4833923399592144,0.8238589353359366,-0.2957419566502074,-0.5214237472515927,-2.8279997615446453,1.1455314911537895
1771355031261217024,26.110217094421387,-0.2183827310800552,-3.941089868545532,1.598647952079773,-0.2267197370529174,0.5001159310340881,0.8357523679733276,-0.3679152727127075,0.1198028922080993,0.1583881378173828,0.0292448364785478,-0.4825536033047144,0.8276582708626171,-0.2850763133570811,-0.5237326562863629,-2.8766917026109375,1.127090154019013
1771355031271249152,26.120249032974243,-0.1474875956773758,-3.9343299865722656,1.617389678955078,-0.1854323893785476,0.5018748044967651,0.8448291420936584,-0.3562393188476562,0.1107959747314453,0.1106913685798645,0.0474393175348109,-0.4814348460505952,0.8310445538942837,-0.2744719883215252,-0.5257649450680256,-2.925527905686884,1.1084949084067195
1771355031281280000,26.130280017852783,-0.034901138395071,-3.931983470916748,1.6551541090011597,-0.1437084823846817,0.5037522315979004,0.8518107533454895,-0.348067045211792,0.1133894920349121,0.0823932886123657,0.0658366887226699,-0.4799395275801368,0.8340044550171131,-0.2641214688933398,-0.5279369146808293,-2.9744571126222,1.0896361494104203
1771355031291311104,26.140311002731323,0.0712874382734298,-3.89557433128357,1.6919163465499878,-0.1017053052783012,0.5060169696807861,0.8565065264701843,-0.3529761433601379,0.1248883008956909,0.0818329453468322,0.084461745114825,-0.4780113594694777,0.8365156316625246,-0.2541910793845638,-0.5305606214417946,-3.023401740411435,1.070441946992
1771355031301342976,26.15034294128418,0.0686176195740699,-3.8780343532562256,1.718349814414978,-0.0596030727028846,0.5080304741859436,0.8592743873596191,-0.3738380968570709,0.1099352240562439,0.0857329368591308,0.1030850431705137,-0.4756628455285548,0.8386787528360379,-0.2444100342308424,-0.5328966364834679,-3.0723391556044457,1.050749641217895
1771355031311374080,26.1603741645813,-0.016135174781084,-3.899641990661621,1.7228097915649414,-0.0173172242939472,0.5089727640151978,0.8606086373329163,-0.3996902406215668,0.0412745475769043,0.1176629662513732,0.121587932447323,-0.4730770401104769,0.8405369962959709,-0.2343334346497164,-0.5339909906779252,-3.1214733026072343,1.0307793350462036
1771355031321405184,26.17040514945984,-0.1619728058576584,-3.926478624343872,1.7218079566955566,0.0252997204661369,0.5081079006195068,0.8609217405319214,-0.4289557337760925,0.0161383152008056,0.1370030641555786,0.1398718863951788,-0.470341280590278,0.8421638535668375,-0.223550835751729,-0.5329865635332094,3.112214325238342,1.010657869946946
1771355031331436032,26.18043613433838,-0.2285340726375579,-3.932395696640014,1.7022476196289062,0.0679305791854858,0.5056043267250061,0.8600867986679077,-0.4557174444198608,0.0118058323860168,0.0998129248619079,0.1578928744877608,-0.4675538195142971,0.8434671384844611,-0.212194097761594,-0.5300822785012342,3.0627751924055606,0.9909098235369656
1771355031341468160,26.190468072891235,-0.228005439043045,-3.9586949348449703,1.703387975692749,0.1105374842882156,0.5020502209663391,0.857745349407196,-0.4503659605979919,0.0332280993461608,0.0480010509490966,0.1758065702014934,-0.4646292958657286,0.8443887051009237,-0.2005477057635257,-0.5259677660946196,3.013429208600314,0.971530355513419
1771355031351499008,26.200499057769775,-0.1214403808116912,-3.971174478530884,1.6922119855880735,0.153097316622734,0.4982818067073822,0.8533909916877747,-0.4373990893363952,0.0562378168106079,0.0300469994544982,0.1938537157153241,-0.4614775438893264,0.8448277730623208,-0.1890110278775076,-0.5216159083045498,2.964082110526217,0.9524104249633746
1771355031361530112,26.210530042648315,0.0128694903105497,-3.953428030014038,1.6893328428268433,0.1953140348196029,0.4948534369468689,0.8467420339584351,-0.435533195734024,0.068760335445404,0.0124649405479431,0.2120715736588888,-0.4580168828810424,0.8447434764343579,-0.1779171483487149,-0.5176661458380238,2.914892437467797,0.9334002409317754
1771355031371560960,26.220561027526855,0.1690013110637664,-3.9197676181793217,1.6869277954101562,0.236939325928688,0.4919749200344085,0.8377472758293152,-0.4343575239181518,0.067229151725769,-0.0091949701309204,0.2304219369654535,-0.4541774904352806,0.8441542720256019,-0.1674279394197081,-0.5143567539015245,2.8659624365894016,0.9142867793053178
1771355031381593088,26.230592966079712,0.2624766528606415,-3.884910821914673,1.6900500059127808,0.277848869562149,0.4894678294658661,0.8265719413757324,-0.4283615946769714,0.0537145137786865,-0.0143161416053771,0.2488237327541429,-0.4499553609458969,0.8431050541593754,-0.1574825535615752,-0.5114793635876225,2.8173128270188035,0.8949807762006143
1771355031391623936,26.240623950958252,0.2731491029262543,-3.8402860164642334,1.683082103729248,0.317882090806961,0.4866865575313568,0.8136873245239258,-0.4272571206092834,0.0334550142288208,0.0191525816917419,0.2670496308551206,-0.4454386172177947,0.8416817111826254,-0.1477863378209709,-0.508292760194768,2.7691563722628483,0.8757046597003734
1771355031401655040,26.250654935836792,0.1709047555923462,-3.801289558410645,1.6779624223709106,0.3569605946540832,0.4828178584575653,0.7996659874916077,-0.4433406889438629,-0.0042566061019897,0.0232709050178527,0.2848576332525077,-0.4407688460337785,0.8399737003466287,-0.1379240341989584,-0.5038696332614008,2.7217472501876725,0.8569121619801738
1771355031411687168,26.260687112808228,0.0420292392373085,-3.777966260910034,1.6541852951049805,0.3951115608215332,0.4773933291435241,0.7848458290100098,-0.4441074728965759,-0.0453100800514221,0.016713798046112,0.3021563721448715,-0.4361324892816661,0.8379805241769831,-0.1275882354362142,-0.4976857763570113,2.6752082341297316,0.8391948488606606
1771355031421718016,26.270718097686768,-0.0799752324819564,-3.740824699401855,1.6347566843032837,0.4322305023670196,0.4703986942768097,0.769351601600647,-0.4320626556873321,-0.0668800175189971,-0.0224643945693969,0.318892001875231,-0.4315686888443408,0.835717817943797,-0.116756563672739,-0.489742517735789,2.62972644067538,0.8227801704704251
1771355031431749120,26.280749082565308,-0.1235969215631485,-3.708183765411377,1.61358642578125,0.4682694971561432,0.4622345268726349,0.7530360817909241,-0.4213486015796661,-0.0441588461399078,-0.042968213558197,0.3351516451350911,-0.4270267857050503,0.8331663405921663,-0.1056194143055309,-0.4805134490093184,2.585267430001677,0.807556981412865
1771355031441779968,26.290780067443848,-0.0550447553396225,-3.651862621307373,1.5922616720199585,0.5031379461288452,0.453732430934906,0.7355126738548279,-0.4168496131896972,-0.0182619392871856,-0.0756158828735351,0.3511254117277463,-0.4223484941600283,0.830287949104024,-0.0946285199760673,-0.4709492667844405,2.5416420291197435,0.7929795234693428
1771355031451812096,26.300812005996704,0.1241379529237747,-3.5947868824005127,1.5785293579101562,0.5366640090942383,0.4457338154315948,0.7164587378501892,-0.4112520217895508,0.0105650126934051,-0.1249213218688964,0.366968171467696,-0.4173435732200723,0.8270753992026565,-0.0842911020449979,-0.4619938410773144,2.498699313278225,0.7783253408380011
1771355031461842944,26.310842990875244,0.3535248041152954,-3.5186593532562256,1.5732685327529907,0.5688478350639343,0.4386899173259735,0.6956746578216553,-0.3946840763092041,0.0635988712310791,-0.1039846539497375,0.3828171448637451,-0.4117877057150538,0.8235704076092709,-0.0749244483677548,-0.4541402867050664,2.456156442316063,0.762792125956757
1771355031471874048,26.320873975753784,0.5824659466743469,-3.4087419509887695,1.5654170513153076,0.5994848608970642,0.4327145516872406,0.673331618309021,-0.4006019830703735,0.0741822719573974,-0.1263805031776428,0.3986070910055035,-0.4056366814765275,0.8198321178223319,-0.0666814865158637,-0.4475016687195554,2.4141479083808077,0.7461111400108199
1771355031481904896,26.330904960632324,0.6637375950813293,-3.3380348682403564,1.5676982402801514,0.6285964250564575,0.4271999299526214,0.6498974561691284,-0.3991042375564575,0.030945211648941,-0.1127117872238159,0.414171051203387,-0.3989499636486042,0.8159581269589681,-0.0592756380482415,-0.4413936175558506,2.372853985266457,0.7285129841313355
1771355031491937280,26.34093713760376,0.6319399476051331,-3.24153995513916,1.5478332042694092,0.6562830805778503,0.4213656187057495,0.6258944272994995,-0.3993249535560608,-0.0066316425800323,-0.0519197583198547,0.4293421917979516,-0.3921193488524178,0.8119049326224431,-0.0521359428854807,-0.434950620161492,2.332498107659915,0.7111883133601978
1771355031501968128,26.3509681224823,0.450005829334259,-3.1253533363342285,1.5319099426269531,0.6823375225067139,0.414440780878067,0.6022077202796936,-0.4040630459785461,-0.0917937755584716,-0.0965161919593811,0.4437205674802802,-0.3854245911338661,0.8078067571183575,-0.0448121639138966,-0.4273282346221545,2.2938953328730354,0.6951851828846786
1771355031511999232,26.36099910736084,0.1338436603546142,-3.076559066772461,1.5118547677993774,0.706932008266449,0.4055834412574768,0.5794385075569153,-0.3814316391944885,-0.166676640510559,-0.080079436302185,0.4570981107376347,-0.3792414681177015,0.8036760245578999,-0.0366331143818011,-0.4176170243361971,2.257406081440789,0.681874664932633
1771355031522031104,26.371031045913696,-0.1719809770584106,-3.053466796875,1.4645596742630005,0.7304011583328247,0.3947418928146362,0.5573982000350952,-0.349007785320282,-0.172482430934906,0.0038352608680725,0.4696332650468775,-0.3737951737195519,0.7993599147522006,-0.0273022099263754,-0.4057869002198138,2.222654029299086,0.671935372351155
1771355031532061952,26.381062030792236,-0.4024073481559753,-3.017242670059204,1.4198715686798096,0.7526652216911316,0.3823816180229187,0.5359846353530884,-0.3481088876724243,-0.1473657488822937,-0.0049482583999633,0.4813711089003378,-0.3690808746387093,0.7948406352874198,-0.0170171771581509,-0.3923724326715468,2.1896073871849233,0.665237098248091
1771355031542093056,26.391093015670776,-0.4082702994346618,-2.9826624393463135,1.3759703636169434,0.7737421989440918,0.3694638609886169,0.514606773853302,-0.3353264927864074,-0.0832088589668273,-0.0379067659378051,0.4926009599676585,-0.3647285499941391,0.7901116801537845,-0.0064121224613517,-0.3784319844258927,2.157705325714417,0.660408010563448
1771355031552123904,26.401124000549316,-0.1872859746217727,-2.948979377746582,1.3534653186798096,0.7936909794807434,0.3572083711624145,0.492398738861084,-0.3279471397399902,0.0151823163032531,-0.0476813912391662,0.5037733924992551,-0.3601337272859715,0.7851770937799675,0.0035935888396866,-0.365277362680393,2.126074424846907,0.6552544208377975
1771355031562156032,26.411155939102173,0.1273297518491745,-2.896623134613037,1.3594568967819214,0.8125573992729187,0.3461797535419464,0.4689454138278961,-0.3300135135650635,0.1074640154838562,-0.0360842049121856,0.5151442293407049,-0.3547737726722366,0.7801334986603321,0.0123950451918772,-0.3534959905806189,2.094224484812862,0.648054151569682
1771355031572187136,26.421187162399292,0.3827262818813324,-2.865161180496216,1.3739900588989258,0.8304157853126526,0.3361332416534424,0.4443239867687225,-0.3245564699172973,0.1573816835880279,-0.0037876069545745,0.5267230607697407,-0.3485350054490731,0.7750389318038162,0.0200180972195988,-0.3428082243817669,2.0620985981940207,0.6385408287535669
1771355031582218240,26.431218147277832,0.5328987240791321,-2.8291804790496826,1.3958724737167358,0.8473395109176636,0.3265128135681152,0.418814092874527,-0.3148993253707886,0.1319527626037597,0.0338989496231079,0.5383987486106824,-0.3415895667785221,0.7698854545537074,0.0268286472092219,-0.3326118278578777,2.0298490529549675,0.6273881519319298
1771355031592249088,26.441249132156372,0.4941575229167938,-2.7552425861358643,1.4333393573760986,0.8632714748382568,0.3165261149406433,0.3931589424610138,-0.3027549982070923,0.0524620115756988,-0.0100258886814117,0.5498232263884382,-0.3342892925522055,0.7647418782551159,0.0333929171620863,-0.3220650534524437,1.9981559012414003,0.6159256264859047
1771355031602281216,26.45128107070923,0.2893916070461273,-2.7253739833831787,1.485762357711792,0.8782723546028137,0.3053129315376282,0.3679967820644378,-0.2620919942855835,-0.0302885472774505,-0.0593725740909576,0.5606819851369378,-0.3270892209293768,0.7596124248666366,0.0404634901374759,-0.3102670305186467,1.9675746179884857,0.6058831626905384
1771355031612312064,26.46131205558777,0.0628791227936744,-2.7140283584594727,1.4952155351638794,0.8924497961997986,0.2926689088344574,0.3433338701725006,-0.2216277122497558,-0.0509086847305297,-0.0486103296279907,0.570950542303191,-0.3203285186795069,0.7543583868879438,0.0484614263534668,-0.2970167790874934,1.9380520961187329,0.5983590262916589
1771355031622343168,26.47134304046631,-0.0864866599440574,-2.7278201580047607,1.4957526922225952,0.905765414237976,0.2791118323802948,0.3188813626766205,-0.2038002610206604,-0.0571117997169494,-0.055362045764923,0.5807663077098885,-0.3140299622257732,0.7488830786440731,0.0571812883214326,-0.2828690722674008,1.9093027977123125,0.5931501898010476
1771355031632375040,26.481374979019165,-0.0274538770318031,-2.7090048789978027,1.4634946584701538,0.9181861281394958,0.265330821275711,0.2941659986972809,-0.1847420334815979,-0.0032153725624084,-0.0336984694004058,0.5903857845792743,-0.3078437834772339,0.7431791178935869,0.0660421925798371,-0.2685470351761396,1.880841486466813,0.5889110714247141
1771355031642405888,26.491405963897705,0.2546260356903076,-2.649455308914185,1.4181804656982422,0.9294899106025696,0.2522754371166229,0.2690823674201965,-0.1679086089134216,0.0218028724193573,-0.1050962507724762,0.5999802459622702,-0.3012417518213326,0.7374242908335962,0.0740433717445099,-0.25503103392649,1.8525875338291429,0.5835087565911755
1771355031652436992,26.501436948776245,0.5413288474082947,-2.5948431491851807,1.36605966091156,0.9396759271621704,0.2402288019657135,0.243513822555542,-0.1460054516792297,0.0340173691511154,-0.171141430735588,0.6096960806261124,-0.2938657592995219,0.7317102061799778,0.080707361044626,-0.2426015502857304,1.8243648495048737,0.5756799687506451
1771355031662467840,26.511467933654785,0.8050486445426941,-2.508288860321045,1.277937889099121,0.9486941695213318,0.2292592674493789,0.2177601009607315,-0.1544590592384338,0.0437967181205749,-0.2180958092212677,0.6194543113328171,-0.2858519516431938,0.7260638468919445,0.0860015168226638,-0.2313166088996286,1.7964246159170008,0.5655916910666926
1771355031672500224,26.52150011062622,0.9279695749282836,-2.3635735511779785,1.199727177619934,0.9564879536628724,0.219223141670227,0.1925408840179443,-0.1702483892440796,-0.0402528047561645,-0.2902581691741943,0.6289707169675911,-0.2775417351961428,0.7205838082305057,0.0901408764481352,-0.2210181669189634,1.7694414295820158,0.5540968008980477
1771355031682531072,26.53153109550476,0.8356305360794067,-2.234086036682129,1.082797646522522,0.963109254837036,0.20985709130764,0.1684646308422088,-0.1482747793197631,-0.1690703779458999,-0.3723373413085937,0.6379539801911397,-0.2695446087826824,0.7152468232981384,0.0937138203105794,-0.2114287900913841,1.7439619141566929,0.5429417765811224
1771355031692562176,26.5415620803833,0.6807765960693359,-2.060394763946533,0.9307825565338136,0.9685664772987366,0.2012995034456253,0.14614237844944,-0.115310251712799,-0.3129480481147766,-0.4567044973373413,0.6461414653215154,-0.2624840812783648,0.7100516174178348,0.0971085698003141,-0.2026844011704003,1.7205519190985104,0.5336260699377935
1771355031702593024,26.55159306526184,0.55314701795578,-1.830808997154236,0.7813302278518677,0.972934067249298,0.1937797665596008,0.1258915364742279,-0.1187012791633606,-0.3920677304267883,-0.5019444227218628,0.6534526288488532,-0.2564682531967018,0.7051026924626256,0.1002690413002986,-0.1950134872218296,1.699475065682289,0.5261813252875368
1771355031712625152,26.561625003814697,0.4380834698677063,-1.5683269500732422,0.6465026140213013,0.9763062000274658,0.1873763799667358,0.1082422733306884,-0.1290314197540283,-0.4106734991073608,-0.5091516971588135,0.6597424846278455,-0.2514427578101703,0.7006409035415551,0.1030474783235573,-0.1884905386216327,1.6812145626251334,0.5202724881106566
1771355031722656000,26.571655988693237,0.3657160401344299,-1.2485913038253784,0.4612632989883423,0.9787710905075072,0.1823489814996719,0.0935749784111976,-0.1573598384857177,-0.4033420085906982,-0.5163654088973999,0.6649336375583489,-0.2474091800249786,0.6968329682011958,0.1052421408571966,-0.1833749647439512,1.6661111863062723,0.5155690621351218
1771355031732687104,26.581686973571777,0.2615071833133697,-0.8914793729782104,0.2766625583171844,0.9803918600082396,0.1789767742156982,0.0824583917856216,-0.1911308765411377,-0.4141451716423034,-0.527175784111023,0.6688670085193141,-0.2444935365604733,0.6938675001958434,0.1067138542811012,-0.1799463299120064,1.6547064246451328,0.5120417916865938
1771355031742719232,26.591719150543213,0.1623100340366363,-0.5020445585250854,0.0970877259969711,0.981269598007202,0.1773377358913421,0.0752426162362098,-0.1898725032806396,-0.4364166855812073,-0.5840774774551392,0.6714417837064987,-0.2427725737313158,0.6918690513470859,0.1074463207100673,-0.178280643838168,1.647325410651404,0.5097460792080919
1771355031752750080,26.601750135421753,0.092410922050476,-0.1606791019439697,-0.0580680407583713,0.9815509915351868,0.1772269457578659,0.0717506781220436,-0.1983174085617065,-0.4723471999168396,-0.6381112337112427,0.6727341605181583,-0.242101056405489,0.6908418175584647,0.1074865178609798,-0.1781680678760133,1.6437658275473346,0.50846080208765
1771355031762781184,26.611781120300293,0.0481481179594993,0.1843302249908447,-0.2191003262996673,0.9812827706336976,0.1786882430315017,0.071794256567955,-0.2524773478507995,-0.3909380435943603,-0.5980393886566162,0.6728376403889647,-0.2423654929308763,0.6907648632539921,0.1067345953228638,-0.1796530686777262,1.6438298765122243,0.5078408805332649
1771355031772812032,26.621812105178833,0.0207198671996593,0.4701201617717743,-0.3501315712928772,0.9805178642272948,0.1815619617700576,0.0749649628996849,-0.2297245264053344,-0.3276038765907287,-0.5164017677307129,0.6718939207476978,-0.2434313820660095,0.6915371594191233,0.1052424803660125,-0.1825745780034144,1.6471023378724357,0.5077220901324289
1771355031782844160,26.63184404373169,-0.047712717205286,0.6921324729919434,-0.4555839896202087,0.9793150424957277,0.1855626404285431,0.0806741714477539,-0.2195342779159546,-0.303772509098053,-0.4158182144165039,0.670082587808014,-0.2451976697131504,0.6929756056287493,0.1032090765259294,-0.186644409157171,1.6529889028071227,0.508194013345896
1771355031792875008,26.64187502861023,-0.1596838980913162,0.8710114359855652,-0.5443490147590637,0.977698564529419,0.1904596388339996,0.0884893983602523,-0.2192758321762085,-0.2514795660972595,-0.3032416105270386,0.6675150349974508,-0.2476932433887233,0.6949048535572157,0.1008902771619138,-0.1916303374001111,1.661058250058569,0.5096462195373423
1771355031802906112,26.65190601348877,-0.3240891098976135,1.0178461074829102,-0.6098793148994446,0.9756969213485718,0.1959004998207092,0.0981752648949623,-0.2043805122375488,-0.2139974385499954,-0.2173157930374145,0.664218097538796,-0.2509884228642744,0.6972033021560788,0.0986237488047234,-0.1971756579076192,1.671079452048828,0.5126626172730028
1771355031812936960,26.66193699836731,-0.4916935265064239,1.1330254077911377,-0.6496080756187439,0.9733178615570068,0.2016607224941253,0.1094783917069435,-0.1952263116836547,-0.2169347256422042,-0.1903804391622543,0.6602518668761408,-0.2550789021213335,0.6997670676082919,0.0965835115480756,-0.2030531815414334,1.6828051310730687,0.5174824396661232
1771355031822968832,26.67196893692017,-0.5897857546806335,1.2372807264328003,-0.6793034076690674,0.9705785512924194,0.2075056582689285,0.1221412643790245,-0.1898016929626464,-0.2025618553161621,-0.1940406709909439,0.6557007496599757,-0.2597983207973388,0.7025492613543609,0.0947935320151184,-0.2090244222709221,1.6959820235261442,0.5238793943836975
1771355031833000192,26.682000160217285,-0.5731444358825684,1.3225297927856443,-0.6994571089744568,0.9674687385559082,0.2134460061788559,0.135811299085617,-0.1777350306510925,-0.1781067252159118,-0.2139210999011993,0.6507383936392828,-0.2647486478701915,0.7055592125890687,0.0929179402259299,-0.2151008980052965,1.7102629541678886,0.5307582367585061
1771355031843031040,26.692031145095825,-0.4883848130702972,1.4175790548324585,-0.7375877499580383,0.9639477133750916,0.2196277529001236,0.1502279341220855,-0.1722149848937988,-0.1421588808298111,-0.2349447011947631,0.645498679250648,-0.2696624906265314,0.708799061861544,0.0906503789362405,-0.221432893817232,1.725399219452357,0.5372771131387327
1771355031853063168,26.70206308364868,-0.346578449010849,1.4975981712341309,-0.8130843639373779,0.9599019885063172,0.2265072166919708,0.1651744842529297,-0.1726858615875244,-0.1377315819263458,-0.2442455440759658,0.6401043362287954,-0.2744351002193544,0.7122307352011773,0.0876309967265318,-0.2284901939878062,1.7412018502346944,0.5427971886989643
1771355031863094016,26.71209406852722,-0.2421369701623916,1.611703395843506,-0.8828844428062439,0.9552591443061828,0.2341389954090118,0.1807182878255844,-0.1678139567375183,-0.1387104839086532,-0.2205741256475448,0.6345217234599868,-0.2790504801373051,0.7158840488258791,0.0838042010740001,-0.2363328578010251,1.7577691047913966,0.5472617683094106
1771355031873125120,26.72212505340576,-0.2395302653312683,1.7544113397598269,-0.958098530769348,0.9498668313026428,0.2424792796373367,0.1973747611045837,-0.1744304299354553,-0.1403674483299255,-0.1988091468811035,0.6285010852439687,-0.2838011389351962,0.7198224020989196,0.079366357638735,-0.2449205877394112,1.7756728669823996,0.5515096924598102
1771355031883155968,26.7321560382843,-0.3892371952533722,1.881707787513733,-1.036204218864441,0.9436309337615968,0.2513331472873688,0.2153889685869217,-0.1770446300506591,-0.1749171316623687,-0.1888844966888427,0.6218700945252713,-0.2890667344308129,0.7239716222710544,0.0747202997879634,-0.2540573838139191,1.7952072611756476,0.5567710598577817
1771355031893188096,26.74218797683716,-0.6255539059638977,2.0062520503997803,-1.0870048999786377,0.936508059501648,0.2602381706237793,0.2350080758333206,-0.1752775907516479,-0.2168726921081543,-0.2053297758102417,0.6144416136677533,-0.295218966906778,0.7282511940843419,0.0704094142055036,-0.2632688502458038,1.8166602492721815,0.5644412947207842
1771355031903218944,26.7522189617157,-0.853948712348938,2.1210334300994873,-1.1191774606704712,0.9284997582435608,0.2687099277973175,0.2562868297100067,-0.1720148921012878,-0.2036465108394622,-0.243423730134964,0.606143233752616,-0.3022585066893955,0.7326549064758118,0.0666848485595325,-0.2720534563231128,1.840112909452254,0.5748890795189484
1771355031913250048,26.76224994659424,-0.956319272518158,2.2492470741271973,-1.139510154724121,0.9195426106452942,0.276736855506897,0.2790308594703674,-0.1717551946640014,-0.1542087495326995,-0.2899866104125976,0.5970576098619828,-0.3099085084442419,0.7372056364097473,0.0632995832341271,-0.2803966688522727,1.8654109210405263,0.5873558782805272
1771355031923280896,26.77228093147278,-0.9446642398834229,2.3763022422790527,-1.1654434204101562,0.9095474481582642,0.2845217287540436,0.3029369711875915,-0.1727005243301391,-0.095328003168106,-0.3198741674423218,0.5873299507035259,-0.3177493444736868,0.7419594561501589,0.0597914697633864,-0.2885074923969304,1.8923039255305316,0.6005604245991736
1771355031933313024,26.782313108444217,-0.7995955944061279,2.4786906242370605,-1.209982991218567,0.8984421491622925,0.2925184071063995,0.3274675011634826,-0.1744735240936279,-0.0653760135173797,-0.318266361951828,0.5772037043267576,-0.3254620759372537,0.7468655729484314,0.0556977327489876,-0.2968593677180131,1.9203154791895145,0.6133728712012583
1771355031943344128,26.79234409332275,-0.5898892283439636,2.616806745529175,-1.229255199432373,0.8861228227615356,0.3010642826557159,0.3523449897766113,-0.1793051362037658,-0.0426108539104461,-0.3009380996227264,0.5668023106880846,-0.3327433940978374,0.751966968608423,0.0506240033447787,-0.3058085318517647,1.9492539887143772,0.6248198305067207
1771355031953374976,26.802375078201297,-0.3277580440044403,2.7524335384368896,-1.2670742273330688,0.8724868893623352,0.3103874921798706,0.3773937225341797,-0.1914719939231872,-0.0113305151462554,-0.3087750077247619,0.5561813501174981,-0.3393981857215922,0.7573016088396547,0.0443326644273063,-0.3156006236840938,1.9790439855436133,0.6343299074461131
1771355031963407104,26.81240701675415,-0.1056472137570381,2.858412265777588,-1.3227404356002808,0.8574349284172058,0.3207528591156006,0.4023958146572113,-0.1982249617576599,0.0133839845657348,-0.3037478923797607,0.5453893029351635,-0.3454924847350226,0.7627796859250903,0.0367753224837745,-0.3265242520943097,2.0095852288619835,0.6420308268240528
1771355031973437952,26.82243800163269,0.0599899515509605,2.9616506099700928,-1.3684983253479004,0.8409282565116882,0.3321528136730194,0.4272168278694153,-0.2124797701835632,0.0095830261707305,-0.23892343044281,0.5344169819703792,-0.3511720964786186,0.7683010914724088,0.0281086800212327,-0.3385850465934058,2.040847307259623,0.6484401218908858
1771355031983469056,26.83246898651123,0.0960227847099304,3.0575411319732666,-1.4306524991989136,0.8228974342346191,0.3441981077194214,0.4520701169967651,-0.2241578698158264,-0.0149745047092437,-0.196134477853775,0.5230819893961041,-0.3566918378168327,0.7738255545313847,0.0187122556972447,-0.3513845735431732,2.0731510060646094,0.6545606340486725
1771355031993499904,26.84249997138977,-0.0375606603920459,3.123301267623902,-1.483598232269287,0.8033505082130432,0.3562408089637756,0.4772003293037414,-0.2168485522270202,-0.0811096131801605,-0.2118348479270935,0.5111895964645962,-0.3624918629302374,0.7792302742833658,0.0092163620795182,-0.3642416525824988,2.1068016995997847,0.6619781509384554
1771355032003532288,26.85253214836121,-0.238186702132225,3.1868114471435547,-1.539906024932861,0.7823526859283447,0.3676466941833496,0.502752423286438,-0.2063487768173217,-0.1443953812122345,-0.2126523852348327,0.4986218102664808,-0.3688277466370691,0.7844375789853197,0.0001048083732115,-0.3764772121899751,2.1419632427622632,0.6717210271892415
1771355032013563136,26.862563133239743,-0.39976567029953,3.231308698654175,-1.5729659795761108,0.7599124908447266,0.3779883086681366,0.5288271307945251,-0.2197664976119995,-0.1716436147689819,-0.2405427098274231,0.4852991975892046,-0.3757107008028189,0.7894650327791645,-0.0084386835604946,-0.3876224168741131,2.1787688899484303,0.6840172134528523
1771355032023594240,26.87259411811829,-0.439106673002243,3.2767233848571777,-1.584635615348816,0.7361766695976257,0.3874944448471069,0.5548803806304932,-0.2276011705398559,-0.1434453129768371,-0.2397252917289734,0.4714666384289092,-0.3827996221655255,0.794295059749955,-0.0167066080372851,-0.3979121465475558,2.2166820439745405,0.6978351342102825
1771355032033625088,26.882625102996823,-0.2757383584976196,3.340529441833496,-1.6012122631072998,0.7110863924026489,0.3969836235046386,0.580310583114624,-0.2487144470214843,-0.0483965575695037,-0.2070652842521667,0.4573853396728489,-0.3896622721844284,0.7989484415396507,-0.0253658499053121,-0.4082280751976211,2.2552716288711445,0.7116769636777377
1771355032043656960,26.892657041549683,0.0114345792680978,3.4394781589508057,-1.6516615152359009,0.6843622922897339,0.4075668752193451,0.6045971512794495,-0.2643945813179016,0.0242416560649871,-0.1812420487403869,0.4432430846611521,-0.3960034339255803,0.8034176180236263,-0.0351718063974082,-0.4197879955884404,2.2943899643588708,0.7243768941410756
1771355032053688064,26.902688026428223,0.2439228594303131,3.5258021354675293,-1.6953203678131104,0.6558961272239685,0.4196829199790954,0.627428412437439,-0.270657479763031,0.0421700477600097,-0.1650719046592712,0.4291113366889775,-0.4017581897699636,0.8076537426236633,-0.0463595453606554,-0.4330959452575244,2.33401536905164,0.7357485216058459
1771355032063718912,26.912719011306763,0.2884868681430816,3.6460280418396,-1.7090351581573486,0.6256997585296631,0.4324848651885986,0.6491966843605042,-0.2851999998092651,0.0273081064224243,-0.1252710223197937,0.4147220283811943,-0.4071747357173908,0.8116693205238787,-0.0583711844903234,-0.447246895573208,2.3746228824151743,0.7469323040084025
1771355032073751040,26.92275094985962,0.0990601181983947,3.6815457344055176,-1.7107113599777222,0.5939900875091553,0.4444200098514557,0.670571506023407,-0.3111990094184875,-0.0365221798419952,-0.037515103816986,0.3997214885700379,-0.4125601907632871,0.815524282889486,-0.0702625678854774,-0.4605267128543354,2.416680301523805,0.7593629499187656
1771355032083781888,26.93278193473816,-0.3193262219429016,3.7272849082946777,-1.6926058530807495,0.5610094666481018,0.4535786211490631,0.6924848556518555,-0.3395586609840393,-0.0762897133827209,0.1063892245292663,0.383682324018793,-0.4183260960039148,0.8192958523876153,-0.0809048134648591,-0.4707766818795275,2.46069945010104,0.7746604769988226
1771355032093813248,26.94281315803528,-0.7615678310394287,3.7303638458251953,-1.627145528793335,0.5270346403121948,0.4587926268577575,0.7153624892234802,-0.3593253493309021,-0.1157751083374023,0.1382750868797302,0.3664375437089792,-0.4245939611786573,0.8230438723645577,-0.0896782611850748,-0.4766358939060283,2.5066334666966372,0.7932292758145523
1771355032103844096,26.95284414291382,-1.059969425201416,3.677115440368652,-1.5379904508590698,0.4926897287368774,0.4601523578166961,0.7385912537574768,-0.335096925497055,-0.0998922884464263,0.0248823761940002,0.3483724861187693,-0.4310726779059802,0.8267236304043436,-0.0966493695570521,-0.4781667942845896,2.553313048430973,0.8138709622877571
1771355032113876224,26.962876081466675,-1.002221941947937,3.652373552322388,-1.4575592279434204,0.4582304060459137,0.4593735039234161,0.76092129945755,-0.3040097057819366,0.0019303262233734,-0.0745808482170105,0.3301106339113363,-0.4372663722306568,0.8302160918671501,-0.1027930872424552,-0.477289755028023,2.5995535985733382,0.8345528556454868
1771355032123907072,26.972907066345215,-0.6558080911636353,3.706862449645996,-1.3995678424835205,0.4232244491577148,0.4591622352600097,0.7810577154159546,-0.3011388480663299,0.1141256988048553,-0.117773413658142,0.3121555241948647,-0.4426281947605968,0.8334321527387816,-0.1096817386998308,-0.4770519277474715,2.645019948974316,0.8532874907876167
1771355032133938176,26.982938051223755,-0.1682135760784149,3.7677974700927734,-1.399059176445007,0.3871671557426452,0.4615541398525238,0.7981664538383484,-0.2871609926223755,0.1724791228771209,-0.1109256744384765,0.2947823101154557,-0.4469750946801107,0.8362394865623788,-0.1184071273263218,-0.479746302928663,2.689959664572289,0.8694798416547326
1771355032143969024,26.992969036102295,0.1902524381875991,3.83974289894104,-1.4107807874679563,0.3498995006084442,0.4670120477676391,0.8120775818824768,-0.2564852237701416,0.1178573369979858,-0.0717211961746215,0.2780089227973571,-0.4504740220904168,0.8385176992277459,-0.1291209764427514,-0.4859086688491896,2.7347609429929536,0.8838084487645511
1771355032154000896,27.00300097465515,0.1346281468868255,3.931208610534668,-1.433518886566162,0.3113413155078888,0.473253846168518,0.8240739107131958,-0.2519998252391815,0.0133032798767089,0.002204954624176,0.2611254401160411,-0.4535696609637151,0.8404234193352782,-0.140629521237859,-0.4929807882096423,2.780362894987334,0.8979647219263943
1771355032164032000,27.01303195953369,-0.2773769795894623,3.9883313179016113,-1.497182011604309,0.2713688313961029,0.4770799577236175,0.8359151482582092,-0.279959499835968,-0.1195512115955352,0.1329418420791626,0.2432111097196266,-0.4569198727097557,0.8421293234471093,-0.1512974180306905,-0.497329176318722,2.827689284945107,0.9139283882717923
1771355032174062848,27.02306294441223,-0.914800763130188,3.974046468734741,-1.5054694414138794,0.2304302304983139,0.4757668972015381,0.8488510251045227,-0.2958599030971527,-0.2322670519351959,0.186457872390747,0.2237612456335675,-0.4608527318321944,0.8438247843578718,-0.1597043176219295,-0.4958357116614431,2.8765192807249083,0.932294399741666
1771355032184095232,27.033095121383667,-1.264922261238098,3.90545105934143,-1.4259003400802612,0.1896635591983795,0.4691947102546692,0.8624871373176575,-0.291332870721817,-0.1946738362312317,0.1351476907730102,0.2032681534773643,-0.4650866182371409,0.8455400695283295,-0.1656456804572522,-0.4883786689121197,2.9251348190392044,0.9516269927207528
1771355032194126080,27.043126106262207,-1.1822367906570437,3.8420252799987793,-1.3306825160980225,0.1495260000228881,0.460513025522232,0.8749681711196899,-0.2840322256088257,0.0070314109325408,0.0598461031913757,0.1827273337716354,-0.4689172353161855,0.8471131670072781,-0.1706649341957384,-0.4785730609426192,2.9723346353516154,0.9697398722553772
1771355032204157184,27.053157091140747,-0.7410372495651245,3.8457729816436768,-1.259235143661499,0.1096997782588005,0.4534982740879059,0.8844801187515259,-0.2857251763343811,0.1770100891590118,-0.0173995494842529,0.1629460356849131,-0.4719215027059821,0.8482512297620133,-0.176659226003995,-0.4706865529723574,3.018195401993272,0.9857807197370948
1771355032214188032,27.063188076019287,-0.046952299773693,3.891723394393921,-1.2142304182052612,0.069656528532505,0.4510852992534637,0.8897584676742554,-0.2920534014701843,0.2617290318012237,-0.0578340291976928,0.1444211849881853,-0.4739826863605014,0.848657561288968,-0.1851035260980843,-0.467981010510514,3.0634649983558773,1.00007359890977
1771355032224220160,27.073220014572144,0.6485739946365356,3.9958343505859375,-1.21260666847229,0.0289552118629217,0.4544950127601623,0.8902783989906311,-0.2905976772308349,0.309924453496933,-0.0764662623405456,0.1272372420759449,-0.4751543739309287,0.8481553577904806,-0.1966504947375269,-0.4718051999866295,3.1090803413837604,1.0134969936816671
1771355032234251008,27.083250999450684,0.9461024403572084,4.1002726554870605,-1.288788080215454,-0.0128849940374493,0.4621097147464752,0.8867294788360596,-0.3153620958328247,0.2189817130565643,-0.0295667648315429,0.1107586586283784,-0.4758216124559881,0.846734036140076,-0.2106369707003217,-0.480372683465777,-3.127062757331521,1.027500856790791
1771355032244282112,27.093281984329224,0.564457893371582,4.147189140319824,-1.3461871147155762,-0.0557075180113315,0.4685764014720917,0.8816649317741394,-0.3285698294639587,-0.0208682119846344,0.1521791219711303,0.0936447574439898,-0.4764923567148915,0.8448594573663967,-0.2244955583774711,-0.4876786443331655,-3.07849208225988,1.042745076400889
1771355032254312960,27.103312969207764,-0.2900181114673614,4.063897609710693,-1.4235647916793823,-0.0985314697027206,0.4688663184642792,0.8777563571929932,-0.3310034573078155,-0.2769564688205719,0.2709101438522339,0.074998813391598,-0.4775398216555427,0.8431096624753788,-0.2355781766310176,-0.4880068286375468,-3.0298068381255243,1.058556721484219
1771355032264345088,27.1133451461792,-0.8661972880363464,3.940641164779663,-1.3474276065826416,-0.1402686983346939,0.4619562923908233,0.8757399916648865,-0.3221946358680725,-0.2799190580844879,0.2183911800384521,0.0549696141557645,-0.4788030729658281,0.8417942824399286,-0.2431217748431055,-0.4801996787301499,-2.9827700612816668,1.073267798276601
1771355032274376192,27.12337613105774,-0.8129934668540955,3.853165864944458,-1.2636758089065552,-0.1804234236478805,0.4521510899066925,0.8735024333000183,-0.2976954579353332,-0.0192440152168273,0.1492940783500671,0.0348224251028885,-0.479718469981198,0.8406077598083634,-0.2490704847124383,-0.46917555817328,-2.9379053817810363,1.0860020369518075
1771355032284407040,27.13340711593628,-0.3424277901649475,3.8339900970458984,-1.19801127910614,-0.219491571187973,0.4445179998874664,0.8684621453285217,-0.2995360791683197,0.200928658246994,0.0766516923904419,0.0156727184290684,-0.4800998030382739,0.83888930489393,-0.2559748142040493,-0.4606361110215899,-2.8940406933986953,1.0979390335467405
1771355032294439168,27.143439054489136,0.3848514854907989,3.852778673171997,-1.1706116199493408,-0.2580858170986175,0.4418267905712127,0.8591742515563965,-0.3058789670467376,0.3005895018577575,0.0305655598640441,-0.0019866014359733,-0.4800582730326381,0.8361406492068093,-0.2653466021742888,-0.4576339836925461,-2.8497797400173956,1.1107907447761056
1771355032304470016,27.153470039367676,1.0928672552108765,3.8978159427642822,-1.180477261543274,-0.2964229881763458,0.4449446499347687,0.8450788259506226,-0.3079777061939239,0.3405779302120209,0.0088184475898742,-0.0179869799686454,-0.4797532682804419,0.8320914711914805,-0.2777358531669535,-0.461112448679905,-2.8042376244437666,1.1259211215621563
1771355032314501120,27.163501024246216,1.5574257373809814,3.963042736053467,-1.2446980476379397,-0.3348152041435241,0.4524142742156982,0.8265714645385742,-0.3307732343673706,0.2529385387897491,0.0139743089675903,-0.0328193999679262,-0.4793429196677303,0.8267503175634557,-0.2926384009130551,-0.4694706696137793,-2.7567275089545333,1.1439797407648902
1771355032324531968,27.173532009124756,1.601405143737793,4.01256799697876,-1.343036413192749,-0.3734001219272613,0.4609743356704712,0.8050310611724854,-0.3505531251430511,0.1056607961654663,0.0308148860931396,-0.0473918234878158,-0.4789870739156003,0.820418748706659,-0.3086073257634581,-0.4790928299028126,-2.7072947921999235,1.1645598336967882
1771355032334564096,27.183563947677612,1.2603422403335571,4.0166168212890625,-1.4513697624206543,-0.411898136138916,0.4670062363147735,0.7824608683586121,-0.364072322845459,-0.058848887681961,0.0926153659820556,-0.0625944835608971,-0.4787360656344737,0.8136597658675337,-0.3238077677497293,-0.48590209603106,-2.6570380384673205,1.186002599789256
1771355032344594944,27.193594932556152,0.7455325126647949,3.9561197757720943,-1.511036038398743,-0.4497337341308594,0.4684279263019562,0.7604702711105347,-0.3876839280128479,-0.1669294536113739,0.1870853900909423,-0.0788385013735817,-0.4785084215360241,0.8070098111157711,-0.3369709349716099,-0.4875105713721441,-2.607528845747907,1.2062867353652946
1771355032354626304,27.20362615585327,0.3240498304367065,3.86254358291626,-1.5234607458114624,-0.4862907826900482,0.4652024209499359,0.7396673560142517,-0.3826208710670471,-0.1351091265678405,0.2109246253967285,-0.0959704154218824,-0.4781578552320544,0.8007488583425595,-0.3477872233357877,-0.4838632769511448,-2.5600012980924394,1.2240610879919267
1771355032364657152,27.21365714073181,0.208313912153244,3.776835203170776,-1.486737847328186,-0.521221935749054,0.4593862891197204,0.7192301750183105,-0.3637878894805908,-0.0061849355697631,0.1971058249473571,-0.1133243104529301,-0.4775614507460258,0.7947013006727449,-0.3571309967467014,-0.4773041453609751,-2.5144849344534936,1.2396558828341688
1771355032374689024,27.223689079284668,0.3742452561855316,3.700392723083496,-1.4371296167373655,-0.554542064666748,0.4534448981285095,0.6977612376213074,-0.3562092185020447,0.1594701111316681,0.1671374440193176,-0.1301959194384615,-0.476730944352582,0.7884213473898698,-0.3662900166342507,-0.4706266409823074,-2.470064372345881,1.254635058318943
1771355032384720128,27.233720064163208,0.6907720565795898,3.618710517883301,-1.376542091369629,-0.5861206650733948,0.4490447640419006,0.6744042038917542,-0.3462217450141907,0.2444213330745697,0.1422308087348938,-0.1459637209782091,-0.4758290062410607,0.7815298105469762,-0.3761547456382819,-0.4656959518706299,-2.4261174067031552,1.2706338209957115
1771355032394750976,27.243751049041748,0.9716435074806212,3.4857630729675293,-1.3488543033599854,-0.6158501505851746,0.4464257955551147,0.649178147315979,-0.3408605456352234,0.269897997379303,0.1649392247200012,-0.1604482648442519,-0.4749557007364703,0.7739548756706451,-0.3868684399970604,-0.4627670146058184,-2.3825340201170166,1.288224284764029
1771355032404782080,27.253782033920288,1.10128915309906,3.3649914264678955,-1.3125722408294678,-0.6437162756919861,0.4447259902954101,0.6227748990058899,-0.3329988718032837,0.2146978974342346,0.2212498784065246,-0.1738361787014317,-0.4742026344668046,0.765845481405539,-0.3979870277659338,-0.4608683045086398,-2.3396610074847595,1.3070768281637015
1771355032414813952,27.263813972473145,1.043018102645874,3.193429946899414,-1.277887225151062,-0.6695812940597534,0.4427822530269623,0.5963260531425476,-0.3050127625465393,0.1363497972488403,0.2779415249824524,-0.1864465306419449,-0.4734875278341755,0.7576097777133041,-0.4087476704383199,-0.4586993150329281,-2.2983911717903407,1.3258115797473544
1771355032424845056,27.273844957351685,0.8855071663856506,2.997680902481079,-1.244200348854065,-0.6932994723320007,0.4398446083068847,0.5708526372909546,-0.263274073600769,0.08762127161026,0.3192687630653381,-0.1984585977586702,-0.4727808554048878,0.7496029528829047,-0.4185545582191062,-0.4554256450507055,-2.259634887435213,1.3432657937933024
1771355032434875392,27.283875465393063,0.717972457408905,2.7877566814422607,-1.2048667669296265,-0.7148944735527039,0.4356957674026489,0.5468956828117371,-0.2262064814567566,0.0836828649044036,0.3382056355476379,-0.2099827984962909,-0.4720336075745265,0.742045902924837,-0.4271525704369692,-0.4508111113653899,-2.2238297687558948,1.3587325127710486
1771355032444907520,27.293907403945923,0.558003306388855,2.5768585205078125,-1.1380491256713867,-0.7344020009040833,0.4306369125843048,0.5246003270149231,-0.1935002207756042,0.0928005278110504,0.3389860987663269,-0.2209353616538449,-0.4712599616405576,0.7349926514728811,-0.4346117586967643,-0.4451983644018821,-2.191070569719476,1.372210141855959
1771355032454938624,27.30393862724304,0.4143427014350891,2.360098361968994,-1.0498113632202148,-0.7518429160118103,0.4249982833862304,0.5040919780731201,-0.1562839150428772,0.1127366721630096,0.3479740619659424,-0.2312624189792,-0.4703869731690348,0.7285479215535191,-0.4409894884573102,-0.4389599986571572,-2.161430899108845,1.3835239578969345
1771355032464969728,27.313969612121586,0.333988219499588,2.127593517303467,-0.9463071227073668,-0.767219066619873,0.419238269329071,0.4854008555412292,-0.1102833151817321,0.136929303407669,0.3574640452861786,-0.2407899077034104,-0.4694498654500729,0.7227151987971112,-0.4464523867088922,-0.432606134735095,-2.134896217586741,1.392970651369059
1771355032475000576,27.32400059700012,0.2852537930011749,1.88804030418396,-0.8563125133514404,-0.7805911898612976,0.4137177467346191,0.4685243666172027,-0.0629146695137023,0.1727995872497558,0.3777281045913696,-0.2493466740400911,-0.4685606447970304,0.7174350837037022,-0.4511807640797098,-0.4265339036356598,-2.1113756004424507,1.401075846167872
1771355032485032448,27.33403253555298,0.274711936712265,1.6337144374847412,-0.7603838443756104,-0.7920628786087036,0.4086478948593139,0.4534789621829986,-0.0187891125679016,0.2000099122524261,0.4025696218013763,-0.2568399857285777,-0.4678051068961091,0.7126695365648824,-0.4552951888073713,-0.4209721377355953,-2.0907715968075564,1.4082199937828652
1771355032495063552,27.34406352043152,0.2252204567193985,1.3478575944900513,-0.6601102352142334,-0.801649272441864,0.4040738046169281,0.4405481517314911,0.0265638828277587,0.215692400932312,0.4339635074138641,-0.2632055071552018,-0.4672425610370562,0.7084902764294959,-0.4587469059667483,-0.4159660759357173,-2.073295729722924,1.414406659520445
1771355032505094656,27.35409450531006,0.1423130482435226,1.080012321472168,-0.5490694642066956,-0.8093973398208618,0.3999913036823272,0.4299799799919128,0.062922179698944,0.2168909907341003,0.4627507627010345,-0.2684739201211637,-0.4668351282221855,0.7050212392256975,-0.4614452601769329,-0.4115073584984903,-2.0591183579815864,1.419357681263436
1771355032515125504,27.3641254901886,0.0646882131695747,0.8206987977027893,-0.434347927570343,-0.8154246807098389,0.3964206576347351,0.4218215048313141,0.0867410898208618,0.2331112623214721,0.4746933579444885,-0.2727249965867756,-0.4665138140324066,0.7023358313602696,-0.4633685065912727,-0.4076147720433822,-2.048190203786392,1.4228731434938615
1771355032525157376,27.374157428741455,-0.0007794769480824,0.5925103425979614,-0.3265950977802276,-0.8198807239532471,0.3934689164161682,0.415906012058258,0.100123643875122,0.2550448775291443,0.4763363599777221,-0.2760147550293654,-0.4662296090103695,0.7004162752527562,-0.4646104395643998,-0.4044018452048179,-2.040247964636381,1.425030296588376
1771355032535188480,27.384188413619995,-0.0558024272322654,0.3905445039272308,-0.2356268465518951,-0.8230184316635132,0.3910457789897918,0.4119755327701568,0.1021627187728881,0.2606265842914581,0.472057580947876,-0.2784551052927471,-0.4660283147481883,0.6991461815977,-0.465268735926414,-0.4017675922330071,-2.034897109171172,1.4261273231486482
1771355032545219328,27.394219398498535,-0.066946692764759,0.2218151539564132,-0.1548923254013061,-0.8250482082366943,0.3891599178314209,0.4096945822238922,0.0984401106834411,0.2796174883842468,0.4723395705223083,-0.2801384206406847,-0.4659078933642108,0.6984104247775185,-0.4654836847048494,-0.3997194389014377,-2.0316965346792215,1.426446384615597
1771355032555251712,27.40425157546997,-0.06259286403656,0.087012194097042,-0.0869617387652397,-0.8261505961418152,0.387928694486618,0.4086398482322693,0.0960175991058349,0.3027756214141845,0.4657040536403656,-0.2811005985327708,-0.4658776986934696,0.6980529301877104,-0.4654702129094136,-0.3983832321333484,-2.0301396750459424,1.426439087552208
1771355032565282560,27.41428256034851,-0.0542102977633476,-0.0245790481567382,-0.0322891734540462,-0.8264898657798767,0.3872630000114441,0.4085854887962341,0.0885442495346069,0.3033192455768585,0.4545888900756836,-0.2814575531263225,-0.4659238586395408,0.698002656054456,-0.4652837472845429,-0.3976610944558378,-2.0299236935519676,1.4261970705609708
1771355032575313664,27.42431354522705,-0.0372390411794185,-0.1233743354678154,0.0214677993208169,-0.8261765837669373,0.3870702385902405,0.4094008207321167,0.0784652829170227,0.2966456413269043,0.4475023150444031,-0.2812981765756059,-0.4660384310461083,0.6982181491332149,-0.4649419118825692,-0.3974520252464008,-2.0308669138167317,1.4257468798972122
1771355032585344512,27.43434453010559,-0.0685514211654663,-0.2264120429754257,0.0910655185580253,-0.8252201080322266,0.3873496353626251,0.4110623002052307,0.071969985961914,0.3007607161998749,0.4453678131103515,-0.2806633400823143,-0.4661675487273117,0.6987266788962064,-0.4644319027907004,-0.3977550636899042,-2.032942377154708,1.4249529641513088
1771355032595376384,27.444376468658447,-0.0942573174834251,-0.3424000144004822,0.1697190552949905,-0.8235341906547546,0.3880936205387115,0.413733035326004,0.0663625001907348,0.2833847105503082,0.4502654671669006,-0.279551765479551,-0.4662567023497326,0.6996221926737484,-0.4636640914751911,-0.398562166705588,-2.03635187126823,1.423522272687903
1771355032605407488,27.454407453536987,-0.123254083096981,-0.469019740819931,0.2453067600727081,-0.8210344910621643,0.3893485963344574,0.4175049662590027,0.0602311491966247,0.2680458426475525,0.4326385855674743,-0.2779006408000375,-0.466318257626132,0.700927785310815,-0.4626217571042944,-0.3999242839208102,-2.0412294125028696,1.4214433179377328
1771355032615438336,27.464438438415527,-0.1102107167243957,-0.6048095226287842,0.327463686466217,-0.817660927772522,0.3911872804164886,0.4223775565624237,0.051135778427124,0.2610648572444916,0.4053963720798492,-0.2756252142269213,-0.4664035178783512,0.7026069569391957,-0.4613478614860147,-0.4019213413725975,-2.047610400742292,1.4189034089782926
1771355032625469440,27.474469423294067,-0.0695551633834838,-0.7578363418579102,0.399006575345993,-0.8133195042610168,0.3937914967536926,0.4282983839511871,0.0482744574546813,0.259040504693985,0.390930712223053,-0.2725887545472524,-0.4665655358988502,0.7046032847807359,-0.4599414585260797,-0.4047527369628456,-2.0555009401150808,1.4161984804967696
1771355032635501568,27.484501600265503,-0.0670016407966613,-0.9342594742774964,0.4739756286144256,-0.8079056143760681,0.3970702886581421,0.4354583323001861,0.049436867237091,0.2407471239566803,0.3940858244895935,-0.2687319824879715,-0.4668759606504462,0.7069342277191063,-0.458316536554826,-0.4083224901896411,-2.0651523484454666,1.4133064611329866
1771355032645532672,27.494532585144043,-0.0516993813216686,-1.1267863512039185,0.5434862375259399,-0.8013184666633606,0.4008999466896057,0.4440359473228454,0.0355713963508605,0.2133730947971344,0.4094490706920624,-0.2640447645702904,-0.4673545772667554,0.7096461603125698,-0.4563577180535939,-0.4124989783467544,-2.0768061293024696,1.410044663304847
1771355032655563520,27.504563570022583,-0.0436881482601165,-1.306697130203247,0.6148301959037781,-0.7934902906417847,0.405320405960083,0.4539695382118225,0.0233029723167419,0.1967303454875946,0.4023536145687103,-0.2584900646029953,-0.468005126421096,0.7127102955043176,-0.4540903713563242,-0.4173292996295037,-2.090461479605941,1.4064716826681871
1771355032665595648,27.51459550857544,-0.0952778458595275,-1.4799259901046753,0.696286678314209,-0.7844013571739197,0.4101807475090027,0.4652592241764068,0.0133442878723144,0.1852782070636749,0.3745845258235931,-0.2521751083606905,-0.4687419372043621,0.7161777784934709,-0.4514178360739927,-0.4226522414762277,-2.1061558798966753,1.402230358613642
1771355032675626496,27.52462649345398,-0.2228039354085922,-1.659216284751892,0.7731849551200867,-0.7739313244819641,0.4151961207389831,0.4781660735607147,-0.0124457478523254,0.1560319364070892,0.3729692101478576,-0.2452277414416536,-0.4694396532943545,0.7202148585575092,-0.4480852972326928,-0.4281583790607762,-2.1242306034375753,1.3965774330061145
1771355032685657600,27.53465747833252,-0.4207172989845276,-1.8468661308288576,0.8543927073478699,-0.7619709372520447,0.4199187755584717,0.4930197298526764,-0.037147045135498,0.1040985286235809,0.3845742642879486,-0.2377918512304201,-0.4700341762317152,0.7249674090509355,-0.4437850380900965,-0.4333558308167812,-2.1450823896732443,1.3888192112258666
1771355032695688448,27.54468846321106,-0.6255236864089966,-2.0373895168304443,0.9449489712715148,-0.748414158821106,0.4240759611129761,0.5099373459815979,-0.0544728636741638,0.0944787561893463,0.3828087449073791,-0.2299614788311887,-0.470439369623774,0.730517264509145,-0.4383481897842632,-0.4379413256335032,-2.1689004414997872,1.3785023258778526
1771355032705720320,27.554720401763916,-0.7832036018371582,-2.205284833908081,1.0246925354003906,-0.7331598997116089,0.4276750087738037,0.5287448763847351,-0.0775550007820129,0.104307472705841,0.3518705368041992,-0.2216804086847361,-0.470658490755552,0.7367855967645661,-0.4318397051190463,-0.4419191309322977,-2.1956002023971193,1.3658199500990755
1771355032715751680,27.564751625061035,-0.8632802367210388,-2.372708559036255,1.0997869968414309,-0.716206431388855,0.4309512972831726,0.5489345788955688,-0.0989180207252502,0.10606649518013,0.2965548634529114,-0.2128489745235192,-0.4707199987801358,0.7435657125730004,-0.4245326528065916,-0.4455467418161608,-2.2247409620495184,1.3514044510486554
1771355032725782528,27.574782609939575,-0.8536635637283325,-2.5302844047546387,1.156920075416565,-0.697537899017334,0.4341421723365783,0.5700539350509644,-0.119875431060791,0.1362161040306091,0.2689353227615356,-0.2033107936423668,-0.4707504524119823,0.7506137281376208,-0.4166986586295623,-0.4490858082498307,-2.255959728352153,1.336073476951725
1771355032735813632,27.584813594818115,-0.7923479080200195,-2.673999786376953,1.1932200193405151,-0.6772290468215942,0.4374559223651886,0.5916025042533875,-0.1421681046485901,0.1513808071613311,0.2676352262496948,-0.1929789340797983,-0.4708629318593192,0.7576868381661548,-0.408604948930007,-0.4527675863813745,-2.288812083382998,1.3205843748851211
1771355032745845504,27.59484553337097,-0.7277670502662659,-2.802370309829712,1.2317376136779783,-0.6553102731704712,0.4409841299057007,0.6132713556289673,-0.160409390926361,0.1371714174747467,0.258127748966217,-0.1818410896241819,-0.4710775154681553,0.7646709391726709,-0.4003726330102271,-0.4566948918780731,-2.323068073124974,1.3052098388613655
1771355032755876608,27.60487651824951,-0.6836815476417542,-2.9261977672576904,1.2577955722808838,-0.6318383812904358,0.4445831477642059,0.6349220275878906,-0.1810582876205444,0.1303374767303466,0.2315177321434021,-0.1700012299925612,-0.47135265776156,0.7715488895175423,-0.391967513999631,-0.4607088220420404,-2.3586287692175194,1.289827217917696
1771355032765907456,27.61490750312805,-0.6522660851478577,-3.0508978366851807,1.2825440168380735,-0.606772780418396,0.4481756389141083,0.6564795970916748,-0.2072073221206665,0.1344812214374542,0.2278435230255127,-0.1574753233361388,-0.4716846693193887,0.7783015959454681,-0.3833559019911382,-0.4647234847839345,-2.395522481016225,1.2743953328596545
1771355032775939584,27.624939441680908,-0.638331949710846,-3.162961721420288,1.3113917112350464,-0.5800979137420654,0.451614648103714,0.6778869032859802,-0.238856554031372,0.1383053660392761,0.2338563203811645,-0.1443376565719507,-0.4720103464697902,0.7849520227386888,-0.3744639021349141,-0.4685742368359517,-2.4337730799714623,1.2586904519713094
1771355032785970432,27.63497042655945,-0.6685921549797058,-3.2711181640625,1.3538470268249512,-0.5518199801445007,0.4546802639961242,0.6991139650344849,-0.2694994807243347,0.1252604722976684,0.2242410778999328,-0.1306884536572354,-0.4722637007957425,0.7915326754008016,-0.3651896480053024,-0.4720131786687844,-2.4734020049140626,1.242461424279587
1771355032796001536,27.64500141143799,-0.7458559274673462,-3.3605833053588867,1.3921797275543213,-0.52193683385849,0.4570731818675995,0.720184862613678,-0.3016105890274048,0.1191139221191406,0.2142786979675293,-0.1166551193375272,-0.4723441843096409,0.7981123958630048,-0.3553859903190658,-0.4747017485535668,-2.514463974377449,1.2253404264620216
1771355032806032384,27.65503239631653,-0.85166335105896,-3.4630937576293945,1.4181005954742432,-0.4904672801494598,0.4584073424339294,0.7411509156227112,-0.3322408497333526,0.108685553073883,0.2002096176147461,-0.1023493564018722,-0.4722426614270751,0.8047125747283926,-0.3448901007665731,-0.4762023270424935,-2.556991634989308,1.207193864727677
1771355032816064512,27.665064573287964,-0.9114418029785156,-3.5679855346679688,1.4614917039871216,-0.457318902015686,0.4586275219917297,0.7619187235832214,-0.3451408147811889,0.1130887866020202,0.2006819248199463,-0.0877309757845328,-0.4719540161551503,0.8113068312148353,-0.3336823298476922,-0.4764501060063658,-2.601011358097945,1.1881041549069191
1771355032826095616,27.675095558166504,-0.8983198404312134,-3.664238452911377,1.4765417575836182,-0.4225481152534485,0.4580476284027099,0.7820775508880615,-0.3540631532669067,0.1214353442192077,0.1983300447463989,-0.0726967242672151,-0.4715299576072633,0.8177397305861597,-0.3219881483509834,-0.4757976396411689,-2.646235440412313,1.1685949562076945
1771355032836126464,27.685126543045044,-0.7920030355453491,-3.732368707656861,1.478332757949829,-0.3864004015922546,0.4572952389717102,0.800984263420105,-0.3692300319671631,0.13306725025177,0.1559706926345825,-0.0571397316779232,-0.4710353015175601,0.8237826549941665,-0.3102304343769755,-0.4749514149445781,-2.6921182318093195,1.1493942228235452
1771355032846157568,27.695157527923584,-0.5910235643386841,-3.780837297439575,1.4706529378890991,-0.3491071462631225,0.4570980668067932,0.8180378079414368,-0.3690325617790222,0.163339614868164,0.1390087604522705,-0.0409491409282943,-0.4704754471829813,0.8292597724643139,-0.2988383241121256,-0.4747297178560966,-2.7382308573065997,1.130970932520711
1771355032856189440,27.70518946647644,-0.3768297135829925,-3.808261632919311,1.4484089612960815,-0.310956746339798,0.4579321146011352,0.8328291773796082,-0.3712485134601593,0.1607966423034668,0.1561846137046814,-0.0240974878188388,-0.4698981913610147,0.8340325395785818,-0.2881055658168654,-0.4756676725823881,-2.784248293529958,1.1136596200319544
1771355032866220544,27.71522045135498,-0.2218153625726699,-3.8305001258850098,1.419557809829712,-0.2722048163414001,0.4596137106418609,0.8453757166862488,-0.3797727823257446,0.1409265697002411,0.1473001837730407,-0.0067494804917628,-0.4692809073871293,0.8381308361703159,-0.2779688352993784,-0.4775601853406147,-2.830083139548687,1.0972562194872513
1771355032876251392,27.72525143623352,-0.1663408279418945,-3.846005916595459,1.41235613822937,-0.2328936755657196,0.4616158604621887,0.8559620976448059,-0.378770112991333,0.0987173020839691,0.1325021386146545,0.0109285374223926,-0.4685789203543706,0.8416738282063818,-0.268140746230206,-0.4798158879792527,-2.87593934318603,1.0813253001694263
1771355032886283520,27.735283613204956,-0.1946856528520584,-3.885281801223755,1.4188790321350098,-0.192956805229187,0.4631521999835968,0.8650187849998474,-0.370977520942688,0.0721718668937683,0.1362170577049255,0.0287420007733351,-0.4677123295095786,0.8448399718584194,-0.2581945917708519,-0.4815485751149701,-2.9221192066129644,1.065315096013013
1771355032896314624,27.745314598083496,-0.3348614871501922,-3.942791700363159,1.4438802003860474,-0.1521504819393158,0.4633491635322571,0.8730165958404541,-0.3682658076286316,0.0533134937286376,0.1887358427047729,0.0465698596748253,-0.4666421658926372,0.8477932366505965,-0.2476348217677768,-0.481770837412116,-2.9690444015797812,1.0488174101091108
1771355032906345728,27.755345582962036,-0.4879218637943268,-3.996394634246826,1.4659016132354736,-0.110489547252655,0.461639404296875,0.8801599740982056,-0.4026788473129272,0.044601559638977,0.208325982093811,0.0642788942412373,-0.4653762412751485,0.8505909390061627,-0.2361955939738953,-0.4798424283156705,-3.016712421160133,1.0318478091166363
1771355032916376576,27.765376567840576,-0.6276859045028687,-4.055664539337158,1.4803266525268557,-0.0680426955223083,0.4579786360263824,0.8863555192947388,-0.4218559861183166,0.0557695925235748,0.1667146682739257,0.0818604282723534,-0.4639335035283006,0.8531960272316039,-0.2238776427747752,-0.4757200022938929,-3.0649761021250552,1.014663243039936
1771355032926408448,27.775408506393433,-0.6645895838737488,-4.110673427581787,1.4855948686599731,-0.0248449444770813,0.4528461098670959,0.8912425637245178,-0.4170495867729187,0.072422444820404,0.1624226570129394,0.0994614252151019,-0.4623215703459676,0.8554998769233548,-0.2109174990407352,-0.4699549430025109,-3.1137231224876114,0.997575292854317
1771355032936439552,27.785439491271973,-0.5628044605255127,-4.146941661834717,1.48478901386261,0.0188518706709146,0.4473126828670501,0.894179105758667,-0.4225231409072876,0.1089617908000946,0.1331342458724975,0.1172815250532349,-0.4605052401753828,0.857335686336482,-0.1978776648311687,-0.4637583929176146,3.1205128969788123,0.9808476972942544
1771355032946470400,27.795470476150513,-0.3195215165615082,-4.172147274017334,1.4832981824874878,0.062823049724102,0.4426570534706116,0.8944874405860901,-0.4249141216278076,0.1630862653255462,0.0996683239936828,0.1355765986560001,-0.4583932874413261,0.8585565255922062,-0.1854055293760688,-0.4585596969298843,3.0714742230814984,0.9644439409519012
1771355032956501504,27.805501461029053,-0.0266072563827037,-4.169973850250244,1.4954164028167725,0.1068200320005416,0.4398974180221557,0.8916722536087036,-0.4145593047142029,0.1886272728443145,0.0902459025382995,0.1545207258816942,-0.4558688822302447,0.85908072594041,-0.1740319710785049,-0.455484428292119,3.0223634389512735,0.9480635879623572
1771355032966533376,27.81553339958191,0.1490971893072128,-4.156269073486328,1.5239382982254028,0.1505851149559021,0.4386245310306549,0.8859642148017883,-0.4028586745262146,0.1718338131904602,0.0741187930107116,0.1739053832889349,-0.4528309161791884,0.8590263462577783,-0.1636300641852899,-0.4540675511718069,2.973234097645362,0.931272286713217
1771355032976564736,27.82556462287903,0.1736281067132949,-4.158160209655762,1.5375070571899414,0.1940990835428238,0.43751260638237,0.8780140280723572,-0.3879924714565277,0.1001156866550445,0.1046216487884521,0.193422365414757,-0.449384878856054,0.8585221312839003,-0.1535606589132171,-0.4528306301404846,2.9240257507100846,0.914138869073846
1771355032986595584,27.83559560775757,0.0998588055372238,-4.139320373535156,1.5484247207641602,0.2372169494628906,0.435411274433136,0.8684157133102417,-0.3964728713035583,0.0292190015316009,0.0858845114707946,0.2127532317290149,-0.4457003919679138,0.8576473683140894,-0.1432773519868327,-0.4504950923864229,2.8749373187099496,0.8970860012897619
1771355032996626688,27.84562659263611,-0.0021510939113795,-4.12618350982666,1.567129135131836,0.2797668576240539,0.4318021535873413,0.8574832677841187,-0.391659528017044,0.0149904787540435,0.0417019128799438,0.2317046965235928,-0.4418113867682404,0.8564720326518482,-0.1325569383734824,-0.4464898621018676,2.8262169570777957,0.8803271550097671
1771355033006658560,27.855658531188965,-0.0886178091168403,-4.104152202606201,1.5541800260543823,0.3216480314731598,0.4266883432865143,0.8452687859535217,-0.3779529631137848,0.0203178226947784,0.0340340137481689,0.2502599927487662,-0.4377805801628375,0.8549751731524017,-0.121389732545762,-0.4408278800194696,2.7779847678645746,0.8641336409391592
1771355033016689664,27.865689516067505,-0.1500298678874969,-4.084980487823486,1.5304672718048096,0.3626487851142883,0.4203585088253021,0.8317355513572693,-0.3811730444431305,0.0102138817310333,0.0246637463569641,0.2684263705928528,-0.4337108284894157,0.8530900767189605,-0.1099061385647776,-0.4338404085355475,2.7304297044970243,0.848840343215612
1771355033026720512,27.875720500946045,-0.1288665235042572,-4.06354284286499,1.510787010192871,0.4027055501937866,0.4133219718933105,0.8166963458061218,-0.3905748724937439,0.0020374655723571,-0.0039981603622436,0.286319914336589,-0.4295408597251637,0.8507895374811452,-0.0983496877163247,-0.4260992315650166,2.683487579855521,0.8342891188361532
1771355033036752384,27.8857524394989,-0.0567055940628051,-4.0032877922058105,1.4937103986740112,0.4416176676750183,0.4062349796295166,0.7999669909477234,-0.3975044190883636,0.0411069989204406,-0.0606633424758911,0.3040252826952938,-0.4251491543180479,0.8480752927241597,-0.0870929675988544,-0.4183299398130483,2.6371808659703206,0.8200993025857986
1771355033046783488,27.89578342437744,0.0266843698918819,-3.945502758026123,1.4891982078552246,0.4791438579559326,0.3991947770118713,0.7817061543464661,-0.39555624127388,0.0636195242404937,-0.0859054923057556,0.3214541956686635,-0.4204796779306439,0.8450147493478833,-0.0762500662270719,-0.4106384413138467,2.5917081963128634,0.8060959197925546
1771355033056814336,27.90581440925598,0.1329847127199173,-3.8714613914489746,1.4816888570785522,0.5153398513793945,0.3924170434474945,0.7618621587753296,-0.3960008025169372,0.0619897544384002,-0.0525267124176025,0.3387057897309777,-0.4154531611173502,0.841623290942015,-0.0659346497571512,-0.4032579662195353,2.546867179453244,0.791965546828988
1771355033066845440,27.91584539413452,0.1988793015480041,-3.773148775100708,1.4917765855789185,0.5499547123908997,0.3857381939888,0.7407805323600769,-0.4188207387924194,0.0381966829299926,-0.1155974268913269,0.3556091197058464,-0.4100647230774332,0.8379959373792636,-0.0561414942056221,-0.3960078101303437,2.502973982805994,0.7776926224435458
1771355033076877568,27.925877571105957,0.2298619896173477,-3.700639247894287,1.50270414352417,0.583060085773468,0.3787758946418762,0.718728244304657,-0.4066531062126159,0.0064170956611633,-0.1321497559547424,0.3720999196274326,-0.4043544982405429,0.8341831714397999,-0.0466656094141288,-0.3884732684199367,2.4600363871356987,0.7634252905120085
1771355033086908672,27.935908555984497,0.2632977068424225,-3.6138854026794434,1.4970592260360718,0.6146746277809143,0.3715612590312958,0.695785403251648,-0.3953905701637268,0.0078179836273193,-0.1285094618797302,0.3882030637958193,-0.3983888156299312,0.8301680955264364,-0.0374922560794479,-0.3806901159068645,2.4180105565974075,0.7492803525258372
1771355033096939520,27.945939540863037,0.227725863456726,-3.5315933227539062,1.4965988397598269,0.6446951627731323,0.3637954890727997,0.6723251342773438,-0.4013174772262573,0.0063979923725128,-0.1273574829101562,0.4037662641112963,-0.3922699943634679,0.8260065476320712,-0.0284650925825855,-0.3723393559338697,2.3771705723203413,0.7355948390837109
1771355033106970624,27.955970525741577,0.1937173008918762,-3.4419820308685303,1.4555789232254028,0.6731634736061096,0.3554490208625793,0.6484649777412415,-0.4086676836013794,-0.0083115994930267,-0.0673035979270935,0.4187930750025976,-0.3861344552761951,0.8216645665623055,-0.0194897987331058,-0.363394421316511,2.337508704761226,0.7227036485991892
1771355033117002496,27.966002464294434,0.0607497543096542,-3.355775833129883,1.4254056215286257,0.6998869776725769,0.3463728427886963,0.6246474981307983,-0.4199796319007873,-0.0652600824832916,-0.0891401767730712,0.4330907748970781,-0.3802067951196948,0.8171698406678118,-0.0104291214767244,-0.3537018192997498,2.2994509987932346,0.711223906210809
1771355033127033600,27.976033449172977,-0.0232506096363067,-3.3063547611236572,1.3743807077407837,0.7251696586608887,0.3364249169826507,0.6007888913154602,-0.4062762260437011,-0.0884695947170257,-0.0319411754608154,0.4467710829758648,-0.374532615664571,0.8124775442988691,-0.0010857132963904,-0.343117941179359,2.2626637476894667,0.7013365474939188
1771355033137064448,27.986064434051514,-0.0185798667371273,-3.223087787628174,1.3148785829544067,0.7489042282104492,0.3263518810272217,0.5767472386360168,-0.4011409878730774,-0.0722929239273071,-0.100428819656372,0.4599565327204341,-0.3690830954942046,0.8075588413689191,0.0081557350841729,-0.3324415710327599,2.227051306396747,0.6926495437830812
1771355033147096576,27.99609661102295,0.0904816389083862,-3.1515088081359863,1.2962851524353027,0.771172046661377,0.3165537118911743,0.5523468255996704,-0.3694540858268738,-0.0353496074676513,-0.1528871059417724,0.4727991352032076,-0.3635424290026348,0.8025025341993163,0.0169540681839649,-0.3220941668304998,2.1923408632515673,0.6841585491126779
1771355033157127680,28.00612759590149,0.2809022665023803,-3.0490493774414062,1.2523009777069092,0.7919641137123108,0.3075881600379944,0.5274300575256348,-0.357119083404541,0.0045609176158905,-0.1598764061927795,0.4854549120159655,-0.3576543002053662,0.79736969739253,0.0248704579007867,-0.3126572813786871,2.158321468545427,0.6748793006011513
1771355033167158528,28.01615858078003,0.3939049839973449,-2.92380690574646,1.212452054023743,0.8111262917518616,0.2994423806667328,0.5024025440216064,-0.3551936745643616,-0.0028420686721801,-0.1976388692855835,0.4977788763224252,-0.3514818375093328,0.792251093221402,0.0318573728862611,-0.3041081749051204,2.1253504529353524,0.6648596321483576
1771355033177189632,28.02618956565857,0.4752521514892578,-2.8069334030151367,1.1787097454071045,0.8287692666053772,0.2917383909225464,0.477524846792221,-0.3360936045646667,-0.0591334402561187,-0.2127544283866882,0.5096877943733488,-0.3451222649915103,0.7871804427702039,0.038155691155005,-0.2960437819287354,2.0935210939856836,0.6544494527469907
1771355033187221504,28.036221504211422,0.4539926648139953,-2.700976848602295,1.1649823188781738,0.8450082540512085,0.2840883135795593,0.4530507326126098,-0.3244699239730835,-0.0787813067436218,-0.2076589167118072,0.5210883194265421,-0.3387322544901581,0.7821673936408889,0.0440638040644767,-0.288055417019567,2.0629436003150947,0.6441975266292727
1771355033197252608,28.04625248908997,0.3945904076099396,-2.6109862327575684,1.1253414154052734,0.8599730134010315,0.276166170835495,0.429160863161087,-0.3142575025558471,-0.0830966830253601,-0.1626355051994323,0.5319116267041055,-0.3325034516543796,0.7771884469112282,0.0498969961594146,-0.2798028444773375,2.0336755797711534,0.6347524874868864
1771355033207283456,28.056283473968502,0.3320271372795105,-2.5202834606170654,1.0755681991577148,0.873733401298523,0.2681209146976471,0.4058341681957245,-0.3037106990814209,-0.0968562364578247,-0.0869407057762146,0.5422011870663225,-0.3265582969826759,0.7721895926174478,0.0556856012964082,-0.2714419921706659,2.005628695635191,0.6263335065919442
1771355033217314560,28.06631445884705,0.2633073031902313,-2.4657979011535645,1.0476503372192385,0.8864123225212097,0.2599424123764038,0.3830184042453766,-0.2887560725212097,-0.0902799367904663,-0.0254745483398437,0.5520051819965662,-0.3209095055802093,0.767154671119778,0.0614902180169682,-0.2629625561407511,1.9786649987096467,0.6189808108279253
1771355033227346432,28.076346397399902,0.1762086153030395,-2.4087798595428467,1.016531229019165,0.8981485366821289,0.2515198886394501,0.3606478869915008,-0.2645731568336487,-0.0588319301605224,0.0260708034038543,0.5613649470898263,-0.3155497697112876,0.7620710529272071,0.0674197407825206,-0.2542503136608206,1.9526347019069337,0.6127580720991543
1771355033237377536,28.08637762069702,0.1113915368914604,-2.364443063735962,0.9642691612243652,0.9089718461036682,0.2430455237627029,0.3386729657649994,-0.2407588362693786,-0.0669437944889068,0.0243031084537506,0.5703255991295001,-0.3105319603923036,0.7569058000936012,0.0734326062389907,-0.2455042869951419,1.9274516323812536,0.6076849657728983
1771355033247408640,28.09640860557556,0.0563754215836524,-2.346596956253052,0.9406229257583618,0.9190241098403932,0.2346455603837967,0.3167592585086822,-0.210817813873291,-0.0618549734354019,-0.0260487496852874,0.5790499138592603,-0.3058102392372173,0.7515715084480911,0.0795088883125707,-0.2368539272035927,1.9027142023391903,0.6035910454147427
1771355033257439488,28.1064395904541,0.0791235193610191,-2.316569566726685,0.9393688440322876,0.9283496737480164,0.2261359393596649,0.2950069606304168,-0.1940053701400756,-0.0077369660139083,-0.045647919178009,0.5875155355941173,-0.3011315224441709,0.7462059248373866,0.0855681704651443,-0.228109030756235,1.878480260551391,0.5999274712677751
1771355033267471616,28.11647152900696,0.2227933406829834,-2.2732625007629395,0.938892424106598,0.936980366706848,0.2177354991436004,0.2732374668121338,-0.1780999302864074,0.0235669314861297,-0.077116310596466,0.5958613787570615,-0.2961891510603045,0.740871598545759,0.0912707795613294,-0.2194936968096439,1.8545427659965024,0.5957237065891362
1771355033277502464,28.126502513885494,0.3689821362495422,-2.228615045547486,0.9308376908302308,0.9449121356010436,0.2096973359584808,0.2513322830200195,-0.1450617909431457,0.023411139845848,-0.1071214973926544,0.6042028465461342,-0.2907697532542549,0.7356079773425107,0.096294826256479,-0.2112654077021048,1.8307620446222244,0.5901935482679509
1771355033287533568,28.13653349876404,0.4942487180233001,-2.1832447052001953,0.9080487489700316,0.9521406888961792,0.2019953429698944,0.2294043004512787,-0.1159588694572448,-0.0111841410398483,-0.1233251988887786,0.612505153239374,-0.2849479220421986,0.730415521196295,0.1006747487652677,-0.2033948342102127,1.807225488006431,0.5834965124814955
1771355033297565440,28.146565437316895,0.547588050365448,-2.126051425933838,0.8654341697692871,0.9586375951766968,0.1946158409118652,0.2076986581087112,-0.1042827367782592,-0.0567526817321777,-0.1498068571090698,0.6206587405602545,-0.2789697665911957,0.7252759451860211,0.1045631080999345,-0.1958657801731521,1.7841588323770343,0.576239294645858
1771355033307596544,28.156596422195435,0.5001861453056335,-2.070798635482788,0.7752917408943176,0.9643594026565552,0.1877693384885788,0.1864237636327743,-0.0891914367675781,-0.1312049776315689,-0.1974406093358993,0.6285663253156055,-0.2732426458660605,0.7201043925557365,0.1081321823098315,-0.1888905890720463,1.7617544410044843,0.5693099495259741
1771355033317627392,28.166627407073975,0.4998577833175659,-1.9598629474639893,0.6571754813194275,0.9692647457122804,0.1816337406635284,0.1659372299909591,-0.0626180171966552,-0.2100761085748672,-0.2640818357467651,0.6361036887228572,-0.2679485776692658,0.7149630605235135,0.1113710766490029,-0.1826475778239856,1.740351659993438,0.562983237731753
1771355033327658496,28.176658391952515,0.5324892401695251,-1.7588741779327393,0.5306575298309326,0.9732569456100464,0.1766352504491806,0.1468719542026519,-0.0926262140274047,-0.2253412455320358,-0.3609527051448822,0.6431058821070239,-0.26311869271881,0.7100736083614493,0.1139255881240242,-0.1775668952229179,1.7205738684344845,0.556844191087316
1771355033337690624,28.18669056892395,0.6178332567214966,-1.5209945440292358,0.4126185178756714,0.9763625264167786,0.1728157550096511,0.1298112571239471,-0.1226027607917785,-0.253656804561615,-0.4909868240356445,0.6494129981883113,-0.2586451671579385,0.7056970366220533,0.115573187621115,-0.1736877238575101,1.702975086428796,0.5504010847838484
1771355033347721472,28.19672155380249,0.6567228436470032,-1.2574938535690308,0.2863450050354004,0.9786721467971802,0.1701854169368744,0.115055926144123,-0.1277504563331604,-0.2912333607673645,-0.59496009349823,0.6549513237651373,-0.2545022770304772,0.7019662065097538,0.1162362187135388,-0.1710178223518622,1.687822454988117,0.5434658976078067
1771355033357752576,28.20675253868103,0.5475255250930786,-0.9353365898132324,0.1552024334669113,0.9802416563034058,0.1687633842229843,0.1031750366091728,-0.1486377120018005,-0.344865083694458,-0.6385143995285034,0.6594780178019921,-0.2511020264987914,0.6989529970298534,0.1161946122504095,-0.1695749271412497,1.6756648959345648,0.537058544193298
1771355033367783424,28.21678352355957,0.3455588519573211,-0.5936969518661499,0.0048877564258873,0.9811393022537231,0.1684289127588272,0.094855673611164,-0.1792135238647461,-0.408693790435791,-0.6214669942855835,0.6626886834641872,-0.2488647886889698,0.6967741049168966,0.1158272424799515,-0.1692355931304171,1.6671759007659563,0.5323634649983328
1771355033377815552,28.226815462112427,0.0598373562097549,-0.2516373693943023,-0.153104543685913,0.9814075827598572,0.1693411171436309,0.0903473421931266,-0.1816334724426269,-0.4576254487037658,-0.5797576904296875,0.6644631891534604,-0.2481893086698516,0.6953961018706827,0.1153904934024191,-0.1701610958585111,1.662596519184853,0.5303446626156618
1771355033387846400,28.236846446990967,-0.2148884832859039,0.0582230240106582,-0.2494169622659683,0.981160044670105,0.1711528003215789,0.0896195471286773,-0.1880844831466674,-0.472727507352829,-0.5181626081466675,0.6647738098339077,-0.2491112554778508,0.6948045459419414,0.1151780625799105,-0.1719996091166123,1.6618839704877415,0.5314452398605245
1771355033397877504,28.246877431869507,-0.299571692943573,0.3182687163352966,-0.3655430376529693,0.980439841747284,0.1740349233150482,0.0919214263558387,-0.2048966288566589,-0.3476036190986633,-0.432024598121643,0.6639751218643997,-0.2511872165221439,0.6948853837332415,0.114788139829738,-0.1749256515442125,1.6642783588243075,0.5343685687262987
1771355033407909632,28.256909608840942,-0.274197369813919,0.5317463874816895,-0.4220339953899383,0.9793374538421632,0.1776750683784485,0.0965905636548996,-0.166990041732788,-0.2003191113471985,-0.367281436920166,0.6623602993756119,-0.2537896573347102,0.695619215841003,0.1139454749337869,-0.1786234182747997,1.669106856257505,0.5377175554641909
1771355033417940736,28.26694059371948,-0.2264248430728912,0.7123162746429443,-0.4683802127838135,0.9779037833213806,0.1818367391824722,0.1031494811177253,-0.161497414112091,-0.1332069486379623,-0.2982178926467895,0.660123299756511,-0.2565381304975295,0.6969669488619818,0.1125281830557378,-0.1828540154949767,1.675887917894505,0.5407085195645535
1771355033427971584,28.276971578598022,-0.2334143221378326,0.846900999546051,-0.4991309344768524,0.9761696457862854,0.1863311529159546,0.11123738437891,-0.1546974182128906,-0.0894530713558197,-0.2177742570638656,0.6573616616875807,-0.2594170867560941,0.6988000201366964,0.1107116071210394,-0.1874265645289496,1.6842598220885696,0.5435454507455506
1771355033438003200,28.2870032787323,-0.2923406660556793,0.9354379177093506,-0.5218900442123413,0.974163055419922,0.1910451501607895,0.1204502508044242,-0.1338767409324646,-0.0976460874080658,-0.1450779438018798,0.654176596881843,-0.262547428713882,0.7009236559693799,0.10875621770154,-0.1922268035370831,1.6938168034397818,0.5467563692103293
1771355033448035328,28.297035217285156,-0.3510412573814392,1.0072544813156128,-0.5223814249038696,0.9719247817993164,0.1957606226205825,0.1305371671915054,-0.1161966919898986,-0.0898646563291549,-0.1095410734415054,0.6506183368236527,-0.2659827957037502,0.7032223925143901,0.1068978641934346,-0.1970330220564418,1.7043052695513143,0.5507362835750254
1771355033458066176,28.307066202163696,-0.3552806675434112,1.0552247762680054,-0.5085585117340088,0.969494104385376,0.2003098428249359,0.141268715262413,-0.1051449179649353,-0.0846635401248931,-0.1162901222705841,0.6467794956326872,-0.2695031483897536,0.7056928569842177,0.1050799769289517,-0.201674162692556,1.7154918193385305,0.555043864617606
1771355033468097280,28.317097187042236,-0.3333998620510101,1.0991586446762085,-0.491917222738266,0.9668891429901124,0.204647496342659,0.1524615287780761,-0.0920876860618591,-0.0634121894836425,-0.1338763535022735,0.642739182023142,-0.2729580734267072,0.7083252455118395,0.1032253166549977,-0.2061035741877118,1.7271911519094827,0.5593201654076362
1771355033478128128,28.327128171920776,-0.2552929818630218,1.145937204360962,-0.4843780696392059,0.9640892148017884,0.2089016437530517,0.1639874428510666,-0.0841149687767028,-0.0559170693159103,-0.1496746689081192,0.638572430105049,-0.2762124112774968,0.7111261655384511,0.1011505550281524,-0.2104516934370599,1.7392795052930323,0.563094160909181
1771355033488160256,28.337160348892212,-0.170905664563179,1.206060528755188,-0.4939412176609039,0.9610474109649658,0.2132478505373001,0.1758214831352234,-0.0755189061164856,-0.0492158830165863,-0.1692601591348648,0.6343051523489446,-0.2792375282558252,0.7140988344993218,0.0987228556627408,-0.2148980797037127,1.7517430581579054,0.5661480343569116
1771355033498191360,28.347191333770752,-0.0977024734020233,1.271977186203003,-0.5103505849838257,0.957700252532959,0.2178411185741424,0.188030406832695,-0.0711188912391662,-0.0653600394725799,-0.1797906160354614,0.6299175448927725,-0.2820607714278782,0.717256525745733,0.0958575747343188,-0.2196019145826926,1.7646657030097417,0.5684335335339642
1771355033508222464,28.357222318649292,-0.0787096098065376,1.360939621925354,-0.5482569336891174,0.9539703130722046,0.2227537333965301,0.200802281498909,-0.0707610249519348,-0.087789699435234,-0.1842159926891327,0.6253161275024604,-0.2848472936162992,0.7205991686174946,0.0926211701098176,-0.2246382715610868,1.7782588500694556,0.5703446059738324
1771355033518254336,28.36725425720215,-0.1026565730571746,1.4788329601287842,-0.6022554636001587,0.9497172832489014,0.2280852198600769,0.2145099192857742,-0.0744425058364868,-0.0930906683206558,-0.1991747319698333,0.6203293340798056,-0.2878411579812365,0.72415635397978,0.0890880843120006,-0.2301106137851328,1.7929359578589616,0.5724465895064679
1771355033528285184,28.37728524208069,-0.1649814695119857,1.5877532958984375,-0.6553703546524048,0.9448409080505372,0.2337920516729354,0.2293839901685714,-0.0743269920349121,-0.1202666610479354,-0.2339768409729004,0.6148329616826717,-0.2912039608536329,0.7279369786891142,0.0853724516116784,-0.2359760102574683,1.808963752107673,0.5752115073903777
1771355033538316288,28.38731622695923,-0.2454138994216919,1.701522946357727,-0.7096618413925171,0.9393014907836914,0.2397477179765701,0.245425209403038,-0.0748912096023559,-0.1568772494792938,-0.2638273239135742,0.608791237628256,-0.2950202876973669,0.731898650318738,0.0816122658616419,-0.2421059815845899,1.8263674548726048,0.578988880152152
1771355033548347136,28.39734721183777,-0.3230013847351074,1.8146185874938965,-0.764361560344696,0.9330346584320068,0.2459241449832916,0.26261767745018,-0.0829521417617797,-0.156538113951683,-0.2901444137096405,0.6021910442416971,-0.2993152639177449,0.7360157636556358,0.0778283634260541,-0.2484729957369892,1.8451640682475887,0.5838814376859314
1771355033558379264,28.407379150390625,-0.3304662108421325,1.9355274438858032,-0.8159709572792053,0.9259442687034608,0.2523781061172485,0.2809493243694305,-0.0976209044456482,-0.113935112953186,-0.3208816051483154,0.595039331379116,-0.303948279114298,0.7403310799382822,0.0738482038990243,-0.2551371491580377,1.8653870946347624,0.5894764817848842
1771355033568410368,28.417410373687744,-0.2581640481948852,2.069490432739258,-0.8601823449134827,0.9179608821868896,0.2592635452747345,0.3002166748046875,-0.1164625883102417,-0.0616622567176818,-0.3222656548023224,0.5874310834225758,-0.3086750053238392,0.7448678271721869,0.0693995954553989,-0.2622595848104591,1.886878875598272,0.5950450924504689
1771355033578441472,28.427441358566284,-0.1444166302680969,2.2078237533569336,-0.9314802289009094,0.908960461616516,0.266775518655777,0.3203460872173309,-0.1294805407524109,-0.0334992110729217,-0.3059113323688507,0.5793976160479404,-0.3133217820258671,0.7496682603159068,0.0642285817733438,-0.2700457498692792,1.9096354436105816,0.6000295181644729
1771355033588472320,28.437472343444824,-0.0480887591838836,2.341942548751831,-1.0047965049743652,0.8987919092178345,0.275263249874115,0.3411800563335418,-0.1314729452133178,-0.0621894299983978,-0.31165412068367,0.5709870251553694,-0.3179262933212423,0.7546607893466921,0.0581720460388076,-0.2788635225746168,1.933592469472052,0.6043599605974408
1771355033598504192,28.44750428199768,-0.0449879504740238,2.4461634159088135,-1.0684458017349243,0.8874188661575317,0.2844139039516449,0.3627625107765198,-0.1404857635498047,-0.0922141373157501,-0.3222962319850921,0.5621065983108978,-0.3226371986154114,0.7597937183029864,0.0515265486224085,-0.288395025483701,1.958851981563653,0.6087194639069212
1771355033608535296,28.45753526687622,-0.1063109636306762,2.5395398139953613,-1.117854118347168,0.8749045729637146,0.2937873601913452,0.3850075602531433,-0.1588554978370666,-0.1100410521030426,-0.2956520617008209,0.5527197479041673,-0.3276140851317061,0.7649658776349277,0.0446884007642091,-0.2981866325796686,1.9853506437658723,0.613885730525951
1771355033618566400,28.46756625175476,-0.1802929639816284,2.6254146099090576,-1.1709327697753906,0.8612149953842163,0.3031511902809143,0.4079313576221466,-0.1830686926841735,-0.0960131585597992,-0.2443876564502716,0.5427734982402377,-0.3329401046144659,0.7701406178778517,0.0378313709960542,-0.3079977115584248,2.013158622873716,0.6202527976426566
1771355033628597248,28.4775972366333,-0.2216361463069915,2.7183353900909424,-1.2272120714187622,0.8462581634521484,0.3125453889369964,0.4314655661582947,-0.1930904388427734,-0.0852352082729339,-0.2161335945129394,0.5322710868588089,-0.3386023522474762,0.7752942895336953,0.0308986498246314,-0.3178714879776865,2.0422936407864265,0.6277811907004488
1771355033638629120,28.487629175186157,-0.2122056186199188,2.809689521789551,-1.2739744186401367,0.829997718334198,0.3220604658126831,0.4553911089897156,-0.1907001137733459,-0.0836571156978607,-0.213142454624176,0.5212876991697876,-0.3444512915428028,0.7804158276168531,0.0237411721004272,-0.3279051156872694,2.0726144024330857,0.6360630957410316
1771355033648660224,28.497660160064697,-0.1325278282165527,2.873976707458496,-1.3135030269622805,0.8124369382858276,0.3319036662578583,0.4793606102466583,-0.2060068845748901,-0.0614874064922332,-0.2309471368789672,0.5099602086409619,-0.3502771806385376,0.7854846968598773,0.0161372818496703,-0.338320930683917,2.10385129047666,0.6444893244508791
1771355033658691072,28.507691144943237,-0.0014892984181642,2.953073263168335,-1.3443846702575684,0.7936063408851624,0.3422404527664184,0.503051221370697,-0.2159695029258728,-0.044144719839096,-0.2199854254722595,0.4984094788198694,-0.3558612830817798,0.7904988030854425,0.0078993286552686,-0.3493003096716959,2.135755830765566,0.6524747297121424
1771355033668723456,28.517723321914673,0.1267493665218353,3.03926682472229,-1.3883471488952637,0.773364782333374,0.3533000946044922,0.5263894200325012,-0.2429235577583313,-0.0342235565185546,-0.218192458152771,0.4866251224248172,-0.36118476704145,0.7954497381418116,-0.0011169394305159,-0.3610963601289956,2.1684161644286837,0.6599250769861951
1771355033678754304,28.527754306793213,0.1885263621807098,3.0929365158081055,-1.4239500761032104,0.7517759203910828,0.3649427592754364,0.5492266416549683,-0.2562770843505859,-0.0406782031059265,-0.1886767745018005,0.4746273226685232,-0.3663218325441105,0.8002634844913702,-0.0107527423117417,-0.3735713169781308,2.2017473353163286,0.6671862053881029
1771355033688785408,28.537785291671753,0.1278411746025085,3.1758008003234863,-1.4609369039535522,0.7288108468055725,0.3765662312507629,0.5718678832054138,-0.2771964073181152,-0.0458014011383056,-0.1215046048164367,0.4622142913383262,-0.3714865259145025,0.8049420531722977,-0.0205937047788774,-0.3860868878203751,2.2361126519989964,0.6751581754616599
1771355033698816256,28.547816276550293,-0.039866603910923,3.252630710601806,-1.490480899810791,0.7043456435203552,0.3874926567077636,0.5947665572166443,-0.2869565486907959,-0.1007188558578491,-0.1109406948089599,0.4491147427641527,-0.3769377571653477,0.8095067679224592,-0.0302134945237305,-0.3979102045511118,2.272044483151988,0.6848383813924541
1771355033708848128,28.55784821510315,-0.2611832916736603,3.31392240524292,-1.5082303285598757,0.678460419178009,0.3969981670379638,0.6181294322013855,-0.2767269611358642,-0.1563364565372467,-0.1315571665763855,0.4352000738375519,-0.3828045745877204,0.813956619098538,-0.0391943454896252,-0.4082438932825174,2.309697529314498,0.6968451099700256
1771355033718879232,28.56787919998169,-0.4288527965545654,3.3671655654907227,-1.5197837352752686,0.6512592434883118,0.4048794507980346,0.6418207883834839,-0.272490382194519,-0.1700619757175445,-0.1677302718162536,0.4205186798616769,-0.3890304929806143,0.818269920161285,-0.0474722784505352,-0.4168469913794052,2.34889540255465,0.7110397390274948
1771355033728910080,28.57791018486023,-0.4798283576965332,3.4295883178710938,-1.5322662591934204,0.6227364540100098,0.4116075038909912,0.6654157638549805,-0.2769724130630493,-0.1108263432979583,-0.1962539553642273,0.4052423309274419,-0.3953948606281389,0.8224176423314985,-0.0554134681805156,-0.4242172035751091,2.3893145338236454,0.7266015944777248
1771355033738941184,28.58794116973877,-0.3894615471363067,3.4894354343414307,-1.5347062349319458,0.5928473472595215,0.4179468154907226,0.6883695125579834,-0.2815985679626465,-0.0472650527954101,-0.1768186092376709,0.3895850268329978,-0.4015957314462536,0.8263810413635015,-0.0635514659727193,-0.4311841050725797,2.4306126073510588,0.7424673781603779
1771355033748973312,28.597973346710205,-0.2201542556285858,3.5723636150360107,-1.5677917003631592,0.561554491519928,0.424803078174591,0.7100697755813599,-0.3029789924621582,-0.0060102939605712,-0.09333997964859,0.3737929462529091,-0.4074191065862318,0.8300870818550302,-0.0724154812206078,-0.4387443602043244,2.4724595723275433,0.7578367940937931
1771355033759004416,28.608004331588745,-0.1855350285768509,3.6682538986206055,-1.5869773626327517,0.5285605788230896,0.4320996403694153,0.7306938171386719,-0.3327903747558594,-0.0023664236068725,-0.0671654343605041,0.3576728086282975,-0.4129536080768285,0.8335563782190928,-0.0819951071243449,-0.4468196948853004,2.5153550056136926,0.7730823678660458
1771355033769035264,28.618035316467285,-0.3473851680755615,3.723976612091065,-1.574640870094299,0.4941810965538025,0.4382667243480682,0.7508047223091125,-0.3384803831577301,-0.0204047262668609,0.0611919164657592,0.340950518831585,-0.4184203549565085,0.8368552871902336,-0.0913810679071323,-0.4536694388023405,2.559473198242221,0.7892166677317483
1771355033779067392,28.62806725502014,-0.617882251739502,3.724960803985596,-1.5560333728790283,0.4588291943073272,0.4421550929546356,0.7706974148750305,-0.3486455082893371,-0.0564281940460205,0.1768885254859924,0.3235363933376587,-0.4240105693422704,0.83997842393008,-0.0998772039364462,-0.4579999755980647,2.6046045707459173,0.8068529239843094
1771355033789098240,28.63809823989868,-0.9668400287628174,3.660767555236816,-1.4925233125686646,0.423044353723526,0.4427050054073334,0.7905985116958618,-0.3387394547462463,-0.1135575771331787,0.1650443077087402,0.305418163257808,-0.4297992744052597,0.8429542381593638,-0.1068670018276133,-0.4586131545874567,2.650265743444218,0.8261166038265758
1771355033799129344,28.64812922477722,-1.0797574520111084,3.5477569103240967,-1.3902989625930786,0.3877255022525787,0.4402418732643127,0.8098497986793518,-0.2952418923377991,-0.0882977545261383,0.0873062014579773,0.2871133541171636,-0.4354766717222286,0.8457452107553661,-0.1124331094441395,-0.4558680274776785,2.695079147831004,0.8457633841005178
1771355033809160192,28.65816020965576,-0.7294564843177795,3.5200486183166504,-1.2925246953964231,0.352875292301178,0.4376517236232757,0.8270065784454346,-0.270996630191803,0.0966652929782867,-0.0196183919906616,0.2693356659080093,-0.4404194254690987,0.8482535188791868,-0.1181312039515879,-0.4529853452798781,2.7382915852661123,0.8636398418180233
1771355033819192064,28.668192148208615,-0.0195252895355224,3.5902395248413086,-1.243019700050354,0.317582905292511,0.4385899007320404,0.8407022356987,-0.260545551776886,0.2539302408695221,-0.0994912385940551,0.2525446800377083,-0.444170949462417,0.8503312829886989,-0.1259767086808855,-0.4540289977229683,2.7804052734395706,0.8784334174257074
1771355033829223424,28.678223371505737,0.7876583337783813,3.689006328582764,-1.2156381607055664,0.2813051640987396,0.4456055164337158,0.8498843908309937,-0.2368105053901672,0.3227508962154388,-0.1584932804107666,0.2370923606170962,-0.4465406147405036,0.8517885157644772,-0.1372774841181191,-0.461850516488535,2.8219505430660146,0.8899359648537241
1771355033839254272,28.688254356384277,1.3502086400985718,3.836368322372437,-1.2542028427124023,0.2436000257730484,0.4582606852054596,0.8547841906547546,-0.2314235568046569,0.2787998020648956,-0.1725027561187744,0.2226113799830583,-0.4478062113799437,0.852561833822975,-0.1518289632907105,-0.4760373132694121,2.8639680608233715,0.8995157110355244
1771355033849285376,28.698285341262817,1.372168779373169,3.951166868209839,-1.3402541875839231,0.2040946036577224,0.4732110798358917,0.8569808602333069,-0.2450339496135711,0.0767918825149536,-0.1153886914253234,0.2080622863184295,-0.4486974210900386,0.8527373870792643,-0.1679866827985968,-0.4929322395045845,2.9077925612571396,0.9096786333066944
1771355033859317248,28.70831727981567,0.6847004890441895,4.044985771179199,-1.4295779466629028,0.1629886180162429,0.4848690330982208,0.8592653274536133,-0.2598819136619568,-0.171911209821701,0.0637389421463012,0.1921128461609862,-0.4500348830384203,0.8527023338912316,-0.1829208441939799,-0.5062134061987329,2.954136009110885,0.9226204348219558
1771355033869348352,28.718348264694217,-0.3708764016628265,4.005762577056885,-1.433318853378296,0.1210493072867393,0.4884191453456878,0.8641725778579712,-0.3086408376693725,-0.3719639480113983,0.2338958382606506,0.173869492748037,-0.4522119508466178,0.8529892300618109,-0.1941216977108644,-0.5102772080819336,3.0024227729519497,0.9385975516245276
1771355033879379200,28.72837924957275,-1.1874079704284668,3.873359680175781,-1.4077516794204712,0.0797778964042663,0.4824911653995514,0.8722601532936096,-0.3140003085136413,-0.3474814295768738,0.2691277861595154,0.1536524383894502,-0.4550531616265098,0.8538481682380549,-0.2006510744678498,-0.5034966043143686,3.0503852844700954,0.9558339562475144
1771355033889410304,28.738410234451297,-1.1751408576965332,3.7515695095062256,-1.3274728059768677,0.0396544598042964,0.4725049138069153,0.8804355263710022,-0.2792327105998993,-0.0419781804084777,0.1239895820617675,0.1330984615672825,-0.4579656716514306,0.8546842716170348,-0.2051025589100966,-0.4921308247603468,3.0965834748264753,0.9724924770606644
1771355033899442176,28.74844217300415,-0.5623723268508911,3.7910335063934326,-1.2368875741958618,0.0003191286232322,0.4645909965038299,0.8855257034301758,-0.2645098268985748,0.2398921549320221,-0.0295072793960571,0.1135099454396376,-0.4600886817732916,0.8550328977442804,-0.2106010799719326,-0.4831726663596963,3.1412322703725777,0.9872252690646292
1771355033909473280,28.75847315788269,0.4280559420585632,3.856665849685669,-1.2048470973968506,-0.0393118448555469,0.4637556672096252,0.8850908875465393,-0.2699227929115295,0.3722277283668518,-0.1532180309295654,0.0956541046114834,-0.4612349307367913,0.8542878721683185,-0.2197840147971006,-0.4822295946964781,-3.097206220198772,1.0010369599383728
1771355033919504128,28.76850414276123,1.209223747253418,3.96065902709961,-1.2308800220489502,-0.0795478746294975,0.4704522490501404,0.8788328170776367,-0.2563743591308594,0.3976355791091919,-0.1747921705245971,0.0795072452546542,-0.4616297846827968,0.8522407904259238,-0.2329426312380829,-0.4898032151896748,-3.051323276060231,1.0154187573551503
1771355033929536256,28.778536319732662,1.6288074254989624,4.064435005187988,-1.3476587533950806,-0.1208457872271537,0.4818123281002044,0.8679015636444092,-0.2911262512207031,0.2222587168216705,-0.0660370588302612,0.0641793455981366,-0.4617453019794228,0.8489652915900918,-0.2488578227590483,-0.5027217620213484,-3.0032431168082967,1.0318631944205112
1771355033939567360,28.78856730461121,1.3961933851242063,4.182182788848877,-1.5112533569335938,-0.1634650379419326,0.4932776987552643,0.8543749451637268,-0.320559024810791,-0.0068732798099517,0.0204267501831054,0.0484436263340732,-0.4620670413886474,0.8447967299480804,-0.2654539752492186,-0.5158537785298042,-2.9525502106782886,1.051015698707071
1771355033949598208,28.798598289489743,0.6281628012657166,4.212271213531494,-1.6396403312683103,-0.2070947140455246,0.4991754591464996,0.8413891196250916,-0.3388952612876892,-0.2233423292636871,0.1767230033874511,0.0309092516039353,-0.4627500025679266,0.8405694398184017,-0.2799108143121648,-0.5226469463136495,-2.9002555933807397,1.071319549270158
1771355033959629312,28.80862927436829,-0.4259510338306427,4.068779945373535,-1.665295124053955,-0.2502243518829345,0.4962936043739319,0.8313125967979431,-0.3500258922576904,-0.3705611824989319,0.3377090692520141,0.0113289624820851,-0.463800349088159,0.8369859828576975,-0.2901989201765212,-0.519324266971466,-2.8492194933098194,1.0902094596063032
1771355033969661184,28.818661212921143,-1.24226975440979,3.847193717956543,-1.5951786041259766,-0.2911673784255981,0.484648048877716,0.8248262405395508,-0.3419503569602966,-0.3251935839653015,0.378375232219696,-0.0096965047442584,-0.4648270627103543,0.8344752313801188,-0.2957921533315221,-0.5059607668762885,-2.8022437156045235,1.104969896612527
1771355033979692288,28.828692197799683,-1.3042447566986084,3.653078317642212,-1.488081693649292,-0.3294881284236908,0.4688804447650909,0.8195050358772278,-0.3125406503677368,-0.0084159970283508,0.3065782189369201,-0.0307621569038917,-0.4655984711437675,0.8324485490579634,-0.298832918490599,-0.4880228130232296,-2.7593138546389446,1.1162075418324362
1771355033989723136,28.838723182678223,-0.7373397946357727,3.5626509189605713,-1.3259100914001465,-0.3654647171497345,0.4554398953914642,0.8117940425872803,-0.3198684155941009,0.2997479736804962,0.1815834641456604,-0.0503301531683987,-0.4658150969045349,0.830008030903825,-0.3026048997170294,-0.472866277398979,-2.7185775072522587,1.1262057985481344
1771355033999754240,28.848754167556763,0.1232935562729835,3.519816637039185,-1.1899962425231934,-0.3997760117053985,0.4480878114700317,0.7996227741241455,-0.3318829238414764,0.4553545713424682,0.1047503948211669,-0.0676936847638564,-0.4655170279776617,0.8265018262689824,-0.3092025458828968,-0.464625251673566,-2.677980425488771,1.1374745703301006
1771355034009786368,28.8587863445282,0.9353795051574708,3.4732680320739746,-1.1158668994903564,-0.4326680302619934,0.4475561678409576,0.7826187014579773,-0.3218333125114441,0.4742577970027923,0.0880631208419799,-0.0826882633173195,-0.4649711343247926,0.821651506042078,-0.3191447276036162,-0.464030667906454,-2.636566626206232,1.1517087775237214
1771355034019817472,28.86881732940674,1.4556676149368286,3.4226982593536377,-1.107783317565918,-0.4643776416778564,0.4519895613193512,0.7616162896156311,-0.311119943857193,0.3548953235149383,0.1342732310295105,-0.0958171082000203,-0.46444418480201,0.8155364779431764,-0.331679182451738,-0.4689944578889174,-2.594052002376854,1.1693465436339383
1771355034029848320,28.87884831428528,1.5864951610565186,3.3752970695495605,-1.183598518371582,-0.4952004253864288,0.4580865502357483,0.7381961345672607,-0.2815940976142883,0.1832403838634491,0.187615692615509,-0.1080309808766673,-0.4641051999878214,0.8085198995264965,-0.3452988867953537,-0.4758414297535088,-2.550716730978727,1.1895409592013366
1771355034039880192,28.888880252838135,1.448472261428833,3.325566053390503,-1.2797170877456665,-0.5253121852874756,0.4629517197608948,0.7139486074447632,-0.2387258410453796,0.0090025961399078,0.204172670841217,-0.120166480795885,-0.4640412286537065,0.8010243694261284,-0.3585884126094192,-0.4813223750510141,-2.507251844069515,1.2109046634456653
1771355034049911296,28.898911237716675,1.1950562000274658,3.3006632328033447,-1.374730944633484,-0.5548157095909119,0.4650592803955078,0.6898548007011414,-0.2209106683731079,-0.0499438643455505,0.2116193175315857,-0.1327601352550201,-0.4641388407247757,0.7934119574786204,-0.3707390195480633,-0.4837015627717653,-2.464265618844041,1.2319629769422331
1771355034059942144,28.908942222595215,1.0206222534179688,3.314472198486328,-1.4575741291046145,-0.5838878154754639,0.4644582569599151,0.6658481955528259,-0.2232564091682434,-0.0276448428630828,0.2018582224845886,-0.1459590270108587,-0.4642708764866785,0.785733190436757,-0.381800919335759,-0.4830227865845184,-2.4216828706107942,1.252244133832415
1771355034069973248,28.918973207473755,0.9087840914726256,3.3339009284973145,-1.4959057569503784,-0.6125819087028503,0.4618626534938812,0.6414251327514648,-0.2276279926300048,0.0143946409225463,0.1677789092063903,-0.1596438673402497,-0.4643543594990036,0.7778737662848543,-0.3921750169633293,-0.4800941267473739,-2.379191282686268,1.2719343997987822
1771355034080005120,28.92900514602661,0.8923308253288269,3.3530871868133545,-1.4941459894180298,-0.6406084895133972,0.4580986499786377,0.6162519454956055,-0.2328656911849975,0.066834270954132,0.1563920378684997,-0.1735335024790698,-0.464246083543871,0.7698061810191562,-0.4021941957273026,-0.4758550367895694,-2.3368180567127044,1.2910563150041012
1771355034090036480,28.93903636932373,0.91353839635849,3.353165864944458,-1.4573054313659668,-0.6676670908927917,0.4538435339927673,0.5901243090629578,-0.2474024295806884,0.1341996490955352,0.1668031811714172,-0.1873453652800802,-0.463874242057248,0.7615003943876113,-0.4121159556014574,-0.4710739758311666,-2.294622476774013,1.30977130707414
1771355034100067328,28.94906735420227,0.9715259671211244,3.3309032917022705,-1.4093562364578247,-0.6935036182403564,0.4495094418525696,0.5630224943161011,-0.2601554989814758,0.1792289912700653,0.1793786883354187,-0.2008516221643501,-0.4632409908533911,0.7529402540082174,-0.4220752253080665,-0.4662160997521353,-2.2527225819156667,1.3282754683259703
1771355034110098432,28.95909833908081,0.9868354201316832,3.2562379837036133,-1.364660143852234,-0.7179147601127625,0.4450767338275909,0.5352620482444763,-0.2619895935058594,0.1989052891731262,0.1967326402664184,-0.2139395051731052,-0.4624085262441726,0.7441836942484096,-0.4319710621287498,-0.461259953828819,-2.2114618454247754,1.3465195529790863
1771355034120130304,28.969130277633667,0.9261593222618104,3.1117777824401855,-1.2914352416992188,-0.7404952645301819,0.4404011964797973,0.5076552033424377,-0.2495408058166504,0.1763133108615875,0.2368975281715393,-0.226458749774453,-0.4614000594543283,0.7354845963922109,-0.4414622504543446,-0.456045504029506,-2.1717663091125803,1.3638854831488785
1771355034130161408,28.979161262512207,0.8261203169822693,2.8791604042053223,-1.1946858167648315,-0.7608554363250732,0.4353674352169037,0.4812009036540985,-0.2340940237045288,0.1634179949760437,0.2931979298591614,-0.2382180882677023,-0.4602952538628929,0.7271373502079871,-0.4501685675181489,-0.4504463972123139,-2.134733012188502,1.3797416268036244
1771355034140192256,28.989192247390747,0.6947891712188721,2.5626487731933594,-1.0488651990890503,-0.7785653471946716,0.4302760064601898,0.4568350613117218,-0.1888112425804138,0.1990116536617279,0.3358436226844787,-0.2489010369105106,-0.4591119481472244,0.7194676813597439,-0.4578544050800633,-0.4447985210797285,-2.10142750679429,1.393541224319821
1771355034150223360,28.999223232269287,0.5641768574714661,2.182670831680298,-0.887360155582428,-0.793387234210968,0.4255243241786957,0.4352771639823913,-0.1211636662483215,0.2400030791759491,0.3797559142112732,-0.2582551271363091,-0.4578418845256434,0.7127547851960898,-0.464398392223323,-0.4395412046502158,-2.0725881876176255,1.4049110288572726
1771355034160255232,29.009255170822144,0.3712728321552276,1.7285858392715454,-0.7135665416717529,-0.8051540851593018,0.4211485683917999,0.4175653457641601,-0.0368258953094482,0.234582632780075,0.4545202255249023,-0.2660097948176185,-0.4567248449236739,0.7072376435361581,-0.4695275522422449,-0.4347112826309535,-2.049225140197482,1.4137079535392607
1771355034170286080,29.019286155700684,0.1795593202114105,1.2496157884597778,-0.5463969707489014,-0.8139055371284485,0.4171848595142364,0.4043698310852051,0.0464188456535339,0.2305355370044708,0.5193515419960022,-0.2721152571079785,-0.4558009945272321,0.7031574245173867,-0.4730417645018256,-0.4303455250789993,-2.031901894409323,1.4195261917043889
1771355034180317184,29.029317140579224,0.1010276675224304,0.8822535276412964,-0.4316189885139465,-0.8201978206634521,0.4137425422668457,0.3950856029987335,0.1025006771087646,0.2250971794128418,0.4702861309051513,-0.2767126021536334,-0.4551596272089811,0.7002660364083222,-0.4752760578318855,-0.4265611565059883,-2.019693413740155,1.4231985508381098
1771355034190349312,29.03934931755066,0.2076691538095474,0.6386659145355225,-0.3778377771377563,-0.8248190879821777,0.4110042154788971,0.388264536857605,0.1177418828010559,0.2374180853366851,0.3319503664970398,-0.2799772921387914,-0.4549758532649279,0.6979464499286196,-0.4769492100586531,-0.4235553294938422,-2.0107524557013785,1.4265626340918702
1771355034200380416,29.0493803024292,0.4095266461372375,0.5252148509025574,-0.3419732451438904,-0.8285453915596008,0.40918830037117,0.3822011947631836,0.1002890467643737,0.2401647567749023,0.1754464507102966,-0.2821850488748041,-0.4552604396035976,0.6955850307949027,-0.4788226195587279,-0.4215643172469447,-2.003000751979358,1.431230680898582
1771355034210411264,29.05941128730774,0.5762503743171692,0.4791618585586548,-0.2477623373270034,-0.8316433429718018,0.4086697101593017,0.3759767711162567,0.0948574542999267,0.2390811741352081,0.1171720027923584,-0.2834627344101266,-0.4558109673066302,0.692982506913594,-0.4813112458132277,-0.420996015211928,-1.9953860962985264,1.4376609222279226
1771355034220442368,29.06944227218628,0.640747606754303,0.4683551490306854,-0.1927020102739334,-0.8342893123626709,0.409201979637146,0.3694799244403839,0.0706477761268615,0.3021933436393738,0.1862451732158661,-0.2842046665049713,-0.4562877409806805,0.6903198217774099,-0.4842394588398531,-0.4215792978392626,-1.9877033637510393,1.4448368513484644
1771355034230474240,29.079474210739136,0.6172196269035339,0.4432663321495056,-0.178984597325325,-0.8367370367050171,0.4100226461887359,0.3629777729511261,0.04720139503479,0.2652398347854614,0.2766554653644562,-0.2847796850846389,-0.4567081037930327,0.6876820483705447,-0.4872491847505622,-0.4224789009224334,-1.9800982348734664,1.4520934824468514
1771355034240505344,29.089505195617676,0.4314319491386413,0.4139570295810699,-0.1438026428222656,-0.838931143283844,0.4106785356998443,0.3571241199970245,0.0296355485916137,0.2090724110603332,0.3662492930889129,-0.2854149395971128,-0.4569412646352506,0.6853953157983604,-0.4898736893851863,-0.423198126997574,-1.9732507839767088,1.4581883140825629
1771355034250536192,29.099536180496216,0.1910073608160019,0.3787271380424499,-0.1000397205352783,-0.8408300876617432,0.410817950963974,0.3524677157402038,0.0153448581695556,0.1914922297000885,0.3849285840988159,-0.2863487728752056,-0.4568116975125272,0.6837813440244755,-0.4917016909436043,-0.4233510320135745,-1.967735731258521,1.4618796230892477
1771355034260567296,29.109567165374756,-0.010892299003899,0.3287806212902069,-0.0436795130372047,-0.8423667550086975,0.4105473458766937,0.3490977585315704,0.0140891671180725,0.1783961355686187,0.3260579109191894,-0.2875287073738456,-0.4563072081685934,0.682885508372651,-0.4927254910851901,-0.4230542530043988,-1.9636757937586935,1.463101522463588
1771355034270599424,29.11959934234619,-0.1390497386455536,0.2837782502174377,-0.00391745287925,-0.8435232043266296,0.4100949466228485,0.3468295633792877,0.0127126574516296,0.173904687166214,0.2314480543136596,-0.2888242747989398,-0.45548820647833,0.6826018433173651,-0.493118391328863,-0.4225581600785761,-1.9608928829626933,1.4623328472464772
1771355034280630272,29.12963032722473,-0.1828265041112899,0.23934406042099,0.0499441809952259,-0.8443271517753601,0.4097595512866974,0.345266044139862,0.0063450336456298,0.1568145453929901,0.1608068645000457,-0.2900271617253116,-0.454512892133155,0.6826793218556998,-0.4932050045277866,-0.4221904489145313,-1.958972474496824,1.4605816365537498
1771355034290661376,29.13966131210327,-0.182226225733757,0.1546467542648315,0.1046782657504081,-0.8446884751319885,0.4097536206245422,0.3443885743618011,0.009681761264801,0.1657468676567077,0.1564506292343139,-0.2909395729326548,-0.4534894141247727,0.6830385335987618,-0.4931124770224185,-0.4221839432342116,-1.9579321886427512,1.4583303909180458
1771355034300692224,29.14969229698181,-0.1475738883018493,0.0629514679312706,0.156459704041481,-0.8445197939872742,0.4102903008460998,0.3441630899906158,0.0200874209403991,0.1736787855625152,0.1683338582515716,-0.2913750969510517,-0.452512164154527,0.6836039003266996,-0.4929695855544321,-0.4227723790773774,-1.9577730779331648,1.4560351446016064
1771355034310724352,29.159724235534668,-0.0953847244381904,-0.0245062112808227,0.192547932267189,-0.8438646197319031,0.4113531708717346,0.3445012271404266,0.016349971294403,0.1619347929954528,0.1636774539947509,-0.2912904373833081,-0.4516772105893943,0.6842794150820847,-0.4928481347605222,-0.4239381492359305,-1.958387877449448,1.4540423714382795
1771355034320755200,29.169755220413208,-0.0329374149441719,-0.101116694509983,0.2172000259160995,-0.8427867293357849,0.412922739982605,0.3452617824077606,0.022550344467163,0.1192428469657898,0.1402882039546966,-0.2906840293750733,-0.4510389127986202,0.6849779506451774,-0.4928205110484739,-0.4256608484869039,-1.959608309337287,1.4526166505064575
1771355034330786304,29.179786205291748,-0.0165424607694149,-0.1503034234046936,0.234948918223381,-0.8414078950881958,0.4147592186927795,0.3464206457138061,0.0200579762458801,0.0920919179916381,0.1194453835487365,-0.2897318671657395,-0.4505514357097502,0.6857213177559405,-0.4927930840391648,-0.4276781829304554,-1.961361266830814,1.451474967042517
1771355034340818176,29.189818143844604,0.0031661735847592,-0.1675001084804535,0.2381982505321502,-0.8398596048355103,0.4167377650737762,0.3478009700775146,0.0094305276870727,0.0496166050434112,0.0871050357818603,-0.2886097097432734,-0.4501194130005639,0.6865078255602092,-0.4927514413043873,-0.4298536543160151,-1.9634138094676523,1.450402450754548
1771355034350849280,29.199849367141724,0.0130318542942404,-0.1643759608268737,0.2379572242498397,-0.8382588624954224,0.4188168942928314,0.3491626977920532,0.0023061037063598,0.0202395021915435,0.0685161352157592,-0.2874061269715123,-0.44971799551354,0.6872663792634325,-0.4927640424692849,-0.4321420602569426,-1.965473780350598,1.449501226719124
1771355034360880384,29.209880352020264,0.0545799173414707,-0.1552190780639648,0.2231798768043518,-0.8367241621017456,0.4208792746067047,0.3503616750240326,-0.0006781816482543,0.0110512375831604,0.0499526262283325,-0.2862103577065851,-0.449359126305268,0.6879369260183578,-0.4928516952531571,-0.4344144240652993,-1.9673444360099936,1.4488482395178848
1771355034370911232,29.219911336898804,0.0282660238444805,-0.1321587711572647,0.2239772379398346,-0.8352762460708618,0.4229145050048828,0.351364403963089,-0.0037130117416381,0.0031108856201171,0.0407865047454834,-0.2850762868557586,-0.4489863862507965,0.6885444294725944,-0.4930003292312834,-0.4366592196073199,-1.9689822749507953,1.4483013899696524
1771355034380943360,29.22994327545166,-0.0048400876112282,-0.1199622973799705,0.2113277465105056,-0.8339129090309143,0.4247695505619049,0.3523640632629394,-0.0066023468971252,-0.0172987878322601,0.0438914597034454,-0.2840807208604885,-0.4485652635911777,0.6891815679926047,-0.4930681993720037,-0.438707306234772,-1.970584022488252,1.4474909443441095
1771355034390974208,29.2399742603302,-0.0455832555890083,-0.1121525764465332,0.1949285417795181,-0.8326455354690552,0.4263677597045898,0.3534294664859772,-0.0032768845558166,-0.0518407225608825,0.0315956175327301,-0.2832395852504941,-0.4481178691556673,0.6898587570495741,-0.4930119293685882,-0.440473431003747,-1.9722143223723216,1.4463704746599682
1771355034401005312,29.25000524520874,-0.079163946211338,-0.1113132759928703,0.1896040737628936,-0.8314241766929626,0.4277456998825073,0.3546375930309295,0.0020173788070678,-0.0561484098434448,0.0197521448135375,-0.2825267604085958,-0.4476290379787473,0.6906135260877387,-0.492808225985765,-0.4419973161023229,-1.973972618557421,1.4448560913647936
1771355034411036160,29.26003623008728,-0.0792707353830337,-0.1066863015294075,0.1809999346733093,-0.8302395939826965,0.4290061295032501,0.3558874130249023,0.0057615041732788,-0.0560050308704376,-0.0023870766162872,-0.2818770783392244,-0.4471333689197998,0.6913866149828092,-0.4925459930872791,-0.4433922125346815,-1.9757597891610177,1.4432056612083404
1771355034421068288,29.270068168640137,-0.0608856007456779,-0.1070450246334075,0.173662394285202,-0.8290895819664001,0.4302505552768707,0.3570643961429596,0.0082125067710876,-0.0586532950401306,-0.0301448106765747,-0.281216381128368,-0.4466840187804836,0.6921022925825938,-0.4923262796400366,-0.4447703308620299,-1.9774600914091955,1.4417408985344071
1771355034431099136,29.280099153518677,-0.0453106351196765,-0.0962823927402496,0.165089949965477,-0.8279796838760376,0.4314288794994354,0.358216255903244,0.007346749305725,-0.0590381324291229,-0.0423288345336914,-0.2805582904786153,-0.4462901186482589,0.6927721510627339,-0.4921168220065857,-0.4460760368208515,-1.979119382907204,1.4404125707459368
1771355034441128960,29.29012894630432,-0.020601563155651,-0.0714092701673507,0.1451194286346435,-0.827004075050354,0.4325589835643768,0.3591057360172272,0.0108572840690612,-0.0779142379760742,-0.0599114000797271,-0.279947817206043,-0.4459432057735801,0.6933163270597624,-0.4920125332949688,-0.4473291104778647,-1.980454510025072,1.4394116594352917
1771355034451160832,29.300160884857178,0.0106013631448149,-0.0466357469558715,0.1288919895887375,-0.8262010216712952,0.4336127936840057,0.3596827983856201,0.0111681222915649,-0.0683326721191406,-0.065203458070755,-0.2794284035545756,-0.4456217007259733,0.6937310032453944,-0.4920145733664566,-0.4484982595821871,-1.9813968768757,1.4387001269840656
1771355034461191936,29.31019186973572,0.0624665170907974,-0.0417541749775409,0.1097598448395729,-0.8255355358123779,0.4346173703670501,0.3599981069564819,0.0096024274826049,-0.0706953108310699,-0.0616277754306793,-0.2789105144319379,-0.4454150702952082,0.6939772875640283,-0.4921481497712395,-0.4496133939674541,-1.98201284023266,1.4385107411883022
1771355034471222784,29.320222854614254,0.0848916620016098,-0.030627753585577,0.0898114368319511,-0.8249717354774475,0.4355043172836303,0.3602186143398285,0.0084282755851745,-0.0533022284507751,-0.0484205782413482,-0.2783151808929586,-0.4454435629105029,0.6940384243825733,-0.4923731247241707,-0.4505984444989462,-1.9824877028165968,1.4390007102338809
1771355034481253888,29.3302538394928,0.1014092117547988,-0.0255858562886714,0.0729541629552841,-0.8245908617973328,0.4362093210220337,0.3602378666400909,0.0020353198051452,-0.0654512643814086,-0.0148552656173706,-0.2778569943145745,-0.4454904004809475,0.6940153045575073,-0.4926221183747908,-0.451381772681958,-1.9826767080266927,1.439593837079218
1771355034491286016,29.340286016464233,0.0727956742048263,-0.0129480920732021,0.068504549562931,-0.8243324756622314,0.4367437064647674,0.3601817786693573,-0.0040213465690612,-0.0792455673217773,-0.0108775198459625,-0.2775267007590555,-0.445522293112974,0.6939746233496594,-0.4928367284804673,-0.4519757049151722,-1.9827345526149136,1.44009378725951
1771355034501317120,29.350317001342773,0.0560507848858833,-0.0039458088576793,0.0587065108120441,-0.8242075443267822,0.4371027946472168,0.3600323498249054,-0.0015219449996948,-0.080352246761322,-0.0319072902202606,-0.2773373689388468,-0.4455304835295378,0.6939155286787217,-0.4930191547765266,-0.4523749149132778,-1.98263791798886,1.440488022928297
1771355034511347968,29.360347986221313,0.0807161852717399,0.0081468066200613,0.0433565825223922,-0.8241676688194275,0.4374361038208008,0.3597188591957092,0.0004370808601379,-0.0593995749950408,-0.055305927991867,-0.2772043910924168,-0.445528908461565,0.6938035900411105,-0.4932528850590475,-0.4527455401946684,-1.9823362184136089,1.440978327992236
1771355034521379072,29.370378971099857,0.0982468873262405,0.0284061394631862,0.0371444933116436,-0.8242411613464355,0.4377544820308685,0.3591627478599548,5.27501106262207e-05,-0.0490062832832336,-0.0653090178966522,-0.2771085980211533,-0.4455581806920085,0.6935843769267002,-0.4935884572174471,-0.4530996150437602,-1.9817366507164151,1.4417572022732474
1771355034531410944,29.38041090965271,0.1104119345545768,0.0430268943309783,0.020961532369256,-0.8243756294250488,0.4381793737411499,0.3583345115184784,0.0027204155921936,-0.0527881681919097,-0.0646027624607086,-0.2770232421419014,-0.4455615352965603,0.6932836126207029,-0.4940555115974949,-0.4535722539209871,-1.9808321723701503,1.4427688880133578
1771355034541441792,29.39044189453125,0.1143767610192298,0.0539798066020011,0.0161654446274042,-0.8245941400527954,0.4385263919830322,0.3574066758155823,0.0082793235778808,-0.0525247454643249,-0.0520019233226776,-0.2769927926695991,-0.4455814360483491,0.6929361639086069,-0.4945419982743216,-0.4539583229916947,-1.9797884571998912,1.443863495268944
1771355034551472896,29.40047287940979,0.1023677662014961,0.0637647956609726,0.0039852107875049,-0.8248496651649475,0.4388807415962219,0.3563805222511291,0.0071462988853454,-0.0414808094501495,-0.0402183234691619,-0.2769851744085461,-0.4455899875386843,0.6925603399252983,-0.4950647265704453,-0.4543526692780492,-1.9786275181017972,1.445016683516105
1771355034561504768,29.410504817962646,0.0909907445311546,0.0710590630769729,-0.0038322319742292,-0.8251683115959167,0.4389933943748474,0.3555029034614563,0.0022160410881042,-0.0354747176170349,-0.016162633895874,-0.2770646626281347,-0.4456357021223588,0.6922140340714494,-0.4954632304429566,-0.4544780337606323,-1.977590193637109,1.4459859324662978
1771355034571536128,29.42053604125977,0.0499881841242313,0.0800320506095886,-0.0129722002893686,-0.825592577457428,0.4388318061828613,0.3547160625457763,-0.002837598323822,-0.0356488227844238,-0.0032756328582763,-0.2772810659850714,-0.4456932743588325,0.6918927243161321,-0.4957390100605033,-0.4542982110871501,-1.976599186361165,1.4467252062772369
1771355034581566976,29.430567026138306,0.0300548672676086,0.0876992866396904,-0.0269402135163545,-0.8260895013809204,0.4385021328926086,0.3539660573005676,-0.008337378501892,-0.0427501797676086,-0.0066455602645874,-0.2776264500180945,-0.4457006431163781,0.6916169236030217,-0.4959238967144015,-0.453931359491489,-1.9756141775138671,1.4471734247327033
1771355034591598080,29.44059801101685,0.0350424349308013,0.0913494154810905,-0.0338878706097602,-0.8266399502754211,0.4381830096244812,0.3530748784542084,-0.008259892463684,-0.033657282590866,-0.0153369009494781,-0.2780138682827773,-0.4456798232997812,0.6913081318168567,-0.4961559978794511,-0.4535762932704954,-1.974461700773385,1.4476695753241275
1771355034601629952,29.450629949569706,0.0244178436696529,0.0980841517448425,-0.0423351526260376,-0.8272523880004883,0.4378709197044372,0.3520261645317077,-0.0071133375167846,-0.0038347244262695,-0.0086423456668853,-0.2784507386298421,-0.4456278980409388,0.6909622712479336,-0.4964393842991696,-0.4532291436141141,-1.973121390395283,1.4482172770059225
1771355034611661056,29.46066093444824,-0.0068213026970624,0.1068994849920272,-0.0429900214076042,-0.827930212020874,0.4374249875545501,0.3509855568408966,-0.0072442889213562,-0.0176557302474975,-0.0110960304737091,-0.2789673562748336,-0.4455734275175882,0.6906208047779312,-0.4966733294646238,-0.4527331760052758,-1.9717614546424167,1.4486588517788532
1771355034621691904,29.470691919326782,-0.0785287767648696,0.1118878498673439,-0.0306300241500139,-0.8286066055297852,0.4367774724960327,0.3501948416233063,-0.0071019530296325,-0.0242866575717926,-0.0063228905200958,-0.2796367495914794,-0.4454037730688323,0.6904439884258095,-0.4966948838158582,-0.4520132388742853,-1.9706587190241895,1.4484111561421191
1771355034631723008,29.48072290420532,-0.121242418885231,0.0978838801383972,-0.0216956511139869,-0.8292109370231628,0.4360148012638092,0.3497146964073181,-0.0043461918830871,-0.0179087221622467,0.0122848749160766,-0.280382524445073,-0.4451364455028826,0.6904425366379869,-0.4965161723483017,-0.4511656120805258,-1.9699058510758072,1.4475311778021038
1771355034641754880,29.49075484275818,-0.1249417290091514,0.0860960707068443,-0.0241817124187946,-0.8297432065010071,0.4351096451282501,0.3495794236660003,-0.0009909868240356,0.0056251883506774,0.0234673917293548,-0.2811221890611678,-0.4448987589405466,0.6905467452709736,-0.4961658762223093,-0.4501600397081378,-1.9695376943305536,1.446339524979787
1771355034651785728,29.50078582763672,-0.0771885886788368,0.0690688788890838,-0.0336822718381881,-0.8302534222602844,0.4341185092926025,0.349600225687027,-0.0042191743850708,0.0169770419597625,0.0232482850551605,-0.2817815834360956,-0.4447994317792571,0.6906182539207665,-0.4957811997464435,-0.4490595502086192,-1.969339064442504,1.4453544096203703
1771355034661816832,29.51081681251526,0.000704257749021,0.0539069734513759,-0.047861211001873,-0.8308488726615906,0.4330189824104309,0.3495496809482574,-0.0007857084274291,0.028254210948944,0.0172716379165649,-0.2823543928958644,-0.4449298770357959,0.6905159297002926,-0.4954808094103413,-0.4478393539923092,-1.9690310478083448,1.4450220706193122
1771355034671847936,29.520848035812374,0.0799993500113487,0.0509114488959312,-0.0455530472099781,-0.8314034938812256,0.4324190318584442,0.3489735126495361,0.0037207603454589,0.041107028722763,0.0097759664058685,-0.2826888374496474,-0.4451239743051841,0.6901821533354584,-0.4955809073730655,-0.4471738900487663,-1.968203512807587,1.4456704750953624
1771355034681880064,29.53087997436523,0.1433404982089996,0.0479607991874218,-0.0546898208558559,-0.8317868709564209,0.4324475526809692,0.3480220437049866,0.0090483427047729,0.0451067090034484,0.0117495656013488,-0.282718048373989,-0.4453249061392552,0.689707730810929,-0.4960436845597166,-0.4472055131120976,-1.9670659453329469,1.447094316807948
1771355034691910912,29.540910959243774,0.1294593065977096,0.0548740997910499,-0.0455189608037471,-0.8322311639785767,0.4324165880680084,0.3469974994659424,0.0112015008926391,0.043428748846054,0.0158259868621826,-0.2827543125910659,-0.4455845043962106,0.6891684821490968,-0.4965392948760406,-0.4471711683312926,-1.9658275277990271,1.4487127331154048
1771355034701942016,29.55094194412231,0.0375636518001556,0.058509312570095,-0.024378253147006,-0.8326662182807922,0.4322064220905304,0.34621462225914,0.012475848197937,0.0146472156047821,0.0224529504776,-0.2828989121166881,-0.445773676601805,0.6887620363347364,-0.4968509872352427,-0.4469380984890554,-1.9648405689290935,1.449795014672374
1771355034711973888,29.56097388267517,-0.0706829279661178,0.0541707575321197,-0.0168950371444225,-0.8329830169677734,0.4316665232181549,0.3461267054080963,0.0119989514350891,-0.000346302986145,0.0365790426731109,-0.2832242176453219,-0.4457934740911131,0.6887173065449043,-0.4967100044509961,-0.446339495774134,-1.9646157451211337,1.44955644196043
1771355034722004992,29.57100486755371,-0.1323046535253524,0.0429464653134346,-0.0028383401222527,-0.8330950736999512,0.4311769008636474,0.3464663028717041,0.0171314477920532,0.0004331767559051,0.0460507571697235,-0.2835858582531024,-0.4456028142199003,0.6889639185232838,-0.4963323825237499,-0.4457967440628976,-1.9649156577859228,1.4483710614225689
1771355034732035840,29.58103585243225,-0.1211713179945945,0.0300218779593706,0.0108455140143632,-0.8330622911453247,0.4308478832244873,0.3469541370868683,0.0237972140312194,0.0285331904888153,0.0460359752178192,-0.2838973802822762,-0.4453072480859616,0.6893319369132445,-0.4959084108703946,-0.4454321335953632,-1.9654287405978377,1.4468649917159655
1771355034742066944,29.59106683731079,-0.065874770283699,0.0223410557955503,0.0110345985740423,-0.832912802696228,0.4309634268283844,0.3471696078777313,0.018215537071228,0.0465603470802307,0.0322706401348114,-0.2840217697535939,-0.4449787851964451,0.6896221318932511,-0.4957285506148871,-0.4455601783425492,-1.9657128796738608,1.445805808577144
1771355034752099072,29.601099014282227,0.0155433909967541,0.0253174044191837,-0.0002939561381936,-0.832697868347168,0.4315887987613678,0.3469085693359375,0.0095013976097106,0.0566008687019348,0.017303466796875,-0.2839305964914524,-0.4446604612379817,0.6897328174591145,-0.4959124829265172,-0.4462533268877375,-1.965537442705759,1.4455389391154332
1771355034762129920,29.611129999160767,0.0500131286680698,0.0256630834192037,0.0018805149011313,-0.8324873447418213,0.4324209094047546,0.3463770747184753,0.0078871250152587,0.0422036945819854,0.0136846303939819,-0.2837007612894635,-0.4444383493022291,0.6896833295340272,-0.4963117762308376,-0.4471759779229491,-1.9650831073796653,1.445927502284682
1771355034772161024,29.621160984039307,0.066001683473587,0.0212358441203832,-0.0004723877646028,-0.8322429060935974,0.4333244860172272,0.345835268497467,0.002622365951538,0.0329231023788452,0.0215506851673126,-0.2833937313513301,-0.4442663922739258,0.6895977115909877,-0.4967600003020222,-0.4481783319553846,-1.9646322416215989,1.446520814384658
1771355034782191872,29.631191968917847,0.0431581512093544,0.0160346906632184,0.0039798845537006,-0.8321642279624939,0.4336048066616058,0.3456728756427765,-0.0015912652015686,0.0240367949008941,0.0327603816986084,-0.2832429451639974,-0.4442882120655373,0.6895247809880318,-0.4969276165465178,-0.4484893840183601,-1.964499328427582,1.4469180185909665
1771355034792224000,29.641223907470703,0.0212155692279338,0.0112697631120681,0.0037593753077089,-0.8321232795715332,0.4335226118564605,0.345874547958374,-0.0025020837783813,0.0164591372013092,0.0379755795001983,-0.2831646741644449,-0.4444092143521492,0.6895199244137603,-0.4968707635768003,-0.4483981571478126,-1.964723442540728,1.447037623171204
1771355034802254848,29.651254892349243,-0.0049205143004655,-0.0012364415451884,0.0087666511535644,-0.8319982290267944,0.4333550930023193,0.3463844060897827,1.2874603271484377e-05,0.0161688029766082,0.0383354127407074,-0.2830904630202342,-0.4445098336561612,0.6896399180431066,-0.4966563349186771,-0.4482122648558225,-1.9652991140196168,1.4467723183557355
1771355034812285952,29.661285877227783,-0.0149142928421497,-0.008315123617649,0.0071258773095905,-0.8317090272903442,0.4335022866725921,0.3468947112560272,0.0017682313919067,0.0074461698532104,0.0311265885829925,-0.2829156564258772,-0.444489126990138,0.6898382203596783,-0.4964991336573192,-0.4483756184833087,-1.96594523694032,1.4463721698842256
1771355034822317824,29.67131781578064,-0.0261132400482893,-0.0064494460821151,0.0174703933298587,-0.8313348889350891,0.4339807331562042,0.347193032503128,0.0071924328804016,0.0193578898906707,0.0213067531585693,-0.2826874254954135,-0.4443263449381726,0.6900511648611708,-0.4964788808465916,-0.4489065929113263,-1.966410699275082,1.4459714981607714
1771355034832349184,29.68134903907776,-0.0047845165245234,-0.0090446965768933,0.0171143300831317,-0.8309586644172668,0.4347063899040222,0.3471857011318207,0.0095934271812438,0.027909517288208,0.020474761724472,-0.2824367369052147,-0.4440742294663455,0.6902107838780767,-0.496625198517687,-0.4497122167357441,-1.9665641761023849,1.4457466543001496
1771355034842380032,29.6913800239563,-0.0133027266710996,-0.0041976100765168,0.0182999689131975,-0.8306573033332825,0.4353022873401642,0.3471605777740478,0.0126183629035949,0.0282292068004608,0.0264356136322021,-0.2822346614194288,-0.4438670595449008,0.6903349329041838,-0.496752800479696,-0.4503740143814647,-1.9666674778872544,1.4455784018657063
1771355034852411136,29.70141100883484,-0.0133807566016912,0.0018722666427493,0.0173854399472475,-0.8304029107093811,0.4356923997402191,0.3472800552845001,0.013584554195404,0.0228647589683532,0.0269265472888946,-0.282088623515278,-0.4437125156584513,0.6904775369168227,-0.4967756937280036,-0.4508073955637125,-1.9668989402508843,1.4452957554724677
1771355034862443008,29.711442947387695,-0.0195432230830192,-0.0065925912931561,0.0174975581467151,-0.8301704525947571,0.4358632266521454,0.3476214408874511,0.0149694681167602,0.020038902759552,0.0271802246570587,-0.2819699953209352,-0.4436401468612752,0.6906476221978212,-0.4966712506825209,-0.4509971697561765,-1.9673485411485836,1.4449079240454734
1771355034872473856,29.721473932266235,-0.007936367765069,-0.0243108682334423,0.0217263922095298,-0.8299301266670227,0.4359062314033508,0.3481403291225433,0.0150650739669799,0.0260230898857116,0.0281872451305389,-0.2818358216898057,-0.4436457215308942,0.6908318417365387,-0.4964860434733277,-0.4510449544655416,-1.9679834654219412,1.444504024736388
1771355034882504960,29.731504917144775,-0.003497942816466,-0.0410473719239234,0.0243014022707939,-0.8296100497245789,0.4360218942165375,0.3487577140331268,0.0177967548370361,0.02203169465065,0.0269136130809783,-0.2816043485410379,-0.4436984423117158,0.6910213782231556,-0.4963064274738833,-0.45117346936333,-1.9687536882442631,1.4442014286394829
1771355034892535808,29.741535902023315,0.0084460685029625,-0.0537349358201026,0.0246465485543012,-0.8292587995529175,0.4361301064491272,0.3494572639465332,0.0117386579513549,0.0197414755821228,0.0210719108581542,-0.2813253128874938,-0.4438003293820514,0.6912090141371283,-0.4961123321879633,-0.4512937231245006,-1.969621578993256,1.4439650483791513
1771355034902567936,29.751567840576172,0.0087305828928947,-0.0649991780519485,0.0241780970245599,-0.8288078904151917,0.4365061521530151,0.3500571250915527,0.0074120163917541,0.0104084908962249,0.0088295936584472,-0.2809363419921342,-0.4438597824433005,0.6913877742088524,-0.4960305046829223,-0.4517116715609403,-1.9704306126197235,1.443875540743636
1771355034912598784,29.761598825454712,0.0018729427829384,-0.0662689730525016,0.0338429734110832,-0.8282569646835327,0.4370845258235931,0.3506389260292053,0.0036566257476806,0.0036961436271667,-0.0042644441127777,-0.2804820070936107,-0.4438461678520163,0.6916068520138785,-0.4959944095018749,-0.4523546191229224,-1.9712648113524809,1.4437283366063085
1771355034922629888,29.771629810333252,-0.0063993679359555,-0.0696646347641944,0.036166314035654,-0.827606201171875,0.437701016664505,0.351405382156372,0.0040436387062072,-0.0010402798652648,-0.0028182566165924,-0.2799728036665508,-0.4438241833623253,0.6918979556754558,-0.4958956782837895,-0.4530401456588008,-1.9723319883981012,1.443422344745907
1771355034932662016,29.781661987304688,-0.0107291350141167,-0.0725666806101799,0.0312226917594671,-0.8269711136817932,0.4381974339485168,0.3522814810276031,-0.0008794069290161,0.0068557560443878,0.0054151713848114,-0.2794970569310138,-0.4438242326601272,0.6922144060361641,-0.4957225493212867,-0.4535923552658665,-1.9735052464512124,1.4430029022292503
1771355034942693120,29.791692972183228,0.0129175139591097,-0.0718855783343315,0.0239701047539711,-0.8263821005821228,0.438616544008255,0.3531407713890075,-0.0054966807365417,0.0020115375518798,0.0089960396289825,-0.2790218481414836,-0.4438919015367638,0.6924813102144627,-0.4955567879052073,-0.454058659865131,-1.974641815361605,1.4427397521868317
1771355034952723968,29.801723957061768,0.019845463335514,-0.0701630413532257,0.0242438782006502,-0.8257877826690674,0.43914994597435,0.3538672924041748,-0.0058620572090148,-0.0006428658962249,-0.0046546459197998,-0.278507773707248,-0.4439553842092701,0.692702863017622,-0.4954794008151619,-0.454652284161764,-1.9756453886604817,1.4426567727520618
1771355034962755072,29.811754941940308,0.0328083969652652,-0.0629440173506736,0.0095557458698749,-0.8252655863761902,0.4395960569381714,0.3545311987400055,-0.0067811012268066,-0.0005396306514739,-0.0150230824947357,-0.2780215924016889,-0.4440705936415289,0.6928686067739558,-0.4954175200354921,-0.45514890733703,-1.9765537959110724,1.4427175106869323
1771355034972786944,29.821786880493164,0.0372715890407562,-0.0560634694993495,0.0130522102117538,-0.8248448371887207,0.4399987161159515,0.3550098538398742,-0.0056604743003845,0.003574252128601,-0.0199116766452789,-0.2775923056871083,-0.4441952229899825,0.6929614190059981,-0.4954165284717194,-0.4555972579001525,-1.9772284756500844,1.4429355917353577
1771355034982817792,29.831817865371704,0.0240156184881925,-0.0495726838707923,0.009786108508706,-0.8245512247085571,0.4402971267700195,0.3553220331668854,-0.0020631551742553,0.0082960128784179,-0.0164853334426879,-0.2772706854753953,-0.4443047294071683,0.6930038379341927,-0.495439164877642,-0.4559295826536017,-1.977677118449188,1.4431835409336071
1771355034992848896,29.841848850250244,0.0008466495200991,-0.0438551381230354,0.0033844020217657,-0.8243687152862549,0.4404967129230499,0.3554986119270324,0.0006380677223205,-0.0058653056621551,-0.0179284512996673,-0.2770692686649813,-0.4443680902551392,0.6930269166686052,-0.4954628547362984,-0.456151873949888,-1.977938228123796,1.4433487564005802
1771355035002879744,29.851879835128784,-0.031006621196866,-0.0427213013172149,-0.0003016791306436,-0.8242420554161072,0.440457820892334,0.3558398187160492,0.0013813376426696,-0.0125708580017089,-0.0202075242996215,-0.2769795807674526,-0.44442799387326,0.6931115823493094,-0.4953407281958767,-0.4561085746769644,-1.978343055591426,1.443199275441087
1771355035012912128,29.86191201210022,-0.0089098419994115,-0.0463647693395614,-0.0046588769182562,-0.824087381362915,0.4403943419456482,0.3562762141227722,0.0039122700691223,-0.011790245771408,-0.0198961794376373,-0.2768729316992867,-0.4445048731183239,0.693219683812658,-0.4951800314482678,-0.4560378697649165,-1.9788576148225463,1.4429997145067983
1771355035022942976,29.87194299697876,0.0103525351732969,-0.0424085110425949,0.0058805826120078,-0.8239271640777588,0.4403343498706817,0.3567206263542175,0.0057204365730285,0.0160560011863708,-0.0200355350971221,-0.2767245022163619,-0.4446348970203784,0.6932965613769166,-0.4950385790296402,-0.455971033561583,-1.979382778446996,1.4429489880252624
1771355035032974080,29.8819739818573,0.033365711569786,-0.0438106656074523,0.0015787784941494,-0.8238235712051392,0.4404276311397552,0.3568451702594757,0.0062271356582641,0.0136891901493072,-0.0227234363555908,-0.2765601741497736,-0.4447507237287431,0.6932671814379725,-0.4950676420894948,-0.4560749244714529,-1.9795559314338904,1.4432384547695742
1771355035043005952,29.892005920410156,0.0278019197285175,-0.0307501256465911,-0.0056373225525021,-0.8237629532814026,0.4406174719333648,0.3567505180835724,0.0057239532470703,-0.0061844885349273,-0.023651123046875,-0.2764035617256653,-0.4448374635854753,0.6931773831588076,-0.4952028162896815,-0.4562863923713311,-1.97948600688475,1.4436991129574843
1771355035053037056,29.902036905288696,0.0056276442483067,-0.0291588865220546,0.0061820526607334,-0.823704719543457,0.4408648312091827,0.3565792441368103,0.0056657791137695,-0.0032122433185577,-0.0290493965148925,-0.2762770460914862,-0.4448557185211167,0.6931039013401494,-0.4953598441784461,-0.4565619694544657,-1.979336699978163,1.444067706303832
1771355035063067904,29.912067890167236,0.0023018885403871,-0.0193516630679368,0.0124668460339307,-0.823609471321106,0.4411590993404388,0.3564351201057434,0.0056468844413757,0.0019103288650512,-0.030980497598648,-0.2761758200537228,-0.4447911399076414,0.6930933571534043,-0.4954889615714272,-0.4568898426012289,-1.979231477700243,1.4442055174320112
1771355035073099008,29.922098875045776,-0.0074687162414193,-0.0159023366868495,0.0077839442528784,-0.8235827684402466,0.4412779808044433,0.356349915266037,0.002431035041809,0.0021119117736816,-0.0214499235153198,-0.2761465123141102,-0.4447566908753215,0.6930847267869491,-0.4955483570897187,-0.4570223112863001,-1.9791561447926136,1.444260637609991
1771355035083130880,29.932130813598633,0.0175040103495121,-0.0257467105984687,0.0099839810281991,-0.8235763311386108,0.4413214325904846,0.3563111126422882,0.0030807256698608,0.0115899145603179,-0.0079529285430908,-0.2761164104123587,-0.4447734354595785,0.6930599834714067,-0.4955847540239015,-0.4570707385002347,-1.9791192957557353,1.444372128317699
1771355035093161984,29.942162036895752,0.0461772009730339,-0.021380990743637,0.0007057944312691,-0.8235728740692139,0.4414273798465729,0.356187641620636,0.0036418437957763,0.0137575566768646,-0.0045489072799682,-0.2760280720012635,-0.4448432026130454,0.692970663652281,-0.4956961707510279,-0.4571888138564233,-1.9789945482591145,1.4447523347094553
1771355035103193088,29.952193021774292,0.0688303112983703,-0.0093040885403752,-0.0047251898795366,-0.8234947919845581,0.4419715702533722,0.3556928634643554,-0.0035620927810668,0.0007164180278778,-0.0195875167846679,-0.2758062740810753,-0.4448371027961434,0.6927960650640295,-0.4960689967969265,-0.4577953752445726,-1.978522856449377,1.4455332439036588
1771355035113223936,29.962224006652832,0.0824760869145393,-0.0043716481886804,-0.0117335645481944,-0.8234941363334656,0.4425239562988281,0.3550073206424713,-0.0070113539695739,-0.0073890388011932,-0.0319786965847015,-0.275608926738872,-0.4448438636446724,0.6925442887426342,-0.4965240893960584,-0.4584112735842238,-1.9778213134595304,1.4465238850242597
1771355035123256064,29.97225594520569,0.0539462678134441,0.000459193252027,-0.0044492864981293,-0.823604166507721,0.4427671730518341,0.3544480800628662,-0.006229817867279,0.0031099021434783,-0.0285508632659912,-0.2755153503055526,-0.4449288251629539,0.6922877900578488,-0.4968573893774031,-0.4586824922406696,-1.977200007061017,1.4474212938957367
1771355035133286912,29.98228693008423,0.0156446807086467,0.0018038232810795,0.0001057842746376,-0.823703408241272,0.4429792463779449,0.3539524674415588,-0.00230073928833,0.0024706423282623,-0.0115451514720916,-0.2754956299432031,-0.4449186945649838,0.6921153046455094,-0.4971177168632393,-0.4589190368346495,-1.9766484702670155,1.4479681992219722
1771355035143318016,29.99231791496277,-0.0206115059554576,0.0032531153410673,-0.0034255674108862,-0.8237712979316711,0.4431553184986114,0.3535734713077545,0.0023906826972961,-0.0108738541603088,0.0052217245101928,-0.2755378646818938,-0.4448190919899538,0.6920424239842091,-0.4972847864979866,-0.4591154526888861,-1.9762301311969732,1.4481304507127113
1771355035153349888,30.002349853515625,-0.0268563516438007,0.00839807651937,-0.0036394190974533,-0.823855459690094,0.4431589841842651,0.3533727526664734,0.0033751130104064,-0.0047739744186401,-0.0020086765289306,-0.2756474808393001,-0.4447202008646559,0.6920334652783524,-0.4973249299391537,-0.4591195250161201,-1.975987345719451,1.4480222072209885
1771355035163380736,30.012380838394165,0.0020891018211841,0.0120595237240195,-0.0137064345180988,-0.8238959908485413,0.4432067573070526,0.3532184660434723,0.0016303658485412,0.0070038139820098,-0.0125659704208374,-0.2757061034071553,-0.4446421318635395,0.692027897863047,-0.4973700245413985,-0.4591728283096082,-1.9758113627678104,1.4479637127582572
1771355035173411840,30.022411823272705,0.036424171179533,0.0133785875514149,-0.012281909584999,-0.82393878698349,0.4433474838733673,0.352941632270813,0.0014595985412597,0.0160488486289978,-0.0132657587528228,-0.2756904673742847,-0.4446237524176646,0.6919396928863658,-0.4975177478093078,-0.4593298246632738,-1.9755086868990297,1.4482477830744285
1771355035183442944,30.032442808151245,0.0570750348269939,0.0047215824015438,-0.0097987782210111,-0.8240852355957031,0.4434776306152344,0.3524357080459595,0.0059090852737426,0.0177955329418182,-0.0045963823795318,-0.2756869393192174,-0.4446618506471335,0.691732384176157,-0.4977738258317957,-0.4594750034900084,-1.9749254672271317,1.4488881066530896
1771355035193475072,30.04247498512268,0.0473371855914592,0.0057269255630671,-0.0087151378393173,-0.8242889642715454,0.4436112642288208,0.3517910838127136,0.0044035911560058,0.0140609145164489,0.0030215084552764,-0.2757052897592088,-0.4447053351722433,0.6914714050999653,-0.4980874744102838,-0.4596241173278637,-1.9741747457284944,1.4496682507010696
1771355035203505920,30.05250597000122,0.0282328240573406,0.0074234921485185,-0.0112704411149024,-0.8244408369064331,0.4438316524028778,0.3511568009853363,0.0004355907440185,0.0065162777900695,0.0001157820224761,-0.2757176255557647,-0.4446808318541602,0.6912578106121343,-0.4983989591130038,-0.4598700491098672,-1.97345721511138,1.4503022762885516
1771355035213537024,30.06253695487976,-0.0021439921110868,0.0085880924016237,-0.0050610145553946,-0.8245513439178467,0.4438510239124298,0.3508728444576263,0.0001646280288696,-0.0050082206726074,-0.0046356618404388,-0.2757690733762664,-0.4446724865606296,0.691160473272738,-0.4985129293274901,-0.4598916590525048,-1.9731173548678924,1.4505397278634249
1771355035223567872,30.0725679397583,-0.035208910703659,0.0120467413216829,-0.0031054553110152,-0.8246204257011414,0.4435822963714599,0.3510498404502868,0.0032245516777038,0.000112771987915,-0.0036377906799316,-0.2758771509952473,-0.4446983824350641,0.6912078331161813,-0.4983642436792318,-0.4595917899537219,-1.973268886403237,1.4502762481736156
1771355035233600000,30.082599878311157,-0.0428833439946174,0.0075649064965546,0.0010970127768814,-0.8246625065803528,0.4433916211128235,0.3511919975280761,0.0015575289726257,0.0066053867340087,0.0026746094226837,-0.2760114748430566,-0.4446321896929376,0.6913018266753104,-0.4982185591275894,-0.4593790606242003,-1.9733964397978403,1.449830348827616
1771355035243630848,30.092630863189697,-0.0301378984004259,0.0080252336338162,0.0070318677462637,-0.824664294719696,0.4434337317943573,0.3511346280574798,0.0053587555885314,0.0124226510524749,0.0069433748722076,-0.2761007598687183,-0.4444890415482323,0.6913731259079923,-0.4981978774504636,-0.459426026478283,-1.9733367511346829,1.4494951036797328
1771355035253661952,30.102661848068237,0.0065697822719812,0.0031050434336066,0.0028501716442406,-0.8246173858642578,0.4436828196048736,0.350929707288742,0.0080280900001525,0.0201843380928039,0.0060190856456756,-0.2760901527777914,-0.4443521122566649,0.6913870538351425,-0.4983064800791221,-0.459703952282034,-1.973146891627272,1.4494480061627557
1771355035263694080,30.112694025039673,0.0298068411648273,-0.0073305531404912,0.0120926722884178,-0.8244850039482117,0.4440732896327972,0.3507475554943084,0.0058661103248596,0.021792858839035,0.0055605471134185,-0.2759451222016958,-0.4442770026775947,0.6913694568280836,-0.4984783598266527,-0.4601397011052778,-1.9730176857481836,1.4496568790144704
1771355035273724928,30.122725009918213,0.0404443033039569,-0.0051052160561084,0.0101099479943513,-0.8243447542190552,0.4444364607334137,0.350616991519928,0.0042762160301208,0.0200716257095336,0.0042718946933746,-0.2757598973380593,-0.4442656543525715,0.6913295370967669,-0.4986462584089578,-0.4605450914378354,-1.972944865916178,1.449986246760304
1771355035283756032,30.132755994796753,0.043565172702074,0.0016147387214004,0.0014887638390064,-0.8242886662483215,0.4446902275085449,0.3504267334938049,0.000146210193634,0.00877046585083,-0.0016412734985351,-0.2756156566096459,-0.4443057235210462,0.6912349742219914,-0.4988213070848358,-0.4608283941947525,-1.972773876569724,1.4504419849220902
1771355035293786880,30.142786979675293,0.0315921306610107,0.0015108757652342,0.0120031908154487,-0.8243094086647034,0.4448213279247284,0.3502116501331329,-0.0030680298805236,0.0032072961330413,-0.0018535554409027,-0.2755487108184982,-0.4443484343944214,0.6911297250840066,-0.4989660949939855,-0.460974750583244,-1.9725438219057507,1.4508435247152325
1771355035303819008,30.15281891822815,0.0124155981466174,-0.0020753375720232,0.0180834531784057,-0.8242378830909729,0.4450358152389526,0.3501075208187103,0.0020942091941833,0.0063191950321197,0.0023705065250396,-0.2754546567739863,-0.4443277987337851,0.6911053263775232,-0.499070199401126,-0.4612142637686706,-1.9724680373253831,1.451021653799356
1771355035313849856,30.16284990310669,-0.0085075264796614,-0.0012894386891275,0.018452301621437,-0.8241082429885864,0.4452666342258453,0.350118488073349,0.0104944705963134,0.0070038139820098,0.0079594254493713,-0.2753687163182588,-0.444249988739033,0.6911593126001961,-0.4991119323166747,-0.4614720078829197,-1.9725359148886616,1.4509443747036792
1771355035323880960,30.17288088798523,-0.023324554786086,-0.0078145824372768,0.0133550111204385,-0.8239417672157288,0.4454207122325897,0.3503147959709167,0.0169654488563537,-0.0036635100841522,0.0070918798446655,-0.275297677032096,-0.4441647148155703,0.6912851082920566,-0.4990529440100229,-0.4616441025323703,-1.9728104024012223,1.4506311460207388
1771355035333912832,30.18291282653809,-0.0207964163273572,-0.0104764122515916,0.0179771929979324,-0.8237302899360657,0.4456619918346405,0.3505048155784607,0.0137175321578979,0.0031905472278594,0.002202033996582,-0.2751977808696862,-0.4440476052403955,0.691429047368155,-0.4990127566933964,-0.4619136220121443,-1.9730981693812617,1.4502905898353653
1771355035343943936,30.192943811416622,-0.0003018844872713,-0.0084883626550436,0.0242814291268587,-0.8234970569610596,0.4460145235061645,0.3506049811840057,0.002909779548645,0.0159301161766052,-0.0017280280590057,-0.2750584891406614,-0.4439168685581822,0.6915492063845196,-0.499039484985759,-0.4623074429040709,-1.9733032033478768,1.4500655874863706
1771355035353975040,30.202975034713745,0.0169966779649257,0.0017578834667801,0.019440334290266,-0.8232855796813965,0.4464387595653534,0.3505617082118988,-0.0051141381263732,0.0043974220752716,-0.0019289255142211,-0.274895987966839,-0.4437977735972032,0.6916100026211827,-0.499150680686878,-0.4627814953921237,-1.97335130753844,1.450048776539734
1771355035364006144,30.213006019592285,0.0301275737583637,0.0035386062227189,0.0158645082265138,-0.8231981992721558,0.4467449188232422,0.3503766059875488,-0.0135937929153442,-0.0017833709716796,-0.0058484077453613,-0.2747905899891705,-0.4437381270099514,0.6915813552716318,-0.4993013769502538,-0.4631236852315746,-1.9731991702062,1.4502476566356577
1771355035374038016,30.22303795814514,0.0430577509105205,0.0094955656677484,0.0065993699245154,-0.8231860995292664,0.4469752907752991,0.3501113653182983,-0.0140637755393981,0.0086826980113983,0.000779777765274,-0.2747136100372276,-0.4437250827661743,0.6914938462526916,-0.4994765658403939,-0.4633812093592454,-1.9729316735166655,1.450600066829922
1771355035384068864,30.23306894302368,0.0382670797407627,0.014063686132431,0.0022107469849288,-0.823185384273529,0.4471977651119232,0.3498291075229645,-0.0122029781341552,0.0049355030059814,0.0026032626628875,-0.2746352252162903,-0.4437252342338103,0.6913916908055001,-0.4996609969075855,-0.4636299085742384,-1.9726415667959127,1.451000391329094
1771355035394099968,30.24309992790222,0.0127033973112702,0.0202438179403543,-0.0019728129263967,-0.8231642246246338,0.4473647773265838,0.349665105342865,-0.0090807676315307,0.0008469521999359,0.0032249987125396,-0.2745750577736216,-0.4437136330359669,0.6913398314747741,-0.4997760446222838,-0.4638166456406757,-1.9724820549316129,1.4512249362884255
1771355035404130816,30.25313091278076,-0.0032986500300467,0.0192334130406379,-0.0043310420587658,-0.8232068419456482,0.447300523519516,0.3496473133563995,-0.0020191669464111,-0.0100140571594238,0.0096209943294525,-0.2746135713324278,-0.4437193415380749,0.6913297349939919,-0.4997638630369705,-0.4637448091993472,-1.9724451259756035,1.4512132501840336
1771355035414162944,30.263162851333615,-0.0207924209535121,0.0068079023621976,0.0040331478230655,-0.823204755783081,0.4473046362400055,0.349646121263504,0.0067527890205383,-0.0091027617454528,0.0115599334239959,-0.27465920077662,-0.4436528356249762,0.6913719815110775,-0.4997391600874008,-0.4637494026455639,-1.9724448051606427,1.4510244126956129
1771355035424193792,30.27319383621216,-0.0157479532063007,0.0028298054821789,0.0066574267111718,-0.8231346011161804,0.4474452137947082,0.3496316373348236,0.0093986392021179,0.0092198252677917,0.019569993019104,-0.274656514995646,-0.4435425647424319,0.6914374982301743,-0.4997479427328573,-0.4639065947204583,-1.9724605772159565,1.4508143627493018
1771355035434224896,30.2832248210907,0.013258664868772,-0.006544254720211,0.0025705397129058,-0.8231073617935181,0.4475141763687134,0.3496072888374328,0.0100886225700378,0.0047868192195892,0.0097982585430145,-0.2746337960185523,-0.443522781352921,0.6914413801417847,-0.4997725583347869,-0.463983684000518,-1.9724474046707432,1.4508255961662604
1771355035444257280,30.293257236480713,0.0356062278151512,-0.0096962396055459,0.0069463797844946,-0.8231015801429749,0.4476063251495361,0.3495028913021087,0.0102964639663696,0.0134532451629638,0.0023952722549438,-0.2745777231517487,-0.4435518995330998,0.6913849574560912,-0.4998555856553882,-0.4640867413690423,-1.972342484109808,1.451064534804024
1771355035454288128,30.303288221359253,0.0431128777563571,-0.0115335537120699,0.0063445051200687,-0.8230425119400024,0.4478269517421722,0.3493590354919433,0.0092761516571044,0.0063661038875579,0.0014709830284118,-0.2744436874490245,-0.4435917002628183,0.6913073999068831,-0.5000010278529293,-0.4643334634625879,-1.9722202167143927,1.4514568287148402
1771355035464319232,30.313319206237793,0.0324792340397834,-0.0136913796886801,0.0054219863377511,-0.8229935169219971,0.4479927122592926,0.3492618799209595,0.0071519613265991,0.0002494156360626,0.0059626698493957,-0.2743129171473916,-0.4436601247484567,0.6912283524536911,-0.5001213485156869,-0.4645188702783264,-1.9721415964033608,1.4518535879846162
1771355035474350336,30.323350191116333,0.0178062804043293,-0.0181934535503387,0.0103206057101488,-0.8229215741157532,0.4480817914009094,0.349317193031311,0.0025023818016052,0.0011826753616333,0.0107901692390441,-0.2741995430489312,-0.4437267231336832,0.6912056044520882,-0.5001558916053906,-0.4646185060589403,-1.972229976523421,1.452058623314644
1771355035484382464,30.33338236808777,0.0089079495519399,-0.0170971639454364,0.0150250792503356,-0.8228251934051514,0.4480473697185516,0.3495886921882629,0.0019176006317138,0.0013239681720733,0.0124260187149047,-0.2741046971320486,-0.4438117242328075,0.6912492325617616,-0.5000722498823699,-0.4645800050961915,-1.972551672161004,1.4520424200281783
1771355035494413312,30.34341335296631,0.00741364993155,-0.0228671692311763,0.0196070484817028,-0.8226718902587891,0.4480705857276916,0.3499192595481872,0.0012456178665161,0.010043978691101,0.0092116296291351,-0.2739791161537555,-0.4438741947613452,0.6913286647869193,-0.4999757353578691,-0.4646059944307098,-1.9729590256305471,1.4519483359703924
1771355035504444416,30.35344433784485,0.0229907464236021,-0.0175761319696903,0.0120149087160825,-0.8224406242370605,0.4482415616512298,0.3502440750598907,0.0057902336120605,0.0069891512393951,0.003942847251892,-0.2737825944598939,-0.4439122792784173,0.6914216695062619,-0.4999210374254096,-0.4647972451464968,-1.9733946769420112,1.4518898453417206
1771355035514475264,30.36347532272339,0.011142075061798,-0.0139803327620029,0.0112372655421495,-0.8222688436508179,0.4484411776065826,0.3503921329975128,0.0040620565414428,-0.0016180574893951,-0.0074203014373779,-0.2736052946912917,-0.4439486737718855,0.6914518413541787,-0.499944143953638,-0.4650205645528445,-1.9736223906871797,1.4520013560916525
1771355035524507392,30.373507261276245,-0.0072073712944984,-0.0146072413772344,0.0084060579538345,-0.8221064209938049,0.4486885070800781,0.3504563570022583,-0.0029820799827575,0.0008354187011718,-0.0139237642288208,-0.2734733887386098,-0.4439051838320109,0.6915029761869432,-0.4999841201049822,-0.4652972883846768,-1.9737597414210044,1.451987833105785
1771355035534538240,30.383538246154785,-0.0179391112178564,-0.0155747681856155,0.0183404479175806,-0.8219592571258545,0.4488188624382019,0.35063436627388,-0.0044566392898559,-0.0068480968475341,-0.0084560215473175,-0.2733905583734075,-0.4438606067734851,0.6915959383204442,-0.4999403795875283,-0.465443171452344,-1.97400754461523,1.451791300582047
1771355035544569344,30.393569231033325,-0.0067931609228253,-0.0238322969526052,0.0200038589537143,-0.8217881917953491,0.4489082098007202,0.3509211242198944,-0.0060163736343383,0.0136772394180297,-0.0011743307113647,-0.2732993527170044,-0.4438319472693224,0.6917179815544865,-0.4998468962723717,-0.4655431389028631,-1.974377851991711,1.451517273244776
1771355035554601472,30.40360140800476,0.0183950178325176,-0.0158763714134693,0.0162815582007169,-0.821608304977417,0.4490547180175781,0.3511551916599273,-0.0058149695396423,0.0180168449878692,-0.0027513206005096,-0.2731539117750249,-0.4438448185049422,0.6917943149868054,-0.499809407979454,-0.4657071075258179,-1.9746978490339664,1.451448682426553
1771355035564632320,30.4136323928833,0.0251880288124084,-0.0118628535419702,0.00986760109663,-0.8214626908302307,0.4492241442203522,0.3512792885303497,-0.0023900270462036,0.0175423026084899,-0.0080784857273101,-0.2730005480123348,-0.4438799187553363,0.6918166381679647,-0.4998311988764733,-0.4658967518439321,-1.9748896043222444,1.4515566237924944
1771355035574663424,30.42366337776184,0.0081499246880412,-0.007051320746541,0.0119541883468627,-0.821325957775116,0.4494192004203796,0.3513489365577698,0.0020052790641784,0.0026376843452453,-0.007843017578125,-0.2728641687501559,-0.443884796694065,0.6918386760091976,-0.4998706636668525,-0.4661150790008497,-1.9750214821382024,1.4516421692641812
1771355035584694272,30.43369436264038,0.0133842788636684,-0.0153425391763448,0.0176855772733688,-0.8211768269538879,0.4496439397335052,0.3514097929000854,0.0044196844100952,-0.0010050535202026,-0.0010832846164703,-0.2727296621688357,-0.4438646030872676,0.6918736268133874,-0.4999135694629385,-0.4663666709990118,-1.975149812452862,1.4516833120509054
1771355035594726400,30.443726301193237,0.030571786686778,-0.020626250654459,0.0226502418518066,-0.8210604786872864,0.4499020874500274,0.351351648569107,0.0061799883842468,0.0116305649280548,-0.0024136006832122,-0.2725938795300199,-0.4438513438922962,0.6918611218622871,-0.5000168272414443,-0.466655700070081,-1.9751411872820417,1.4518722337249388
1771355035604757248,30.453757286071777,0.0197510104626417,-0.0128863062709569,0.0182672124356031,-0.8209629058837891,0.450221985578537,0.3511699438095093,0.0066011548042297,0.0165749490261077,-0.0048260390758514,-0.2724530859134056,-0.4438271233723693,0.6918110017578181,-0.5001843837311365,-0.467013924941306,-1.9749971173311995,1.4521802014933836
1771355035614788352,30.463788270950317,-0.0073567740619182,-0.004876316525042,0.0095679964870214,-0.8209353089332581,0.4503168165683746,0.3511127233505249,0.0077180862426757,-0.0144189894199371,-0.0090717077255249,-0.2724134008501674,-0.443817966094241,0.6917961963893815,-0.5002345682696481,-0.4671201413517861,-1.974950342207156,1.4522687318864895
1771355035624819200,30.473819255828857,-0.0422279387712478,-0.0030635029543191,0.0117640383541584,-0.8208544254302979,0.4504169523715973,0.3511731326580047,0.0071032047271728,-0.0192798674106597,-0.0138318538665771,-0.27241721970988,-0.4437114462323356,0.6918863531302057,-0.5002022540367179,-0.4672322879997675,-1.975048167779334,1.4519757804198956
1771355035634851328,30.48385119438171,-0.0421043708920478,-0.0024365948047488,0.0189279410988092,-0.8207417726516724,0.4505593180656433,0.3512539267539978,0.0024434328079223,0.0003684163093566,-0.017162799835205,-0.2724329405526982,-0.4435472072241772,0.6920208358019473,-0.5001533283411128,-0.4673917434987339,-1.9751810015898896,1.4515269623747338
1771355035644882432,30.493882417678833,-0.0123792290687561,-0.0037572565488517,0.0196179673075675,-0.8206117749214172,0.4508022665977478,0.3512461483478546,5.501508712768555e-05,0.015948861837387,-0.0075113475322723,-0.2724097372300871,-0.4433766632257875,0.6921273034756474,-0.5001699233759591,-0.467663923785542,-1.975230280548547,1.451206622555295
1771355035654913536,30.503913402557373,0.0323554873466491,-0.015526563860476,0.0150178894400596,-0.820504903793335,0.4510308802127838,0.3512026071548462,0.0033355355262756,0.0121955573558807,-0.0018830597400665,-0.2723083430997981,-0.4433363768237253,0.6921373860816883,-0.5002469703861898,-0.4679200308632812,-1.9752325502163364,1.451284427000039
1771355035664945408,30.51394534111023,0.0392405539751052,-0.0184757485985755,0.0152724869549274,-0.8203700184822083,0.4512936472892761,0.3511800765991211,0.0064813494682312,0.0095523595809936,0.0021372139453887,-0.2721243593196452,-0.443375479623426,0.6921041951517745,-0.5003583090154884,-0.4682144593139297,-1.975268810483728,1.4515962871234755
1771355035674976256,30.52397632598877,0.0934257581830024,-0.0529682114720344,0.0038730916567146,-0.8201761245727539,0.4517273008823395,0.3510754108428955,0.0034034848213195,3.978610038757324e-05,0.0050495564937591,-0.2718392785303907,-0.443432962746275,0.6920295625556677,-0.5005655253650474,-0.4687004769529728,-1.9752465010407936,1.4521501860983697
1771355035685007360,30.53400731086731,0.0240624900907278,-0.0074036568403244,0.0019641383551061,-0.8200342655181885,0.4521025121212005,0.3509232997894287,-0.000934362411499,-0.0063017308712005,0.0050795078277587,-0.2716229970567273,-0.4434574154767706,0.6919589340408683,-0.5007587399828576,-0.4691210911999925,-1.9751523011067111,1.452610602056886
1771355035695038208,30.54403829574585,0.0055380733683705,0.006808036006987,-0.0068115103058516,-0.8201038241386414,0.4520539045333862,0.3508229851722717,-0.0074564814567565,-0.029843270778656,-0.0087515413761138,-0.2716320151653594,-0.4435136983168516,0.691886617292129,-0.5008038432965799,-0.4690666185000141,-1.9750182311532745,1.4528285842201047
1771355035705070336,30.554070234298703,-0.0176311619579792,0.0177626833319664,-0.0044884346425533,-0.8202463984489441,0.4518763124942779,0.3507185280323028,-0.0051777362823486,-0.0176416933536529,-0.0171767771244049,-0.2717650838734232,-0.4435086546932152,0.6918521020123202,-0.5007837873976118,-0.4688675048923745,-1.974847721598015,1.4527850872935415
1771355035715101184,30.56410121917725,-0.0216314941644668,0.0095423031598329,0.0018637371249496,-0.8203251361846924,0.4518757164478302,0.3505355417728424,-0.0013302564620971,-0.0012073516845703,-0.0087539851665496,-0.2718766438272399,-0.4434059409129823,0.6918518192748594,-0.5008147266248353,-0.4688668579624099,-1.9746244067683163,1.452649438075598
1771355035725132288,30.574132204055783,-0.0008630119264125,0.0004482739605009,0.0040576490573585,-0.8202977180480957,0.4520230591297149,0.3504100143909454,0.0025638341903686,0.0047793388366699,0.0069051086902618,-0.2718826707663982,-0.4433082316449259,0.6918690740551062,-0.5008741794533316,-0.4690320249998676,-1.97450708529333,1.4525783542638468
1771355035735163136,30.58416318893433,0.0153500465676188,-0.0049859061837196,0.0034155608154833,-0.820239245891571,0.4521954655647278,0.3503235280513763,0.0065796971321105,0.0079942941665649,0.0092192590236663,-0.2718174107684587,-0.4432766325096638,0.6918580758306907,-0.5009525145380356,-0.4692253235252613,-1.97444369327576,1.452680635476909
1771355035745195264,30.59419536590576,0.0307392105460166,-0.0021939810831099,-0.0060250787064433,-0.8201876878738403,0.4523419439792633,0.3502556681632995,0.0073519945144653,0.0040789246559143,0.0007575750350952,-0.2717182204984196,-0.4433090048485301,0.6918128037273567,-0.5010403261899845,-0.4693895664375061,-1.9743964057073575,1.452934278229958
1771355035755226368,30.6042263507843,0.0384935364127159,-0.000200605019927,-0.0107343466952443,-0.8202022910118103,0.4523705542087555,0.3501847088336944,0.0059779286384582,-0.0048607587814331,-0.0111953914165496,-0.271649467322842,-0.4433995195680916,0.6917291495513622,-0.5011130834524761,-0.4694216458981768,-1.9743167845192144,1.4532782596523297
1771355035765257472,30.61425733566284,0.0405008494853973,-0.0101469792425632,-0.0031419405713677,-0.8202359080314636,0.4523462355136871,0.3501375317573547,0.0081171989440917,-0.0039208531379699,-0.0087220966815948,-0.271585226792088,-0.4435217853669444,0.6916337108313292,-0.5011714681685595,-0.4693943625985183,-1.9742533398238729,1.453656901846692
1771355035775289344,30.6242892742157,0.0462625995278358,-0.0163018107414245,0.0021481625735759,-0.820332407951355,0.4522197842597961,0.3500747084617615,0.0093276500701904,0.0087482631206512,0.0002517998218536,-0.2715503230915402,-0.4436938496818736,0.6915006261104754,-0.5012216812986627,-0.4692525950631724,-1.9741460867759737,1.4541236699351594
1771355035785320192,30.63432025909424,0.0459343194961547,-0.0139260049909353,0.0010642558336257,-0.8203578591346741,0.4523445665836334,0.349853366613388,0.009994089603424,0.014223426580429,0.0030823945999145,-0.2714048879857751,-0.4438501709222088,0.691320264550653,-0.5014107172446167,-0.4693924926420853,-1.9739066191813883,1.454856522787042
1771355035795351296,30.64435124397278,0.0359679721295833,-0.0132745951414108,-0.0074011338874697,-0.82035893201828,0.4524559080600738,0.3497067987918854,0.0086982250213623,0.0010352730751037,0.0116213262081146,-0.2712992989873345,-0.4439422240108248,0.6912081440525154,-0.5015409145064588,-0.4695173318605451,-1.9737549588530563,1.4553284866618266
1771355035805382144,30.65438222885132,0.0157264396548271,-0.0121857617050409,-0.0006524175405502,-0.8203012943267822,0.452510803937912,0.3497708141803741,0.0055583119392395,-0.0029869079589843,0.0085971057415008,-0.2711859571970242,-0.4440345191930759,0.6911720119228897,-0.5015702579367016,-0.4695788893871185,-1.973846342937424,1.4555763518284093
1771355035815414528,30.66441440582275,0.0165972933173179,-0.0084879621863365,-0.0031797573901712,-0.8202103972434998,0.4525990188121795,0.3498701155185699,0.0038041472434997,0.0036387741565704,0.0023332834243774,-0.2710792618500584,-0.44407998131838,0.691178723103984,-0.5015784958622753,-0.4696778257512832,-1.9739887798999407,1.4556803680396655
1771355035825445376,30.674445390701297,0.0103752603754401,0.0002943431027233,0.0038696299307048,-0.8201638460159302,0.4526980817317962,0.3498512208461761,0.0018959045410156,0.0080868601799011,-0.0027595460414886,-0.2710092239063614,-0.4440982732431607,0.6911601332469507,-0.5016258230212339,-0.469788921752111,-1.9739897460129776,1.4558177418772364
1771355035835476480,30.68447637557983,-0.0057272757403552,0.0017146072350442,0.0004195044748485,-0.8201894760131836,0.4527134895324707,0.3497708737850189,0.0031271576881408,0.0035853087902069,-0.0009701550006866,-0.2710237185609097,-0.4440872978019097,0.6911381257446924,-0.5016579454750886,-0.4698061908353066,-1.9738955943355907,1.4558674756438224
1771355035845507328,30.694507360458378,-0.022577628493309,0.0053679314441978,0.0037745549343526,-0.8201990127563477,0.4526945948600769,0.3497734069824219,0.0025566816329956,-0.0043913424015045,-0.0006828010082244,-0.2710722542504488,-0.4440357726355028,0.6911721414835378,-0.501630579922879,-0.4697850234104688,-1.9738939995174167,1.4557034155884885
1771355035855539200,30.70453929901123,-0.0178111027926206,0.0018453681841492,-0.0017837283667176,-0.8201533555984497,0.4527285993099212,0.349836140871048,0.0015803575515747,0.0079647600650787,0.0009634494781494,-0.2710914913121615,-0.4439632545415579,0.6912414186658707,-0.5015888169227496,-0.4698231554106376,-1.9739788296606329,1.4554611537921722
1771355035865570304,30.71457028388977,0.0128939030691981,0.0067734150215983,-0.0007421660702675,-0.8201085329055786,0.4528459012508392,0.3497894704341888,-0.0033015012741088,0.0155684053897857,0.0042755603790283,-0.2710620585734297,-0.4439178210438173,0.6912537158993848,-0.501628018085456,-0.46995471044377,-1.9739503877325852,1.4554511321838457
1771355035875601408,30.72460126876831,0.0271479375660419,0.0037850821390748,-0.0029464645776897,-0.8200947642326355,0.4528627395629883,0.3497996926307678,-0.0015909671783447,0.0161924064159393,0.0004200637340545,-0.2710119928961129,-0.4439697061059395,0.6912240945781903,-0.5016498802125304,-0.4699735899025832,-1.9739670213333207,1.455603571083195
1771355035885633280,30.734633207321167,0.0250253975391387,0.0039171748794615,-0.008373187854886,-0.8201170563697815,0.4528561234474182,0.3497560024261474,0.0026580095291137,0.0035342574119567,-0.0028474628925323,-0.270966958839983,-0.4440493691955727,0.691157111401178,-0.5016960064769347,-0.4699661561146035,-1.97391210164976,1.4558682635614564
1771355035895664128,30.744664192199707,0.0109095806255936,-0.0048044114373624,-0.0041440878994762,-0.8201331496238708,0.4528803527355194,0.3496871590614319,0.0130347609519958,-0.0079035460948944,-0.0015732049942016,-0.2709363050108082,-0.4440901400612704,0.6911060175924153,-0.5017469232394325,-0.4699933457364029,-1.9738340173396736,1.4560638153215797
1771355035905695488,30.754695415496823,0.0329504385590553,-0.0147324101999402,0.0053852344863116,-0.8200789093971252,0.4530413150787353,0.3496056497097015,0.0136366486549377,0.0050427913665771,0.0016363859176635,-0.2708423351816965,-0.4441062180046738,0.6910662043960206,-0.5018382073911953,-0.4701738975811139,-1.9737737883940325,1.4562923680972997
1771355035915726336,30.76472640037537,0.106166586279869,-0.0222233496606349,0.0108258072286844,-0.8199670314788818,0.4533683657646179,0.349444180727005,0.0053460597991943,0.0242164433002471,0.0006839931011199,-0.2706035252853405,-0.4442036485313594,0.6909451527956023,-0.5020474463560954,-0.4705407700812299,-1.973656353156733,1.4569408061908409
1771355035925758464,30.774758338928223,0.131713405251503,-0.0218794029206037,0.0021327161230146,-0.8198755979537964,0.4538054168224334,0.3490911424160003,0.0038660764694213,0.0306764245033264,-0.0019537210464477,-0.270255718383405,-0.4444102449276518,0.690684521708161,-0.5024104361581556,-0.4710311707744873,-1.973332130002252,1.4581505653422158
1771355035935789312,30.784789323806763,0.0695853233337402,-0.00371371419169,-0.0088823847472667,-0.8197906613349915,0.4542834460735321,0.3486682772636413,-0.0076933503150939,0.0042125582695007,-0.0069629549980163,-0.2698838489687092,-0.4446334584414697,0.6903877406475353,-0.5028205077880447,-0.4715677117534302,-1.9729327516764656,1.459499219335832
1771355035945820416,30.794820308685303,0.0069872764870524,-0.0028393981046974,-0.0182625707238912,-0.8198000192642212,0.4543988108634949,0.3484962880611419,-0.0142911076545715,-0.0438458323478698,0.0002891719341278,-0.2697811141660685,-0.4447241086959768,0.6902670567839368,-0.502961225303441,-0.471697195697664,-1.972750955654448,1.4599937107341656
1771355035955851264,30.804851293563843,-0.0516531318426132,-0.0032625743187963,0.0003068530932068,-0.8197876214981079,0.4543519616127014,0.3485868871212005,-0.0087342262268066,-0.0249543190002441,0.0065005123615264,-0.2698234735467659,-0.4446809583931823,0.6903276653226245,-0.5028935562803825,-0.4716446023977773,-1.9728499954214112,1.4597562513824245
1771355035965883136,30.8148832321167,-0.0326901823282241,-0.0045775105245411,0.0123062580823898,-0.8197281956672668,0.4543000757694244,0.3487942218780517,0.0008652210235595,0.0166166722774505,0.0084445476531982,-0.2698784872948289,-0.4445928373157982,0.6904595000593499,-0.5027609583418344,-0.4715863733529557,-1.9730902857002073,1.459281303644701
1771355035975914240,30.82491421699524,0.0013037361204624,-0.0053018904291093,0.0147172175347805,-0.8196452856063843,0.4543088376522064,0.3489773571491241,0.0094188451766967,0.0267702639102935,0.0066592693328857,-0.2698661485982152,-0.4445525389283613,0.6905517544305788,-0.5026764482136497,-0.4715962160040337,-1.973315897418313,1.4590078300237523
1771355035985945344,30.83494520187378,0.0352900214493274,-0.0139533020555973,0.0011255089193582,-0.8195343613624573,0.4544838070869446,0.3490101397037506,0.0139464735984802,0.0154106616973876,0.0074351131916046,-0.2697381664312244,-0.4445720393061136,0.6905510689912555,-0.5027288531525601,-0.4717926205168297,-1.973398543046233,1.4591548013239306
1771355035995977472,30.844977378845215,0.0326455049216747,-0.0118091907352209,0.0017968914471566,-0.819399356842041,0.4548246264457702,0.348883181810379,0.0150932073593139,0.0110720098018646,0.0058074295520782,-0.2695543392198793,-0.4445718504376991,0.6905052164739609,-0.5028906135494373,-0.4721753003910104,-1.9733267346501455,1.459500117667821
1771355036006008320,30.855008363723755,0.0136243170127272,-0.0003334968350827,0.0004450711421668,-0.8193032145500183,0.455176293849945,0.3486503958702087,0.0082221031188964,0.0018397271633148,-0.0080742537975311,-0.2694154220389141,-0.4445294066228839,0.6904482620010993,-0.5030807466709569,-0.4725702035693428,-1.9731285191835195,1.459824566555117
1771355036016039424,30.865039348602295,-0.0039722528308629,0.0048314374871551,-0.0030497950501739,-0.8193677067756653,0.4551838338375091,0.3484888076782226,0.0047009587287902,-0.0122211873531341,-0.0160150527954101,-0.2694483107910145,-0.4445217082292143,0.6903947071752781,-0.5031433987173828,-0.4725786639100831,-1.9729331602747295,1.4599510917834124
1771355036026070272,30.875070333480835,-0.0317709483206272,-0.002413025824353,0.0006370851770043,-0.8195255398750305,0.4547005593776703,0.348748505115509,0.0024325251579284,-0.011173278093338,-0.0035031735897064,-0.2696118685436047,-0.4446339856186809,0.690416452945314,-0.5029267078766002,-0.4720359659120681,-1.973132137937759,1.459714938944314
1771355036036102400,30.88510227203369,-0.0031523541547358,-0.0072240261361002,0.0074284118600189,-0.8195604085922241,0.4544018805027008,0.3490557074546814,0.0070297718048095,0.013081669807434,0.0108534395694732,-0.2696893177941049,-0.4446958154722013,0.6904878603592378,-0.5027324504080235,-0.4717006617795199,-1.9734341150728445,1.459416909283186
1771355036046133248,30.89513325691223,0.0314889773726463,-0.0119155850261449,0.0101128779351711,-0.8194204568862915,0.4546277821063995,0.3490895330905914,0.009087324142456,0.0194627344608306,0.0088206231594085,-0.2695553678223845,-0.4446800612126487,0.690510257217224,-0.5027873013365572,-0.471954267768332,-1.9735306435749125,1.4594953743102022
1771355036056164352,30.90516424179077,0.0513284653425216,-0.0085538765415549,0.0016224547289311,-0.8192655444145203,0.4550219476222992,0.3489398658275604,0.0032102465629577,0.0095471441745758,0.0020276308059692,-0.2693462997214763,-0.4446756918883698,0.6904588786857913,-0.5029738081096944,-0.4723968734085108,-1.9734441968610423,1.4598852543212302
1771355036066195200,30.91519522666931,0.052896000444889,-0.0066511803306639,-0.0014638828579336,-0.8191507458686829,0.4553322196006775,0.3488043248653412,-0.001329481601715,-0.0035957992076873,-0.0020178854465484,-0.2691395394881894,-0.4447346682960725,0.6903718115306485,-0.5031517670329713,-0.4727453314762667,-1.9733546462012064,1.4603886517946505
1771355036076227328,30.925227403640747,0.0463198572397232,-0.0120107922703027,0.0019681327976286,-0.8190414309501648,0.4556159973144531,0.3486908376216888,-0.0020645856857299,-0.0001563727855682,-0.0033081471920013,-0.2689371443000572,-0.4448039967958786,0.6902860471323348,-0.5033164485523034,-0.4730641007004662,-1.973285466585355,1.4608846480028042
1771355036086258432,30.935258388519287,0.0332884788513183,-0.0083868959918618,0.0054046758450567,-0.8189879059791565,0.4558574855327606,0.3485005795955658,0.0007201433181762,-0.0048992335796356,-0.0029195845127105,-0.2687972426342824,-0.4448436488959988,0.6901915776130371,-0.503485546108298,-0.4733353738376497,-1.9731123489165696,1.4613339216688812
1771355036096289280,30.945289373397827,0.0087421219795942,-0.0077181761153042,0.000360382720828,-0.8189975619316101,0.4559335112571716,0.348378837108612,0.001507818698883,-0.0076302587985992,0.0017494261264801,-0.268760913492542,-0.4448623969686188,0.6901353918648377,-0.5035655105828911,-0.4734208080347727,-1.9729822198978415,1.4615488833168593
1771355036106321408,30.955321311950684,-0.0080234529450535,0.0046014734543859,-0.0026532504707574,-0.8190461993217468,0.4558043479919433,0.3484334051609039,-0.0038908123970031,-0.0143980979919433,-0.000609278678894,-0.2687994674773306,-0.4449036414802,0.6901285788778811,-0.5035178081046872,-0.4732756710806094,-1.9730172635236691,1.4615313948524968
1771355036116352256,30.965352296829224,-0.0075653893873095,0.0063173486851155,-0.0086048822849988,-0.8190250396728516,0.4557894170284271,0.3485027849674225,-0.0062160491943359,-0.004205584526062,-0.006370186805725,-0.2688096058084336,-0.4448836211819602,0.6901666199607472,-0.5034779956865515,-0.4732589271039181,-1.973098296075396,1.461401450484361
1771355036126383360,30.975383281707764,0.0046799145638942,0.0013000862672924,-0.0096706803888082,-0.8190047144889832,0.4558323323726654,0.3484944105148315,-0.0078539252281188,0.0056850612163543,-0.0037220418453216,-0.2687969396392752,-0.4448670735026097,0.6901742429165121,-0.5034888993533955,-0.473307117014887,-1.973098560454585,1.4613902733734931
1771355036136414208,30.985414266586304,0.0139325344935059,0.0047912239097058,-0.0078077986836433,-0.8190222382545471,0.4558573067188263,0.3484202325344085,-0.0033196210861206,0.0089864432811737,0.0026386678218841,-0.2687821342978505,-0.4448862461696006,0.6901350166620558,-0.5035335353184497,-0.4733351780615129,-1.9730141825848229,1.4615288562240174
1771355036146446336,30.99544620513916,0.012144754640758,0.0042801634408533,-0.0100768115371465,-0.8190993666648865,0.4557816088199615,0.3483385741710663,-0.0022661685943603,0.0071243345737457,0.0053601562976837,-0.2688096238687276,-0.4449345884728939,0.690074273223721,-0.5035595682573625,-0.4732501370890149,-1.9728958517367616,1.461690152406107
1771355036156477184,31.0054771900177,0.0002952860668301,0.0054242578335106,-0.0091457702219486,-0.8191633224487305,0.4557409584522247,0.3482409417629242,-0.000737190246582,-0.0040655434131622,-4.887580871582031e-06,-0.2688363980007208,-0.4449583899938662,0.6900235508548798,-0.5035936702801459,-0.4732044749360458,-1.9727667664756892,1.4618182123990895
1771355036166508544,31.01550841331482,0.0011709341779351,9.806826710700987e-05,-0.0039970814250409,-0.8192152380943298,0.4556623101234436,0.3482219576835632,0.0019391179084777,-0.0002331733703613,0.0010975897312164,-0.2688662247615848,-0.4449889483111741,0.6899969678352327,-0.5035872124994604,-0.4731161046032725,-1.9727243342509535,1.4618699339040404
1771355036176539392,31.02553939819336,0.0145695637911558,-0.0019520330242812,-0.0051635461859405,-0.8192498683929443,0.4555846452713012,0.3482419550418854,0.0061241388320922,0.011471688747406,0.0018556416034698,-0.268876290655914,-0.4450351043841693,0.689974446709981,-0.5035718553029357,-0.4730288700387972,-1.9727298098179828,1.461932697533691
1771355036186571264,31.035571336746216,0.0109644420444965,-0.0044175875373184,0.0066161477006971,-0.8192794919013977,0.4555224776268005,0.3482538759708404,0.0111738443374633,0.0170880556106567,0.0026678144931793,-0.2688598799525926,-0.4451068173766124,0.689932505481324,-0.5035747662148661,-0.4729590223540432,-1.9727291167865328,1.4620875035289855
1771355036196602368,31.045602321624756,0.0015222048386931,-0.0087492186576128,0.003350846003741,-0.8192705512046814,0.4555747807025909,0.3482065796852112,0.011470079421997,0.0073311924934387,0.0022725760936737,-0.2688355664658888,-0.445108884125482,0.6899140359292867,-0.5036112754953931,-0.4730177813463883,-1.9726841365560763,1.4621714912594397
1771355036206633216,31.055633306503296,-0.0205264613032341,-0.0089244553819298,0.0034760148264467,-0.8192360997200012,0.4556066691875458,0.3482455015182495,0.0100319981575012,-0.0055639445781707,-0.0037630796432495,-0.2688260267337995,-0.4450844713606759,0.6899438897531113,-0.5035969279586997,-0.4730536045854287,-1.9727395263598737,1.4620877011526618
1771355036216665344,31.065665245056152,-0.0228050630539655,-0.0108065111562609,0.0096343085169792,-0.8191585540771484,0.4556083083152771,0.3484258651733398,0.0039576292037963,-0.0022238790988922,-0.0046300590038299,-0.2688146475303323,-0.4450500793499251,0.6900314158762899,-0.5035135083207072,-0.4730554592622837,-1.9729600445197812,1.461828534582419
1771355036226696192,31.075696229934692,-0.0024428875185549,-0.0192451365292072,0.0085269659757614,-0.8190457820892334,0.4556593596935272,0.3486241400241852,0.0013424158096313,0.0149675011634826,0.0006190836429595,-0.2687578963287989,-0.4450313259509423,0.6901153431202818,-0.5034453634355327,-0.4731128145963612,-1.9732145962446457,1.4616325014473268
1771355036236727296,31.085727214813232,0.0240268018096685,-0.0128639359027147,0.0079485271126031,-0.8189645409584045,0.455734521150589,0.3487165868282318,-0.0008291602134704,0.014053076505661,-0.0023419857025146,-0.2686681254565625,-0.4450660101171727,0.6901264643083737,-0.5034473183856865,-0.4731972521133155,-1.9733459126259416,1.461701988205924
1771355036246758144,31.095758199691772,0.0515907853841781,-0.0023192826192826,0.0132732521742582,-0.8188931941986084,0.4559411406517029,0.3486141860485077,-0.0028537511825561,0.0082007646560668,-0.0078396499156951,-0.2685243271458217,-0.4451166825812905,0.6900566889693902,-0.5035748957479294,-0.4734293713550833,-1.9732714742389204,1.4620813608343204
1771355036256790272,31.105790376663208,0.0374267622828483,0.0083762388676404,-0.0044495528563857,-0.8188438415527344,0.4561996757984161,0.3483909964561462,-0.006564974784851,0.015235811471939,-0.0109582543373107,-0.2684032209152865,-0.4451246860551057,0.6899706561904536,-0.5037500288228395,-0.473719886320312,-1.9730624124359453,1.4624800331313828
1771355036266821376,31.115821361541748,0.0073960730805993,0.0108917281031608,-0.0079177878797054,-0.8188453316688538,0.4563619494438171,0.3481757342815399,-0.009310245513916,-0.0172597765922546,-0.0096290111541748,-0.2683456403860718,-0.4451250031686246,0.6898924590895753,-0.503887714233733,-0.4739022609804201,-1.972839179091965,1.462784202037499
1771355036276852480,31.125852346420288,-0.0203412808477878,0.0027725477702915,-0.0025480557233095,-0.8188621401786804,0.4563192725181579,0.3481919765472412,-0.011811077594757,-0.0140738189220428,0.0004408359527587,-0.2683832051688329,-0.4451051076199586,0.6899111784021845,-0.5038596070020017,-0.4738542944021181,-1.972848578122065,1.46268278231199
1771355036286883328,31.135883331298828,-0.0061633237637579,-0.0040624546818435,0.0074401297606527,-0.8188437223434448,0.4562830924987793,0.348281979560852,-0.0013008117675781,0.0093693137168884,0.0091856122016906,-0.2684023228818775,-0.4450849864811929,0.6899567747131664,-0.5038045845690493,-0.4738136172254249,-1.972949757926159,1.4625191795447887
1771355036296915200,31.145915269851685,0.034478910267353,-0.0105672255158424,0.0091038066893816,-0.8187670707702637,0.4564272463321686,0.348273903131485,0.0034441947937011,0.0192807614803314,0.0073322057723999,-0.2683116845630532,-0.4450899770141337,0.6899506199809413,-0.5038570312178593,-0.4739756485541721,-1.9729751020447823,1.462639700635448
1771355036306946304,31.155946254730225,0.0559794940054416,-0.0126800443977117,0.0050600632093846,-0.8186414241790771,0.4567704498767853,0.3481196761131286,0.0064617395401,0.0173049271106719,0.0005132257938385,-0.2681084048912205,-0.4451206836206993,0.689874927321938,-0.5040418231932362,-0.4743613861891592,-1.972870861134325,1.4631012211439762
1771355036316977152,31.165977239608765,0.0504899248480796,-0.0084578692913055,0.0008661169558763,-0.8185727596282959,0.4570904374122619,0.3478605151176452,0.0048520565032958,-0.0024853348731994,-0.01094651222229,-0.267932087202553,-0.4451617260102635,0.6897545147382709,-0.5042639353874311,-0.4747211288570768,-1.9726329212890692,1.463670385274401
1771355036327009536,31.1760094165802,0.0005516596138477,-0.0034227636642754,-1.965044066309929e-05,-0.8185584545135498,0.4572764337062835,0.3476492762565613,0.0025337934494018,-0.0156413912773132,-0.0132072567939758,-0.2678477813147336,-0.4451768384414337,0.689668195567611,-0.5044133537552681,-0.4749302726818549,-1.9724205961424877,1.4640301380696783
1771355036337040384,31.18604040145874,-0.0212633572518825,-0.0023092962801456,0.0076489220373332,-0.8185438513755798,0.4573964774608612,0.3475257754325866,-0.0014480948448181,-0.0099020600318908,0.0032280087471008,-0.2678514656681326,-0.445103747918644,0.6896706000969022,-0.504472612798255,-0.4750652546531201,-1.9722991825728995,1.4640107433527318
1771355036347071488,31.19607138633728,-0.0207837224006652,-0.0009445589967072,0.0103283282369375,-0.818575918674469,0.4572642743587494,0.3476246893405914,-0.0010804533958435,0.0073963701725006,0.0129863023757934,-0.267931106040956,-0.4450798749174146,0.6897218661904962,-0.5043813944329117,-0.4749165869319089,-1.972387498144293,1.4637627416188774
1771355036357102336,31.20610237121582,-0.01731788367033,0.0066353301517665,0.0058989585377275,-0.8185991048812866,0.4571359157562256,0.3477393984794616,0.0019790530204772,0.0094474256038665,0.0091179311275482,-0.2680063180325084,-0.4450545723072414,0.6897797650157893,-0.5042847296449495,-0.4747722851177601,-1.972495994660809,1.463499271189067
1771355036367134208,31.216134309768677,-0.0141376256942749,0.0141979083418846,-0.0025648334994912,-0.8186045289039612,0.4570930600166321,0.3477823734283447,0.0020457506179809,-0.002075970172882,-0.0026438236236572,-0.2680546040769948,-0.4450129375090999,0.689822202554674,-0.5042376071598316,-0.4747240843761089,-1.9725380816442033,1.4633106231014503
1771355036377165312,31.226165294647217,-0.0244014486670494,0.0105363279581069,-0.0011488308664411,-0.818584680557251,0.4571360945701599,0.3477729856967926,0.0038872361183166,-0.004667192697525,-0.0088599622249603,-0.2680912306537308,-0.4449291803160201,0.6898728291451183,-0.504222878157209,-0.4747724805342115,-1.9725371229877449,1.4631057630426954
1771355036387196416,31.236196279525757,-0.0073265042155981,0.002768553327769,0.0036840070970356,-0.818548858165741,0.4572347104549408,0.3477275669574737,0.0031648278236389,0.0066020190715789,-0.0030467212200164,-0.2681026959255478,-0.4448425850905469,0.6899122078492403,-0.5042392983111127,-0.4748833437506347,-1.972505838942254,1.4629627723936645
1771355036397227264,31.246227264404297,0.0173604674637317,-0.0084971506148576,0.0014924923889338,-0.8185429573059082,0.4573234915733337,0.3476241528987884,0.0020452141761779,0.0160956978797912,0.0079971551895141,-0.2680853901746581,-0.4448190517327517,0.6898899067763441,-0.5042996360592309,-0.4749831693444518,-1.972401397232457,1.4630474931828743
1771355036407259136,31.256259202957153,0.0135954674333333,-0.0096632149070501,0.0024200715124607,-0.8185544013977051,0.4573585987091064,0.3475514352321625,-0.0014225244522094,0.0144737064838409,0.0157450735569,-0.2680471065239901,-0.444861441934487,0.6898362279808969,-0.50435612338044,-0.4750226694006058,-1.972321137317162,1.4632595065653902
1771355036417290240,31.266290187835693,0.0034392355009913,-0.0133618135005235,-0.0011496297083795,-0.8185348510742188,0.4572907388210296,0.3476864397525787,-0.0043258666992187,0.0042113363742828,0.0087893009185791,-0.2680084808178521,-0.4449351585981444,0.689837604633386,-0.5043096624611196,-0.474946362693269,-1.9724694358890364,1.4633060984000066
1771355036427321344,31.276321411132812,-0.0103301936760544,-0.0050022844225168,0.0030821333639323,-0.8184433579444885,0.4573006331920624,0.3478882610797882,-0.0020368695259094,-0.0053811371326446,-0.0008577704429626,-0.2679471071696597,-0.4449564679291353,0.6898969990197289,-0.5042420990374592,-0.4749574698523829,-1.97271853193258,1.4631942258534494
1771355036437353472,31.28635334968567,-0.0135393030941486,-0.010346982628107,0.0087586604058742,-0.8183588981628418,0.4573324620723724,0.3480455577373504,-0.0007939338684082,0.00734344124794,-0.0020220279693603,-0.2679163069517543,-0.4449296526909832,0.6899712874251501,-0.5041806062802628,-0.4749932733586121,-1.972918459284164,1.4629980012996298
1771355036447383552,31.29638361930847,-0.0025001452304422,-0.0015874463133513,0.0089227110147476,-0.8183067440986633,0.4573788344860077,0.348107248544693,0.0005424618721008,0.0130191147327423,0.0024939775466918,-0.2678989642346455,-0.4448977068222893,0.6900142461339855,-0.5041592254283949,-0.4750454061147052,-1.97300527245219,1.4628820243537757
1771355036457414656,31.30641460418701,0.0031769154593348,-0.0054178708232939,0.009459339082241,-0.8182658553123474,0.4574772715568542,0.3480741381645202,0.0088633894920349,0.0044215023517608,0.0014132261276245,-0.2678631650206265,-0.4448726050981098,0.6900184339785336,-0.5041946841897913,-0.4751561276023232,-1.9729890226670923,1.4629062171494438
1771355036467445504,31.31644558906555,-0.0022277920506894,-0.010019414126873,0.0102870482951402,-0.8181691765785217,0.4576495885848999,0.3480745851993561,0.0174185037612915,0.0013805329799652,0.0028623044490814,-0.2677869486373697,-0.4448313792742931,0.6900451651100379,-0.5042348742017444,-0.4753499179023973,-1.9730320246805424,1.4629041158738576
1771355036477477632,31.326477527618408,0.0004950240254402,-0.0192121136933565,0.0111757460981607,-0.8180038928985596,0.4578401744365692,0.3482125103473663,0.0200150609016418,0.0001676082611083,0.0034110248088836,-0.2676615089139657,-0.4448052316704775,0.6901119901787556,-0.5042331255121282,-0.4755642666379625,-1.9732475674233816,1.462835539324697
1771355036487508480,31.33650851249695,0.0068673463538289,-0.0172464344650506,0.0093546770513057,-0.8178369402885437,0.4579609036445617,0.3484460711479187,0.0083886981010437,-0.0037830770015716,0.000186800956726,-0.2675293415832488,-0.4448214541107819,0.6901861384129753,-0.504187535524863,-0.4757000842474568,-1.9735628587951943,1.462756587093484
1771355036497539584,31.34653949737549,0.0230684205889701,-0.0102005079388618,0.0112700220197439,-0.817730724811554,0.4580667316913605,0.3485562205314636,-0.0026580691337585,0.0032216906547546,-0.0062252283096313,-0.2674123038645932,-0.4448626616754214,0.6901994789190866,-0.5041949921127181,-0.4758191335123956,-1.9737237049013143,1.4628499185734092
1771355036507570432,31.35657048225403,0.0374847315251827,-0.0066694230772554,0.0021633426658809,-0.8177024722099304,0.4581714868545532,0.3484846949577331,-0.0137794613838195,0.0047343969345092,-0.0096632242202758,-0.2673254377201402,-0.4449124007075472,0.6901415044466802,-0.5042765060516654,-0.4759369718539397,-1.973662117195369,1.463129542276642
1771355036517602560,31.366602420806885,0.0383763574063777,0.0052815121598541,0.0054797767661511,-0.817682147026062,0.458381712436676,0.3482560813426971,-0.0188353061676025,0.0017013549804687,-0.0042314231395721,-0.2672256858583912,-0.4449330144574153,0.6900454023662453,-0.5044427308398033,-0.4761734970744675,-1.9734344770478205,1.463537397552264
1771355036527633408,31.376633405685425,0.0248355157673358,0.0084116589277982,0.0040358114056289,-0.8176616430282593,0.458594262599945,0.3480245769023895,-0.014308750629425,0.0022518038749694,0.0010660588741302,-0.2671553091069391,-0.4449121456498794,0.6899749738153945,-0.504594774489809,-0.4764126491473108,-1.973203822400306,1.4638293578234662
1771355036537664512,31.386664390563965,0.0043275784701108,0.0119600556790828,-0.0028162361122667,-0.8176785111427307,0.4586670398712158,0.3478890657424927,-0.0074101686477661,-0.0091125071048736,0.0049400031566619,-0.2671470854204661,-0.4448983617041339,0.6899347684604646,-0.5046662854323319,-0.4764945544523145,-1.9730560840438591,1.463960432867493
1771355036547696640,31.3966965675354,-0.0110772997140884,0.0082992725074291,0.0032749460078775,-0.8176805377006531,0.4586690664291382,0.3478812873363495,0.000541865825653,-0.0084737539291381,-0.0011863708496093,-0.2671756338655198,-0.444859605498482,0.6899569355555643,-0.5046549367561037,-0.4764968286731184,-1.9730471250034904,1.4638563082388845
1771355036557727488,31.40672755241394,0.0026853838935494,0.0047407574020326,0.0087344255298376,-0.8176167011260986,0.4587433636188507,0.3479336202144623,0.0103350281715393,0.0008819103240966,-0.0053279101848602,-0.2671544579180893,-0.4448118590056767,0.6900066761369319,-0.5046402710009267,-0.4765804633238856,-1.9731294550759169,1.4637220090628655
1771355036567758592,31.41675853729248,0.0033610286191105,-0.0034560533240437,0.0048672496341168,-0.8175670504570007,0.4587951004505157,0.347982108592987,0.0132150650024414,0.0094056129455566,-0.0007683932781219,-0.2671277812391189,-0.4447916812205043,0.6900372533806575,-0.5046303941446747,-0.4766386955029284,-1.9732015464918156,1.4636555769606447
1771355036577789440,31.42678952217102,0.0069885198026895,-0.0044866963289678,0.0032858648337423,-0.8175457119941711,0.4588772058486938,0.3479235768318176,0.0098064541816711,-0.0028530359268188,0.002647042274475,-0.2670896532764329,-0.4447901187929592,0.6900170535355262,-0.5046794750631709,-0.476731095184653,-1.9731503294207573,1.463759437671974
1771355036587821568,31.436821460723877,0.0007209479808807,-0.0076999333687126,0.0066177458502352,-0.8175411820411682,0.4589633643627167,0.3478201031684875,0.0038511157035827,-0.0044346153736114,0.0054970681667327,-0.2670746640657491,-0.4447655073762196,0.6899954357097168,-0.5047385371576527,-0.4768280760179818,-1.9730451872774624,1.4638394524926723
1771355036597852416,31.446852445602417,0.0022021979093551,-0.0109226247295737,0.0047668484039604,-0.8175225853919983,0.4590039551258087,0.347810834646225,0.0054040551185607,-0.0022016167640686,0.0027446746826171,-0.2670500809230939,-0.444767507889485,0.6899907804153588,-0.5047562782030844,-0.4768737534763719,-1.973043766442313,1.463881512995684
1771355036607883520,31.456883430480957,0.0049989614635705,-0.0074471989646553,0.007420954760164,-0.8174751400947571,0.45905402302742,0.3478563725948334,0.0107733607292175,0.0040044784545898,0.0034773647785186,-0.2670101891788008,-0.4447676195489664,0.6900072153714969,-0.5047548638649642,-0.4769301062036185,-1.9731118505501577,1.4638753860355578
1771355036617914368,31.466914415359497,0.0058173509314656,-0.0079513359814882,0.0042046555317938,-0.8174564242362976,0.4589840769767761,0.3479923903942108,0.0111972689628601,-0.0086819529533386,-0.0002598762512207,-0.2669851657563359,-0.4448242902383251,0.690019961780097,-0.5047006580227459,-0.47685138291058,-1.9732609730402328,1.4638699961740302
1771355036627946496,31.476946592330933,0.0027027837932109,-0.012674318626523,0.0044621829874813,-0.8174207806587219,0.4589742720127105,0.3480892181396484,0.0067517757415771,-0.0047964453697204,-0.0034235715866088,-0.2669494586065018,-0.4448554404767316,0.6900349557886267,-0.5046716246361365,-0.4768403553596747,-1.9733769557110517,1.463867008213501
1771355036637977600,31.486977577209473,0.0027437964454293,-0.0142940524965524,0.0059849782846868,-0.8173449635505676,0.4590839743614197,0.3481228649616241,0.0025712847709655,-0.0039142668247222,-0.0060054957866668,-0.2668745111762207,-0.444856394181185,0.6900465323807303,-0.5046946958391919,-0.4769638302004967,-1.973445218387386,1.4639148207835473
1771355036648008704,31.497008562088013,-0.0126111917197704,-0.0154852848500013,0.0055250511504709,-0.8172193765640259,0.4592254757881164,0.3482305705547333,-0.0053667426109313,-0.0058410763740539,-0.0025427341461181,-0.2667816692209622,-0.4448347797382367,0.6900994835021911,-0.504690272468009,-0.4771230889520384,-1.9736121809772027,1.463852314710799
1771355036658040576,31.50704050064087,-0.0280378200113773,-0.0129619408398866,-0.0126571487635374,-0.8171607255935669,0.4591253101825714,0.3484997153282165,-0.006767988204956,-0.0142706334590911,-0.001469075679779,-0.266769334718323,-0.4448637962086797,0.6901782849643082,-0.5045633589738397,-0.4770103479348927,-1.9739167827371864,1.4636269883091635
1771355036668071424,31.51707148551941,-0.0429009199142456,-0.0098946448415517,-0.0044178608804941,-0.8171520233154297,0.4588888585567474,0.3488316535949707,-0.003633439540863,-0.0133932828903198,-0.005020648241043,-0.2668313892562212,-0.4448893276412066,0.6902820564522134,-0.504366090996482,-0.476744194579118,-1.974264284185639,1.4632426086660189
1771355036678102528,31.52710247039795,-0.0242822282016277,-0.0089739896357059,-0.0065771518275141,-0.8171274662017822,0.4587318897247314,0.3490957617759704,-0.0049245357513427,0.0025413036346435,-0.0075125694274902,-0.2668795718177967,-0.4448848035850868,0.6903806125477137,-0.5042097074136799,-0.4765675342562368,-1.9745484936346025,1.4628862730420444
1771355036688133376,31.53713345527649,0.018768923357129,-0.0098962429910898,0.001839502248913,-0.817065954208374,0.458771139383316,0.3491880297660827,-0.0049860477447509,0.0180660188198089,-0.01045823097229,-0.2668339341743431,-0.4448892262947922,0.6904111718335553,-0.504188119972847,-0.4766117121206474,-1.9746711507919943,1.4628434273371873
1771355036698165504,31.547165393829346,0.0415029972791671,-0.0056892470456659,-0.0066874069161713,-0.8170502185821533,0.4588226079940796,0.3491571843624115,-0.0045745372772216,0.0180755853652954,-0.0077723264694213,-0.2667473487142699,-0.4449725823911362,0.690346281121943,-0.5042492078233899,-0.4766696510565726,-1.97464619808454,1.4631475932850406
1771355036708196608,31.557196617126465,0.0455506518483161,-0.007018297445029,-0.0052660778164863,-0.8170692920684814,0.4588989019393921,0.3490122854709625,-0.003746747970581,0.0030761957168579,-0.0068645477294921,-0.266657280861975,-0.4450704850045982,0.6902306947918363,-0.5043686761192158,-0.4767555200449676,-1.9744878178373575,1.4636129027061595
1771355036718227712,31.567227602005005,0.0374794080853462,-0.0024725478142499,-0.0099231470376253,-0.8171157836914062,0.4589787423610687,0.3487991094589233,-0.0016862750053405,-0.0010623931884765,-0.0151503384113311,-0.2665866695671612,-0.4451572353843842,0.6900975251699656,-0.5045118207122721,-0.4768453773227692,-1.9742466107594148,1.4641097416755486
1771355036728259584,31.57725954055786,0.0169272609055042,0.007366101257503,-0.0063297441229224,-0.817181408405304,0.4589908123016357,0.3486291766166687,-0.001040756702423,0.0064328014850616,-0.0174218118190765,-0.266566321144013,-0.4452204725406848,0.6899951615627057,-0.5046067155357603,-0.4768589621294601,-1.9740416877959437,1.464453253297339
1771355036738290432,31.5872905254364,-0.0051346328109502,0.0095200659707188,-0.0014028963632881,-0.8172768354415894,0.4588626623153686,0.3485740423202514,0.0025794506072998,0.0065609812736511,-0.0109122693538665,-0.2666350175160356,-0.445249498437527,0.6899564486737824,-0.5045976994923881,-0.4767147152417115,-1.9739424534259744,1.464499113385051
1771355036748321536,31.59732151031494,-0.0290947370231151,0.0135339833796024,0.0009324294514954,-0.8173753023147583,0.458695501089096,0.3485628068447113,0.0062028169631958,0.001311182975769,-0.0030580759048461,-0.2667591067927239,-0.4452238314823288,0.6899689425279111,-0.5045375923766912,-0.4765266078012121,-1.9738873525368688,1.4643204328423198
1771355036758352640,31.60735249519348,-0.0229827836155891,0.0174935702234506,0.0107467100024223,-0.8174074292182922,0.4587011933326721,0.348480224609375,0.0059143900871276,0.0110559165477752,0.0004577934741973,-0.2668591954940194,-0.4451044149777111,0.6900160651977474,-0.5045256514736969,-0.476533002773534,-1.9737876781214507,1.4640521475372663
1771355036768384512,31.617384433746334,0.0090353358536958,0.0197904128581285,0.0062744640745222,-0.8174183368682861,0.4589235484600067,0.3481613099575043,0.0055593252182006,0.0193478763103485,-0.0023207962512969,-0.2668948567177608,-0.4449534532139284,0.6899978837911936,-0.5046646817226061,-0.4767832478856927,-1.9734526777265005,1.4640517419067305
1771355036778415360,31.62741541862488,0.0308950934559106,0.013138635084033,-0.0011554886586964,-0.8174368739128113,0.4592002630233764,0.3477529287338257,0.0067526698112487,0.018262505531311,-0.0002645254135131,-0.2668767331304442,-0.4448542227978705,0.6899139003188625,-0.504876580133456,-0.4770947155643905,-1.9730215618043356,1.4643189491689608
1771355036788446464,31.637446403503414,0.0465785376727581,0.0112705621868371,-0.0018761402461677,-0.8175020813941956,0.4593756198883056,0.347367525100708,0.0083591341972351,0.016774833202362,0.0055987536907196,-0.2668475045994158,-0.4448491519402348,0.6897774917106496,-0.5050827346853103,-0.4772921445386119,-1.9725935520581217,1.4647692767207443
1771355036798477568,31.647477626800537,0.0369040742516517,0.0136956367641687,0.0005193734541535,-0.817563533782959,0.4596025645732879,0.346922367811203,0.005658745765686,0.0008313059806823,0.0032973885536193,-0.2668059607186722,-0.4448332132207331,0.6896264138331881,-0.5053249632004919,-0.4775476630724173,-1.9721051705175467,1.4652773532077976
1771355036808509696,31.657509565353394,0.0326853618025779,0.005524125881493,0.007260366808623,-0.8175968527793884,0.4598643183708191,0.3464966118335724,0.0035253167152404,-0.0003764331340789,-0.0009309351444244,-0.2667638992300853,-0.4447831465270249,0.6895043597400994,-0.5055577033854751,-0.4778423845434709,-1.9716491709348392,1.465693165311887
1771355036818540544,31.667540550231937,0.035094991326332,0.0003290977329015,0.0139214657247066,-0.8175547122955322,0.4601662158966064,0.3461959362030029,0.0043678879737854,0.0091789364814758,0.0048630535602569,-0.2666718720221677,-0.4447341622008925,0.6894269342914396,-0.505755112953072,-0.4781823991028404,-1.97135587750188,1.4660281277308598
1771355036828571648,31.677571535110474,0.0236389581114053,0.0010912944562733,0.0079743601381778,-0.8174942135810852,0.4603736102581024,0.3460628390312195,0.0054823756217956,0.0156701207160949,0.0085513889789581,-0.2665763680384129,-0.4447246967797862,0.6893847683851453,-0.5058712072943733,-0.4784160274871727,-1.9712443619679072,1.466262364427643
1771355036838603520,31.68760347366333,0.0149725005030632,0.0017975647933781,0.0033415248617529,-0.8174396753311157,0.4605652987957001,0.3459368944168091,0.0040087103843688,-0.0033966898918151,0.0082196295261383,-0.2664953408794707,-0.4447069178067929,0.6893505679619719,-0.5059761880610173,-0.4786319629935189,-1.9711376731246175,1.466455450645962
1771355036848634368,31.69763445854187,-0.0078450217843055,-0.0053721973672509,0.0071250782348215,-0.8173661828041077,0.4607701003551483,0.3458373248577118,0.0029283165931701,-0.0054173171520233,0.0113251209259033,-0.2664349877372932,-0.4446426627506123,0.6893559066194335,-0.5060570471877801,-0.4788627073765438,-1.9710666226641511,1.466498829693316
1771355036858665472,31.70766544342041,-0.0027440027333796,-0.0008900975808501,0.0152122993022203,-0.8172569870948792,0.4609799385070801,0.345815896987915,0.0017510056495666,0.0027041435241699,0.0138185024261474,-0.2663739601536195,-0.444554526529309,0.6894049780101807,-0.5060997856088165,-0.479099132833376,-1.9710923382807584,1.4664064126443217
1771355036868696576,31.71769642829895,0.0095437336713075,0.0014331112615764,0.0179473664611578,-0.8171061277389526,0.4612281620502472,0.3458416759967804,-0.0014823079109191,0.0109093487262725,0.0140827000141143,-0.2662727136638879,-0.4444762636083085,0.6894647885688996,-0.5061403941917542,-0.4793788820053255,-1.9711853622463191,1.466326658651682
1771355036878728704,31.727728605270386,0.0133179649710655,-0.0156516004353761,0.0115520507097244,-0.8169971108436584,0.4613708257675171,0.3459092676639557,0.0009111166000366,0.0030152201652526,0.010810762643814,-0.2661704966995199,-0.4444773130205066,0.6894886165358756,-0.5061608663105533,-0.4795396703389441,-1.971303399294971,1.466366991557798
1771355036888759552,31.73775959014893,0.0066497651860117,-0.0149165671318769,0.015663705766201,-0.8168781399726868,0.4615158140659332,0.345996081829071,0.0008075833320617,-0.0042251646518707,0.0120056867599487,-0.2660591472976926,-0.4444833844465499,0.689516180719778,-0.5061763473910216,-0.4797031188696327,-1.9714458043084448,1.4664058186420863
1771355036898790656,31.747790575027462,0.0024100132286548,-0.0170044861733913,0.0122252982109785,-0.816723644733429,0.4616787135601043,0.3461434543132782,0.0003326535224914,-0.0012600123882293,0.0103170871734619,-0.2659280823410075,-0.4444853462102204,0.6895683473934544,-0.506172437780814,-0.4798867397808535,-1.9716667104844905,1.4663907889225325
1771355036908821504,31.75782155990601,-0.0022387113422155,-0.0163858346641063,0.0054456884972751,-0.8165762424468994,0.461830735206604,0.3462881743907928,-0.0017983317375183,-0.0033957064151763,0.0009255111217498,-0.2658082512170135,-0.4444817711493618,0.689623118919091,-0.5061638490791672,-0.4800581347599375,-1.9718817910936124,1.466354514644971
1771355036918853632,31.767853498458862,-0.0057389037683606,-0.0101146213710308,0.0027508358471095,-0.8164995908737183,0.4617860913276672,0.3465289771556854,0.0018327236175537,-0.0050599575042724,-0.0010699927806854,-0.2657607308789412,-0.4445204871999768,0.6896854496291812,-0.5060700221480317,-0.480007786823252,-1.972165440175643,1.4662199895363257
1771355036928884480,31.7778844833374,-0.0025290856137871,-0.0098807960748672,0.0015300428494811,-0.8164524435997009,0.4616834819316864,0.3467767834663391,0.0031893849372863,-0.0015088617801666,0.000620037317276,-0.2657381563086679,-0.4445720850021563,0.689742018864665,-0.5059594722850504,-0.4798921194175619,-1.9724433744655372,1.4660766752321752
1771355036938915584,31.787915468215942,0.0119238896295428,-0.0102065009996294,0.0076009850017726,-0.8163536787033081,0.4617049098014831,0.3469806313514709,0.0051504969596862,0.0065720975399017,0.0023235380649566,-0.265655973299733,-0.4446117306069904,0.6897903524404999,-0.5059018526020966,-0.4799162750794716,-1.9726984539807444,1.466023088926362
1771355036948947456,31.7979474067688,0.0136181926354765,-0.0079510696232318,0.0039087780751287,-0.8162435293197632,0.4618231058120727,0.3470824956893921,0.0040943622589111,0.0064539015293121,-5.182623863220215e-05,-0.2655478975010787,-0.4446321438128797,0.68981410898911,-0.5059083005508305,-0.4800495270844065,-1.9728526905499124,1.4660717474392797
1771355036958978304,31.80797839164734,0.0294536128640174,-0.0215742029249668,0.007553047966212,-0.8161417245864868,0.4619304537773132,0.3471792042255401,0.0020851492881774,0.0011128187179565,-0.0009114444255828,-0.2654186583368371,-0.4446919017897618,0.6898106338920927,-0.5059283407968571,-0.4801705468843109,-1.972997966250795,1.4662316007056624
1771355036969009664,31.818009614944454,0.0492542162537574,-0.0185203570872545,0.0067335930652916,-0.8160416483879089,0.4620299935340881,0.3472820222377777,0.0038771629333496,0.0076203644275665,-0.0017770826816558,-0.2652596616108438,-0.4447971828386835,0.6897800206380104,-0.5059609487786377,-0.4802828087205086,-1.973148820711914,1.4665126266812758
1771355036979040512,31.828040599823,0.0644182562828064,-0.0091715957969427,0.0047330264933407,-0.8159472346305847,0.4622223377227783,0.3472472131252289,0.0029742717742919,0.0035521686077117,-0.0085478127002716,-0.2650652594220541,-0.4449086482332324,0.6896955168794867,-0.5060798420077143,-0.4804996939924092,-1.97315439781764,1.4669985178475773
1771355036989072640,31.838072538375854,0.0460794642567634,-0.002695720642805,0.0037463256157934,-0.8159161806106567,0.4624314904212951,0.3470421135425567,0.0012950897216796,0.0081038475036621,-0.0050316751003265,-0.2649105533805573,-0.4449972573491325,0.6895639941398367,-0.5062622381974422,-0.4807355534216118,-1.9729552716619525,1.467583288879299
1771355036999103488,31.848103523254395,0.0164728350937366,-0.0021676158066838,-0.0056090932339429,-0.8159257769584656,0.4625221788883209,0.3468988239765167,-0.0009841918945312,-0.0075202286243438,-0.0006920397281646,-0.2648436004173908,-0.4450498533663188,0.6894780958822608,-0.5063680629289687,-0.4808378303276773,-1.9728023070363752,1.4679269541924618
1771355037009134592,31.858134508132935,-0.0117498356848955,0.0071503855288028,0.0083325561136007,-0.8159174919128418,0.4625346660614013,0.3469014763832092,-0.0034795999526977,-0.0135905146598815,0.0027232468128204,-0.2648342851244482,-0.4450512292026199,0.6894781663212145,-0.5063715819448453,-0.4808519140686326,-1.9728087060893795,1.4679370491945778
1771355037019165440,31.868165493011475,-0.0082459151744842,0.0025215451605618,0.010848443955183,-0.8158656358718872,0.4625957906246185,0.3469412326812744,-0.0045993328094482,0.0065356194972991,-0.0016959011554718,-0.2648279074200808,-0.4449974836434922,0.6895272688077447,-0.5063550983397266,-0.4809208751470964,-1.9728728700936404,1.4677869658825442
1771355037029197568,31.87819743156433,0.0066560683771967,0.0077506615780293,0.0108481775969266,-0.8158319592475891,0.4627032279968261,0.3468776941299438,-0.0015662312507629,0.0106092095375061,-0.0070796906948089,-0.2648182428806226,-0.4449368529477929,0.6895433639083934,-0.50639166056625,-0.4810420604513186,-1.972821792937015,1.4677420497078926
1771355037039228416,31.88822841644287,0.0065458146855235,-0.0012742585968226,0.0104702748358249,-0.8158027529716492,0.462805688381195,0.3468098044395447,0.0056982636451721,0.0089045464992523,-0.00771364569664,-0.2647912927784831,-0.4449049851132849,0.6895393104649337,-0.5064393156891848,-0.4811576558263251,-1.9727641906057816,1.467780972515449
1771355037049259520,31.89825940132141,0.0094010764732956,-0.0039364877156913,0.0103275291621685,-0.815718412399292,0.4629896283149719,0.346762478351593,0.0149829387664794,-0.0031355023384094,-0.0014866590499877,-0.2647188124070286,-0.4448606660343995,0.6895507441436083,-0.5065005005495539,-0.4813651429342653,-1.9727522810782472,1.467820899345472
1771355037059291648,31.908291578292847,0.0123209664598107,-0.0148128373548388,0.0146077629178762,-0.81563800573349,0.4631842374801636,0.346691370010376,0.0171303749084472,-0.002933382987976,-0.0019343197345733,-0.2646324467640323,-0.4448324408377349,0.6895431724116173,-0.5065806222745806,-0.4815847093795527,-1.9727139442425183,1.4679362086166758
1771355037069322496,31.918322563171387,0.0252841711044311,-0.0074550556018948,0.0122790932655334,-0.8155186772346497,0.4634545147418976,0.346610963344574,0.0059636235237121,0.005814254283905,-0.0071640312671661,-0.2645069664774805,-0.4447960155925118,0.6895375156262539,-0.5066858542589807,-0.4818897184797421,-1.9726831090674564,1.4680881622887845
1771355037079353600,31.928353548049927,0.0340462364256382,-0.0074611809104681,0.0047343582846224,-0.8154681921005249,0.463573157787323,0.3465710580348968,-0.0047679543495178,0.0007060170173645,-0.0083753168582916,-0.2644001728595179,-0.4448515816676159,0.6894871995161548,-0.5067612671310036,-0.4820235908084376,-1.972663944367878,1.4683665362334943
1771355037089384448,31.938384532928467,0.0384793318808078,-0.0097718723118305,0.0004980680532753,-0.8154632449150085,0.4636043310165405,0.3465407192707062,-0.0098235011100769,-0.0054287314414978,-0.0068039000034332,-0.2643124548971129,-0.4449525003363278,0.6894110805811036,-0.5068219309426217,-0.4820587932924102,-1.9726346226211728,1.4687079164375674
1771355037099416576,31.948416471481323,0.0136946244165301,0.0022576255723834,0.002868281211704,-0.8154060244560242,0.4638415873050689,0.3463584184646606,-0.0127648115158081,-0.0003100931644439,-0.0085440874099731,-0.2641465963865994,-0.4450257786156451,0.6892976638159933,-0.5069984291231582,-0.4823265659201766,-1.9724705016492297,1.469247631047163
1771355037109447424,31.958447456359863,0.0285800956189632,0.000613656360656,-0.0068852799013257,-0.8154249787330627,0.4640135169029236,0.3460836410522461,-0.0128832459449768,-0.0125516653060913,-0.0001516044139862,-0.264091029972827,-0.4450284710730601,0.6891962584862098,-0.5071629161724284,-0.4825206545416413,-1.972176622925899,1.4696212974950469
1771355037119478528,31.968478441238403,0.0014211814850568,0.0050155953504145,-0.0004553436301648,-0.8154287338256836,0.4641398191452026,0.3459048569202423,-0.0110024809837341,-0.00689497590065,0.0049709975719451,-0.2640647173701609,-0.445004361627199,0.6891469740139645,-0.5072645944400964,-0.482663243566443,-1.9719891782211303,1.4697990876767653
1771355037129510656,31.97851061820984,-0.0042830435559153,0.0070475875400006,0.0025130156427621,-0.8154240846633911,0.4641521871089935,0.3458994626998901,-0.0048731565475463,-0.0061138570308685,0.0006428956985473,-0.2640695758889212,-0.4449888201267857,0.6891550484580625,-0.507264807850406,-0.482677208832008,-1.9719855953216636,1.4697674550786857
1771355037139541504,31.98854160308838,-0.0072396849282085,0.008210590109229,0.0009095263667404,-0.8154234290122986,0.4641537666320801,0.3458991348743438,0.0009854435920715,0.0028110146522521,-0.0036902129650115,-0.2640910046976645,-0.4449585311430772,0.6891744865462348,-0.5072538696694482,-0.4826789822582655,-1.9719855467524603,1.469681005598561
1771355037149572608,31.99857258796692,0.0019140439108014,0.0070949918590486,-0.0032250313088297,-0.8154476881027222,0.4642239511013031,0.3457478284835815,0.0079218745231628,0.0079898536205291,-0.0048664510250091,-0.264112971295398,-0.4449091810248576,0.6891514623187824,-0.5073170060405902,-0.4827582184308664,-1.9718176059111787,1.4697225068261204
