time,seconds_elapsed,rotationRateX,rotationRateY,rotationRateZ,gravityX,gravityY,gravityZ,accelerationX,accelerationY,accelerationZ,quaternionW,quaternionX,quaternionY,quaternionZ,pitch,roll,yaw
1771888714086420480,1.3974206447601318,-0.13859613239765167,0.8879963755607605,-0.4714817404747009,-0.8381791710853577,0.329681396484375,0.4344720244407654,-0.005631864070892334,0.00408935546875,0.035666465759277344,0.516642659478787,-0.4877438415385662,-0.6923452578101107,-0.12587445691890622,-0.33596607152335056,-2.0490176757559437,-1.0219660957637424
1771888714096451584,1.4074516296386719,-0.024202706292271614,0.8235477805137634,-0.48961496353149414,-0.8434900641441345,0.325238972902298,0.42748555541038513,0.008376657962799072,0.09211942553520203,-0.054103076457977295,0.5191167081121364,-0.4857247368528291,-0.6912410989902892,-0.1295182620878828,-0.3312644171812288,-2.0398736478422097,-1.0203952150283147
1771888714106482688,1.417482852935791,0.0819450318813324,0.799452543258667,-0.5038964152336121,-0.8485395908355713,0.32112249732017517,0.4205486476421356,0.005445599555969238,0.06695428490638733,-0.07855337858200073,0.5216504117129521,-0.483399113160937,-0.6903619514148437,-0.13268996339694564,-0.3269145124543039,-2.030929495511043,-1.0177802818763233
1771888714116513792,1.427513837814331,0.08606556802988052,0.8171958923339844,-0.5191536545753479,-0.8536092042922974,0.31707048416137695,0.4133009612560272,-0.010068833827972412,0.03159284591674805,-0.001634061336517334,0.5243440555280264,-0.48079784769287,-0.6895534092555283,-0.13569398621103546,-0.32263898995793605,-2.0217084441421465,-1.0144471182017105
1771888714126544640,1.437544822692871,0.009854951873421669,0.8494997620582581,-0.510557234287262,-0.8586756587028503,0.31277966499328613,0.4060117304325104,-0.016263484954833984,0.07660943269729614,0.10108372569084167,0.5269670896724574,-0.4783183598723789,-0.688634449167827,-0.1389245028445943,-0.3181181343030454,-2.012476553673541,-1.011679966408822
1771888714136575744,1.4475758075714111,-0.06986401975154877,0.866724967956543,-0.49405258893966675,-0.8637503385543823,0.3082636296749115,0.39863383769989014,-0.018589138984680176,0.010736584663391113,0.10986530780792236,0.5295162863313609,-0.47605397418439344,-0.6875242036284789,-0.14246264547852894,-0.3133672343201926,-2.0031848506020955,-1.0097586789886575
1771888714146606592,1.4576067924499512,-0.06309346854686737,0.851102888584137,-0.46499723196029663,-0.8686777353286743,0.3037717640399933,0.39130786061286926,-0.020085692405700684,0.0011903941631317139,0.021656036376953125,0.5319885696109187,-0.4739413461422852,-0.6863188249831897,-0.14606257994135496,-0.3086490056294155,-1.9940358693369507,-1.0083096435438594
1771888714156637696,1.4676377773284912,-0.07476522028446198,0.8371943831443787,-0.4549046456813812,-0.8733759522438049,0.2994586229324341,0.3841077983379364,-0.03363692760467529,0.07328304648399353,0.028062522411346436,0.5343995585527629,-0.4718974803134321,-0.6851034027821963,-0.14954310120798278,-0.304125200235593,-1.9851328191854212,-1.0069697416744043
1771888714166668544,1.4776687622070312,-0.07475563138723373,0.8193197846412659,-0.4569140076637268,-0.877930760383606,0.2951187193393707,0.3770175874233246,-0.04263186454772949,0.07286223769187927,0.029125511646270752,0.5367260534694456,-0.4699044440136079,-0.6838849367437326,-0.15302369038142605,-0.29957977243429634,-1.9764207183833555,-1.005823039877432
1771888714176699648,1.4876997470855713,-0.0563347190618515,0.7914676070213318,-0.4580274522304535,-0.8823516368865967,0.29079148173332214,0.36999446153640747,-0.038851916790008545,0.08683300018310547,0.008698195219039917,0.5390207727602958,-0.46783385996995547,-0.6827361951546879,-0.15639486521121815,-0.2950539477431937,-1.9678526863194907,-1.0044770426050584
1771888714186730496,1.4977307319641113,-0.0310011338442564,0.7865122556686401,-0.456341415643692,-0.8865821361541748,0.28653401136398315,0.363139808177948,-0.021041154861450195,0.04731306433677673,-0.008052468299865723,0.5412407673284473,-0.46576614981703235,-0.6816390547776386,-0.15965139471201933,-0.29060718647086464,-1.9595469952825317,-1.0030989636835286
1771888714196761600,1.5077617168426514,-0.004189938772469759,0.7878117561340332,-0.477222740650177,-0.8908055424690247,0.2822403311729431,0.35609838366508484,-0.019884824752807617,0.008897334337234497,0.08231711387634277,0.5435302417583606,-0.4635633007241407,-0.6805573191582207,-0.16286726078253577,-0.28612858637199967,-1.9510860868385103,-1.0014474426163873
1771888714206792704,1.5177927017211914,0.03385518118739128,0.7702929973602295,-0.4527754485607147,-0.8948856592178345,0.2780848443508148,0.34906840324401855,-0.019634664058685303,0.08132067322731018,0.007086992263793945,0.5458405489352086,-0.4612690229310011,-0.6795329929196731,-0.16590352949482234,-0.28179971868070136,-1.942713504771821,-0.9994767161920626
1771888714216823552,1.5278236865997314,-0.031317248940467834,0.7560133337974548,-0.44096699357032776,-0.8987858891487122,0.2740408480167389,0.3421778380870819,-0.019213438034057617,0.02806791663169861,0.0505223274230957,0.5480746818254213,-0.45908237642565575,-0.678477921474954,-0.16889423554012414,-0.2775922151765429,-1.934564638510911,-0.9977522145069591
1771888714226854656,1.5378546714782715,-0.09488344192504883,0.7472787499427795,-0.4119952619075775,-0.9025168418884277,0.26997607946395874,0.3355237543582916,-0.00921100378036499,0.00021129846572875977,0.09301933646202087,0.5501378293573405,-0.4571471020298728,-0.6773318282059291,-0.17200709499358288,-0.2733681770483851,-1.9267274250794373,-0.9967618360946513
1771888714236885504,1.5478856563568115,-0.16735631227493286,0.7148131728172302,-0.374788761138916,-0.9060153961181641,0.2659323811531067,0.32926568388938904,-0.0018976926803588867,0.020993858575820923,0.08778747916221619,0.551949928902034,-0.4555837373292617,-0.6760741851701366,-0.17526660232315688,-0.26917099283853924,-1.9193777486595882,-0.996787451338622
1771888714246923776,1.5579237937927246,-0.10709110647439957,0.6510893106460571,-0.36077946424484253,-0.9092340469360352,0.2621394395828247,0.32338225841522217,0.009041965007781982,0.019553065299987793,0.009884923696517944,0.5536335160516811,-0.4541199917817185,-0.674882327513265,-0.17832194363769274,-0.2652385036489515,-1.9125084970217436,-0.996863115145146
1771888714256954624,1.5679547786712646,-0.012380312196910381,0.590828537940979,-0.36059439182281494,-0.9121800661087036,0.2586563527584076,0.31784307956695557,0.011545419692993164,0.08874046802520752,-0.019655853509902954,0.5552840426703721,-0.45249773656299574,-0.6739193885051972,-0.1809364661476796,-0.2616309672420188,-1.9060837186430335,-0.9961813582796337
1771888714266985728,1.5779857635498047,0.07523475587368011,0.5435312986373901,-0.3751451075077057,-0.9149530529975891,0.2553720474243164,0.31248313188552856,-0.008737564086914062,0.10745137929916382,-0.007505834102630615,0.5569727869543971,-0.45060464253224125,-0.6731990912110589,-0.18313824498877473,-0.2582324896761544,-1.8999048801275924,-0.9945276606839125
1771888714277016576,1.5880167484283447,0.036136265844106674,0.5200327634811401,-0.3654056489467621,-0.9175412058830261,0.252153605222702,0.30746814608573914,0.010299384593963623,0.07426241040229797,0.010631799697875977,0.5585492760209748,-0.4487057369773729,-0.6726048148584364,-0.18517181856399248,-0.2549051406474088,-1.8941361370686955,-0.99273056967181
1771888714287047680,1.5980477333068848,-0.061096541583538055,0.5080693364143372,-0.32608169317245483,-0.9199962019920349,0.24890512228012085,0.3027425706386566,0.004331648349761963,0.004589155316352844,0.06227812170982361,0.5599270224738598,-0.44711670493398187,-0.6719061930413648,-0.18737759463424591,-0.2515496307047262,-1.8887044168070755,-0.9918129232212225
1771888714297078528,1.6080787181854248,-0.12269492447376251,0.5120229125022888,-0.2915652394294739,-0.922335684299469,0.24571597576141357,0.29819491505622864,0.01341557502746582,-0.022403597831726074,0.08834069967269897,0.5611656183199919,-0.4458183648760426,-0.6710763284852296,-0.18972499497983342,-0.24825823869202862,-1.8834935715599832,-0.9916861460957018
1771888714307109632,1.6181097030639648,-0.15308798849582672,0.49128565192222595,-0.25897109508514404,-0.9244945645332336,0.2427157461643219,0.2939368486404419,0.008707821369171143,0.018789350986480713,0.008492350578308105,0.5622432265146586,-0.44484535554709564,-0.6701350894582487,-0.1921305414490814,-0.24516432656014533,-1.8786324991909191,-0.9923233234411519
1771888714317140480,1.6281406879425049,-0.155302494764328,0.4859212636947632,-0.2535656690597534,-0.9265495538711548,0.23990727961063385,0.28974229097366333,0.0002646446228027344,0.04027463495731354,0.04064098000526428,0.5633031859082922,-0.4439603007502902,-0.6691564864375775,-0.1944696302009965,-0.2422703352125102,-1.873873477142461,-0.9930823642058106
1771888714327171584,1.638171672821045,-0.09799472987651825,0.4416419565677643,-0.25908347964286804,-0.9285194873809814,0.2371343970298767,0.2856905460357666,0.017096638679504395,0.09771975874900818,0.016845494508743286,0.5643361398884342,-0.4429963159336714,-0.6682810350569224,-0.1966712034889227,-0.23941503901308345,-1.8692876264375384,-0.9935543445776567
1771888714337202432,1.648202657699585,-0.03885417431592941,0.40276673436164856,-0.25430601835250854,-0.9303333163261414,0.23453623056411743,0.28190869092941284,0.03438311815261841,0.10320180654525757,0.016553252935409546,0.565354383021953,-0.44187817991757616,-0.6676061869194393,-0.19854467521361574,-0.23674145798316718,-1.865020570027892,-0.9933653613718276
1771888714347233536,1.658233642578125,0.0462639145553112,0.37471938133239746,-0.25027212500572205,-0.9320039749145508,0.2321982979774475,0.2783033549785614,0.03501594066619873,0.038629963994026184,0.0022294819355010986,0.5663921058933231,-0.44066808626769066,-0.6670557093538478,-0.20012088616096588,-0.23433713780332857,-1.8609751025643946,-0.9926623006679735
1771888714357264640,1.668264627456665,-0.020560655742883682,0.3123871684074402,-0.23884451389312744,-0.9335786700248718,0.22991688549518585,0.274898499250412,0.035751521587371826,0.046358779072761536,0.013019561767578125,0.5673964857507858,-0.43937667689781434,-0.6666313755734236,-0.20152418267850547,-0.2319922724673289,-1.85715981927922,-0.9916194535283419
1771888714367295744,1.6782958507537842,-0.022398503497242928,0.3383423388004303,-0.21057826280593872,-0.9349509477615356,0.2277897745370865,0.27199018001556396,0.034712910652160645,0.07218271493911743,0.045377373695373535,0.5681842372604564,-0.43836700493320085,-0.6662052638794407,-0.20290793243030134,-0.22980718246100498,-1.8538964903806834,-0.9911536967184017
1771888714377326848,1.6883268356323242,-0.1563383787870407,0.39773401618003845,-0.17072086036205292,-0.9363716840744019,0.22580981254577637,0.2687344253063202,0.0002143383026123047,-0.017985090613365173,0.1465945541858673,0.5690173866183704,-0.4376666015291312,-0.66544358377469,-0.20457782057375634,-0.22777424261703358,-1.8502800749704251,-0.991627594371645
1771888714387357696,1.6983578205108643,-0.13339763879776,0.429145485162735,-0.1418071836233139,-0.9378368854522705,0.22393536567687988,0.2651701867580414,-0.011107325553894043,-0.007489413022994995,0.08512583374977112,0.5699082881087861,-0.43715473651075853,-0.6644402358959887,-0.20644509008874068,-0.22585052319186472,-1.8463501195783705,-0.9927014093580555
1771888714397388800,1.7083888053894043,-0.02953328937292099,0.4359222948551178,-0.14706452190876007,-0.9393038749694824,0.22237855195999146,0.26125892996788025,-0.01655256748199463,0.08211061358451843,0.02324119210243225,0.571030286503861,-0.4364588564340509,-0.6634253035263983,-0.20807459329317562,-0.22425343334706016,-1.8420803616706882,-0.9931052605775129
1771888714407419648,1.7184197902679443,0.08222519606351852,0.42493194341659546,-0.17379866540431976,-0.9407904744148254,0.2209302932024002,0.25710558891296387,-0.010915577411651611,0.10550101101398468,0.03091934323310852,0.5723642882084122,-0.43539119094844386,-0.6625611710458407,-0.20939534309828553,-0.22276822862556045,-1.837569061889906,-0.992396220686489
1771888714417450752,1.7284507751464844,0.1454276144504547,0.38867488503456116,-0.18793073296546936,-0.9422374367713928,0.21948876976966858,0.2530084252357483,-0.004021048545837402,0.11203895509243011,0.012418150901794434,0.573765808885807,-0.4340445837900907,-0.6618984167577253,-0.2104485413005236,-0.2212904325134648,-1.8331270479679913,-0.9908293725255553
1771888714427481856,1.7384819984436035,0.11940079182386398,0.3543592393398285,-0.18445716798305511,-0.9435743689537048,0.21809488534927368,0.24920301139354706,-0.001066744327545166,0.06994526088237762,0.009952306747436523,0.5750923141337866,-0.4326680614512591,-0.6613621175815015,-0.21134660152540338,-0.21986193279344657,-1.8290058863117244,-0.989043274831525
1771888714437512960,1.7485129833221436,0.13838078081607819,0.3272550702095032,-0.14994393289089203,-0.9448005557060242,0.21683412790298462,0.24563226103782654,-0.00898069143295288,0.01335996389389038,0.001300722360610962,0.576358381821406,-0.43133532754662474,-0.660882716885263,-0.21212033586735288,-0.21857027452126412,-1.8251486327082616,-0.9872112981924529
1771888714447543808,1.7585439682006836,0.08130419254302979,0.30247700214385986,-0.12058898061513901,-0.9458770155906677,0.21579797565937042,0.24238023161888123,-0.0011445879936218262,0.020881101489067078,0.07750502228736877,0.5775025940214332,-0.4302210864769108,-0.6603786296306099,-0.21283972817735874,-0.21750898244035619,-1.8216478921374104,-0.9857599358027493
1771888714457574912,1.7685749530792236,-0.0738372802734375,0.3278232514858246,-0.07497568428516388,-0.9468558430671692,0.21488556265830994,0.2393496036529541,-0.00010460615158081055,-0.030345812439918518,0.0684506744146347,0.578474844754223,-0.4295047321535541,-0.6596972706792246,-0.2137569859841195,-0.21657465714536253,-1.818393111356643,-0.9853446819274105
1771888714467605760,1.7786059379577637,-0.08467794209718704,0.374228298664093,-0.05125943571329117,-0.9478121399879456,0.21411408483982086,0.2362358570098877,-0.017016351222991943,-0.03235137462615967,0.019211530685424805,0.5793746928227573,-0.42918004072312005,-0.65872788187194,-0.21495828009533627,-0.2157847896074074,-1.8150627098030034,-0.9860397876978405
1771888714477636864,1.7886369228363037,-0.06919645518064499,0.3720892369747162,-0.04822103679180145,-0.948797881603241,0.21348676085472107,0.2328217327594757,-0.009179413318634033,0.05044448375701904,0.02494502067565918,0.5804029502306851,-0.42883464696307916,-0.6576562255882215,-0.21615169995085667,-0.21514262381273472,-1.8114277181316378,-0.9866682498223366
1771888714487667712,1.7986679077148438,-0.024049751460552216,0.38524019718170166,-0.07505291700363159,-0.9498181343078613,0.21275721490383148,0.22930346429347992,0.004490315914154053,0.08097447454929352,0.04622447490692139,0.5814786895776622,-0.42835862600652674,-0.6566282192387041,-0.21732664441090635,-0.214395912328293,-1.8076819165882854,-0.9870243866379991
1771888714497698816,1.8086988925933838,0.05172019824385643,0.3719990849494934,-0.10200650990009308,-0.950873076915741,0.2119569629430771,0.22564341127872467,0.004248201847076416,0.1069212257862091,0.02118280529975891,0.5826677639087853,-0.4276110657737963,-0.6557213473258588,-0.2183499218467379,-0.2135769813728825,-1.803788031167708,-0.9866659136477635
1771888714507729664,1.8187298774719238,0.13389097154140472,0.3608071506023407,-0.10952913761138916,-0.9519338011741638,0.2111702859401703,0.22187674045562744,0.013029932975769043,0.1076468974351883,-0.006392091512680054,0.5839951401088531,-0.42654593942334773,-0.6549785716734902,-0.2191149771877287,-0.21277208651341176,-1.7997879961378493,-0.9853698810863649
1771888714517760768,1.8287608623504639,0.06392715871334076,0.3572781980037689,-0.08668240904808044,-0.9529019594192505,0.21044804155826569,0.2183791846036911,0.01996433734893799,0.04116937518119812,0.04303443431854248,0.585217977233229,-0.4255841912553198,-0.6542688199394533,-0.21984159635127162,-0.21203323621654385,-1.7960789067229714,-0.9842463634154068
1771888714527791616,1.838791847229004,0.012701249681413174,0.3744870126247406,-0.05415642261505127,-0.9538673162460327,0.20978568494319916,0.2147718220949173,0.01896136999130249,-0.06536123156547546,0.07512985169887543,0.5864251357077168,-0.42480150507778586,-0.6533984957743313,-0.22072508782222153,-0.21135575667954348,-1.7922621205472817,-0.9836642588573181
1771888714537822720,1.848822832107544,0.017409097403287888,0.38535550236701965,-0.03909891098737717,-0.9547784328460693,0.20938235521316528,0.21108508110046387,0.013708055019378662,-0.013657882809638977,0.061330050230026245,0.5876543891213116,-0.424192394153581,-0.6523828289544398,-0.22162960333851447,-0.21094326499877109,-1.7883792011909156,-0.9834355896183717
1771888714547853824,1.858853816986084,0.05471785366535187,0.3978031277656555,-0.03503039851784706,-0.9556801915168762,0.20908837020397186,0.20726138353347778,0.008216321468353271,0.006976097822189331,0.044584959745407104,0.5889648609099822,-0.4235304495247186,-0.6513467958935453,-0.2224627060958839,-0.2106426240513465,-1.784362188114469,-0.9830086655368806
1771888714557884672,1.868884801864624,0.06350042670965195,0.38067179918289185,-0.029896624386310577,-0.9565412998199463,0.20893128216266632,0.20341257750988007,0.012495160102844238,0.07088440656661987,0.014910250902175903,0.5903223449628674,-0.42283650356911934,-0.6503195970114133,-0.2231890178952165,-0.2104820018222559,-1.780329300511745,-0.9823835093487743
1771888714567915776,1.878915786743164,0.12106065452098846,0.34013476967811584,-0.04494588077068329,-0.957355260848999,0.20875519514083862,0.19973106682300568,0.026248574256896973,0.07113675773143768,0.01012304425239563,0.5916551518256045,-0.42204650742477423,-0.6494168772282954,-0.2237828996629597,-0.21030194011219625,-1.7764740642029389,-0.9814205297785722
1771888714577946880,1.8889470100402832,0.10559790581464767,0.2516236901283264,-0.0357060432434082,-0.9580386877059937,0.20859158039093018,0.1966000646352768,0.0459749698638916,0.07760229706764221,0.0026949942111968994,0.5928395636930355,-0.4212117473902589,-0.6487531845149863,-0.2241456409054186,-0.21013464039547078,-1.7731973944623767,-0.9801118524187554
1771888714587977984,1.8989779949188232,0.07841847836971283,0.2248290777206421,-0.023565489798784256,-0.9585753679275513,0.20846150815486908,0.194106787443161,0.03154277801513672,0.01707865297794342,-0.006362646818161011,0.593778385429546,-0.4205568216888897,-0.6482170571066085,-0.2244414765537635,-0.21000165069743293,-1.770589842799882,-0.9790999445477574
1771888714598008832,1.9090089797973633,0.05341503396630287,0.19918124377727509,0.0035585379227995872,-0.9589971899986267,0.20851193368434906,0.19195611774921417,0.02451843023300171,-0.016205400228500366,0.026366576552391052,0.5945751442184403,-0.4201365742735063,-0.6476598809826215,-0.22472721428445355,-0.2100531958798686,-1.768348986239597,-0.978538159820214
1771888714608039936,1.9190399646759033,0.019251205027103424,0.19509568810462952,0.019894368946552277,-0.9593544006347656,0.2086866796016693,0.18997153639793396,0.023075103759765625,-0.007804751396179199,0.0620732307434082,0.5953174047921577,-0.41981326078300824,-0.6471032323229338,-0.22496998216163677,-0.21023187642139726,-1.7662874947835072,-0.978112207413172
1771888714618070784,1.9290709495544434,0.014722323045134544,0.20599453151226044,0.030788294970989227,-0.9596773982048035,0.20895437896251678,0.18803620338439941,0.008749544620513916,-0.002670794725418091,0.052030354738235474,0.5960086128359874,-0.41965489609204953,-0.6464579393838572,-0.22529035623098484,-0.2105056209258885,-1.7642820079061259,-0.9781007396672619
1771888714628101888,1.9391019344329834,-0.011885053478181362,0.19285716116428375,0.037158578634262085,-0.9599766731262207,0.20930229127407074,0.18611113727092743,0.006592273712158203,0.001238495111465454,0.021896719932556152,0.5967069942009743,-0.4195183234261474,-0.6458017858203773,-0.22557752942974207,-0.21086139452078653,-1.7622912275111073,-0.9780861365218122
1771888714638131968,1.949131965637207,-0.007658794056624174,0.1815287470817566,0.04132882133126259,-0.960230827331543,0.20969761908054352,0.18434685468673706,0.010371208190917969,0.022617414593696594,0.017893075942993164,0.5973302651106616,-0.4194903499802179,-0.6451366318043202,-0.22588311175614476,-0.21126569781344678,-1.760470335285934,-0.9783101276752377
1771888714648162816,1.959162950515747,-0.04315899685025215,0.13737674057483673,0.043418072164058685,-0.960436224937439,0.21006986498832703,0.18284617364406586,0.013308048248291016,0.033399373292922974,0.026336535811424255,0.5978563559991366,-0.4195000018855723,-0.6445485502365975,-0.22615178780172182,-0.21164642488352045,-1.7589233175734593,-0.9785745101618796
1771888714658193920,1.969193935394287,-0.049385733902454376,0.12301617115736008,0.050698887556791306,-0.9605767726898193,0.2104349136352539,0.1816849261522293,0.011678457260131836,0.016386985778808594,0.033036693930625916,0.5982293953750578,-0.41965488245957827,-0.6439970802545637,-0.2264489030554175,-0.21201980847161692,-1.7577295483944537,-0.9791724174389907
1771888714668224768,1.9792249202728271,-0.04709887504577637,0.10671709477901459,0.05848437175154686,-0.9606688618659973,0.21087756752967834,0.18068145215511322,-0.008493006229400635,0.011626079678535461,0.005353674292564392,0.598548713814953,-0.4198810673416173,-0.6434598760662211,-0.22671264496257976,-0.21247262596233402,-1.7567033605533475,-0.9798693459321295
1771888714678255872,1.9892559051513672,-0.041596606373786926,0.0758230909705162,0.05282621830701828,-0.9607110023498535,0.21135598421096802,0.1798970252275467,-0.001050412654876709,0.004754230380058289,0.023441657423973083,0.598817791958014,-0.4200905796654165,-0.6430182070295039,-0.22686716970299664,-0.212962078327593,-1.7559066615418317,-0.9804046854011835
1771888714688286720,1.9992868900299072,-0.0066636595875024796,0.04780450463294983,0.05084482952952385,-0.960629940032959,0.21174678206443787,0.17987099289894104,0.011136531829833984,0.011321455240249634,0.026992440223693848,0.5988306600241431,-0.42033749373442775,-0.6428467045597578,-0.22686215030377244,-0.21336192910753,-1.755895743397301,-0.9808522347045364
1771888714698317824,2.0093178749084473,0.010187581181526184,0.046939510852098465,0.04266120120882988,-0.9605408906936646,0.212140753865242,0.17988285422325134,-0.002349853515625,0.005251213908195496,0.03143610060214996,0.5988663408970325,-0.42049026394181227,-0.6427514017445076,-0.22675499258584486,-0.21376505399479948,-1.7559244524620305,-0.9809903631666876
1771888714708348672,2.0193488597869873,-0.04136589169502258,0.05297476798295975,0.05068131163716316,-0.9604849219322205,0.21255798637866974,0.17968794703483582,-0.01803070306777954,0.015621960163116455,0.027129650115966797,0.5989553307457723,-0.42067865772657254,-0.6425522847953873,-0.22673443761806583,-0.21419202606493265,-1.7557389391359894,-0.9812955105300343
1771888714718379776,2.0293798446655273,-0.054993197321891785,0.07279268652200699,0.04691639915108681,-0.9604077339172363,0.21312342584133148,0.17943106591701508,-0.022227823734283447,-0.001819714903831482,0.04351508617401123,0.5990424189356196,-0.42102330397214793,-0.6422265281451556,-0.22678774076419705,-0.2147707287801411,-1.755495040164731,-0.981984988221283
1771888714728410624,2.0394108295440674,-0.06277362257242203,0.06939475983381271,0.04752839356660843,-0.9602587223052979,0.21392221748828888,0.17927785217761993,-0.014777898788452148,0.015341073274612427,0.048261165618896484,0.5991195934834022,-0.42146574989802205,-0.6418765844395237,-0.22675274729254136,-0.2155883747733807,-1.7553688741389133,-0.9827440820814484
1771888714738441728,2.0494418144226074,-0.03216404840350151,0.07116655260324478,0.04422713816165924,-0.9601646661758423,0.21443402767181396,0.179170161485672,-0.005365729331970215,0.011365547776222229,0.01516580581665039,0.5991480623224188,-0.4218164146503063,-0.6416042352476793,-0.22679630582873292,-0.2161123484556368,-1.7552781592610345,-0.9834436894530411
1771888714748472576,2.0594727993011475,-0.019782479852437973,0.039844583719968796,0.026319243013858795,-0.9601583480834961,0.21480341255664825,0.17876118421554565,0.02184957265853882,0.020624414086341858,0.001994490623474121,0.5993030649144195,-0.4219628882168953,-0.6413485106492662,-0.22683758165840684,-0.2164905409287024,-1.7548676983041547,-0.9837384406915148
1771888714758503936,2.0695040225982666,0.015703076496720314,0.016283731907606125,0.00781347043812275,-0.9601190090179443,0.2149616777896881,0.17878201603889465,0.03034001588821411,0.00534471869468689,-0.008997440338134766,0.5993074390970207,-0.4220390116903458,-0.6413065444108411,-0.2268030526891806,-0.21665258690043196,-1.754896042453123,-0.9838342195887585
1771888714768534784,2.0795350074768066,-0.025465665385127068,-0.01142725721001625,0.014060714282095432,-0.9600022435188293,0.21517547965049744,0.17915216088294983,0.033839404582977295,-0.0020559728145599365,-0.0030962079763412476,0.5992008117286575,-0.4221776225468317,-0.6413595968013533,-0.22667694007448835,-0.21687152205408367,-1.7552905411259072,-0.9839493266215849
1771888714778565888,2.0895659923553467,-0.07282501459121704,-0.030285101383924484,0.0036256499588489532,-0.9598750472068787,0.21515122056007385,0.1798604279756546,0.03542137145996094,-0.03605879843235016,-0.0009510666131973267,0.5989003219717189,-0.4224254409934028,-0.6414724964242048,-0.2266895646976525,-0.21684667694713067,-1.7560273908316568,-0.9844816833364959
1771888714788596992,2.0995969772338867,-0.12938842177391052,-0.04851763695478439,0.013464431278407574,-0.9597010016441345,0.21514840424060822,0.18078960478305817,0.05071985721588135,-0.0368037074804306,0.01005205512046814,0.5984586863403394,-0.42290412800514865,-0.6415192136369258,-0.2268309983606427,-0.21684379660658254,-1.7569953886053937,-0.9856342029827603
1771888714798627840,2.1096279621124268,-0.12018312513828278,-0.033307790756225586,0.022057119756937027,-0.959523618221283,0.21498265862464905,0.1819251924753189,0.018758296966552734,-0.00964510440826416,0.02867661416530609,0.5978976503709255,-0.42344057546293973,-0.6416078834757968,-0.22705892841583245,-0.21667406780538187,-1.7581716950589357,-0.9870278375498707
1771888714808658944,2.119658946990967,-0.10071461647748947,-0.029991088435053825,0.02214394137263298,-0.9592956304550171,0.21509014070034027,0.18299734592437744,0.011801183223724365,0.006559044122695923,0.019257888197898865,0.5974119450733127,-0.4239987107458983,-0.6416570459542686,-0.22715690281299072,-0.21678412367314723,-1.7592938103941003,-0.9882814362510244
1771888714818689792,2.129689931869507,-0.09048905223608017,-0.03543033078312874,0.006558322347700596,-0.9591553211212158,0.2151588648557663,0.18365049362182617,0.01810014247894287,0.012334391474723816,-0.012721553444862366,0.597085741918726,-0.42442624148520475,-0.6416288723368637,-0.22729561011503682,-0.2168544994338553,-1.7599776923083676,-0.9893150072664667
1771888714828720896,2.139720916748047,-0.07829177379608154,-0.04800444468855858,-0.00517796166241169,-0.9590051770210266,0.21533402800559998,0.18422892689704895,0.02037602663040161,0.01745404303073883,-0.011270523071289062,0.5968101727653812,-0.4248437368146532,-0.641577946851397,-0.22738320316394434,-0.21703387207258087,-1.760588380310626,-0.9902553387792897
1771888714838751744,2.149751901626587,-0.1170073002576828,-0.07049456983804703,-0.007292778231203556,-0.9589013457298279,0.2152397781610489,0.1848781555891037,0.02515512704849243,0.00012277066707611084,-0.009478360414505005,0.5964718150929574,-0.42519939938535467,-0.641595312868804,-0.22755710210716104,-0.21693735292723249,-1.7612613059585378,-0.9912032493853694
1771888714848782848,2.159782886505127,-0.15210163593292236,-0.07727338373661041,-0.003998447675257921,-0.9587773680686951,0.21494540572166443,0.18586094677448273,0.018195152282714844,-0.03641758859157562,-0.0024351030588150024,0.5959488466899794,-0.4256661641086862,-0.6416687570101763,-0.2278473980195873,-0.2166359286764521,-1.76227346377463,-0.992541769455482
1771888714858813696,2.169813871383667,-0.1454908698797226,-0.055471017956733704,0.00018191616982221603,-0.9587231278419495,0.21432481706142426,0.18685463070869446,0.0034620165824890137,-0.02583301067352295,0.014149397611618042,0.5953440259345802,-0.42613493754369935,-0.6417447533213155,-0.22833763576642227,-0.21600053368249553,-1.763282758121147,-0.9941551955604376
1771888714868844800,2.179844856262207,-0.14837613701820374,-0.030673258006572723,-0.0022468867246061563,-0.9586670994758606,0.2137969583272934,0.18774470686912537,-0.011410295963287354,-0.004125937819480896,0.02069029211997986,0.5947964509764995,-0.4265887392612058,-0.6417899982624834,-0.22878977491862296,-0.21546014631211305,-1.7641880443433022,-0.9956813142936732
1771888714878875648,2.189875841140747,-0.16677282750606537,-0.008004164323210716,-0.014428185299038887,-0.9586045742034912,0.2134004831314087,0.18851423263549805,-0.02247452735900879,0.009209960699081421,0.025856494903564453,0.5942979197471862,-0.42709061352610284,-0.6417559678854865,-0.2292441816710913,-0.2150543052600609,-1.7649733318667014,-0.9972910175481978
1771888714888906752,2.199906826019287,-0.1068253219127655,-0.002992094960063696,-0.035001371055841446,-0.9586049318313599,0.21299487352371216,0.18896950781345367,-0.021222829818725586,0.034228041768074036,0.008418172597885132,0.5939268993802943,-0.42748467376829163,-0.6416709494013878,-0.22970839952127262,-0.21463915772599654,-1.765430473455743,-0.9986886524324329
1771888714898937600,2.209937810897827,-0.08145489543676376,-0.024933213368058205,-0.05367891862988472,-0.9586646556854248,0.2125626802444458,0.18915456533432007,-0.003951430320739746,0.0506514310836792,-0.013342827558517456,0.5937149817570829,-0.4276366378483179,-0.6416417943390849,-0.23005505988471978,-0.21419682282994368,-1.7656044700565765,-0.9994549143934292
1771888714908968704,2.219968795776367,-0.09103428572416306,-0.027391310781240463,-0.05789177119731903,-0.9587118029594421,0.2120690941810608,0.1894681602716446,-0.01182335615158081,-0.001329958438873291,-0.004287511110305786,0.5934559527688267,-0.4277730363358035,-0.6416730555022455,-0.2303819810721399,-0.21369172290043806,-1.7659099482862632,-1.0001753278383432
1771888714918999808,2.2300000190734863,-0.13869164884090424,-0.0481724888086319,-0.0489099957048893,-0.9587595462799072,0.21140216290950775,0.18997184932231903,-0.008098363876342773,-0.036887362599372864,0.00949108600616455,0.5930825958149125,-0.4279573624042452,-0.6417463827295852,-0.23079675560418889,-0.21300932121395313,-1.7664060265575405,-1.0011185966029943
1771888714929030912,2.2400310039520264,-0.15360455214977264,-0.035406094044446945,-0.03509031981229782,-0.9588108062744141,0.2105260193347931,0.19068528711795807,-0.009237408638000488,-0.0496983677148819,0.0015754997730255127,0.5925543476467744,-0.4282609445197897,-0.6418217860861034,-0.2313802313519517,-0.2121130104683581,-1.7671117111453052,-1.0025285618294761
1771888714939061760,2.2500619888305664,-0.1316198855638504,-0.01624731346964836,-0.03163620084524155,-0.9588379263877869,0.2098342478275299,0.19130998849868774,-0.021630823612213135,-0.028498798608779907,-0.007456779479980469,0.5920837988735942,-0.42859764578735177,-0.6418403620373812,-0.2319090626664199,-0.2114054337079126,-1.7677329571224825,-1.0039198527370512
1771888714949092864,2.2600929737091064,-0.12849093973636627,-0.004229798913002014,-0.03546928986907005,-0.9588737487792969,0.20926494896411896,0.19175317883491516,-0.01323312520980835,0.0017030537128448486,-0.009349599480628967,0.5917074745555756,-0.428900494898759,-0.6418106857584748,-0.2323912030603466,-0.2108231983348094,-1.768170255555614,-1.005171148068208
1771888714959123968,2.2701239585876465,-0.10714250802993774,0.004072871524840593,-0.062425803393125534,-0.9589509963989258,0.20858411490917206,0.1921079158782959,-0.005419611930847168,0.021945655345916748,-0.003829747438430786,0.5913619195357299,-0.42911349271545385,-0.6418064882415352,-0.23288845724328758,-0.21012700370179,-1.768510441107491,-1.0062682400503096
1771888714969154816,2.2801549434661865,-0.10261939465999603,0.008060690015554428,-0.08522805571556091,-0.9590643048286438,0.207887202501297,0.19229812920093536,0.001956760883331299,0.029737889766693115,-0.019370317459106445,0.5910846481916294,-0.4292584705825928,-0.6417836315208688,-0.23338782802831512,-0.20941448102389051,-1.7686783579857968,-1.0072287431049172
1771888714979185920,2.2901859283447266,-0.0824766606092453,0.018349412828683853,-0.08372896909713745,-0.9592270255088806,0.2072150558233261,0.19221177697181702,-0.006135463714599609,0.02369619905948639,-0.03359666466712952,0.5909384831706225,-0.4292790016639594,-0.6417362574537675,-0.2338498904052715,-0.20872736730315083,-1.7685591140804813,-1.0078854436866482
1771888714989216768,2.3002169132232666,-0.08343673497438431,0.041519179940223694,-0.10035481303930283,-0.9594785571098328,0.20619654655456543,0.19205230474472046,-0.006341814994812012,0.0031692832708358765,-0.011266112327575684,0.5907681854270695,-0.42919136961668597,-0.6417327461243061,-0.23445013707985132,-0.2076863806230955,-1.7683488101550535,-1.0085216571796072
1771888714999247872,2.3102478981018066,-0.0549321249127388,0.05907180532813072,-0.10106055438518524,-0.9598175287246704,0.2049032598733902,0.19174212217330933,-0.00974118709564209,-0.01911225914955139,0.00967395305633545,0.5906205737045168,-0.42897540720426897,-0.6417563070883525,-0.23515167067389553,-0.20636487594134936,-1.7679700904286377,-1.0090444851597955
1771888715009278720,2.3202788829803467,-0.04105173051357269,0.07290239632129669,-0.09600267559289932,-0.9602075815200806,0.20357240736484528,0.1912064254283905,-0.006055355072021484,-0.016697973012924194,0.022126823663711548,0.5905723530433328,-0.4286395100803569,-0.6417720619861446,-0.23584143369470298,-0.20500535394748823,-1.7673554904322533,-1.0093118146442575
1771888715019309824,2.3303098678588867,-0.0498388297855854,0.10540734231472015,-0.08878017961978912,-0.9606224894523621,0.20241624116897583,0.19034764170646667,-0.01731330156326294,-0.03362354636192322,0.01906406879425049,0.5906628330939746,-0.42829502209491,-0.6416675097419969,-0.23652410210280428,-0.2038246080187842,-1.7664127014975857,-1.0095315227050599
1771888715029339904,2.3403398990631104,-0.01184617169201374,0.1261696219444275,-0.09649589657783508,-0.9610371589660645,0.2014981061220169,0.18922577798366547,-0.016822457313537598,-0.002615004777908325,-0.009797662496566772,0.5908836903693144,-0.4279601250689912,-0.6414538318024708,-0.23715753132933023,-0.20288715364689058,-1.7652069035177358,-1.0096851055289842
1771888715039370752,2.3503708839416504,0.004605505615472794,0.11861502379179001,-0.12316025793552399,-0.9614586234092712,0.20061668753623962,0.18801715970039368,-0.0028206706047058105,0.016943126916885376,-0.008817881345748901,0.5911789390334037,-0.4275143623904315,-0.6412800094357425,-0.23769513942635956,-0.20198736975398093,-1.76391333224004,-1.0094972030865814
1771888715049401856,2.3604018688201904,0.003701719455420971,0.1105487123131752,-0.12490703165531158,-0.9618778228759766,0.19969995319843292,0.18684475123882294,0.006341993808746338,0.010459348559379578,-0.02620019018650055,0.5914633915222187,-0.4270446057877225,-0.6411359294857638,-0.23821980639291304,-0.2010516908150663,-1.7626569590857861,-1.0092514809288589
1771888715059432704,2.3704328536987305,0.008868162520229816,0.0873095765709877,-0.13040059804916382,-0.9623109698295593,0.19880039989948273,0.1855701357126236,0.005889952182769775,-0.0012448281049728394,-0.03064762055873871,0.5918047427670373,-0.4265113986076214,-0.6409938363066443,-0.2387094195500677,-0.20013374077391985,-1.7612959810075826,-1.0088345701648067
1771888715069463808,2.3804638385772705,0.008919027633965015,0.07045682519674301,-0.13652293384075165,-0.9626929759979248,0.19765496253967285,0.18480977416038513,-0.00453108549118042,0.0021435916423797607,-0.013789311051368713,0.5919202011695954,-0.4260233842712163,-0.6410218116540046,-0.23921864470008095,-0.19896510300112702,-1.7604605483226228,-1.0085669806080335
1771888715079494656,2.3904948234558105,-0.0074840025044977665,0.08900227397680283,-0.11592978239059448,-0.9630987048149109,0.1962777078151703,0.18416352570056915,-0.023214221000671387,-0.019092679023742676,0.012766361236572266,0.5919588264857122,-0.42549872404373235,-0.6411182400287014,-0.23979799573927135,-0.1975603400252637,-1.7597352948433274,-1.008336791368939
1771888715089525760,2.4005258083343506,-0.02669498138129711,0.09810176491737366,-0.12373204529285431,-0.9634596109390259,0.19497071206569672,0.18366260826587677,-0.01951158046722412,-0.025048837065696716,0.01798224449157715,0.5919296805821477,-0.42508912708234414,-0.6411946171124765,-0.24039115819219334,-0.19622758611474883,-1.7591645550848591,-1.008351088245011
1771888715099556608,2.4105567932128906,-0.06082436814904213,0.0813819095492363,-0.11209482699632645,-0.963860809803009,0.19347234070301056,0.1831420212984085,-0.013785183429718018,-0.020315557718276978,0.002984657883644104,0.5918501379258037,-0.4247004403834497,-0.6412492105141646,-0.24112753508312246,-0.19470013604971148,-1.7585667592623848,-1.0086002174656243
1771888715109587968,2.4205880165100098,-0.0595785416662693,0.06863388419151306,-0.10660631954669952,-0.9642201662063599,0.19231364130973816,0.18246960639953613,-0.0037822723388671875,-0.020942196249961853,-0.007390245795249939,0.5918598845672887,-0.42441351320867904,-0.6411770193982339,-0.2417998579662593,-0.19351925479055465,-1.757825228228554,-1.0089416497972672
1771888715119618816,2.43061900138855,-0.09881613403558731,0.039000362157821655,-0.11393773555755615,-0.9644824862480164,0.19137507677078247,0.1820695996284485,0.0037890076637268066,-0.00913931429386139,-0.023668035864830017,0.5917766581575544,-0.4243118388163756,-0.6410883413720552,-0.24241636528863172,-0.19256292269357853,-1.7573751013042334,-1.0095702125755486
1771888715129649920,2.44064998626709,-0.07317175716161728,0.021134812384843826,-0.10918798297643661,-0.9647381901741028,0.19041036069393158,0.18172486126422882,-0.010832369327545166,0.007587701082229614,-0.034096017479896545,0.5916761125615796,-0.4241951310572407,-0.6410311379946418,-0.24301618604760353,-0.19158014500060733,-1.7569817195011403,-1.0101525649379257
1771888715139680768,2.45068097114563,-0.11280447989702225,0.0016555208712816238,-0.09922323375940323,-0.9649900197982788,0.18933573365211487,0.18151159584522247,-0.010229825973510742,0.008601292967796326,-0.01908169686794281,0.5914958770644702,-0.4241159860520851,-0.6410003344174232,-0.2436738104663444,-0.19048559221042358,-1.7567208064052509,-1.0108936112844162
1771888715149711872,2.46071195602417,-0.11568494886159897,-0.019044697284698486,-0.0938524380326271,-0.9651652574539185,0.1882961094379425,0.1816612333059311,-0.006010890007019043,-0.007555752992630005,-0.008748650550842285,0.5911752857231534,-0.4241560718103811,-0.6410321696229518,-0.24429746153110224,-0.18942693352435983,-1.7568375588831888,-1.0118340472334586
1771888715159742720,2.47074294090271,-0.0945829525589943,-0.017021361738443375,-0.08124130964279175,-0.9653145670890808,0.18703369796276093,0.18217121064662933,-0.0056479573249816895,0.01775449514389038,0.013751626014709473,0.5906989678343907,-0.4241867046411828,-0.6412107667826,-0.24492695846759166,-0.18814167968777876,-1.7573196262939346,-1.0127893006947892
1771888715169773824,2.48077392578125,-0.1089528352022171,-0.025574102997779846,-0.08010440319776535,-0.9654514789581299,0.18580476939678192,0.18270206451416016,0.0002262592315673828,0.01725916564464569,0.047781944274902344,0.5902359354190801,-0.424187394458231,-0.6414172463676706,-0.24550050825529382,-0.186890828171155,-1.75782467633508,-1.0136135025513764
1771888715179804928,2.49080491065979,-0.11154897511005402,-0.03005620464682579,-0.07993848621845245,-0.965569794178009,0.1846524477005005,0.1832445114850998,0.003640413284301758,0.004602313041687012,0.019773617386817932,0.5897464891043955,-0.4242979875399396,-0.641555511021917,-0.24612371526913476,-0.18571821453144716,-1.7583446029918173,-1.0147104263498672
1771888715189835776,2.50083589553833,-0.14899994432926178,-0.021401196718215942,-0.04968870431184769,-0.9656912684440613,0.18361105024814606,0.18364939093589783,-0.016852498054504395,-0.007753506302833557,-0.0018562227487564087,0.5893223696916686,-0.4244114926762294,-0.6416381996249141,-0.24672730015388425,-0.1846587052491556,-1.7587262182892829,-1.0157767581902293
1771888715199866880,2.51086688041687,-0.14208674430847168,-0.0022460101172327995,-0.035477012395858765,-0.9657917618751526,0.18294207751750946,0.18378879129886627,-0.004865527153015137,0.010325714945793152,0.04663418233394623,0.5890073845039547,-0.42468273156943565,-0.6415130358039539,-0.24733748774097294,-0.18397821145209933,-1.758846430842921,-1.0171277452347876
1771888715209897728,2.52089786529541,-0.17432484030723572,-0.005804259795695543,-0.030808225274086,-0.9658575057983398,0.18240796029567719,0.18397490680217743,0.011496424674987793,0.019343748688697815,0.1035311371088028,0.5886837659607691,-0.425030270906196,-0.641355378676914,-0.2479194053292021,-0.18343493817849035,-1.7590198783751914,-1.0185849237207374
1771888715219928832,2.53092885017395,-0.16186460852622986,-0.034108735620975494,-0.005943620577454567,-0.9658705592155457,0.18197518587112427,0.18433408439159393,0.01462244987487793,0.028336718678474426,0.03702521324157715,0.5882933698046914,-0.4254895886983639,-0.6411908056542838,-0.24848314937208968,-0.18299480524650372,-1.7593762092813068,-1.0202361818384014
1771888715229959680,2.5409598350524902,-0.14361636340618134,-0.10118523985147476,0.004138042218983173,-0.9657617807388306,0.18166124820709229,0.18521183729171753,0.020205140113830566,0.08077463507652283,0.016539812088012695,0.5877656721425949,-0.4260035529368165,-0.641191774390869,-0.24884854581527338,-0.18267554540570763,-1.7602737418239418,-1.0217498116200143
1771888715239990784,2.5509908199310303,-0.11703162640333176,-0.16868358850479126,0.023683514446020126,-0.9654623866081238,0.1816190481185913,0.18680685758590698,0.025490522384643555,0.075750932097435,-0.011468067765235901,0.5870667871970361,-0.42661703646163135,-0.6414057453798686,-0.24889575990566437,-0.18263262863557653,-1.7619240469954343,-1.0230572802740114
1771888715250021632,2.5610218048095703,-0.12674470245838165,-0.22181737422943115,0.04086356610059738,-0.9649953842163086,0.18176963925361633,0.1890600621700287,0.011702537536621094,0.07128210365772247,0.039318203926086426,0.5861970363794324,-0.4273193620021426,-0.6418163213407805,-0.2486825601308902,-0.18278576785649317,-1.7642639099358892,-1.0242157328664503
1771888715260052736,2.5710527896881104,-0.20992827415466309,-0.2742244005203247,0.07782024890184402,-0.9643917083740234,0.18207083642482758,0.1918298900127411,0.020406782627105713,0.06506054103374481,0.04582571983337402,0.5850866977069864,-0.42836384765139585,-0.6421988492031558,-0.24851270645739384,-0.18309207363654428,-1.7671463209421232,-1.0261069891258034
1771888715270083840,2.5810840129852295,-0.3329274356365204,-0.28167298436164856,0.11194945871829987,-0.9637193083763123,0.18239332735538483,0.1948789358139038,0.011158883571624756,0.0008799880743026733,0.07271444797515869,0.5837742186341635,-0.4297387431955464,-0.6424671810705047,-0.24853213273819363,-0.18342005624743565,-1.770321211761604,-1.0288966998283542
1771888715280114944,2.5911149978637695,-0.3426806628704071,-0.32385215163230896,0.1318829506635666,-0.9628509283065796,0.18298843502998352,0.1985785961151123,0.034277260303497314,0.014399245381355286,0.0646812915802002,0.5821749000827661,-0.43155763271078484,-0.6426875654127366,-0.2485621477230388,-0.1840253629844705,-1.7741848426261566,-1.0325803224652004
1771888715290145792,2.6011459827423096,-0.31271716952323914,-0.37425166368484497,0.1440943479537964,-0.9618490934371948,0.1836666762828827,0.202764093875885,0.027995765209197998,0.070407435297966,0.11403897404670715,0.5804336199059786,-0.43343935356912405,-0.6430492777186935,-0.2484248757123652,-0.18471528788269237,-1.7785608874453136,-1.0361949679446236
1771888715300176896,2.6111769676208496,-0.2543802559375763,-0.4227311909198761,0.1476680338382721,-0.9607308506965637,0.18459320068359375,0.20717506110668182,0.016486525535583496,0.08417512476444244,0.10147975385189056,0.5787172020382481,-0.435251909576321,-0.6435396675364067,-0.24798963731165474,-0.1856579301744697,-1.7831871634292922,-1.0393002631612078
1771888715310207744,2.6212079524993896,-0.28758347034454346,-0.448514848947525,0.1931910514831543,-0.9594744443893433,0.18584421277046204,0.21182744204998016,-0.022062480449676514,0.10184496641159058,0.04868590831756592,0.5769859314373776,-0.43713657251584714,-0.644069355646239,-0.24733290217717752,-0.1869309793847027,-1.7880852052965304,-1.0422706835425104
1771888715320238848,2.6312389373779297,-0.29398640990257263,-0.45876455307006836,0.18812943994998932,-0.958124041557312,0.1870867908000946,0.21678675711154938,-0.028249621391296387,0.1212780624628067,0.12525422871112823,0.5751012046751037,-0.4391796666311677,-0.6446042214134021,-0.24670853125835793,-0.18819573155669553,-1.7933113314104576,-1.045621041958552
1771888715330269696,2.6412699222564697,-0.3574564754962921,-0.4990752041339874,0.22693756222724915,-0.9566763043403625,0.1884116530418396,0.2219720035791397,-0.017978906631469727,0.0996437519788742,0.13683846592903137,0.573107023850036,-0.4413884317772293,-0.6451063868912835,-0.24609426669660645,-0.1895445835749368,-1.7987862996052795,-1.0493330066361366
1771888715340300800,2.6513009071350098,-0.3661918342113495,-0.5462716221809387,0.24995127320289612,-0.9550678730010986,0.18980053067207336,0.22764281928539276,-0.008417844772338867,0.05150197446346283,0.11694645881652832,0.5708997245966847,-0.44382442223533775,-0.645632474992432,-0.24546314138821446,-0.19095897943664109,-1.8047829584548074,-1.0535085694794262
1771888715350331904,2.66133189201355,-0.38760870695114136,-0.6522462368011475,0.28641313314437866,-0.9531495571136475,0.19154171645641327,0.23413193225860596,0.003274679183959961,0.05623048543930054,0.08347976207733154,0.568443286965973,-0.44652127035077516,-0.646285325198225,-0.24455322361215523,-0.1927327086517993,-1.811667546163097,-1.0578910868363967
1771888715360362752,2.67136287689209,-0.4298635721206665,-0.724933922290802,0.33636870980262756,-0.9509184956550598,0.19350294768810272,0.2414763867855072,-0.011331379413604736,0.04537339508533478,0.0852448046207428,0.5656817281320295,-0.44950288497228136,-0.6470589990826292,-0.24344625835440104,-0.194731333185865,-1.819479912768425,-1.0626504555280045
1771888715370393856,2.68139386177063,-0.5082308053970337,-0.7722359299659729,0.35475650429725647,-0.9483802914619446,0.19565458595752716,0.24958759546279907,-0.024687886238098145,0.10154083371162415,0.09155307710170746,0.5625785307550276,-0.45290840343485184,-0.6478177050349121,-0.2423046629734119,-0.19692489336054383,-1.8281336880479813,-1.0682786795931807
1771888715380424704,2.69142484664917,-0.6015636324882507,-0.7785285115242004,0.40641358494758606,-0.9456534385681152,0.1978759616613388,0.2580402195453644,-0.020487308502197266,0.10823062062263489,0.09426999092102051,0.5592534262397102,-0.4566676612176856,-0.6484402548353047,-0.24127893150208535,-0.1991905640918999,-1.837181000609829,-1.0748229805721656
1771888715390455808,2.70145583152771,-0.6756746172904968,-0.7431348562240601,0.44463127851486206,-0.9428260326385498,0.20020413398742676,0.2664528489112854,-0.016188740730285645,0.05756258964538574,0.16662201285362244,0.555853267637949,-0.46071497310933557,-0.6488205778928258,-0.24041754933501508,-0.20156627465063645,-1.8462244239970604,-1.0822017859605015
1771888715400486656,2.71148681640625,-0.6663482189178467,-0.7638673186302185,0.4671112895011902,-0.9398629665374756,0.2026701271533966,0.27492281794548035,-0.001802682876586914,0.0820588618516922,0.15214014053344727,0.5523759850414485,-0.4650033578828931,-0.6490248779554951,-0.23962351261343584,-0.20408387632500927,-1.85537091330158,-1.0902102544269323
1771888715410517760,2.72151780128479,-0.6727131605148315,-0.8149286508560181,0.5152873396873474,-0.9366607666015625,0.20541684329509735,0.2836740016937256,0.0035092830657958984,0.11893926560878754,0.11087256669998169,0.5488404905946976,-0.46939876822424914,-0.6492316922598075,-0.23861532469179225,-0.2068896095669169,-1.864871882864461,-1.0982427205918905
1771888715420548608,2.73154878616333,-0.6117367148399353,-0.9079788327217102,0.5252177119255066,-0.933068037033081,0.2084873616695404,0.29311665892601013,0.013924241065979004,0.0818416178226471,0.10944071412086487,0.5451372145832879,-0.47388930384486927,-0.6496054606876704,-0.23720707938432206,-0.21002807918402358,-1.8751771903531569,-1.1060769210927837
1771888715430579712,2.74157977104187,-0.554610550403595,-1.0330991744995117,0.5591796636581421,-0.9290350079536438,0.2117905169725418,0.3033788204193115,0.015521824359893799,0.12753444910049438,0.04076790809631348,0.5412259500463128,-0.4784033101854047,-0.6502458596604929,-0.23534026235513844,-0.21340666729505525,-1.8864318771996134,-1.1135198994693576
1771888715440610560,2.75161075592041,-0.5413561463356018,-1.1201190948486328,0.5648543238639832,-0.9244728684425354,0.21530161798000336,0.31463485956192017,0.012302517890930176,0.14228810369968414,0.07640215754508972,0.5370264266375673,-0.4829794436850598,-0.6511898955915896,-0.23299181489297324,-0.21700068121981886,-1.8988393249009725,-1.1206521250365433
1771888715450640640,2.761640787124634,-0.5850181579589844,-1.1785730123519897,0.6028462052345276,-0.9195125699043274,0.21886779367923737,0.3264867663383484,-0.018658816814422607,0.14769409596920013,0.12273204326629639,0.5325710395246209,-0.4877399098745643,-0.6521910463863299,-0.23048806866305893,-0.22065397845784906,-1.9119762741224624,-1.1281239934854517
1771888715460671744,2.771671772003174,-0.661429226398468,-1.2294366359710693,0.6368270516395569,-0.9141378402709961,0.2224511057138443,0.3389216363430023,-0.022599339485168457,0.0785285085439682,0.15622606873512268,0.5244528868740586,-0.5022086212110376,-0.645946843844788,-0.23555995637406618,-0.2243278477212609,-1.925840619170988,-1.1652942913388984
1771888715470702592,2.781702756881714,-0.6333028078079224,-1.2963250875473022,0.6805071830749512,-0.9082569479942322,0.22621864080429077,0.3519866466522217,-0.0408245325088501,0.06716212630271912,0.09469917416572571,0.5160589305197976,-0.5168008324294976,-0.6394608825703307,-0.2401872665076062,-0.22819393400152851,-1.940516101754745,-1.202763488187082
1771888715480733952,2.791733980178833,-0.5864375233650208,-1.330366849899292,0.7016260623931885,-0.9019269943237305,0.23034034669399261,0.3653370141983032,-0.06026172637939453,0.07677330076694489,0.08060109615325928,0.5076631114309549,-0.5312135944374499,-0.632835386564029,-0.24415097170610806,-0.2324274163237153,-1.9556595010016058,-1.2396280793476502
1771888715490764800,2.801764965057373,-0.5748139023780823,-1.348924994468689,0.6953391432762146,-0.8953275084495544,0.23438255488872528,0.3787524104118347,-0.05381488800048828,0.15596778690814972,0.14932379126548767,0.4992489295652126,-0.5453899411387342,-0.6260399508568771,-0.24773828739590767,-0.23658338549042213,-1.9709991047759265,-1.2761081057180141
1771888715500795904,2.811795949935913,-0.5734394788742065,-1.4121803045272827,0.6978400945663452,-0.8883255124092102,0.23845762014389038,0.39244839549064636,-0.02933800220489502,0.10542969405651093,0.14064788818359375,0.49078020600123184,-0.5593598298484355,-0.6191451963074213,-0.2508198732399658,-0.240777351674848,-1.9867972116906993,-1.3121307374354356
1771888715510826752,2.821826934814453,-0.5823314785957336,-1.5183802843093872,0.7605197429656982,-0.88071608543396,0.24261602759361267,0.4067881107330322,-0.042684733867645264,0.06359735131263733,0.057750433683395386,0.4820881155306865,-0.5733371780731058,-0.612109908337024,-0.25337120446043043,-0.2450615435321807,-2.003488408842737,-1.348191275301588
1771888715520857856,2.831857919692993,-0.6001104116439819,-1.63560950756073,0.7982301115989685,-0.8722336888313293,0.24704404175281525,0.4221109449863434,-0.048664748668670654,0.07972291111946106,0.057762593030929565,0.4730651350938883,-0.5874965984403776,-0.604899350267033,-0.25525261299375646,-0.24962854611256718,-2.0215156237384933,-1.384596438878451
1771888715530888704,2.841888904571533,-0.5799905061721802,-1.7631571292877197,0.8352211117744446,-0.8628288507461548,0.2516367435455322,0.4384128749370575,-0.053278565406799316,0.09305933117866516,0.05198943614959717,0.4637647269504923,-0.6016650896376954,-0.5976667630207867,-0.25635134277752253,-0.25437104028941915,-2.040911714815292,-1.4208624536762866
1771888715540919808,2.8519198894500732,-0.5295015573501587,-1.8173952102661133,0.8307773470878601,-0.8526695966720581,0.25630927085876465,0.4552580416202545,-0.08563899993896484,0.07794973254203796,0.07100233435630798,0.45437460005513647,-0.6156558877795729,-0.5904209082905689,-0.256738463373653,-0.2592019908648155,-2.0612109079351004,-1.4566369038579152
1771888715550950656,2.8619508743286133,-0.4653255343437195,-1.7922197580337524,0.8202003836631775,-0.8421120643615723,0.26104041934013367,0.47191694378852844,-0.08952873945236206,0.12116178870201111,0.1331247091293335,0.4452074174595861,-0.6292267230683076,-0.5831228004284004,-0.25657751354200703,-0.26409982737234144,-2.0815867059905666,-1.4914826963961598
1771888715560981760,2.8719818592071533,-0.4490841329097748,-1.743589997291565,0.816805899143219,-0.8314635157585144,0.2656967043876648,0.48792803287506104,-0.1041901707649231,0.11505588889122009,0.17671430110931396,0.43635264028922505,-0.6423873499261227,-0.5755888371832386,-0.2561882017185327,-0.2689265197742485,-2.1014759726280823,-1.525750345042332
1771888715571012608,2.8820128440856934,-0.45547839999198914,-1.7611286640167236,0.8645220398902893,-0.8205074071884155,0.2704033851623535,0.5036364197731018,-0.06955301761627197,0.13885262608528137,0.09980285167694092,0.4276549098921113,-0.6553654773659583,-0.5677273223978678,-0.25552508898474446,-0.2738119945176446,-2.12130910933252,-1.559987421496946
1771888715581043712,2.8920438289642334,-0.5162612199783325,-1.7733500003814697,0.9280088543891907,-0.8090077042579651,0.27528953552246094,0.5193480253219604,-0.07281297445297241,0.07729533314704895,0.12414562702178955,0.4189773416902334,-0.6683720787902518,-0.559421834557697,-0.25452704563530326,-0.2788908665185481,-2.141496535285803,-1.5947339453958869
1771888715591074816,2.9020748138427734,-0.5180116891860962,-1.8637605905532837,0.9629657864570618,-0.7967830896377563,0.2800879180431366,0.5354324579238892,-0.07965141534805298,-0.0014623701572418213,0.03747415542602539,0.4101528547613486,-0.6813708896464226,-0.5508629174063829,-0.2530979178275333,-0.28388568988115465,-2.162477175419898,-1.6298422904745131
1771888715601105664,2.9121057987213135,-0.448761910200119,-1.955028772354126,0.9685198068618774,-0.7836310863494873,0.2851279377937317,0.5519278049468994,-0.06663435697555542,0.10223168134689331,0.03500145673751831,0.401344190229645,-0.6942188392103645,-0.5422399089919475,-0.25091611324957724,-0.2891399010689342,-2.1844164245234556,-1.6646202794859395
1771888715611136768,2.9221367835998535,-0.34135207533836365,-2.047344207763672,0.9757092595100403,-0.7695367932319641,0.2905043065547943,0.5687004923820496,-0.08548939228057861,0.0702286958694458,-0.04605656862258911,0.39268980617924715,-0.7067729370339342,-0.5336874213295366,-0.24787986706035708,-0.2947538465936301,-2.2072309546117572,-1.698584726168487
1771888715621167616,2.9321677684783936,-0.2943305969238281,-2.036294460296631,0.9422221183776855,-0.7548626065254211,0.296028196811676,0.5852770209312439,-0.09888166189193726,0.05408468842506409,0.0554240345954895,0.3843246840241957,-0.7188966789852639,-0.5251914718494072,-0.24424547264441082,-0.30053178603264524,-2.2303203138844347,-1.731601452710303
1771888715631198720,2.9421987533569336,-0.3111969232559204,-2.0024263858795166,0.8815396428108215,-0.740074634552002,0.3011702597141266,0.6013200879096985,-0.10451453924179077,0.09003457427024841,0.18441587686538696,0.3761826535563444,-0.7305658211379238,-0.5166561988267916,-0.2404714351749212,-0.3059196601623525,-2.2531205833587675,-1.7640177400676869
1771888715641229824,2.9522299766540527,-0.33488646149635315,-2.0385921001434326,0.8578612208366394,-0.7251400351524353,0.30552035570144653,0.6171134114265442,-0.15140098333358765,0.08634054660797119,0.09080278873443604,0.36801034403034527,-0.7418697889424042,-0.5081199871065831,-0.2366676825618647,-0.31048486405700326,-2.2758860480931533,-1.7961476973544963
1771888715651260928,2.9622609615325928,-0.36901459097862244,-2.0531516075134277,0.8379213213920593,-0.7097142338752747,0.3093481957912445,0.632936954498291,-0.13693487644195557,0.0958489179611206,0.04556030035018921,0.35973046300867945,-0.7529938368760523,-0.49946848348577183,-0.23264876283934544,-0.31450752859021613,-2.2990733729334587,-1.8283812879444459
1771888715661291776,2.972291946411133,-0.3757469654083252,-2.092602252960205,0.8748803734779358,-0.6936992406845093,0.3130541443824768,0.6486743092536926,-0.10576975345611572,0.0907391607761383,0.0454937219619751,0.3515125721604343,-0.7639205935024408,-0.4906755458277177,-0.2282579990180273,-0.3184071251678543,-2.3226658076679287,-1.8605478638878106
1771888715671322880,2.982322931289673,-0.343406081199646,-2.1403696537017822,0.9428644776344299,-0.6769190430641174,0.3168796896934509,0.6643550395965576,-0.10860335826873779,-0.024597615003585815,0.024518191814422607,0.34336940036438457,-0.7747747863045068,-0.4815615656599612,-0.22342753272533217,-0.3224378136296688,-2.3468275303004047,-1.8930587043503058
1771888715681353728,2.992353916168213,-0.2748812735080719,-2.1773786544799805,0.9529885053634644,-0.6593267917633057,0.3211697041988373,0.6798073649406433,-0.11955803632736206,-0.020098567008972168,0.00966101884841919,0.335558345584507,-0.7853505244077121,-0.47236451765702914,-0.21793776503736167,-0.32696437588684246,-2.371487194462122,-1.9250858672750235
1771888715691384832,3.002384901046753,-0.1934407353401184,-2.162566661834717,0.9588325619697571,-0.641227126121521,0.3257945477962494,0.6947557926177979,-0.15316063165664673,0.05878794193267822,0.04137390851974487,0.32815455082423334,-0.7955599620113869,-0.46310068042695696,-0.21198273932594844,-0.3318520002522819,-2.3962399256589837,-1.9565220684005757
1771888715701415680,3.012415885925293,-0.17646574974060059,-2.139253854751587,0.9937897324562073,-0.622881293296814,0.33068451285362244,0.708989679813385,-0.14388805627822876,0.011020779609680176,0.07291632890701294,0.3211873643966417,-0.8054210168751963,-0.4536428329127042,-0.20577598202417238,-0.3370287966450639,-2.4207568261209813,-1.9876341679619658
1771888715711446784,3.022446870803833,-0.2369019240140915,-2.137613534927368,0.9865214228630066,-0.6042901873588562,0.3352372348308563,0.7228066921234131,-0.16127383708953857,-0.024553030729293823,0.10446381568908691,0.31432534210052354,-0.8150389924962447,-0.44397611371429446,-0.19949001162541413,-0.3418570090949939,-2.44526331708811,-2.018880431649137
1771888715721477632,3.032477855682373,-0.27238038182258606,-2.1649539470672607,0.9832627773284912,-0.5851389765739441,0.3392278254032135,0.7365711331367493,-0.14151513576507568,0.06828868389129639,0.04591482877731323,0.3073470458629592,-0.8245010333713548,-0.43414699167846493,-0.193008475774958,-0.3460959181137448,-2.47026997428947,-2.0504497468743543
1771888715731508736,3.042508840560913,-0.20548151433467865,-2.236884593963623,0.9834817051887512,-0.565438985824585,0.34304332733154297,0.7500670552253723,-0.1316589117050171,0.0819445252418518,-0.05821806192398071,0.3005229472317263,-0.833622642079161,-0.4243899223287191,-0.18615207118439678,-0.35015493014582155,-2.4956312856337854,-2.0815333132675464
1771888715741539840,3.052539825439453,-0.17729699611663818,-2.2605197429656982,0.9477759003639221,-0.5450485944747925,0.3470255732536316,0.7632136344909668,-0.10657793283462524,-0.0037944018840789795,-0.030501961708068848,0.29398393077767415,-0.8424064664098214,-0.4146783680442118,-0.17879198908604896,-0.3543977323774362,-2.521433375565863,-2.1120961339474964
1771888715751570688,3.062570810317993,-0.0621456503868103,-2.2719740867614746,0.955920398235321,-0.524117112159729,0.35121187567710876,0.7758554220199585,-0.11037391424179077,0.027709633111953735,-0.025489091873168945,0.287801854303026,-0.850814983469632,-0.4050204632118668,-0.17100418382347823,-0.35886511602307164,-2.547475865015895,-2.1420676757101313
1771888715761601792,3.072601795196533,0.0034580398350954056,-2.241436719894409,0.9353485107421875,-0.5031455755233765,0.35591796040534973,0.7875070571899414,-0.14370512962341309,-0.03876394033432007,-0.02531510591506958,0.28228334204386396,-0.8587227418947447,-0.3954096307295105,-0.16298071619847918,-0.36389616778690426,-2.5730535906703187,-2.1711421568531044
1771888715771632640,3.0826327800750732,-0.009496108628809452,-2.1626789569854736,0.9113894104957581,-0.4823080897331238,0.3604482114315033,0.7984080910682678,-0.13938063383102417,0.03020724654197693,0.09117913246154785,0.2770783898384717,-0.8662445373337399,-0.3857777253330314,-0.15499477929503458,-0.36874836601939137,-2.5981732886152344,-2.1998203034852812
1771888715781663744,3.0926637649536133,-0.036617740988731384,-2.1578922271728516,0.9142816066741943,-0.46158427000045776,0.36462438106536865,0.8086959719657898,-0.167932391166687,0.040328651666641235,0.08235633373260498,0.27204796496776024,-0.8734780245699914,-0.37601082084682963,-0.14711206162598747,-0.37322938383157245,-2.62293861725779,-2.228494089152632
1771888715791694592,3.1026947498321533,-0.03737115114927292,-2.152662515640259,0.9309513568878174,-0.44064271450042725,0.3684588670730591,0.8185790777206421,-0.1286320984363556,0.06701165437698364,0.03824758529663086,0.2671079905127038,-0.8804686701650071,-0.36614813430357934,-0.13915346035918122,-0.3773507163969058,-2.647775011412009,-2.2572096866719713
1771888715801725952,3.1127259731292725,-0.0813504159450531,-2.1979565620422363,0.9502813816070557,-0.4192022383213043,0.37205395102500916,0.828157901763916,-0.10344180464744568,0.030533969402313232,-0.013170719146728516,0.26223951678932295,-0.8872535154377146,-0.3561743410720326,-0.13096384925195062,-0.3812208370341555,-2.6730082126920527,-2.2860663413554674
1771888715811756800,3.1227569580078125,-0.009115632623434067,-2.265997886657715,1.0071215629577637,-0.39680901169776917,0.3756466209888458,0.8375157117843628,-0.06269422173500061,0.02750590443611145,-0.10930514335632324,0.25863797430068514,-0.8904762164551845,-0.35469700981013247,-0.11978578410927838,-0.38509438472654156,-2.6991296501273045,-2.295830291927274
1771888715821787904,3.1327879428863525,0.08710873126983643,-2.284329891204834,1.0162582397460938,-0.37381988763809204,0.37996232509613037,0.8461013436317444,-0.10405489802360535,-0.038699448108673096,-0.08261251449584961,0.25540331537457717,-0.8935123697355123,-0.35310950891375187,-0.10825212166124294,-0.3897555784685277,-2.725566557260487,-2.305608722485606
1771888715831818752,3.1428189277648926,0.12327072769403458,-2.234262466430664,1.0302281379699707,-0.3505275547504425,0.3846304714679718,0.8539262413978577,-0.0668613612651825,0.010328024625778198,-0.03060770034790039,0.25241639261960513,-0.8963429298860859,-0.3514718509719516,-0.0965551468387653,-0.39480745734059897,-2.7520766255533875,-2.31534127688636
1771888715841849856,3.1528499126434326,0.18912111222743988,-2.2498719692230225,1.002556324005127,-0.3273658752441406,0.38943031430244446,0.8609155416488647,-0.10110089182853699,-0.027186661958694458,0.02162224054336548,0.24882437473230753,-0.9022762743713578,-0.3411089322474037,-0.08734211946704142,-0.4000129884052389,-2.7782244291650566,-2.34425438753853
1771888715851880704,3.1628808975219727,0.19748184084892273,-2.2435944080352783,0.9833315014839172,-0.3039757311344147,0.39428946375846863,0.8672572374343872,-0.0922798216342926,0.016965508460998535,0.0016089081764221191,0.24555750958581193,-0.9078401678934727,-0.3308395973437017,-0.07792970787604002,-0.405294561126014,-2.80447033544126,-2.3727553444605363
1771888715861911808,3.1729118824005127,0.22557473182678223,-2.2752671241760254,1.011574625968933,-0.28025737404823303,0.39906370639801025,0.8730427026748657,-0.08963087201118469,0.07020500302314758,-0.010433018207550049,0.24250837288413488,-0.9131016640252303,-0.32057245828328357,-0.0683244573999867,-0.4104955073089388,-2.830971796056675,-2.4011511327022563
1771888715871942656,3.1829428672790527,0.24929097294807434,-2.3116226196289062,1.064730167388916,-0.2559254765510559,0.403903603553772,0.8782734870910645,-0.08312484622001648,-0.055194467306137085,-0.0685657262802124,0.24022423653579558,-0.9151987460131651,-0.3186659831164611,-0.05617517847186964,-0.4157800051784288,-2.8580478998305523,-2.411268102412619
1771888715881973760,3.1929738521575928,0.26717355847358704,-2.313020706176758,1.1068826913833618,-0.23099204897880554,0.40881526470184326,0.8828999996185303,-0.04464265704154968,-0.05725282430648804,-0.0553702712059021,0.23797357628749344,-0.9172072441730388,-0.3165136338861283,-0.04380050873718063,-0.4211555054063003,-2.885699559139834,-2.4220323565262625
1771888715892004608,3.203004837036133,0.29479560256004333,-2.3005571365356445,1.1337358951568604,-0.2058488130569458,0.4137793481349945,0.8867990374565125,-0.08803543448448181,-0.024466663599014282,-0.020054221153259277,0.2358291690127145,-0.9190900156622062,-0.31412270267184406,-0.031384421503956476,-0.42660157665364123,-2.9135063516491106,-2.4333261511458306
1771888715902035712,3.213035821914673,0.3353672921657562,-2.252748727798462,1.1053797006607056,-0.18090768158435822,0.41878530383110046,0.8898826241493225,-0.12254384160041809,-0.04360222816467285,-0.003789544105529785,0.23386909702241995,-0.9207628317108368,-0.31166830019827996,-0.0190757705787109,-0.43210727701894747,-2.941031923793545,-2.444665394929957
1771888715912066816,3.223066806793213,0.32001549005508423,-2.2072362899780273,1.06107497215271,-0.15638068318367004,0.4236062169075012,0.8922458291053772,-0.14446157217025757,-0.010688215494155884,0.06585341691970825,0.23200947395783678,-0.9222037038539131,-0.30929474549982655,-0.006973548143923057,-0.4374226914874474,-2.9680885441317897,-2.4557415279216044
1771888715922097664,3.233097791671753,0.29005733132362366,-2.2120144367218018,1.024385690689087,-0.13216155767440796,0.4278509020805359,0.8941344022750854,-0.17031337320804596,-0.0021765828132629395,0.12277209758758545,0.2300184152538545,-0.9234742936957477,-0.30702185218358374,0.004916113224634859,-0.4421137107988609,-2.9948456938909156,-2.4666221803605075
1771888715932128768,3.243128776550293,0.2670566737651825,-2.276360273361206,0.9643146395683289,-0.10775082558393478,0.4314660429954529,0.8956713080406189,-0.1479864865541458,0.02143007516860962,0.010975480079650879,0.2277719054560961,-0.9245650121569083,-0.30498392156469056,0.016863451354885026,-0.446117226640417,-3.0218662740518685,-2.4771478907751243
1771888715942159616,3.253159761428833,0.34692689776420593,-2.3600926399230957,0.9669517278671265,-0.08278832584619522,0.4351454973220825,0.8965460658073425,-0.13016334176063538,0.07767197489738464,-0.1040349006652832,0.22555994566033427,-0.9254154984380704,-0.30311578444354864,0.029150815439196228,-0.450199854312403,-3.049512371100032,-2.4874288073603386
1771888715952190720,3.263190746307373,0.3892226815223694,-2.41890287399292,0.9889332056045532,-0.05703063681721687,0.43914222717285156,0.896605372428894,-0.14585019648075104,-0.08194932341575623,-0.09956276416778564,0.22347510306108911,-0.9260409172285891,-0.30124892472772274,0.04190561626281433,-0.4546436855277279,-3.0780709393727275,-2.4978723631642668
1771888715962221824,3.273221969604492,0.35516032576560974,-2.4043478965759277,1.0506417751312256,-0.03069336526095867,0.4429646134376526,0.896013617515564,-0.14728516340255737,-0.08381849527359009,0.007718682289123535,0.22131791072675439,-0.9265784358264428,-0.2990973213585258,0.05487815113427485,-0.4589027241018554,-3.107350574948313,-2.509116913334887
1771888715972252928,3.2832529544830322,0.3179866075515747,-2.338353157043457,1.089898943901062,-0.004677929449826479,0.44612687826156616,0.8949576020240784,-0.1900394856929779,-0.11107432842254639,0.0887765884399414,0.21899517925851059,-0.9270882388527485,-0.2966246825857364,0.06754525425133613,-0.4624330030706534,-3.136365716800988,-2.5210414677513877
1771888715982283776,3.2932839393615723,0.29428917169570923,-2.2658557891845703,1.0873242616653442,0.02087872289121151,0.4487583637237549,0.8934093117713928,-0.17955486476421356,-0.09469336271286011,0.09824419021606445,0.21659109964211243,-0.9275213870125432,-0.2939536251821412,0.07989799616831812,-0.4653754616455332,3.118227189863409,-2.5333100316274333
1771888715992313856,3.303313970565796,0.25122132897377014,-2.212862968444824,1.076900601387024,0.045803748071193695,0.4509338438510895,0.8913812637329102,-0.2095458209514618,-0.017538487911224365,0.10443776845932007,0.21415831269948385,-0.9278384744796208,-0.29121535800386333,0.09189968594285046,-0.4678113196277359,3.0902526687872074,-2.5455731985383907
1771888716002344960,3.313344955444336,0.29697781801223755,-2.2721023559570312,1.0184739828109741,0.07058223336935043,0.45268526673316956,0.8888720870018005,-0.18111690878868103,0.058773964643478394,0.034909963607788086,0.21161647397726435,-0.9279851712560511,-0.288582015271102,0.10383767751361843,-0.4697745526512886,3.0623524110647637,-2.5575709967268034
1771888716012375808,3.323375940322876,0.3363611698150635,-2.3748152256011963,0.9836886525154114,0.09585889428853989,0.4546298384666443,0.8855068683624268,-0.13702711462974548,0.014623582363128662,-0.19394820928573608,0.20916068496282758,-0.9278107217299681,-0.2862179372342848,0.11618208742468251,-0.47195658548064284,3.033759437164341,-2.5690954594353013
1771888716022407680,3.3334078788757324,0.27744653820991516,-2.37975811958313,0.9902554750442505,0.12142946571111679,0.4563421905040741,0.8814799189567566,-0.1484222710132599,-0.019589871168136597,-0.07010900974273682,0.20661939780018138,-0.9274319912322729,-0.28391873791284195,0.1287187120184661,-0.4738800392061953,3.0046978926991224,-2.5805480680516593
1771888716032437760,3.343437910079956,0.21822156012058258,-2.3219077587127686,1.0289506912231445,0.14687946438789368,0.4570270776748657,0.877241313457489,-0.15180806815624237,-0.0753437876701355,0.04428255558013916,0.20366662619040443,-0.9270284649512248,-0.2814940260753133,0.1410643543184515,-0.474649886472936,2.9756980924284813,-2.5921988741082327
1771888716042468864,3.353468894958496,0.27772057056427,-2.2359063625335693,1.071722388267517,0.17169226706027985,0.4576113224029541,0.8724184036254883,-0.17689551413059235,-0.10375994443893433,0.05691826343536377,0.20088737640266752,-0.926558367904261,-0.27874502861561457,0.15308532984526335,-0.4753068538302025,2.947275536916028,-2.6043492691811885
1771888716052499712,3.363499879837036,0.2607000470161438,-2.098501443862915,1.0517158508300781,0.19547989964485168,0.45809534192085266,0.8671428561210632,-0.1910700798034668,-0.021266669034957886,0.1027212142944336,0.19832810801611295,-0.9260309686866741,-0.2757499960501216,0.1646045620893867,-0.4758513206970722,2.919869094019918,-2.616742465288074
1771888716062530816,3.373530864715576,0.22633302211761475,-2.041879653930664,0.9765556454658508,0.21806617081165314,0.4580814242362976,0.8617476224899292,-0.21744051575660706,4.857778549194336e-05,0.09528380632400513,0.19574272456615588,-0.9254325133053917,-0.27285245098328503,0.17553086320397324,-0.475835639579099,2.8937444402873282,-2.6285616461246626
1771888716072561664,3.383561849594116,0.23470333218574524,-2.0865910053253174,0.8839135766029358,0.2400745153427124,0.4580404460430145,0.8558991551399231,-0.1929706484079361,0.10374242067337036,-0.06183171272277832,0.19321691932776955,-0.924584444463182,-0.2703575044658721,0.18632684588918666,-0.47578954161899006,2.8681259859899795,-2.6393387008930156
1771888716082592768,3.3935928344726562,0.3218531608581543,-2.1613874435424805,0.8423301577568054,0.2621719539165497,0.4582175612449646,0.849295437335968,-0.16720125079154968,0.0696297287940979,-0.16051363945007324,0.19079462659100457,-0.9234411182654252,-0.26814960508524815,0.197356897191718,-0.47598879849126374,2.8421794148782067,-2.6495254929789422
1771888716092623616,3.4036238193511963,0.26600852608680725,-2.2328131198883057,0.8736180663108826,0.2847750782966614,0.45856502652168274,0.8417963981628418,-0.13638338446617126,-0.03846007585525513,-0.16769367456436157,0.18844228462924303,-0.9220392118916182,-0.2659734606840645,0.2087852429367801,-0.4763797559843421,2.815383732503999,-2.659786586999992
1771888716102654720,3.4136548042297363,0.182993084192276,-2.146381378173828,0.9237627387046814,0.30731379985809326,0.4576915204524994,0.8343119621276855,-0.13878047466278076,-0.07800716161727905,0.0752185583114624,0.18555007318432096,-0.9206724794268109,-0.26366299304710633,0.22003436235253915,-0.4753970771952994,2.788670134696708,-2.6701116008106527
1771888716112685568,3.4236857891082764,0.11767053604125977,-2.045708656311035,0.9906778335571289,0.32922446727752686,0.45592713356018066,0.8268870115280151,-0.1588447391986847,-0.10572254657745361,0.01948767900466919,0.1824207691660912,-0.9194165851302871,-0.2609916427321404,0.23082304252880367,-0.4734136371607356,2.7626827263060942,-2.6808592951291934
1771888716122716672,3.4337167739868164,0.09820354729890823,-1.8781920671463013,1.002773404121399,0.34995120763778687,0.453179270029068,0.8198555707931519,-0.1636565625667572,-0.039726972579956055,0.15551692247390747,0.17905314216279275,-0.9183259188908135,-0.2580800071053134,0.2408574436095253,-0.4703286379929661,2.7381603701313013,-2.691575544597733
1771888716132747776,3.4437477588653564,0.044649507850408554,-1.7913097143173218,0.9872103929519653,0.3693518042564392,0.4503147602081299,0.8128934502601624,-0.1808447241783142,0.06978106498718262,0.13736283779144287,0.17591044356328422,-0.9173029053901347,-0.2549551304528258,0.25021742114514245,-0.46711782542374497,2.7151132472301067,-2.7023328504592365
1771888716142778624,3.4537787437438965,0.13193266093730927,-1.9165527820587158,0.8615422248840332,0.38862720131874084,0.44741708040237427,0.8054730892181396,-0.16223254799842834,0.07122915983200073,-0.07413458824157715,0.17268467382591388,-0.9160073114003067,-0.2523235180184844,0.25969881226950653,-0.46387512839603956,2.692056457343639,-2.7118999323104025
1771888716152809984,3.4638099670410156,0.3271344006061554,-2.0789434909820557,0.8223636746406555,0.40846624970436096,0.4458482563495636,0.7964766621589661,-0.08853515982627869,0.13503864407539368,-0.29453861713409424,0.17009110150571335,-0.9142349013207092,-0.24982567131613687,0.2698718285906636,-0.46212170381234546,2.667724733621676,-2.7215888070698893
1771888716162840832,3.4738409519195557,0.3240385353565216,-2.1064693927764893,0.7978002429008484,0.4286453425884247,0.4451262652873993,0.786209762096405,-0.10250398516654968,0.05299690365791321,-0.2263343334197998,0.16790192954221225,-0.9120658202588235,-0.24746885507588384,0.2805424350304247,-0.46131524652936684,2.642438446096969,-2.731267881214339
1771888716172871936,3.4838719367980957,0.29170456528663635,-2.0342519283294678,0.8358981013298035,0.4485665559768677,0.4439690411090851,0.7756799459457397,-0.08601775765419006,0.01597660779953003,0.02851921319961548,0.1655846227889865,-0.9098347567594306,-0.2450320326984986,0.29110430227126133,-0.4600233702579091,2.617290734006345,-2.740941512927177
1771888716182902784,3.4939029216766357,0.207351952791214,-1.9006452560424805,0.8994650840759277,0.4676607549190521,0.44175469875335693,0.7656018137931824,-0.0987032949924469,-0.11871090531349182,0.06533080339431763,0.1629357199538801,-0.9077817505940262,-0.24234930904138283,0.3010830988522015,-0.4575536337669032,2.593240125770106,-2.7506216719028966
1771888716192933888,3.503933906555176,0.1364905685186386,-1.7794638872146606,0.9257888197898865,0.4857703149318695,0.43866074085235596,0.7560449838638306,-0.1136084496974945,0.001326441764831543,0.10387933254241943,0.16006235472068892,-0.9059190825025482,-0.2394433024898102,0.3104151558122085,-0.4541078363348209,2.5704972282699274,-2.7602355603722266
1771888716202964736,3.513964891433716,-0.01687217876315117,-1.6627081632614136,0.9393573999404907,0.5028056502342224,0.43448618054389954,0.7472671270370483,-0.10670280456542969,0.045478999614715576,0.030046045780181885,0.1568247494255794,-0.9042837253276979,-0.23644135496719346,0.3190178819997372,-0.4494677147742553,2.5493150868811085,-2.769375373036895
1771888716212995840,3.523995876312256,-0.017749423161149025,-1.668618083000183,0.8877924680709839,0.519067108631134,0.4292723834514618,0.7391172051429749,-0.06775802373886108,0.04558101296424866,0.05948197841644287,0.15308360695078024,-0.902747694565562,-0.23367754429558493,0.32711882087042904,-0.4436870113146795,2.529338216741024,-2.777347534789153
1771888716223026688,3.534026861190796,0.21730543673038483,-1.8282209634780884,0.801781415939331,0.5355839729309082,0.4256717562675476,0.7293514013290405,-0.0519871711730957,0.1371791958808899,-0.21511495113372803,0.1501691358239847,-0.9007299982502223,-0.23100037317039032,0.3358177532038622,-0.4397041144824102,2.508196558382455,-2.785705921113499
1771888716233057792,3.544057846069336,0.37615686655044556,-1.882961392402649,0.7585830688476562,0.5524591207504272,0.42366281151771545,0.7178434729576111,-0.04537898302078247,0.14356747269630432,-0.27260714769363403,0.14805445786424956,-0.8981893438571725,-0.22842424324519914,0.34519311401910885,-0.4374851705238931,2.4856591774855583,-2.7945081203299966
1771888716243088640,3.554088830947876,0.42835739254951477,-1.8946573734283447,0.8063703179359436,0.5693199038505554,0.4222589433193207,0.705388069152832,-0.03066939115524292,0.012265592813491821,-0.02237415313720703,0.146411362149089,-0.8954405160342267,-0.2255666363639744,0.35478122561258196,-0.43593588941873007,2.4625363519165253,-2.8041925058799
1771888716253119744,3.564119815826416,0.3020727038383484,-1.8237522840499878,0.8590814471244812,0.5858891010284424,0.4199928045272827,0.693065881729126,-0.04127234220504761,-0.08048465847969055,0.0805853009223938,0.14444343171924787,-0.8927484770326481,-0.22256034445311165,0.36414729080977676,-0.4334373867613267,2.439799424953727,-2.813798494496353
1771888716263150592,3.574150800704956,0.05665796622633934,-1.7052534818649292,0.9199717044830322,0.6017895936965942,0.4158449172973633,0.6818518042564392,-0.06861710548400879,-0.03484827280044556,0.08432233333587646,0.1416077100317807,-0.8903637873970466,-0.21949542443967696,0.3728555131228929,-0.42887165715108594,2.4184849762931853,-2.822536381790365
1771888716273181696,3.584181785583496,-0.12239247560501099,-1.56533944606781,0.9813306927680969,0.6168156266212463,0.4097277522087097,0.6720582842826843,-0.07877534627914429,-0.040663301944732666,0.09504705667495728,0.1378332775410393,-0.8883539456899294,-0.21646338477440777,0.3807532697626952,-0.42215559591344765,2.399029437554593,-2.830033365176273
1771888716283212544,3.594212770462036,-0.132011279463768,-1.5311082601547241,0.9976228475570679,0.6311572194099426,0.40251997113227844,0.663037121295929,-0.0549396276473999,0.01018446683883667,0.045520007610321045,0.13359755081573005,-0.8865581035639567,-0.21338528007683003,0.3881148419858273,-0.41426801510007333,2.380822505096296,-2.836864314366493
1771888716293243648,3.604243755340576,0.08160538971424103,-1.6219249963760376,0.9716258645057678,0.6454734802246094,0.3960229456424713,0.653092622756958,-0.037044525146484375,0.035617679357528687,-0.03416562080383301,0.1298902346367215,-0.884548388218125,-0.21004871535002503,0.39570477875509164,-0.407181623228165,2.362061766109352,-2.8445079803786664
1771888716303274752,3.6142749786376953,0.5209247469902039,-1.7628201246261597,0.9094420671463013,0.6601670384407043,0.3917941153049469,0.6408406496047974,-0.02129685878753662,0.08467680215835571,-0.33963221311569214,0.1275751265152427,-0.8819561719671379,-0.20633380784586636,0.40410916725605156,-0.40258078907890954,2.3413406619440744,-2.8541380530713973
1771888716313305856,3.6243059635162354,0.5969039797782898,-1.7764517068862915,0.8941182494163513,0.6750555634498596,0.38946333527565,0.6265925765037537,0.0009393095970153809,0.1553211808204651,-0.16979026794433594,0.12645184003935125,-0.8788376497379474,-0.20233803895454525,0.4131750482698623,-0.4000488480029585,2.3189796909962346,-2.865413615394657
1771888716323336960,3.6343369483947754,0.4274930953979492,-1.6901098489761353,0.9284498691558838,0.689349889755249,0.38648858666419983,0.6127182841300964,-0.04732102155685425,-0.022306978702545166,0.13661044836044312,0.12510841558364827,-0.8757983819199087,-0.19833390062903417,0.4218872642158285,-0.39682128487370616,2.297408544898514,-2.8762777729541606
1771888716333367808,3.6443679332733154,0.08599810302257538,-1.5931118726730347,0.9764384627342224,0.7029955983161926,0.38143450021743774,0.6002537608146667,-0.03708690404891968,-0.1829177439212799,0.07233834266662598,0.12260685920117555,-0.8730693566417647,-0.19461955373563816,0.42993091178965515,-0.3913476332817849,2.2775220376821723,-2.885213744976156
1771888716343398912,3.6543989181518555,-0.1322995275259018,-1.4672890901565552,1.0054413080215454,0.7158956527709961,0.37427186965942383,0.5894186496734619,-0.05734151601791382,-0.04413267970085144,0.09220677614212036,0.1188775236357254,-0.8707025775889883,-0.19127556001952284,0.4372172482863229,-0.383611462273353,2.2596021112822906,-2.8919096293433024
1771888716353429760,3.6644299030303955,-0.3120405375957489,-1.438468337059021,0.9959404468536377,0.7280988097190857,0.3655032217502594,0.5798963904380798,-0.05411803722381592,-0.05787074565887451,0.057585299015045166,0.11418224790610776,-0.8686188111379803,-0.18828055891676912,0.4438629284594688,-0.37417336876032176,2.243370681389574,-2.8966462300810583
1771888716363460864,3.6744608879089355,-0.2991316616535187,-1.427441954612732,0.9699949026107788,0.7399450540542603,0.3564106225967407,0.5704845190048218,-0.06439274549484253,0.04245409369468689,0.026134073734283447,0.1092410118926238,-0.8665028348862521,-0.18551309106487282,0.4503599339775141,-0.36442340049280647,2.227591432945978,-2.900482744034008
1771888716373491712,3.6844918727874756,0.19853165745735168,-1.569229245185852,0.9167490005493164,0.7517314553260803,0.34904441237449646,0.5595243573188782,-0.06882447004318237,0.11450228095054626,-0.07916247844696045,0.10546570498518569,-0.8640026543821663,-0.1823775675093865,0.45729061707291624,-0.35655117351836085,2.210648521566435,-2.9060506732172295
1771888716383522816,3.6945228576660156,0.5104894638061523,-1.658935308456421,0.878747820854187,0.7637811303138733,0.34440869092941284,0.54591304063797,-0.05104309320449829,0.07996875047683716,-0.28364503383636475,0.10362108669299637,-0.8608766698621093,-0.17845978090972303,0.4650872367886485,-0.3516088628111509,2.1913536279845656,-2.9150392447533813
1771888716393553664,3.7045538425445557,0.5625194311141968,-1.6882487535476685,0.8992459177970886,0.775873601436615,0.34056058526039124,0.531072735786438,-0.03438812494277954,0.01461818814277649,-0.11629319190979004,0.10243984456328495,-0.8574307851924685,-0.1742091262419495,0.4732542506633169,-0.3475130449121876,2.171032495056576,-2.925296619478986
1771888716403584768,3.7145848274230957,0.3688099980354309,-1.5927627086639404,0.9440568089485168,0.7876609563827515,0.33585125207901,0.5165215730667114,-0.061434030532836914,-0.18605566024780273,0.10240548849105835,0.10085159530046914,-0.8540309308360211,-0.16997634780566165,0.4812154255602624,-0.34250882297673446,2.1512145784238146,-2.9349393393899357
1771888716413615616,3.7246158123016357,0.14633671939373016,-1.4526151418685913,1.0063824653625488,0.7987242341041565,0.3294162154197693,0.5035123229026794,-0.1041441559791565,-0.08266633749008179,0.12209796905517578,0.09829989942498864,-0.8510108825659557,-0.1659417134526204,0.4884475518909839,-0.33568521390367456,2.1332663009453565,-2.9428599592533704
1771888716423646464,3.7346465587615967,-0.0637185126543045,-1.308146357536316,1.0458630323410034,0.8089232444763184,0.32118871808052063,0.4924236834049225,-0.11657100915908813,-0.09329870343208313,0.0699390172958374,0.09469719425645877,-0.848474572494219,-0.16218118494382008,0.49479354250251945,-0.3269844579156517,2.1176172739352466,-2.9487424956799324
1771888716433677312,3.7446775436401367,-0.10027918219566345,-1.2765055894851685,1.0598052740097046,0.8185810446739197,0.31212317943573,0.4821869432926178,-0.07746165990829468,-0.08772742748260498,0.01030576229095459,0.09066423364621988,-0.8461557659461079,-0.15847360806216304,0.5006860604282085,-0.31742704402001265,2.1031270637818853,-2.9537635368221573
1771888716443708416,3.7547085285186768,0.1349755823612213,-1.319926381111145,1.026143193244934,0.8279911279678345,0.30338114500045776,0.4715833067893982,-0.07045316696166992,0.050378650426864624,-0.05759710073471069,0.08688223228533405,-0.8437128532704236,-0.15472645697592083,0.5066161285685794,-0.30823904676250435,2.0885260247336985,-2.9589618590975926
1771888716453739520,3.764739513397217,0.47877052426338196,-1.391573429107666,0.9850425720214844,0.8374048471450806,0.2965626120567322,0.4591332972049713,-0.05484277009963989,0.08731791377067566,-0.1774408519268036,0.0847251963393849,-0.8408454359046585,-0.1501519482388173,0.5130836958890064,-0.3010913347624307,2.072318933670359,-2.9673461346800085
1771888716463770368,3.774770498275757,0.5203314423561096,-1.4106937646865845,0.9302677512168884,0.846564531326294,0.2907949388027191,0.445832759141922,-0.054053544998168945,0.047995954751968384,-0.1947035789489746,0.08333009583837943,-0.8377138726995244,-0.14543672265190255,0.5197496838386177,-0.2950575732263655,2.0555262572061883,-2.9767061289163137
1771888716473801728,3.784801721572876,0.519716739654541,-1.3830770254135132,0.9737840890884399,0.8554572463035583,0.284975528717041,0.43241414427757263,-0.06857675313949585,-0.028643131256103516,0.05417335033416748,0.0820402488191592,-0.8345239193885812,-0.1406303894629704,0.5263671601877784,-0.28898090731263976,2.038816101105415,-2.9861982090761376
1771888716483832576,3.794832706451416,0.19085100293159485,-1.2669250965118408,1.0210176706314087,0.8639855980873108,0.2777884602546692,0.4199552834033966,-0.07609808444976807,-0.16696390509605408,0.0839967429637909,0.07986611299181483,-0.8315379791056244,-0.13609641008815782,0.5325821490859921,-0.2814911821869334,2.0232359155886668,-2.9940014764416603
1771888716493863680,3.804863691329956,-0.042917005717754364,-1.1571530103683472,1.0386775732040405,0.8718101978302002,0.269104927778244,0.4093034267425537,-0.08863770961761475,-0.1156625747680664,0.053266704082489014,0.0766099149703963,-0.8289849763834037,-0.13204402851423597,0.5380326618185322,-0.27246356527355586,2.009736824046982,-2.999398422312203
1771888716503894528,3.814894676208496,-0.10394857823848724,-1.0968260765075684,1.0126614570617676,0.8790679574012756,0.25978511571884155,0.39968904852867126,-0.08182674646377563,-0.032917410135269165,0.016234993934631348,0.07277450610401348,-0.8266515423790307,-0.12842020191141082,0.5430095732072178,-0.2627996696121799,1.997530058530468,-3.0031288610604077
1771888716513925632,3.824925661087036,-0.053470756858587265,-1.065834641456604,0.9818883538246155,0.8859230279922485,0.2506953179836273,0.3902462124824524,-0.08961266279220581,0.08147323131561279,0.010037511587142944,0.06905713193882737,-0.8243322492387963,-0.12489777029339398,0.5478210831509316,-0.2533984301242887,1.985719316981379,-3.006634017131686
1771888716523956480,3.834956645965576,0.1144273430109024,-1.1143903732299805,0.9324874877929688,0.8924810290336609,0.24229775369167328,0.3804856538772583,-0.061929941177368164,0.06789815425872803,-0.09462752938270569,0.06586381474201425,-0.8219115286204773,-0.12126113328216494,0.552647356472017,-0.2447334713792255,1.973787467903477,-3.010800906706619
1771888716533987584,3.844987630844116,0.4072999656200409,-1.1319770812988281,0.8720744848251343,0.898888111114502,0.23524411022663116,0.36967599391937256,-0.04621171951293945,0.05583256483078003,-0.20817697048187256,0.06378517065846433,-0.8192083692192285,-0.11719915229949268,0.5577575041707327,-0.237469713364425,1.9609710598427643,-3.0169121958057112
1771888716544018432,3.8550186157226562,0.5626277327537537,-1.217240333557129,0.8667106032371521,0.9051684141159058,0.22918957471847534,0.35797014832496643,-0.03685164451599121,0.055707305669784546,-0.19190868735313416,0.06270733002042432,-0.8162750990883412,-0.1126056380055106,0.5631010866282739,-0.2312450175638361,1.9473944892418322,-3.0250196706683465
1771888716554049536,3.8650496006011963,0.38973748683929443,-1.1365305185317993,0.9012851119041443,0.9113894701004028,0.22285877168178558,0.3459819555282593,-0.01722431182861328,-0.10557965934276581,0.01186719536781311,0.06154997768164271,-0.8132260522865583,-0.10795538017593638,0.5685250502960582,-0.22474600963326702,1.9336115163059506,-3.0330566174661184
1771888716564080384,3.8750805854797363,0.27858078479766846,-1.0058026313781738,0.9053309559822083,0.9170642495155334,0.21563008427619934,0.3354059159755707,-0.1031145453453064,-0.08014725148677826,0.01928463578224182,0.05969940912545577,-0.8105307203930957,-0.10364798749481305,0.5733525437796448,-0.21733704843587137,1.9214229027746101,-3.0394544280466413
1771888716574111488,3.8851115703582764,0.15736353397369385,-0.8942574262619019,0.8671753406524658,0.9220900535583496,0.208166241645813,0.3262160122394562,-0.11042928695678711,0.017038241028785706,0.02467513084411621,0.05754831545977447,-0.8081901813862991,-0.09968269055525386,0.5775640542505707,-0.2096997583214827,1.9108336857152388,-3.044671646230443
1771888716584142336,3.8951425552368164,0.12635307013988495,-0.835062563419342,0.8324751257896423,0.926618218421936,0.2007581740617752,0.3179231584072113,-0.11831426620483398,0.031770557165145874,-0.016623109579086304,0.0552384738804382,-0.8060592871290593,-0.09607293007240457,0.5813666885128245,-0.2021317882306368,1.9013114239204851,-3.0489227713880727
1771888716594173440,3.9051735401153564,0.19789062440395355,-0.8502755761146545,0.7880362868309021,0.9308871030807495,0.1937486082315445,0.30969512462615967,-0.08052992820739746,0.04662314057350159,-0.05690273642539978,0.053114264173823415,-0.8039117896087147,-0.09259264735108494,0.585090972914256,-0.19498172937720004,1.8919661295744206,-3.053082906745448
1771888716604204544,3.9152045249938965,0.4006161391735077,-0.8493959307670593,0.7202873229980469,0.9349035024642944,0.18758703768253326,0.3012748658657074,-0.09321343898773193,0.03896018862724304,-0.21779406070709229,0.051681594688300705,-0.8017041689997811,-0.08892613254872322,0.588805213822455,-0.1887049993249152,1.8825410795071984,-3.0582952559687593
1771888716614235392,3.9252355098724365,0.5416398048400879,-0.8304219841957092,0.6646658778190613,0.9387161135673523,0.18259836733341217,0.2923528254032135,-0.08584123849868774,0.08468988537788391,-0.13367661833763123,0.051247371841752064,-0.7993511956174353,-0.08493572930963095,0.5926191050850603,-0.18362860558944585,1.872714314045424,-3.065188456219521
1771888716624266496,3.9352664947509766,0.5475389957427979,-0.7995933890342712,0.6410220861434937,0.9422054290771484,0.17808891832828522,0.28378403186798096,-0.13252830505371094,0.0009577125310897827,-0.05603134632110596,0.05117658577470013,-0.7970837144432344,-0.08092937143003814,0.5962289569599324,-0.17904397805514233,1.8633456507312909,-3.072444018854904
1771888716634297600,3.9452977180480957,0.40924158692359924,-0.7264882922172546,0.6482046246528625,0.9454985857009888,0.17334827780723572,0.2756498456001282,-0.11633598804473877,-0.09699328243732452,0.02346813678741455,0.05082794662341354,-0.7949031245524127,-0.07716185099241404,0.5996595926186876,-0.17422840466279843,1.8544729087422174,-3.078889448742433
1771888716644328704,3.9553287029266357,0.228944331407547,-0.6625216603279114,0.6243498921394348,0.9484989047050476,0.168181374669075,0.2684493362903595,-0.12011450529098511,-0.06426900625228882,0.06986856460571289,0.04994457480364463,-0.7929545102861663,-0.07380927356949263,0.6027279355154552,-0.16898447280890874,1.8466083130945994,-3.0838903858163595
1771888716654359552,3.965359687805176,0.21482612192630768,-0.5514052510261536,0.5734792947769165,0.9510798454284668,0.16309480369091034,0.2623879015445709,-0.1646571159362793,-0.021523743867874146,0.003618597984313965,0.04878844595323169,-0.7913038372959249,-0.07093789529031186,0.6053311516635806,-0.163826650497394,1.8399843840827035,-3.0876439690140316
1771888716664390656,3.975390672683716,0.256917268037796,-0.5047421455383301,0.5160761475563049,0.9533262848854065,0.15852090716362,0.25698336958885193,-0.12875646352767944,0.023714840412139893,-0.0032449662685394287,0.04789577083607154,-0.7898370958900279,-0.06818390465685226,0.6076301859147268,-0.15919244093706816,1.8341026411610009,-3.091435172041352
1771888716674421504,3.985421657562256,0.4581545293331146,-0.5081923007965088,0.47876235842704773,0.9553504586219788,0.15472978353500366,0.25172242522239685,-0.10633617639541626,-0.004873216152191162,-0.08805668354034424,0.04762525488241378,-0.7884148905125955,-0.06529297075535324,0.6098119472450387,-0.1553539411010614,1.8284278060783385,-3.09615904478018
1771888716684452608,3.995452642440796,0.5836442708969116,-0.48431479930877686,0.44817328453063965,0.9573090076446533,0.15164554119110107,0.24609637260437012,-0.07109367847442627,0.00611509382724762,-0.06148025393486023,0.04812685490003656,-0.78689484943548,-0.06200547627482658,0.6120749397599986,-0.15223285927966831,1.8224188871524507,-3.1024611369974373
1771888716694483456,4.005483627319336,0.7158007621765137,-0.5079378485679626,0.41886571049690247,0.9591550230979919,0.14910325407981873,0.2403947114944458,-0.0769835114479065,-0.008813977241516113,-0.01854720711708069,0.04922881638132812,-0.7853560964365461,-0.05842224445853964,0.6143118812382248,-0.14966133315615746,1.816369495568208,-3.109952910032052
1771888716704514560,4.015514612197876,0.6145858764648438,-0.49075403809547424,0.41434207558631897,0.9609328508377075,0.14682646095752716,0.23462823033332825,-0.06434154510498047,-0.04314295947551727,-0.0015501677989959717,0.05057241292090783,-0.783781259449567,-0.05478187765658213,0.6165455803636803,-0.14735920032645378,1.8102777602436813,-3.1178191717051136
1771888716714545408,4.025545597076416,0.32982388138771057,-0.46422362327575684,0.39006656408309937,0.9626373648643494,0.14403603971004486,0.22931043803691864,-0.038778603076934814,-0.14345617592334747,0.03790155053138733,0.05096278124301364,-0.7822752093997046,-0.051968419621085775,0.6186660747519966,-0.14453878267662898,1.8046486951036504,-3.123149987120953
1771888716724576512,4.035576581954956,0.3784446120262146,-0.4554447829723358,0.37237703800201416,0.9641968607902527,0.1412191092967987,0.22445860505104065,-0.027932822704315186,-0.0710439383983612,-0.02327144145965576,0.05108264635899687,-0.7808835483341626,-0.049499326954936536,0.6206136312931643,-0.14169275842703774,1.7995160842838236,-3.127550222189748
1771888716734607360,4.045607566833496,0.36910727620124817,-0.3814246356487274,0.3696771264076233,0.9656233787536621,0.13849538564682007,0.21997836232185364,-0.008363306522369385,-0.06206412613391876,-0.016853347420692444,0.05120286786550092,-0.7795951004212899,-0.0471238985635563,0.622405854946232,-0.13894200238568535,1.7947834660813302,-3.131760553454972
1771888716744638464,4.055638551712036,0.4244621694087982,-0.3711564242839813,0.338278204202652,0.9669313430786133,0.13590458035469055,0.21580985188484192,0.00047588348388671875,-0.03331972658634186,-0.04622364044189453,0.05157189357690442,-0.7784081382918457,-0.04456119255647139,0.624047649657759,-0.13632645505436114,1.7903877680952074,-3.1365387908633555
1771888716754669312,4.065669536590576,0.5055034756660461,-0.30175817012786865,0.3097600042819977,0.9680517911911011,0.13377158343791962,0.21208763122558594,-0.026859045028686523,-0.06826557219028473,-0.10611531138420105,0.05226335840969521,-0.7773553677409156,-0.041981521000017404,0.6254796882724822,-0.13417379923707903,1.7864756812963494,3.141481437161545
1771888716764700416,4.075700521469116,0.5956242680549622,-0.2762298882007599,0.26267051696777344,0.9690265655517578,0.13233870267868042,0.20850390195846558,-0.0004292726516723633,-0.028762057423591614,-0.04561629891395569,0.058343062899788654,-0.7766228164926008,-0.03330087893180685,0.626373762600919,-0.13272806415383515,1.782733441493799,3.1200367199036974
1771888716774731520,4.085731506347656,0.49454212188720703,-0.22208543121814728,0.2179022580385208,0.9698551893234253,0.13115617632865906,0.20537450909614563,-0.024664878845214844,-0.07228778302669525,-0.06619909405708313,0.06443771608785628,-0.7759316646240174,-0.024845610497767324,0.6270250641571292,-0.1315351340023009,1.7794715767905054,3.098960440636763
1771888716784762624,4.095762729644775,0.36859241127967834,-0.21277742087841034,0.20307058095932007,0.9705660343170166,0.12999579310417175,0.20273832976818085,-0.0046389102935791016,-0.12074896693229675,-0.06479883193969727,0.07004319395923558,-0.7752926603654262,-0.01704279161828468,0.6274749857664828,-0.13036474297793932,1.7767220004145765,3.079552367291855
1771888716794793728,4.105793714523315,0.36713939905166626,-0.17417383193969727,0.17442402243614197,0.9711993932723999,0.1289544701576233,0.200355663895607,0.004111826419830322,-0.07560974359512329,-0.061500683426856995,0.07545881015981745,-0.7746520449642719,-0.009593737155309999,0.6277962427056515,-0.1293145715417187,1.7742394295475155,3.060950788520499
1771888716804824576,4.1158246994018555,0.38354119658470154,-0.09939493238925934,0.1311122328042984,0.9716418981552124,0.1282951980829239,0.19862669706344604,-0.01847100257873535,-0.0376579612493515,-0.09952089190483093,0.08097823920363129,-0.7741498271690491,-0.002322900192461933,0.6277971384483415,-0.1286497818115528,1.7724418749942232,3.04253419771147
1771888716814855680,4.1258556842803955,0.32414868474006653,0.027769414708018303,0.056109096854925156,0.9718233346939087,0.1281156986951828,0.1978532075881958,-0.03587973117828369,-0.030062705278396606,-0.0993729829788208,0.08653536502257299,-0.7738895753135644,0.004639997096759037,0.6273635926124381,-0.1284687915344449,1.771641113856966,3.02460414751075
1771888716824886528,4.1358866691589355,0.35771164298057556,0.09954226762056351,-0.029939234256744385,0.9716934561729431,0.12872736155986786,0.19809380173683167,-0.041655004024505615,0.001918405294418335,-0.10765492916107178,0.09220397188850349,-0.7739006996527429,0.011162792687922354,0.6264595489894952,-0.1290855558425726,1.7719049729752183,3.0072730527235465
1771888716834917632,4.145917654037476,0.3794150650501251,0.1323348432779312,-0.13063815236091614,0.9713277220726013,0.1302880048751831,0.1988651603460312,-0.017058372497558594,-0.0298546701669693,-0.13761641085147858,0.0982018912785712,-0.7740351772894551,0.01738170101728875,0.6252389650874837,-0.13065945329315373,1.7727409673999546,2.9900184682396658
1771888716844948480,4.155948638916016,0.4507404863834381,0.19233332574367523,-0.19959218800067902,0.9707827568054199,0.13281208276748657,0.1998550146818161,-0.007785201072692871,0.006668552756309509,-0.09792622923851013,0.1046418440654743,-0.7741958210775988,0.023416657692648765,0.6237969773673747,-0.13320565474709406,1.7738296672965035,2.972488261598232
1771888716854979584,4.165979623794556,0.47039246559143066,0.26474785804748535,-0.2829720377922058,0.9699837565422058,0.1361560821533203,0.20147620141506195,-0.04568278789520264,0.008939698338508606,-0.10911479592323303,0.11142989289114677,-0.7745187840867662,0.029304534902022436,0.6219687477817668,-0.13658031704006784,1.7755951058655002,2.954772438095883
1771888716865010432,4.176010608673096,0.336982399225235,0.3361932933330536,-0.35666409134864807,0.9689160585403442,0.1401708722114563,0.2038470059633255,-0.05418229103088379,-0.009937137365341187,-0.09746280312538147,0.11816654436805404,-0.7750612754674736,0.0346917818442992,0.6197685779192663,-0.14063398898529514,1.7781588070619747,2.9379428339454177
1771888716875041536,4.186041593551636,0.2415410876274109,0.4401721656322479,-0.39978066086769104,0.9675707817077637,0.14447598159313202,0.20720365643501282,-0.07200199365615845,-0.0724545270204544,-0.06848599016666412,0.12445563821470143,-0.7759174415970171,0.03942023485847616,0.6171782030386282,-0.1449833772336814,1.7817582936644916,2.9227768729092167
1771888716885072384,4.196072578430176,0.1646951287984848,0.5617353320121765,-0.4685344398021698,0.965877115726471,0.14913614094257355,0.2117542177438736,-0.09244877099990845,-0.03594644367694855,-0.1106952428817749,0.13055621383015623,-0.7771480227971761,0.04379562354016008,0.614066745524827,-0.1496945798049543,1.7866169764757103,2.9084923160227434
1771888716895103488,4.206103563308716,0.10125330835580826,0.6809424161911011,-0.5519188046455383,0.9637505412101746,0.1543942093849182,0.21759504079818726,-0.09134441614151001,-0.07500268518924713,-0.15988633036613464,0.13647854348345093,-0.7787977338266787,0.04766144541116204,0.6103901858355171,-0.15501427558534106,1.7928525227863263,2.8953409026375136
1771888716905134336,4.216134548187256,0.11991390585899353,0.7621841430664062,-0.6273802518844604,0.961228609085083,0.16032257676124573,0.2243575006723404,-0.07663083076477051,-0.05647125840187073,-0.2190626859664917,0.1424499013637987,-0.7807398413417063,0.051225467758602185,0.6062419493582483,-0.16101744345670335,1.8000981318941227,2.882692625302445
1771888716915165440,4.226165533065796,0.16668620705604553,0.8366485238075256,-0.7018941640853882,0.95830237865448,0.16705287992954254,0.23184089362621307,-0.09084010124206543,-0.06680260598659515,-0.1796405017375946,0.14867211287254126,-0.7829021311117373,0.054632378818597616,0.6016446307896008,-0.16783977715375129,1.8081642101397017,2.8700602704229548
1771888716925196288,4.236196517944336,0.21221870183944702,0.912968635559082,-0.7784174680709839,0.9549503922462463,0.17464995384216309,0.23993118107318878,-0.11466419696807861,-0.055066853761672974,-0.11918844282627106,0.15518280988039496,-0.7852486992927549,0.05787982076564442,0.5966176635998762,-0.17555024529397945,1.8169510155712645,2.857403713393936
1771888716935227392,4.246227502822876,0.16253291070461273,0.974757969379425,-0.8454241752624512,0.9511728882789612,0.18285153806209564,0.24866721034049988,-0.11247360706329346,-0.09006285667419434,-0.14084865152835846,0.16171897421655476,-0.7878009974069788,0.06085387884782694,0.5911965249037834,-0.18388610816204665,1.8265054247409254,2.8452542165736148
1771888716945258496,4.256258726119995,0.1652616709470749,1.0645580291748047,-0.9038781523704529,0.9469438195228577,0.19159528613090515,0.2580479085445404,-0.11457687616348267,-0.07910749316215515,-0.10947310924530029,0.16827882651917825,-0.7905552367558367,0.06361113728984523,0.585370246173328,-0.19278728235225745,1.8368424495025557,2.833539304541666
1771888716955289600,4.266289710998535,0.06133154779672623,1.1746761798858643,-0.9220036268234253,0.9421876668930054,0.2006041258573532,0.2684035301208496,-0.14149796962738037,-0.07478015124797821,-0.1328291893005371,0.17112081430348816,-0.794003967611498,0.06131451103421087,0.5800999213539089,-0.2019745420687079,1.848317741266849,2.8347586236442335
1771888716965320704,4.276320695877075,-0.051785510033369064,1.3009746074676514,-0.9414958357810974,0.936845600605011,0.20939740538597107,0.28013044595718384,-0.1384294629096985,-0.16137798130512238,-0.1843358278274536,0.1734116370229316,-0.7978906536319579,0.05861508802747186,0.5743371604097521,-0.2109586593502362,1.8613487813850842,2.837563344766194
1771888716975351552,4.286351680755615,-0.01360776275396347,1.3814891576766968,-0.9765252470970154,0.9309404492378235,0.2182575762271881,0.2927685081958771,-0.11580073833465576,-0.1177326887845993,-0.2453746795654297,0.17562070987699702,-0.8020385819131801,0.05584237418181189,0.5681312242214517,-0.22002864481576445,1.8754902313227033,2.8408083309835996
1771888716985382656,4.296382665634155,0.008697718381881714,1.4722552299499512,-1.004423975944519,0.9244271516799927,0.22747589647769928,0.3060869574546814,-0.11494839191436768,-0.11883333325386047,-0.23759031295776367,0.1780191729620733,-0.8063651137221572,0.05309222237342584,0.5614852722832228,-0.22948484010657152,1.890544442804795,2.843998592386647
1771888716995413504,4.306413650512695,0.04153209924697876,1.536752700805664,-1.016384482383728,0.9173635244369507,0.23689725995063782,0.3198814392089844,-0.11224865913391113,-0.10702967643737793,-0.166103333234787,0.18059008536589627,-0.8107992854247519,0.050450426059353126,0.5544786592074267,-0.2391709480044681,1.9063094405341579,2.8470088121234935
1771888717005444608,4.316444635391235,0.015358109027147293,1.6243093013763428,-1.051194429397583,0.9096860885620117,0.24648164212703705,0.33424249291419983,-0.1198301911354065,-0.08844636380672455,-0.10769525170326233,0.1832081672251969,-0.8153759156445566,0.04778453543749258,0.5470955406803362,-0.24904820538685152,1.9229104651657767,2.850236062130319
1771888717015475456,4.326475620269775,-0.07080527395009995,1.7100331783294678,-1.1147863864898682,0.9012584090232849,0.25621843338012695,0.34940671920776367,-0.12397587299346924,-0.02959495782852173,-0.03141361474990845,0.18566628113531214,-0.8201795840529904,0.04481978682043122,0.5392815008790992,-0.2591079925370135,1.9406437333569073,2.854434535426075
1771888717025506560,4.336506605148315,-0.1572955995798111,1.8217167854309082,-1.1549447774887085,0.891934871673584,0.2660138010978699,0.3656354546546936,-0.14213299751281738,-0.03714713454246521,-0.045063406229019165,0.18781090121023478,-0.8252891622550109,0.04141885496860831,0.5309514889537791,-0.2692554603834118,1.9598380407143927,2.8600772541690915
1771888717035537408,4.3465375900268555,-0.15783782303333282,1.8295173645019531,-1.1449110507965088,0.8819708824157715,0.2756129205226898,0.3823150396347046,-0.07220226526260376,-0.07477676868438721,-0.19866028428077698,0.18981713777156733,-0.8304910616678739,0.03797520116134747,0.5223139999935824,-0.2792272537105425,1.9798259978679777,2.866230676136988
1771888717045568512,4.3565685749053955,-0.17300941050052643,1.8643673658370972,-1.1527838706970215,0.8715152740478516,0.2850809693336487,0.39898622035980225,-0.028848648071289062,-0.08233743906021118,-0.22557008266448975,0.1917891965805677,-0.8356443770495875,0.03451934476258467,0.5135404735819499,-0.28909089847201036,2.000123954768682,2.872662222307298
1771888717055599360,4.3665995597839355,-0.16042357683181763,1.9099984169006348,-1.172559142112732,0.860408365726471,0.2944280207157135,0.41594398021698,-0.062083899974823,-0.09926816821098328,-0.15312665700912476,0.19367603828951854,-0.840839668514996,0.030994178371189198,0.5044973014577818,-0.298856967269127,2.021097235458434,2.8795832690571297
1771888717065630464,4.376630544662476,-0.06567327678203583,1.9113742113113403,-1.1613707542419434,0.84877610206604,0.303982138633728,0.4326363205909729,-0.06300938129425049,-0.00837358832359314,-0.0910072922706604,0.19586118387893064,-0.8459044495962185,0.027637450876859582,0.49529817849317676,-0.30886982235745497,2.042187974741587,2.8860849043381607
1771888717075661312,4.386661529541016,-0.03378191962838173,1.939047932624817,-1.1711444854736328,0.836660623550415,0.3136255145072937,0.44904154539108276,-0.05286228656768799,-0.06350341439247131,-0.005209028720855713,0.19827893704868782,-0.8508361440410688,0.024466888341590717,0.48596788321472717,-0.31900880475720494,2.063376470061699,2.892215036581404
1771888717085692416,4.396692514419556,0.061236560344696045,1.923081636428833,-1.2165687084197998,0.8239927291870117,0.32355383038520813,0.4651336073875427,-0.05453759431838989,-0.003195464611053467,0.0035248994827270508,0.20093946975421476,-0.8556358539978559,0.0213095371340888,0.4765046129780275,-0.32948296079296674,2.0846943276336516,2.898276097668904
1771888717095723264,4.406723499298096,-0.020824486389756203,1.9707207679748535,-1.2889851331710815,0.8106533288955688,0.33400845527648926,0.4809156358242035,-0.0879206657409668,0.10216405987739563,0.029826581478118896,0.20388721749432276,-0.8603103783969273,0.01799636963366589,0.46687504285138787,-0.3405530873412997,2.1062337332603365,2.904548055935446
1771888717105754624,4.416754722595215,-0.2098950743675232,1.9904444217681885,-1.3102600574493408,0.7964877486228943,0.3438693881034851,0.49735385179519653,-0.07572370767593384,-0.027234315872192383,-0.05455908179283142,0.20617481057268433,-0.8651465259331367,0.014085889986055283,0.45696273668670057,-0.35103448259855424,2.128988355331102,2.9129855466793173
1771888717115785472,4.426785707473755,-0.28365185856819153,1.9613834619522095,-1.3289806842803955,0.7818394899368286,0.3529945909976959,0.5139274001121521,-0.031656503677368164,-0.07478117942810059,-0.12411129474639893,0.2079400465898404,-0.8699807549455365,0.009858328753946472,0.4469866817830368,-0.36076981273439157,2.152307950681798,2.9228356779029396
1771888717125816576,4.436816692352295,-0.1808176189661026,1.9536417722702026,-1.3233529329299927,0.7667977809906006,0.36204975843429565,0.5300388932228088,-0.029126882553100586,-0.051487624645233154,-0.1896458864212036,0.2097499987414235,-0.8746362332809272,0.00556055824841517,0.4370188871546981,-0.3704658953778881,2.175616784020074,2.9329760307981627
1771888717135847680,4.446847677230835,-0.03934543952345848,1.9056892395019531,-1.3423939943313599,0.7515379786491394,0.37159255146980286,0.5450774431228638,-0.034207165241241455,0.020832955837249756,-0.12572020292282104,0.21211948664013525,-0.8789405305955525,0.001507961025730688,0.4271610051696303,-0.38072380465516126,2.198289766944683,2.9422241241954588
1771888717145878528,4.456878662109375,0.04689677059650421,1.9122077226638794,-1.305169939994812,0.7359726428985596,0.38158831000328064,0.5592265129089355,-0.07747972011566162,0.018970072269439697,-0.1279979944229126,0.21500724783405603,-0.8829541593738762,-0.0022826879126909266,0.4173230388105492,-0.3915140355740627,2.220569714089826,2.9506499772066532
1771888717155909632,4.466909646987915,-0.1465184986591339,1.9370036125183105,-1.3299072980880737,0.7200338840484619,0.3909524381160736,0.5733301639556885,-0.043871164321899414,-0.06568083167076111,0.12741446495056152,0.21759723642124545,-0.8869204478178871,-0.006098919020007289,0.4074142721211935,-0.40166617520340187,2.243249197481484,2.9597093085914628
1771888717165940480,4.476940631866455,-0.2867301106452942,2.071685791015625,-1.3410464525222778,0.7029522657394409,0.3991374671459198,0.5886826515197754,-0.1638287901878357,-0.0054912269115448,0.061433255672454834,0.21933401595086338,-0.8911984693496088,-0.010325791822429441,0.39692721675066717,-0.4105759245018504,2.2679552645878776,2.970936577950363
1771888717175971584,4.486971616744995,-0.47429603338241577,2.0611186027526855,-1.2944093942642212,0.6853026151657104,0.40603920817375183,0.604559600353241,-0.07913202047348022,0.006634712219238281,-0.03945046663284302,0.22037133735661535,-0.8955808685688533,-0.014653359982380322,0.38620799650718524,-0.4181157003758753,2.293677906548689,2.9833902802819012
1771888717186002432,4.497002601623535,-0.42105790972709656,2.0895578861236572,-1.287378191947937,0.6672177314758301,0.4119985103607178,0.6205465197563171,-0.0980343222618103,-0.0839802622795105,-0.11549586057662964,0.22095285090952713,-0.899950100131165,-0.019054829615875513,0.3753753475763258,-0.4246462842203774,2.3199683187252202,2.9966764747926047
1771888717196033536,4.507033586502075,-0.1973896622657776,1.972337245941162,-1.294433355331421,0.6490241885185242,0.4185233414173126,0.635299801826477,-0.05469435453414917,-0.02293926477432251,-0.21649181842803955,0.22214591636207837,-0.9039427335251119,-0.023182445649245178,0.36469342694471374,-0.4318188065414424,2.3455088137126787,3.008944238573234
1771888717206064384,4.517064571380615,0.1785750836133957,1.916528344154358,-1.3048725128173828,0.6310311555862427,0.4269063472747803,0.6477270722389221,-0.11253762245178223,0.08693325519561768,-0.2034674882888794,0.22474610776339668,-0.9072694513734558,-0.02693822423879619,0.35443697294790977,-0.44106895582521205,2.3692500843491358,3.0191630286642295
1771888717216095488,4.527095556259155,0.16128797829151154,1.9140475988388062,-1.2638486623764038,0.6129344701766968,0.4362087845802307,0.6588118076324463,-0.08838313817977905,0.042932361364364624,-0.08463889360427856,0.22819148621409807,-0.9102160139765043,-0.030211212541944178,0.34427123302237866,-0.45138117381477355,2.392253126362212,3.0278591503780277
1771888717226126336,4.537126541137695,-0.0017381436191499233,2.086836814880371,-1.2730998992919922,0.5940600633621216,0.4443276822566986,0.6705713272094727,-0.1255236268043518,-0.11865922808647156,0.19591444730758667,0.2309388511211145,-0.9133185487691685,-0.03368829828342376,0.3337389577797325,-0.46042363669741343,2.4166216694860783,3.038032324793192
1771888717236157440,4.547157526016235,-0.24678677320480347,2.1560909748077393,-1.2148581743240356,0.5739750266075134,0.45099812746047974,0.6834864616394043,-0.11994969844818115,-0.026590079069137573,-0.03211921453475952,0.23294314630588545,-0.9167162139642625,-0.03707593099966438,0.3224815754545355,-0.4678833425180541,2.443064634569625,3.049292225144688
1771888717246188288,4.557188510894775,-0.5487536787986755,2.2854082584381104,-1.2253888845443726,0.5531423687934875,0.45476946234703064,0.6980103254318237,-0.09386807680130005,-0.07392534613609314,0.17264091968536377,0.23324554119929242,-0.920511108661809,-0.04079782118742209,0.3107915597399953,-0.47211334094301055,2.4714687789421284,3.063058021330826
1771888717256219392,4.567219495773315,-0.3170977830886841,2.2364389896392822,-1.2032155990600586,0.5313779711723328,0.45833781361579895,0.7124349474906921,-0.17223191261291504,0.11197459697723389,-0.08944922685623169,0.23359225726485974,-0.9242529692402718,-0.044428905949875815,0.29869227896430695,-0.4761241057461674,2.5007453166587954,3.0769450877771027
1771888717266250496,4.577250719070435,-0.05180974304676056,2.013002395629883,-1.222832202911377,0.5104865431785583,0.46314340829849243,0.7245011329650879,0.015834927558898926,-0.027489662170410156,-0.21295017004013062,0.23489197379113433,-0.9273414134117524,-0.047837868728183755,0.28735911251079194,-0.48153865206534235,2.527783284746356,3.0893591710702455
1771888717276281600,4.587281703948975,0.2288338989019394,2.0151922702789307,-1.2562553882598877,0.4900018870830536,0.47003936767578125,0.7341399192810059,-0.1451531946659088,0.16359716653823853,-0.13849776983261108,0.2375588353785821,-0.9297600041853771,-0.05114985567699118,0.2765789510810508,-0.48933536437247427,2.5530477630994137,3.100462215798686
1771888717286312704,4.597312688827515,0.20078690350055695,2.011936664581299,-1.264899492263794,0.4691864550113678,0.47787997126579285,0.7426272630691528,-0.13067010045051575,0.057383209466934204,0.1179381012916565,0.24094009330323832,-0.9318643730830013,-0.05424400907742118,0.265771271079833,-0.4982396868446806,2.5781236318399685,3.110880846293467
1771888717296343552,4.607343673706055,0.11081946641206741,2.1598715782165527,-1.230242133140564,0.447483628988266,0.48478180170059204,0.7514954209327698,-0.16101500391960144,-0.03064960241317749,0.10539251565933228,0.2438788822769054,-0.9340553740839741,-0.05734353452926678,0.2545102781242554,-0.5061136739105219,2.6045198894610344,3.122137272372077
1771888717306374656,4.617374658584595,-0.23378567397594452,2.2197067737579346,-1.1573237180709839,0.4250115752220154,0.4898156523704529,0.7612131834030151,-0.08083441853523254,-0.06443122029304504,0.010164260864257812,0.24589164354730525,-0.9364669698175145,-0.06030087327432007,0.24275630978025978,-0.5118782757255881,2.6323731217120883,3.134201266186025
1771888717316405504,4.627405643463135,-0.5745449066162109,2.2844200134277344,-1.1359145641326904,0.4020068347454071,0.49122530221939087,0.7727148532867432,-0.0965869128704071,-0.11382970213890076,0.07437682151794434,0.24590564624842035,-0.9393262233284865,-0.06343233477389652,0.23059272206205197,-0.5134959325414378,2.661874604543343,-3.134980675453779
1771888717326436608,4.637436628341675,-0.41259509325027466,2.184220552444458,-1.1307268142700195,0.378964364528656,0.491397887468338,0.7841643691062927,-0.06243610382080078,-0.009418576955795288,-0.18453991413116455,0.24533314607652046,-0.9421471240469285,-0.06664069106114996,0.21847049885130237,-0.5136940677860297,2.6914171077650915,-3.120493575993604
1771888717336467456,4.647467613220215,-0.09290631860494614,2.098031520843506,-1.1805164813995361,0.35645630955696106,0.49376076459884644,0.7931830286979675,-0.017177104949951172,0.12739408016204834,-0.10948240756988525,0.2461643050226282,-0.9443156837540301,-0.0697094808643885,0.2069097728935498,-0.5164091972967024,2.719237951789867,-3.1073311392621057
1771888717346498560,4.657498598098755,0.07636252045631409,2.1259584426879883,-1.2741718292236328,0.3334854245185852,0.4980917274951935,0.8004323244094849,-0.1744278371334076,0.30029383301734924,0.16689848899841309,0.248193125844875,-0.9459872791672073,-0.07296724698066871,0.1954071487924776,-0.5213966852144838,2.746831387220727,-3.0942290737159133
1771888717356529408,4.667529582977295,-0.04914640635251999,2.1579434871673584,-1.2422189712524414,0.3098389506340027,0.5023816823959351,0.8072249889373779,-0.11162731051445007,0.11955118179321289,0.15375816822052002,0.25032914872058204,-0.9475241958349551,-0.07622585332380605,0.1836375579605568,-0.5263511274863821,2.775101237230591,-3.0808228561572353
1771888717366560512,4.677560567855835,-0.06741524487733841,2.2470667362213135,-1.197493076324463,0.28584060072898865,0.5055103898048401,0.8140971660614014,-0.12183916568756104,-0.007097363471984863,0.3120166063308716,0.25197118548192055,-0.9490827151747564,-0.07931326153978276,0.17164463428952592,-0.5299733941014979,2.803926103426542,-3.067290215171923
1771888717376591360,4.687591552734375,-0.060705143958330154,2.166264772415161,-1.1093623638153076,0.2617815434932709,0.5082476139068604,0.8204600811004639,-0.07892021536827087,-0.06177550554275513,-0.19178277254104614,0.25357846463633943,-0.9505268873560362,-0.08202848159768374,0.15958667019496023,-0.533148758670903,2.832736499572747,-3.0543896115239493
1771888717386622464,4.697622537612915,-0.15155267715454102,2.084197998046875,-1.0927485227584839,0.23883239924907684,0.510201632976532,0.8262284994125366,0.045454129576683044,-0.1405726671218872,-0.21216893196105957,0.2548487575641753,-0.9518172361767436,-0.08460606576217693,0.1481145162908748,-0.5354192394349374,2.860199406590969,-3.041939469187113
1771888717396653312,4.707653522491455,-0.11167369782924652,2.1147871017456055,-1.0910462141036987,0.2156420201063156,0.5114080905914307,0.8318418264389038,-0.09405994415283203,-0.027078688144683838,-0.20768088102340698,0.2557996886149211,-0.9530523862016707,-0.08724708227976945,0.1365494547194537,-0.5368225684861706,2.8879418486315083,-3.0291257912953657
1771888717406684416,4.717684507369995,0.037823110818862915,2.1641316413879395,-1.185166358947754,0.19194497168064117,0.5134426951408386,0.8363816738128662,-0.05748449265956879,0.0703434944152832,0.06619113683700562,0.2573279949903605,-0.953990699544834,-0.08995870659641099,0.12486639270605802,-0.539191849664466,2.9160044444717466,-3.0161347082360375
1771888717416715520,4.727715730667114,0.18229986727237701,2.189145088195801,-1.1964343786239624,0.16744546592235565,0.5167205333709717,0.8396199941635132,-0.12350016832351685,0.25764769315719604,0.026957035064697266,0.259676920949668,-0.9545676348373419,-0.0927934657095656,0.11295067396676137,-0.5430160452359465,2.9447451651980425,-3.0027443814856705
1771888717426747136,4.7377471923828125,0.028760822489857674,2.2694766521453857,-1.1651259660720825,0.14254696667194366,0.5195474624633789,0.8424673080444336,-0.07517939805984497,0.09391695261001587,0.31480515003204346,0.2619206192423902,-0.9550470790160414,-0.09549208694895214,0.10081684080577002,-0.5463212396214749,2.973978403998625,-2.9893425511077782
1771888717436777984,4.7477781772613525,0.008802292868494987,2.2933592796325684,-1.1098544597625732,0.11725372821092606,0.5210471749305725,0.8454357385635376,-0.09372466057538986,-0.050466060638427734,0.17086076736450195,0.2635797401552794,-0.9555779380374397,-0.09792177399652677,0.08836229328438815,-0.5480773460722667,3.00378147939303,-2.9761546091759437
1771888717446809088,4.757809162139893,-0.07394273579120636,2.237372875213623,-1.0883859395980835,0.09223717451095581,0.5219424962997437,0.8479791879653931,-0.08085411787033081,0.03460663557052612,-0.07995843887329102,0.2650132508601166,-0.9560074046747543,-0.10019703648434637,0.0760162844188406,-0.5491266450389767,3.033245695101875,-2.963285954351779
1771888717456839936,4.767840147018433,-0.02767857536673546,2.1695775985717773,-1.058134913444519,0.06774543225765228,0.5222566723823547,0.8500930070877075,-0.06292366236448288,-0.05715364217758179,-0.12354594469070435,0.26620566966920234,-0.9563218580634438,-0.10244520840790665,0.06393685428852645,-0.549495014773951,3.0620689295433,-2.950584900935395
1771888717466871040,4.777871131896973,-0.0791267678141594,2.1030731201171875,-1.0337821245193481,0.044057585299015045,0.5225425362586975,0.8514742851257324,-0.06693051010370255,-0.025182247161865234,-0.18605363368988037,0.26744728114153465,-0.9564437996717411,-0.10465378054987881,0.052295976239714104,-0.5498302798526157,3.0898960490269984,-2.938204820291373
1771888717476901888,4.787902116775513,-0.12648096680641174,2.1622838973999023,-1.1024503707885742,0.0204312726855278,0.521886944770813,0.8527698516845703,-0.1484525203704834,0.09166890382766724,0.1295146346092224,0.2682558966944262,-0.9565310621941543,-0.10692640088243381,0.040667026475398924,-0.5490615569319419,3.1176385177376686,-2.925692559353878
1771888717486932992,4.797933101654053,0.07966981083154678,2.149883270263672,-1.095149278640747,-0.004054893273860216,0.5217273831367493,0.8531031012535095,-0.21792998909950256,0.19293344020843506,0.05485624074935913,0.26949216693324435,-0.9563491306228035,-0.1093063461485438,0.02868174031437019,-0.5488745115527733,-3.1368395786967556,-2.912651302187677
1771888717496964096,4.807964086532593,0.24717997014522552,2.058871269226074,-1.070164680480957,-0.027457023039460182,0.5231791734695435,0.8517801761627197,0.00931432843208313,-0.04580801725387573,0.04130136966705322,0.27167668712089293,-0.9557346216639724,-0.11163072451150395,0.017367743718102874,-0.550577153300124,-3.1093689418171766,-2.899941761738999
1771888717506994944,4.817995071411133,0.1925209015607834,2.111273765563965,-1.0874903202056885,-0.051030151546001434,0.5245984792709351,0.849819004535675,-0.19697093963623047,0.12673813104629517,0.25163668394088745,0.27396167730973553,-0.9549535692654676,-0.11389983032646454,0.005957475593590602,-0.5522434100524273,-3.0816164107832877,-2.8871694401044885
1771888717517026048,4.828026056289673,0.10849843919277191,2.0603127479553223,-1.0756579637527466,-0.07449331134557724,0.5252636075019836,0.8476728200912476,-0.17306530475616455,0.14250683784484863,0.09783816337585449,0.2759242964997577,-0.954111827882197,-0.11621970203984287,-0.005427891299665801,-0.5530248751270265,-3.053938046293628,-2.8742788771103576
1771888717527056896,4.838057041168213,-0.1440153867006302,2.0206856727600098,-1.0443204641342163,-0.09739678353071213,0.524209201335907,0.8460014462471008,-0.10804755240678787,0.015631437301635742,-0.009774088859558105,0.27698671916167666,-0.9533974315593058,-0.11846546577108982,-0.01666150125211992,-0.5517862641554322,-3.026971246927956,-2.861864122890318
1771888717537088000,4.848088026046753,-0.09868812561035156,1.912724494934082,-1.0230215787887573,-0.11957157403230667,0.5219641923904419,0.8445449471473694,-0.13793575763702393,0.00042045116424560547,-0.01568746566772461,0.27742449118771456,-0.9527442065505889,-0.12062726004425148,-0.027626334454717322,-0.5491520880674097,-3.0009463737255473,-2.8500331697090457
1771888717547118848,4.858119010925293,-0.014641514047980309,1.8262485265731812,-1.0365550518035889,-0.14084693789482117,0.5200954675674438,0.842414915561676,-0.11670616269111633,0.06359899044036865,-0.0019150972366333008,0.27810848451938425,-0.9518854241830074,-0.1229699504871853,-0.03805550652766327,-0.5469627102636243,-2.9759306921406155,-2.83807647329843
1771888717557149952,4.868149995803833,0.16077664494514465,1.7760857343673706,-1.0440329313278198,-0.16135889291763306,0.5191845297813416,0.8392918109893799,-0.11915868520736694,0.04496341943740845,0.04533648490905762,0.27937381199365174,-0.950744351286913,-0.12542362261574988,-0.048003830224520906,-0.5458965175975858,-2.9516542090342828,-2.8259462638506694
1771888717567181056,4.878181219100952,0.29360634088516235,1.7537919282913208,-1.067350149154663,-0.18172696232795715,0.5192842483520508,0.835056722164154,-0.15364602208137512,0.1157103180885315,0.13299161195755005,0.2813077300251072,-0.9492799721869906,-0.1280464312885941,-0.057773290068047725,-0.5460132255141347,-2.927311414970899,-2.8132246396029985
1771888717577212160,4.888212203979492,0.39385172724723816,1.7057340145111084,-1.0500487089157104,-0.2016822099685669,0.5202476382255554,0.8298594951629639,-0.1006249189376831,0.03160172700881958,0.08102917671203613,0.2838035515486379,-0.9475468144455338,-0.13070873543697753,-0.06727425179382251,-0.54714089366141,-2.9031830066000697,-2.800241623670973
1771888717587243008,4.898243188858032,0.2606201469898224,1.7557953596115112,-1.0639104843139648,-0.22160442173480988,0.5207769274711609,0.8244287967681885,-0.13871660828590393,0.1351831555366516,0.22053885459899902,0.2861601846586936,-0.9457383784193206,-0.13339156128387245,-0.07679804617734809,-0.5477607627650932,-2.879001915320317,-2.787186314544463
1771888717597274112,4.908274173736572,0.07251948863267899,1.7078979015350342,-1.0171629190444946,-0.24131515622138977,0.519812285900116,0.8194890022277832,-0.08188125491142273,0.029168426990509033,0.0517115592956543,0.2877364552119949,-0.9440762902546118,-0.1358839849844251,-0.08639005411468215,-0.5466311964496045,-2.855216684543218,-2.7749003835043826
1771888717607304960,4.918305158615112,-0.12902134656906128,1.6199326515197754,-0.9547200798988342,-0.2600501477718353,0.5169858932495117,0.8155362010002136,-0.019506067037582397,-0.093112051486969,-0.0447080135345459,0.28822358069066983,-0.9427060237133381,-0.13810663911068116,-0.09570266361523794,-0.5433259803991141,-2.8329149558292754,-2.7640447019407386
1771888717617336064,4.928336143493652,-0.12201519310474396,1.5704952478408813,-0.9290298819541931,-0.2779730260372162,0.5132038593292236,0.8120056986808777,-0.0350610613822937,-0.014043033123016357,-0.07793569564819336,0.28814875169416143,-0.9414639973413025,-0.14017268300472144,-0.10472618708970406,-0.538913572305448,-2.811768025727719,-2.754129265160573
1771888717627366912,4.938367128372192,0.07984007149934769,1.5754799842834473,-0.981640636920929,-0.2955811619758606,0.5103538036346436,0.8075711727142334,-0.06274104118347168,0.087638258934021,0.11735576391220093,0.2886754759303847,-0.9399487780842606,-0.14241446584765735,-0.11349450015049942,-0.5355961576188305,-2.7907246027358004,-2.7436563105992544
1771888717637398016,4.948398113250732,0.33527129888534546,1.5075546503067017,-0.9949934482574463,-0.3130941390991211,0.5090269446372986,0.8017875552177429,-0.04675385355949402,0.11542367935180664,-0.024138808250427246,0.29018720682633664,-0.9380243947714113,-0.14492766211217722,-0.12205537301960269,-0.5340539547988568,-2.7693068946463777,-2.732066328701836
1771888717647428864,4.9584290981292725,0.44174981117248535,1.5635625123977661,-1.0095332860946655,-0.3305042088031769,0.508974552154541,0.7948031425476074,-0.022782564163208008,0.09185552597045898,0.16561567783355713,0.2925496883528953,-0.9357326919221273,-0.1476682268702478,-0.13043447876092662,-0.5339930788127645,-2.747513352732712,-2.7194536545402794
1771888717657459968,4.9684600830078125,0.4500040113925934,1.5911712646484375,-0.9920293688774109,-0.34810855984687805,0.509203314781189,0.7871035933494568,-0.036595940589904785,0.06716686487197876,0.2529200315475464,0.2951992532431062,-0.9332440469574304,-0.15035743523307657,-0.13894423624575777,-0.5342588292508896,-2.7251895462943483,-2.706608514990864
1771888717667491072,4.9784910678863525,0.19391115009784698,1.5525234937667847,-0.9263142347335815,-0.365386039018631,0.5084265470504761,0.779740571975708,-0.002030313014984131,0.03158193826675415,0.03356808423995972,0.297287105715527,-0.9308817873293467,-0.1527396255055054,-0.14747897690737,-0.5333565432258998,-2.703379511419612,-2.6948129101352234
1771888717677521920,4.988522052764893,0.07084888964891434,1.5264599323272705,-0.8768255114555359,-0.3819827139377594,0.5061143040657043,0.7732638716697693,2.4825334548950195e-05,-0.0660204291343689,0.011770069599151611,0.2984323358833283,-0.9288055619869305,-0.1547649022523732,-0.1559040050471827,-0.5306734578177563,-2.682766583572046,-2.6846229516483415
1771888717687553024,4.998553037643433,-0.05947165563702583,1.473029375076294,-0.8515196442604065,-0.3978939354419708,0.5027756094932556,0.7673966288566589,0.02168843150138855,-0.03047025203704834,-0.08514547348022461,0.2989279632686843,-0.9269260207524851,-0.15654540972365005,-0.1641459693200478,-0.5268067605695019,-2.663256059120057,-2.6756563306178323
1771888717697583872,5.008584022521973,-0.15560272336006165,1.505752682685852,-0.8483968377113342,-0.41353949904441833,0.498466819524765,0.7619162797927856,0.023311138153076172,-0.048286646604537964,0.02819925546646118,0.2988642990431837,-0.9251717411098876,-0.15816251797328512,-0.17240109578274293,-0.5218293204896194,-2.6443231146053137,-2.6675870269999438
1771888717707614976,5.018615007400513,0.025788111612200737,1.5885006189346313,-0.8714795112609863,-0.4296533763408661,0.494137704372406,0.7557948231697083,-0.02592828869819641,0.081881582736969,0.16916239261627197,0.2989210173329727,-0.9232439868079052,-0.15974343104015604,-0.18096626860195372,-0.5168427206489491,-2.624673009251769,-2.6593994249900397
1771888717717646080,5.028646230697632,0.2042694389820099,1.6108067035675049,-0.8724134564399719,-0.4461102783679962,0.49122437834739685,0.7481207251548767,-0.004146188497543335,0.1342945694923401,0.13040417432785034,0.2999776784957101,-0.9208558884823225,-0.1615078991243471,-0.18961313621789358,-0.5134948663385579,-2.6038923855390617,-2.6499269491805495
1771888717727677184,5.038677215576172,0.28619518876075745,1.5900291204452515,-0.8801938891410828,-0.4622882604598999,0.4891712963581085,0.7395948171615601,0.01834920048713684,0.06879669427871704,0.13863980770111084,0.3016147983531261,-0.9182079697224874,-0.16337544433726053,-0.19806806549921294,-0.5111393678649562,-2.5829529973358394,-2.639819088936498
1771888717737708032,5.048708200454712,0.20087257027626038,1.5585646629333496,-0.8630093336105347,-0.47821280360221863,0.4869781732559204,0.7308658361434937,-0.023969203233718872,0.1198943555355072,0.13874781131744385,0.30322935566524445,-0.9154918256610419,-0.1652502591298752,-0.2064438696275449,-0.5086266313416448,-2.5621935519923866,-2.62976919172245
1771888717747739136,5.058739185333252,0.11712184548377991,1.4336037635803223,-0.825778067111969,-0.4933619797229767,0.4838494062423706,0.7228301167488098,-0.008575767278671265,0.014716178178787231,0.11060482263565063,0.304234907414948,-0.9129717396987757,-0.16702589747266133,-0.21453663189909866,-0.505047943199138,-2.542679733754677,-2.620705323337814
1771888717757769984,5.068770170211792,0.09866426885128021,1.3308289051055908,-0.7544263601303101,-0.5071046948432922,0.4806959331035614,0.7153855562210083,0.02436232566833496,-0.05563175678253174,-0.11272436380386353,0.30503166840669393,-0.9106374723638347,-0.16861845879690696,-0.22195261405619215,-0.5014481647854292,-2.524948399714167,-2.612636686740888
1771888717767801088,5.078801155090332,0.021371882408857346,1.312402367591858,-0.7505205869674683,-0.5200934410095215,0.47721067070961,0.7083595395088196,0.018750548362731934,-0.07381397485733032,-0.0046392083168029785,0.30554478609685637,-0.9084304781554451,-0.17009948675248518,-0.22904747185180827,-0.49747791398949226,-2.5082659214216863,-2.6053053169197913
1771888717777831936,5.088832139968872,0.09285298734903336,1.4064992666244507,-0.7881289720535278,-0.5334023237228394,0.4734923243522644,0.7009183764457703,-0.051802635192871094,0.028887957334518433,0.04865419864654541,0.3060411778920895,-0.9061021593406829,-0.17157526032239573,-0.23638843039167784,-0.4932515348398614,-2.4910855344693914,-2.597923584373057
1771888717787863040,5.098863124847412,0.10596994310617447,1.4817540645599365,-0.8197765946388245,-0.5473196506500244,0.4698832333087921,0.6925686001777649,-0.04131871461868286,0.05710962414741516,0.10255163908004761,0.30681392059016005,-0.9034959206900236,-0.17314569258083107,-0.2440922074982412,-0.4891584820540159,-2.4728098019267026,-2.589912733520436
1771888717797893888,5.108894109725952,0.08404600620269775,1.5607819557189941,-0.8316460847854614,-0.5616536736488342,0.4660481810569763,0.6836259365081787,-0.04993391036987305,0.10315045714378357,0.23219138383865356,0.30759139870283514,-0.9007303309611311,-0.17463632008417776,-0.25214008174310487,-0.4848189401182833,-2.453830729419733,-2.581938549500614
1771888717807924992,5.118925094604492,0.12347152829170227,1.5583826303482056,-0.8238129019737244,-0.5762836933135986,0.461957722902298,0.6741605401039124,-0.07364928722381592,0.13263154029846191,0.22465842962265015,0.30835829035007367,-0.897811124015934,-0.17611207093772394,-0.2604514578251464,-0.4802012966431407,-2.4343089121638806,-2.5739283211574953
1771888717817956096,5.128956079483032,0.05986671894788742,1.4111104011535645,-0.791333019733429,-0.5899643898010254,0.4580320119857788,0.6649428009986877,0.04571390151977539,0.03450644016265869,0.02515125274658203,0.3091303118851245,-0.8949497563482395,-0.17758471697555828,-0.2682668810671741,-0.47578004724447154,-2.415871707135553,-2.5662126913746097
1771888717827986944,5.138987064361572,-0.040550343692302704,1.378592848777771,-0.7495144605636597,-0.6027417182922363,0.45337843894958496,0.6566209197044373,0.017490744590759277,-0.05909121036529541,0.09156352281570435,0.3093062026186752,-0.8923608801117934,-0.17889244974487245,-0.2757161564130765,-0.47055207968500956,-2.3989513163750433,-2.5597528746070863
1771888717838018048,5.149018049240112,-0.09540985524654388,1.2821906805038452,-0.6997228860855103,-0.6146990060806274,0.44855234026908875,0.6488035917282104,0.006743073463439941,-0.0017291903495788574,-0.05433642864227295,0.30919555813438293,-0.8899563676228008,-0.17994294815062606,-0.28283626720025384,-0.46514491856702794,-2.3831800526376283,-2.55437088255611
1771888717848048896,5.159049034118652,-0.1482359617948532,1.2742079496383667,-0.7242879271507263,-0.6261632442474365,0.44320744276046753,0.6414728164672852,-0.017223834991455078,-0.018051713705062866,0.04767531156539917,0.30870864757132804,-0.887689293880079,-0.1809534003800994,-0.28976325010608606,-0.45917357128484604,-2.368271188371927,-2.5496678645859694
1771888717858080000,5.169080018997192,-0.12277935445308685,1.274505376815796,-0.741126537322998,-0.6375323534011841,0.437734991312027,0.6339877247810364,-0.05158501863479614,0.055154383182525635,0.023452341556549072,0.30821074449923735,-0.8853542063977135,-0.18204890497816742,-0.2966685467728656,-0.4530779383478163,-2.3534068108594894,-2.544882340617542
1771888717868110848,5.179111003875732,-0.028659150004386902,1.3147106170654297,-0.7499200105667114,-0.6489896178245544,0.43225806951522827,0.6260712146759033,-0.04783344268798828,0.01219990849494934,0.1146971583366394,0.3078211775076771,-0.8828730046586143,-0.1832235472409722,-0.3036616947394946,-0.4469953762208286,-2.338222082539234,-2.539835423745662
1771888717878142208,5.189142227172852,0.1285427212715149,1.3377046585083008,-0.7404767274856567,-0.6603926420211792,0.4280036687850952,0.6170045137405396,-0.044243037700653076,0.05344170331954956,0.15005487203598022,0.30830007805000365,-0.8800271933925939,-0.1845383147333107,-0.3105621502587625,-0.442282747568913,-2.3222414992390124,-2.5335545571375286
1771888717888173056,5.199173212051392,0.064134880900383,1.3038051128387451,-0.712214469909668,-0.6717506647109985,0.42366477847099304,0.6076667904853821,-0.05577307939529419,0.060710132122039795,0.13752657175064087,0.3088015090499993,-0.8770894487212656,-0.18586958890302954,-0.3175029945214831,-0.4374873388637754,-2.3061480033671744,-2.527242126370625
1771888717898204160,5.209204196929932,0.06377162784337997,1.1861040592193604,-0.6984195709228516,-0.6822348237037659,0.41932833194732666,0.5989323258399963,-0.005036413669586182,0.031950414180755615,0.030233442783355713,0.3091570223643027,-0.874318694760302,-0.18717098678537997,-0.3239690220408858,-0.43270532912928317,-2.2912651130983104,-2.521423787160987
1771888717908235008,5.219235181808472,-0.05416841804981232,1.0819991827011108,-0.6662397980690002,-0.6918572783470154,0.414693683385849,0.5910688638687134,-0.027701377868652344,0.032266706228256226,0.024333298206329346,0.30915902694199304,-0.8717967989510987,-0.18842710540052093,-0.3299790704323198,-0.42760616707299437,-2.277794167626104,-2.5163803449739364
1771888717918266112,5.229266166687012,-0.06690657883882523,1.0617444515228271,-0.6470626592636108,-0.7008641958236694,0.40975382924079895,0.5838592052459717,-0.03392285108566284,-0.046014755964279175,0.023730576038360596,0.30880209526222546,-0.8694912763422763,-0.1895112383758203,-0.3357257803595186,-0.4221841906073042,-2.265370945005477,-2.5122889060850806
1771888717928296960,5.239297151565552,0.010060103610157967,1.0438368320465088,-0.6849617958068848,-0.7096622586250305,0.4049207866191864,0.5765576362609863,-0.028207004070281982,0.0399186909198761,0.04006528854370117,0.308556925570763,-0.8671263966010291,-0.19071082155436433,-0.34134122531775407,-0.4168921872610544,-2.2530764010340376,-2.507931116907305
1771888717938328064,5.249328136444092,0.10066697001457214,1.0874484777450562,-0.7376806735992432,-0.7186729907989502,0.4001792073249817,0.5686525702476501,-0.046616315841674805,0.0986611545085907,0.07389497756958008,0.30862729360600527,-0.8645006971887284,-0.19226241669110583,-0.3470200247665615,-0.41171238177053404,-2.2401813094466974,-2.502504162629519
1771888717948358912,5.259359121322632,0.07787030935287476,1.1839274168014526,-0.7390604615211487,-0.7279983162879944,0.3954644203186035,0.5600237250328064,-0.01441812515258789,0.058454036712646484,0.13576185703277588,0.30891359437013316,-0.861632145208239,-0.1939120949282546,-0.35293142714665093,-0.4065734363886049,-2.226513548002456,-2.496561539359155
1771888717958390016,5.269390106201172,-0.09496085345745087,1.355957269668579,-0.7089475989341736,-0.7380408048629761,0.39001086354255676,0.5506249666213989,-0.04948079586029053,0.014804869890213013,0.23808670043945312,0.30880659376953573,-0.8586402274776331,-0.19506265025758976,-0.359619484421498,-0.4006433957666382,-2.211773024567034,-2.49183684758209
1771888717968420864,5.279421091079712,-0.09712512046098709,1.2559659481048584,-0.6543644666671753,-0.7479016780853271,0.3844009339809418,0.5411825776100159,-0.006462216377258301,-0.03268587589263916,0.0830695629119873,0.30842835985355044,-0.855729853832087,-0.19574909301285026,-0.3664430452461824,-0.3945587976280678,-2.1971870819045316,-2.4883610428493204
1771888717978451968,5.289452075958252,-0.06948070973157883,1.059658408164978,-0.635331928730011,-0.7566010355949402,0.3791825771331787,0.5327063202857971,0.052316129207611084,0.023008644580841064,0.05669510364532471,0.3080782873340329,-0.8530603206196306,-0.19657377706362208,-0.37247119009846663,-0.38891275490092303,-2.1842541354477465,-2.4849419263512638
1771888717988483072,5.299483060836792,-0.08206333965063095,0.8780605792999268,-0.6287108063697815,-0.7641577124595642,0.3738991618156433,0.5256064534187317,0.01878124475479126,0.053270578384399414,0.021024346351623535,0.3074792898999681,-0.8507379596882116,-0.1976060314838491,-0.3776945488275127,-0.3832095675149515,-2.173304032910272,-2.481809068176193
1771888717998513920,5.309514045715332,0.02973189577460289,0.7160375714302063,-0.6509242057800293,-0.7706810832023621,0.3688657879829407,0.5196044445037842,0.03066033124923706,0.08302325010299683,-0.02221369743347168,0.3069535217741837,-0.8486310437797138,-0.19906674788345793,-0.38206979915865713,-0.37778846576019603,-2.1640062457730367,-2.478125723908563
1771888718008545024,5.319545030593872,0.023362506181001663,0.6669090390205383,-0.6740044951438904,-0.7766616940498352,0.3638712465763092,0.5141928195953369,-0.0022689104080200195,0.0952504575252533,-0.03882056474685669,0.30648882983972203,-0.8466032093964039,-0.20089651627989372,-0.3859639346337254,-0.3724206776110734,-2.155599488191365,-2.47387846658697
1771888718018575872,5.329576015472412,-0.026992810890078545,0.7463855147361755,-0.6825042366981506,-0.782751739025116,0.3586147725582123,0.5086206793785095,-0.04987448453903198,0.02804294228553772,0.13014274835586548,0.30592255283385567,-0.8445260061492891,-0.20269721213392605,-0.39000127899781833,-0.3667835255940478,-2.147020685615343,-2.469807743892661
1771888718028606976,5.339607000350952,-0.05318180099129677,0.8354856967926025,-0.6370539665222168,-0.7891110181808472,0.35328537225723267,0.5024871826171875,-0.027859926223754883,0.008393734693527222,0.12825018167495728,0.3053173374208461,-0.8423418609060469,-0.20421503525256277,-0.39438276306385667,-0.3610806118698687,-2.1378192069366935,-2.4662361943218607
1771888718038638080,5.349638223648071,-0.2373865395784378,0.9242919683456421,-0.6033322215080261,-0.7956937551498413,0.3476841151714325,0.4959714412689209,-0.008795559406280518,-0.03800693154335022,0.20031774044036865,0.30439825321425695,-0.8401719120965963,-0.20517523995454395,-0.39919437828079896,-0.3550999915025363,-2.128186274809662,-2.4640191785125456
1771888718048669184,5.359669208526611,-0.27074819803237915,0.9600029587745667,-0.5547636151313782,-0.8024305105209351,0.3416954576969147,0.48923370242118835,0.004716277122497559,-0.013372093439102173,0.15712857246398926,0.3030860117139409,-0.8380521179543239,-0.20563438715529275,-0.40437859827833317,-0.348720348790989,-2.118310250464464,-2.4631773782943376
1771888718058700032,5.369700193405151,-0.21148940920829773,0.8624582886695862,-0.5647363066673279,-0.8088189363479614,0.33600088953971863,0.4826129972934723,0.052379727363586426,0.05996468663215637,0.0333324670791626,0.3018773931475914,-0.8359647105242578,-0.20608131186727469,-0.4093452301649517,-0.3426677020662989,-2.108777402406428,-2.4623276897948068
1771888718068731136,5.379731178283691,-0.04929057136178017,0.7466478943824768,-0.5522266626358032,-0.8145771622657776,0.33083900809288025,0.47645536065101624,0.04973036050796509,0.05125632882118225,-0.06617701053619385,0.3010288237346633,-0.8339094145794891,-0.20693664615944463,-0.41370761556957414,-0.33719251040372383,-2.1000473094612,-2.460468247027861
1771888718078761984,5.3897621631622314,0.028626862913370132,0.6368575096130371,-0.5743260979652405,-0.8197231888771057,0.32624465227127075,0.47076332569122314,0.056829631328582764,0.09514206647872925,-0.01904219388961792,0.3005852033196263,-0.8318776037375293,-0.208233801731156,-0.4174527520658216,-0.33232812187739535,-2.092100984574569,-2.457474991265101
1771888718088793088,5.3997931480407715,-0.0066266413778066635,0.5816169381141663,-0.5624926090240479,-0.8244442343711853,0.32158344984054565,0.4656994938850403,0.04378920793533325,0.06847700476646423,0.018080413341522217,0.300074684529987,-0.8299772453965027,-0.20973203105711002,-0.4208390710144941,-0.32740129702254295,-2.0849803482641986,-2.45434641347446
1771888718098823936,5.4098241329193115,-0.16293448209762573,0.6371270418167114,-0.542901873588562,-0.8290343880653381,0.316689670085907,0.46087896823883057,0.037042319774627686,-0.04352682828903198,0.17239123582839966,0.2992369525156711,-0.8282224799114491,-0.21091944952204802,-0.4242849152329443,-0.3222374732177483,-2.0781752868987997,-2.4522405885333187
1771888718108855040,5.419855117797852,-0.1828201413154602,0.6822299361228943,-0.47229188680648804,-0.8337170481681824,0.31162670254707336,0.4558562934398651,-0.010445058345794678,-0.010433465242385864,0.10041815042495728,0.29466925043872194,-0.8281936408164748,-0.20499618804467062,-0.43039747319103494,-0.316904516893852,-2.0711607582882414,-2.467370939937364
1771888718118885888,5.429886102676392,-0.21265633404254913,0.6569738388061523,-0.43882662057876587,-0.8381903171539307,0.3069319427013397,0.45080992579460144,-0.003972649574279785,0.03547525405883789,0.056834638118743896,0.29013175680204006,-0.8281498665293139,-0.19892902983156585,-0.43636971164079763,-0.31196769279591546,-2.0642535636194337,-2.482692110291381
1771888718128916992,5.439917087554932,-0.14182715117931366,0.6456055045127869,-0.43433570861816406,-0.8424986600875854,0.30245450139045715,0.44577744603157043,-0.0205385684967041,0.021855831146240234,0.012642443180084229,0.28565297773078435,-0.8280499778082276,-0.19292991789186265,-0.4421693587597004,-0.30726670081727764,-2.057462579275885,-2.497794047123746
1771888718138947840,5.449948072433472,-0.020938292145729065,0.5505055785179138,-0.448314905166626,-0.8465093374252319,0.2983607053756714,0.44091126322746277,-0.004732668399810791,0.08437550067901611,-0.038445502519607544,0.28147924171725136,-0.8278645196131216,-0.1873391921408569,-0.4475642578086139,-0.3029746654805935,-2.0509908680708726,-2.511810494961977
1771888718148978944,5.459979057312012,0.07029006630182266,0.5161458849906921,-0.4800776541233063,-0.8502707481384277,0.2944733202457428,0.4362628757953644,-0.023295044898986816,0.0929778516292572,-0.03869503736495972,0.2775743004501852,-0.8275960034144805,-0.18225336884889173,-0.4525717045605929,-0.29890436332542225,-2.044858630702395,-2.524627590234873
1771888718159010048,5.470010042190552,0.07971712201833725,0.5017999410629272,-0.499866783618927,-0.8539444208145142,0.29066991806030273,0.4316132068634033,-0.03430020809173584,0.09093716740608215,0.03435969352722168,0.27384357402386755,-0.8272207800743581,-0.17751727250748764,-0.45738726239524397,-0.2949269043208665,-2.038782291612521,-2.536602555646046
1771888718169040896,5.480041027069092,-0.1429257094860077,0.5940579771995544,-0.485439658164978,-0.8577530980110168,0.28627127408981323,0.42697635293006897,-0.02289283275604248,-0.012406498193740845,0.2459363341331482,0.2695988580155845,-0.8268712866683259,-0.17254581196667768,-0.46241584153980575,-0.29033296981556805,-2.0326701338207025,-2.549577591779816
1771888718179072000,5.490072011947632,-0.20120419561862946,0.6528539061546326,-0.38885000348091125,-0.8616856336593628,0.2817593812942505,0.42203056812286377,-0.03605008125305176,-0.06873142719268799,0.1270570158958435,0.2649297498826104,-0.8265249666739305,-0.16694840422697632,-0.467757458428656,-0.28562729082153515,-2.0262291222583033,-2.5640840066616177
1771888718189102848,5.500102996826172,-0.1748836487531662,0.6496567726135254,-0.3185744881629944,-0.8654404878616333,0.2779179811477661,0.4168631136417389,-0.017082273960113525,-0.016611218452453613,0.014136731624603271,0.2604322406359279,-0.8261272665012143,-0.1610754511882262,-0.4730154858061224,-0.2816260269069499,-2.0196787166682,-2.5788202519513295
1771888718199134208,5.510134220123291,-0.09783919900655746,0.6297168731689453,-0.30884385108947754,-0.8689851760864258,0.27465566992759705,0.4116179049015045,-0.0056182146072387695,-0.001202911138534546,-0.0072599053382873535,0.2561811391317409,-0.8256668402740611,-0.15518768447290446,-0.47808195827839495,-0.27823159197594943,-2.0131642993729155,-2.593261029804541
1771888718209165056,5.520165205001831,0.05150217562913895,0.5708948969841003,-0.3480362594127655,-0.8723599910736084,0.27171435952186584,0.40639790892601013,0.016921818256378174,0.11045724153518677,-0.020991474390029907,0.2523280385609444,-0.8250794553962365,-0.14980936421748903,-0.48283699746478875,-0.27517395762931635,-2.0067611428927896,-2.6063315516243937
1771888718219196160,5.530196189880371,0.1734429895877838,0.5241934061050415,-0.392195463180542,-0.8755678534507751,0.2689457833766937,0.40130943059921265,0.034671247005462646,0.13464918732643127,-0.03267228603363037,0.2488646502709365,-0.8243836038901797,-0.14507372635234442,-0.48724913408306736,-0.27229831508331254,-2.0005656835968884,-2.6178340956416
1771888718229227008,5.540227174758911,0.21793580055236816,0.5117207765579224,-0.3925139605998993,-0.8787075877189636,0.26631295680999756,0.3961692154407501,0.02951037883758545,0.10569629073143005,-0.02252727746963501,0.24569859088530702,-0.8235677284751475,-0.14078637994740886,-0.4914747928044186,-0.2695658048821638,-1.9943605776794109,-2.6281941788546574
1771888718239258112,5.550258159637451,0.17536383867263794,0.5463740825653076,-0.38468053936958313,-0.8818297386169434,0.2636546492576599,0.3909767270088196,0.03234231472015381,0.04890638589859009,0.04344099760055542,0.2424876835023053,-0.8227100949368394,-0.13651545676458088,-0.49569290710025565,-0.26680895022886514,-1.9881229720422504,-2.6385637347118087
1771888718249288960,5.560289144515991,0.0992184728384018,0.6260099411010742,-0.36315980553627014,-0.8851091265678406,0.2608584761619568,0.38540226221084595,0.024360716342926025,0.006765455007553101,0.08485835790634155,0.23906425353789543,-0.8217515900980134,-0.13200554011396567,-0.5001471888483197,-0.2639113460181011,-1.9814672634483583,-2.6495315382617455
1771888718259320064,5.570320129394531,0.059648431837558746,0.6844013333320618,-0.3420262932777405,-0.8885464072227478,0.2580932378768921,0.379305899143219,0.03127717971801758,0.00246584415435791,0.09675297141075134,0.23552294326108728,-0.8206486266863553,-0.12723514357782642,-0.5048523899371776,-0.2610480414178185,-1.9742613187821205,-2.6610029331016767
1771888718269350912,5.580351114273071,0.0918041467666626,0.7209898829460144,-0.34026220440864563,-0.892077624797821,0.2553330361843109,0.37283068895339966,0.029833972454071045,0.0038069486618041992,0.022265195846557617,0.23196947565685108,-0.8194031734801569,-0.12244909930346014,-0.5096811655115365,-0.2581921552736475,-1.96666787831081,-2.6724547362882998
1771888718279382016,5.590382099151611,0.1919374018907547,0.7125633358955383,-0.351663202047348,-0.8956205248832703,0.25279638171195984,0.36600199341773987,0.015066564083099365,0.07394003868103027,-0.033589333295822144,0.2287246535621616,-0.8179754793585367,-0.11797081341481523,-0.5144743801784558,-0.25556944016627153,-1.958743668026018,-2.6829624100643206
1771888718289412864,5.600413084030151,0.28938087821006775,0.6894801259040833,-0.35954269766807556,-0.8990734815597534,0.2504909336566925,0.35905537009239197,0.01095116138458252,0.08605685830116272,-0.05587860941886902,0.22580517351598306,-0.8164328010044062,-0.11386467103741162,-0.519118673358926,-0.2531873358760835,-1.950752177304366,-2.692433539153075
1771888718299443968,5.610444068908691,0.3292483985424042,0.6684036254882812,-0.3702121376991272,-0.9024127125740051,0.24832385778427124,0.35211801528930664,0.004158079624176025,0.08366166055202484,-0.04179993271827698,0.2230688045644597,-0.8148357790486289,-0.11000752346131555,-0.5236234293266184,-0.2509495237305203,-1.9428226835501545,-2.701265969293685
1771888718309475072,5.6204750537872314,0.3580010235309601,0.6777911186218262,-0.36758705973625183,-0.9056653380393982,0.2462020218372345,0.3451882302761078,-0.008137762546539307,0.0754837691783905,0.012203097343444824,0.2204178570333923,-0.8131971562426252,-0.10632262875670269,-0.5280358599360898,-0.24875970046126675,-1.934941957058046,-2.7097068329027687
1771888718319507200,5.630507230758667,0.33806219696998596,0.7237860560417175,-0.3519098162651062,-0.9089640974998474,0.24416431784629822,0.3378881514072418,-0.02356165647506714,0.03743663430213928,0.040590912103652954,0.21783883819622474,-0.8114202178226143,-0.10267086977312813,-0.5325432211173079,-0.24665784049624825,-1.926696043467051,-2.7179571889862917
1771888718329537024,5.6405370235443115,0.3186601996421814,0.7515761256217957,-0.35773441195487976,-0.9122895002365112,0.24203312397003174,0.33037540316581726,-0.01883232593536377,0.043092623353004456,0.03473687171936035,0.21516265545350172,-0.809560932330474,-0.09898891351748056,-0.5371381167737249,-0.24446072911079259,-1.918244019307069,-2.72634832105263
1771888718339569152,5.650569200515747,0.36284711956977844,0.7940625548362732,-0.3626583218574524,-0.9156928658485413,0.23988986015319824,0.3224274814128876,-0.04033130407333374,0.06968045234680176,0.02307724952697754,0.21252043273538582,-0.8075393638030225,-0.0953620630191792,-0.5418683969067758,-0.2422523901130406,-1.9093524284925971,-2.7345520473098746
1771888718349600000,5.660600185394287,0.3810735046863556,0.7560297250747681,-0.38285547494888306,-0.9190908074378967,0.2376091182231903,0.31434664130210876,-0.01361781358718872,0.09121778607368469,0.00712546706199646,0.20993202959098783,-0.8054261087646298,-0.09198967829028502,-0.5465849834015848,-0.2399037374280319,-1.9003436254689348,-2.7422548115933454
1771888718359631104,5.670631170272827,0.39700984954833984,0.7264859676361084,-0.3973207175731659,-0.9223201274871826,0.2352171689271927,0.3065911829471588,-0.006939947605133057,0.06345835328102112,0.004428684711456299,0.2073256284516977,-0.8033717163279209,-0.08882276430168333,-0.5511083183122047,-0.23744199434282295,-1.8917183435918152,-2.7496876792754836
1771888718369661952,5.680662155151367,0.429818332195282,0.695958137512207,-0.3552235960960388,-0.9253753423690796,0.2329632192850113,0.2990126609802246,-0.02802431583404541,-0.017600655555725098,-0.06584310531616211,0.20479255837365962,-0.8013454476938694,-0.08574262608587127,-0.5554760845935468,-0.23512362653057078,-1.883332136642652,-2.7569167955267564
1771888718379693056,5.690693140029907,0.5079610347747803,0.6523395776748657,-0.35795679688453674,-0.9281986355781555,0.23107463121414185,0.2916359603404999,-0.03385263681411743,0.02330462634563446,-0.03742459416389465,0.20252852934107726,-0.7993478021624397,-0.08283154743717362,-0.5596106926832238,-0.23318206136769873,-1.8752252082714562,-2.763567600466844
1771888718389723904,5.700724124908447,0.5444248914718628,0.654342532157898,-0.3629145324230194,-0.930911660194397,0.22925052046775818,0.2843371033668518,-0.04656630754470825,0.06509152054786682,-0.02939322590827942,0.20043774879876683,-0.7973328578080513,-0.08018018414095675,-0.5636099118404738,-0.23130761915421413,-1.8672358884967533,-2.7695937201094147
1771888718399755008,5.710755109786987,0.5738964676856995,0.645742654800415,-0.35348960757255554,-0.9335572719573975,0.22751717269420624,0.2769595682621002,-0.05582249164581299,0.06516164541244507,-0.02647128701210022,0.19852844240387021,-0.7952582915158427,-0.07774335171990104,-0.5675443565793262,-0.22952723099966665,-1.8591963952799995,-2.775040371813597
1771888718409786112,5.720786094665527,0.5527614951133728,0.6277024149894714,-0.3410872519016266,-0.9361012578010559,0.22571967542171478,0.26975005865097046,-0.03365582227706909,0.04216362535953522,-0.029805541038513184,0.19650771150115304,-0.7932263737941665,-0.07527912333866313,-0.5714102792606134,-0.2276817071185725,-1.8513587244686582,-2.7806964495179507
1771888718419816960,5.730817079544067,0.5322327613830566,0.6071169376373291,-0.34331074357032776,-0.9385407567024231,0.22397279739379883,0.2626357972621918,-0.0006377100944519043,-0.009006991982460022,-0.03004610538482666,0.194504657054043,-0.7912077608809501,-0.07285728533045875,-0.5751957121523293,-0.22588892439842054,-1.8436512768889377,-2.786278605991316
1771888718429848064,5.740848064422607,0.5427156090736389,0.6179763674736023,-0.34738510847091675,-0.9408895969390869,0.22210100293159485,0.2557307183742523,0.004854321479797363,0.027242884039878845,-0.02927502989768982,0.19237569494710188,-0.7892419835637489,-0.07044464281410769,-0.5789009998978824,-0.22396876493411255,-1.8361820414135215,-2.7920346499540916
1771888718439878912,5.7508790493011475,0.5296109914779663,0.6295797824859619,-0.3354805111885071,-0.943218469619751,0.22025631368160248,0.24864882230758667,-0.007968664169311523,-0.0005602836608886719,-0.012229084968566895,0.19025462854247527,-0.7872073212574421,-0.06803708341351351,-0.5826481047152248,-0.22207723340046465,-1.8285497654050558,-2.7977577143745926
1771888718449910272,5.760910272598267,0.519849956035614,0.6562618017196655,-0.3184986114501953,-0.9455130100250244,0.2184859663248062,0.2413896918296814,-0.00851219892501831,-0.0025741010904312134,-0.042765989899635315,0.18815907827033526,-0.7851043717451858,-0.06561988682490494,-0.5864309935857615,-0.22026267458603616,-1.820757181623563,-2.8034491765492895
1771888718459941120,5.770941257476807,0.5158022046089172,0.6558098793029785,-0.3041295111179352,-0.9477577209472656,0.21679238975048065,0.2340008169412613,0.002689361572265625,-0.011241257190704346,-0.020972847938537598,0.18951450410684575,-0.782566884084221,-0.06774569010949724,-0.5891382425716163,-0.21852751873792933,-1.8128546519451747,-2.7974873194831282
1771888718469972224,5.780972242355347,0.48235562443733215,0.6549854278564453,-0.29847508668899536,-0.9499223232269287,0.21509282290935516,0.2266768366098404,0.012514054775238037,0.005060940980911255,-0.01125328242778778,0.19080762599952958,-0.7800451291894864,-0.06977115706232215,-0.5918225584263926,-0.21678688291209663,-1.8050423986271085,-2.7917822383006006
1771888718480003072,5.791003227233887,0.4583139419555664,0.6373022794723511,-0.28481119871139526,-0.9519900679588318,0.2133808583021164,0.21950674057006836,0.019510388374328613,0.005124971270561218,-0.008355662226676941,0.19200213916287437,-0.7775710809058094,-0.07166999402053444,-0.5944591405235652,-0.21503421525940594,-1.797412392993044,-2.786432253368841
1771888718490034176,5.801034212112427,0.36937105655670166,0.604701578617096,-0.2638811469078064,-0.9539270997047424,0.21163521707057953,0.21268251538276672,0.03145688772201538,-0.04436834156513214,-0.015111654996871948,0.18944782303640245,-0.7756377565794211,-0.06875556838600073,-0.5981373965452084,-0.21324777127340744,-1.7901631613345044,-2.7935964045664847
1771888718500065024,5.811065196990967,0.4179958403110504,0.584141731262207,-0.2460576891899109,-0.9557332396507263,0.21000060439109802,0.20609156787395477,0.02767843008041382,-0.0067535340785980225,-0.014502167701721191,0.18690101481240218,-0.773763794559433,-0.06584355064418093,-0.6016828260153733,-0.2115755832650289,-1.783181382879517,-2.800774263649374
1771888718510096128,5.821096181869507,0.4122053384780884,0.5269905924797058,-0.2301274538040161,-0.9573633074760437,0.2085827887058258,0.1998714953660965,0.03234505653381348,0.0277605801820755,-0.014126315712928772,0.18449233811069246,-0.7719862553443751,-0.06303150611481399,-0.6050014687655882,-0.2101256532055341,-1.7766129474674721,-2.8076562735191364
1771888718520126976,5.831127166748047,0.3567008078098297,0.5222378969192505,-0.2099478840827942,-0.9588504433631897,0.20722992718219757,0.19406664371490479,0.0013155341148376465,0.015304267406463623,-0.013494104146957397,0.1819343891948192,-0.7703402865300736,-0.06007634064065672,-0.6081666339607656,-0.20874256725217782,-1.7704938234337193,-2.8150023715461083
1771888718530158080,5.841158151626587,0.3395282030105591,0.5210323929786682,-0.19337929785251617,-0.9602742791175842,0.20599348843097687,0.18825529515743256,-0.01912635564804077,0.009094402194023132,-0.01578521728515625,0.17932323250243112,-0.7686861723670589,-0.05700187452379106,-0.6113227795368453,-0.20747886263126322,-1.764384445181662,-2.8226026404462328
1771888718540188928,5.851189136505127,0.2799631357192993,0.518731415271759,-0.19699160754680634,-0.9616392850875854,0.20470605790615082,0.18260760605335236,-0.0013582706451416016,0.03505532443523407,0.020288482308387756,0.17656573681326895,-0.7670750385368362,-0.05384875540906672,-0.6144272272499522,-0.20616339423157926,-1.7584540366679902,-2.830533590064126
1771888718550220032,5.861220121383667,0.25564244389533997,0.5455724596977234,-0.1896977424621582,-0.9630025029182434,0.2033117264509201,0.17689149081707,-0.019358336925506592,0.0195733904838562,0.034412264823913574,0.1736943164572233,-0.7654266103856532,-0.0506739656679117,-0.6175634024053871,-0.2047391148166441,-1.752458704092348,-2.838639666069274
1771888718560250880,5.871251106262207,0.2570216953754425,0.5558642745018005,-0.19680678844451904,-0.9643535614013672,0.20189781486988068,0.1710546910762787,-0.011735975742340088,0.04762914776802063,0.032100796699523926,0.17071141139091453,-0.7637276260294712,-0.04740736503760758,-0.6207498220606665,-0.20329525448563257,-1.7463479826429817,-2.847021377079895
1771888718570281984,5.881282091140747,0.18989688158035278,0.5439996123313904,-0.19399981200695038,-0.9656733274459839,0.20039591193199158,0.16527774930000305,0.009908437728881836,0.03686301410198212,0.05127502977848053,0.17105506477185278,-0.761776347261857,-0.04832876180792914,-0.6229778569228175,-0.20176200930315732,-1.7403067371929652,-2.8445478481495177
1771888718580313088,5.891313076019287,0.25154829025268555,0.5359968543052673,-0.17583811283111572,-0.9669318199157715,0.19897428154945374,0.15953758358955383,0.013516902923583984,0.01972992718219757,0.052300214767456055,0.17144599520594292,-0.7598317443847388,-0.04923935532317772,-0.6251700036962463,-0.2003111647168854,-1.7343167429988742,-2.842039295695597
1771888718590343936,5.901344060897827,0.3266749680042267,0.5129551291465759,-0.17522293329238892,-0.9681054353713989,0.19772715866565704,0.15386943519115448,0.0206720232963562,0.05398182570934296,0.05755637586116791,0.17213670833870987,-0.7578899127349025,-0.050374542909459454,-0.6272433480629476,-0.19903875577648672,-1.7284166196800814,-2.838799955585807
1771888718600375040,5.911375045776367,0.31758826971054077,0.4973631501197815,-0.1725326031446457,-0.9692155718803406,0.1965188831090927,0.1483297199010849,0.010154783725738525,0.06346037983894348,0.0665292888879776,0.17292197144418728,-0.7559779949780917,-0.051595836673211416,-0.6292322391511469,-0.1978063004088522,-1.7226590224809457,-2.8353207815616446
1771888718610406144,5.921406269073486,0.31992483139038086,0.45465120673179626,-0.16876903176307678,-0.9702540636062622,0.19531744718551636,0.14303135871887207,0.012627840042114258,0.06244926154613495,0.06660912930965424,0.17373025597074207,-0.7541365906781081,-0.05285532617528347,-0.6311117411640093,-0.19658112591514443,-1.7171585799750144,-2.831781620336923
1771888718620437248,5.931437253952026,0.4124337434768677,0.4220471978187561,-0.17343248426914215,-0.9712082743644714,0.1941411793231964,0.13807068765163422,0.01704573631286621,0.05247136950492859,0.050985679030418396,0.17465442146261603,-0.7523902174670595,-0.05426143714391866,-0.6328194257334872,-0.19538189019115582,-1.7120138644007663,-2.82790122196538
1771888718630468096,5.941468238830566,0.39963847398757935,0.36464542150497437,-0.16703423857688904,-0.9720686078071594,0.19310308992862701,0.13339470326900482,0.021491706371307373,0.06037592887878418,0.07740546762943268,0.17581737413782794,-0.7507172870135924,-0.05586504300713542,-0.6343429902295398,-0.19432378074255705,-1.707172191299944,-2.8234294665038915
1771888718640499200,5.9514992237091064,0.2994343936443329,0.34438571333885193,-0.15648120641708374,-0.97284996509552,0.19196400046348572,0.1292778104543686,0.01803123950958252,0.016760975122451782,0.09589612483978271,0.17671886727742733,-0.7492371724710121,-0.057293654131047256,-0.6357133853625088,-0.19316297835717244,-1.7029079803549132,-2.819636261257105
1771888718650530048,5.9615302085876465,0.21038059890270233,0.31982895731925964,-0.13696396350860596,-0.9735501408576965,0.19088557362556458,0.12555000185966492,-0.0017611384391784668,0.004152268171310425,0.0890495777130127,0.177282523653166,-0.7479131841554906,-0.05831698804179976,-0.6370211253242744,-0.19206422292404482,-1.699049464577407,-2.816958050609672
1771888718660561152,5.9715611934661865,0.1959795504808426,0.31225067377090454,-0.12066780775785446,-0.9741772413253784,0.18993550539016724,0.12207962572574615,-0.0003712177276611328,0.007360666990280151,0.07819201052188873,0.17774480929824227,-0.7466868309456949,-0.05914888008377073,-0.6382531290902284,-0.19109645139699438,-1.6954620776629328,-2.8147354349338967
1771888718670592000,5.981592178344727,0.18229010701179504,0.28106290102005005,-0.11573509871959686,-0.9747563004493713,0.1890326738357544,0.1188148632645607,0.0008640885353088379,0.039406657218933105,0.08333361148834229,0.17816238111825222,-0.7455319131309712,-0.059913264045720914,-0.6394144277449656,-0.19017696337063741,-1.6920898439919916,-2.812698107832861
1771888718680623104,5.991623163223267,0.21805423498153687,0.26075899600982666,-0.12563273310661316,-0.9753078818321228,0.18807174265384674,0.11577405780553818,-0.014957010746002197,0.07592056691646576,0.09700977802276611,0.17859632328890157,-0.7444425094144237,-0.0607649611352949,-0.6404813497020404,-0.18919848321352012,-1.688948581034737,-2.810530566240562
1771888718690653952,6.001654148101807,0.23813214898109436,0.22181585431098938,-0.11932104825973511,-0.9758085012435913,0.18714462220668793,0.11302641779184341,-0.027121305465698242,0.08977186679840088,0.08031775057315826,0.17909689197250286,-0.7434421253289057,-0.0617010117679825,-0.6414134579612354,-0.18825461160205276,-1.6861109461338863,-2.808174697670693
1771888718700685056,6.011685132980347,0.26388251781463623,0.22326834499835968,-0.10627128928899765,-0.97626793384552,0.18634574115276337,0.11034539341926575,-0.044636547565460205,0.06789618730545044,0.11067818850278854,0.17978524213439348,-0.7424512182230993,-0.0627605248393568,-0.6422651519100697,-0.18744142497395389,-1.6833464363334878,-2.805382794336861
1771888718710715904,6.021716117858887,0.18366774916648865,0.19959549605846405,-0.08967394381761551,-0.9766891598701477,0.18559768795967102,0.10785119980573654,-0.014659106731414795,0.02068588137626648,0.14774882793426514,0.18038274404678642,-0.7415311678086182,-0.0636955678095382,-0.6430680625939169,-0.1866800782086596,-1.680776049582432,-2.8029220498541676
1771888718720747008,6.031747102737427,0.043102387338876724,0.2408425360918045,-0.07878933101892471,-0.9770762324333191,0.1848936676979065,0.10552998632192612,-0.011510193347930908,-0.029864385724067688,0.1227872371673584,0.18060673352536497,-0.7407058703795751,-0.06418571325661988,-0.6439070720497677,-0.18596366183669302,-1.6783851546698427,-2.801661704553395
1771888718730777856,6.041778087615967,-0.0484016090631485,0.23056714236736298,-0.04063368961215019,-0.9774150848388672,0.18440139293670654,0.10322705656290054,-0.009218156337738037,-0.022826090455055237,0.10491811484098434,0.18050926812004878,-0.7399315397289948,-0.06414705781158513,-0.6448277718190629,-0.18546277554731147,-1.6760185702821473,-2.8016406512291536
1771888718740808960,6.051809072494507,-0.033578187227249146,0.20299649238586426,-0.02587764710187912,-0.9776952266693115,0.18406464159488678,0.1011541336774826,0.004352390766143799,0.017259806394577026,0.11124824732542038,0.1766317792500707,-0.7396036260586308,-0.05969542695899012,-0.6467024988442756,-0.18512016349317043,-1.6738913419822883,-2.8134719991595025
1771888718750840064,6.061840057373047,-0.004632111173123121,0.13295947015285492,-0.018139300867915154,-0.9779112935066223,0.1838064342737198,0.0995226725935936,0.019933998584747314,0.07740876078605652,0.10769164562225342,0.17654193149524927,-0.7390609602751623,-0.059583827473403704,-0.6473574260155819,-0.18485746869013184,-1.6722177924483401,-2.813612042101875
1771888718760870912,6.071871042251587,0.009148948825895786,0.1169738620519638,0.0056488532572984695,-0.9780471920967102,0.18373937904834747,0.09830204397439957,0.007832527160644531,0.05629661679267883,0.07439695298671722,0.17657722117352925,-0.7386529188695677,-0.05952216865590611,-0.6478189138206509,-0.1847892609136671,-1.6709684102286577,-2.81354218698588
1771888718770902272,6.081902265548706,-0.06206762045621872,0.0720781534910202,0.010052922181785107,-0.9781172871589661,0.18381088972091675,0.09746754169464111,0.017073094844818115,0.09075576066970825,0.12389169633388519,0.17648372568559012,-0.7383917170725502,-0.05925743570249734,-0.6481663435669365,-0.18486200514512527,-1.6701165675561838,-2.8139894696012675
1771888718780933120,6.091933250427246,-0.17545543611049652,0.02014651522040367,0.04045317322015762,-0.9781304001808167,0.18390081822872162,0.09716755896806717,0.03675466775894165,0.015943527221679688,0.13864171504974365,0.1761568018228277,-0.7383283216037624,-0.058779833428136814,-0.6483710681288372,-0.18495349806282446,-1.6698115590554634,-2.8151272788831037
1771888718790964224,6.101964235305786,-0.18657252192497253,-0.005744471680372953,0.06604667752981186,-0.9780421257019043,0.18424378335475922,0.09740433841943741,0.03875696659088135,-0.00263369083404541,0.1568986028432846,0.17567408592863062,-0.7384701132811858,-0.05800053914947288,-0.6484106432766201,-0.1853024258798805,-1.6700601603893717,-2.816980342786245
1771888718800995072,6.111995220184326,-0.28297126293182373,-0.035801440477371216,0.10165473818778992,-0.9778533577919006,0.18488702178001404,0.09808000177145004,0.040216028690338135,0.018314257264137268,0.12248575687408447,0.17509055311098254,-0.7387818477874916,-0.056933139852059375,-0.6483080591094379,-0.18595689700356868,-1.6707633263833526,-2.819443482360615
1771888718811026176,6.122026205062866,-0.30664265155792236,-0.06251214444637299,0.10529635101556778,-0.9776199460029602,0.18559814989566803,0.09905834496021271,0.037770092487335205,0.021036356687545776,0.1601121425628662,0.1743092975064206,-0.7392124788907822,-0.05562449442372182,-0.6481412612326769,-0.18668055951859416,-1.6717777054389198,-2.822568604806199
1771888718821057024,6.132057189941406,-0.311748206615448,-0.14837485551834106,0.12350252270698547,-0.977241575717926,0.1864652931690216,0.10114240646362305,0.062385499477386475,0.06113909184932709,0.13489581644535065,0.1734483002219876,-0.7400199211481924,-0.05423761527961264,-0.6475681892314427,-0.18756309574561764,-1.673926988661816,-2.826024988715885
1771888718831088128,6.142088174819946,-0.26181909441947937,-0.19053828716278076,0.1311710923910141,-0.9767364859580994,0.18768733739852905,0.1037268117070198,0.03912973403930664,0.05689577758312225,0.12790155410766602,0.17279574519871982,-0.7409910043140321,-0.05287471595944297,-0.6467443290264526,-0.1888071123519979,-1.6765971084653515,-2.829206336668103
1771888718841118976,6.152119159698486,-0.2253364473581314,-0.25938552618026733,0.13616184890270233,-0.9762027859687805,0.1888633519411087,0.10657870769500732,0.022299468517303467,0.09044879674911499,0.13075651228427887,0.17230734248053745,-0.7420311045248634,-0.05176092404160112,-0.6457715855854443,-0.19000453395516087,-1.6795424337096119,-2.8318170668315705
1771888718851150080,6.162150144577026,-0.24454234540462494,-0.2872473895549774,0.15956944227218628,-0.9755280017852783,0.19033870100975037,0.1100742295384407,0.01004338264465332,0.10024967789649963,0.15448260307312012,0.17196619175652184,-0.7432837619825811,-0.05065930973686588,-0.644507988461462,-0.19150713844059206,-1.6831566251408798,-2.8342720144876137
1771888718861180928,6.172181129455566,-0.3495449423789978,-0.2948363423347473,0.1674225628376007,-0.9748249053955078,0.19167311489582062,0.11392074078321457,-0.015745162963867188,0.06711594760417938,0.2325453758239746,0.16773464162470275,-0.7449278363646851,-0.045198330052047514,-0.6441310071873838,-0.1928665868773029,-1.6871314237181756,-2.848640928958122
1771888718871212032,6.1822121143341064,-0.48024043440818787,-0.3245258927345276,0.20691432058811188,-0.9741004109382629,0.19302865862846375,0.11776358634233475,-0.015676140785217285,0.03386951982975006,0.19870364665985107,0.16671411997078447,-0.7463225827774109,-0.043409613081698564,-0.6429032629924664,-0.19424792765604323,-1.6911071623843046,-2.8530995125535576
1771888718881242880,6.1922430992126465,-0.5832126140594482,-0.3029002249240875,0.2348649948835373,-0.9732959866523743,0.19455158710479736,0.12183871865272522,0.00012093782424926758,-0.030290722846984863,0.16104400157928467,0.16535409961768469,-0.7478163961777149,-0.04110955269074317,-0.6416686738577617,-0.19580028383711842,-1.695330090930416,-2.858817837277846
1771888718891273984,6.2022740840911865,-0.5963398218154907,-0.4096274971961975,0.2384037971496582,-0.9724197387695312,0.1961190402507782,0.12624260783195496,0.06571197509765625,0.009386330842971802,0.10573673248291016,0.16383747929597867,-0.749420153902493,-0.03861006574596035,-0.6403405215184448,-0.19739852083969622,-1.6998974314255764,-2.865087301212824
1771888718901305088,6.212305068969727,-0.4612538814544678,-0.5425243377685547,0.22453857958316803,-0.9713247418403625,0.19771181046962738,0.13205388188362122,0.09844577312469482,0.02009214460849762,0.06287716329097748,0.1624643132994361,-0.7514671433380956,-0.036387864118653794,-0.6384186360078136,-0.19902309648484964,-1.7059202511776608,-2.8708909413567527
1771888718911335936,6.222336053848267,-0.35189101099967957,-0.6301771998405457,0.2678503692150116,-0.9700503349304199,0.19950877130031586,0.13855941593647003,0.009448528289794922,0.05236804485321045,0.04907786846160889,0.16160682721791605,-0.7537094995795304,-0.03466553792172817,-0.6360845745286157,-0.20085659084371052,-1.7126739818090064,-2.875320533836317
1771888718921367040,6.232367038726807,-0.19385209679603577,-0.6269933581352234,0.2662183940410614,-0.9686115980148315,0.201736718416214,0.14523805677890778,-0.08041501045227051,0.0807034820318222,0.1368206888437271,0.1613636497692134,-0.755981265480931,-0.033337011986052545,-0.6335162577658733,-0.20313076895933488,-1.719632072924941,-2.878355902545704
1771888718931398144,6.242398262023926,-0.2510756254196167,-0.6512849926948547,0.28993064165115356,-0.9670859575271606,0.20413480699062347,0.1519002914428711,-0.09773331880569458,0.09928619861602783,0.2081308215856552,0.16129995585850615,-0.7582356829407483,-0.03207488493279251,-0.630897920121627,-0.20557982326743054,-1.7265935294423944,-2.8810629342927703
1771888718941429248,6.252429246902466,-0.41641318798065186,-0.6823171973228455,0.28954553604125977,-0.9654539227485657,0.2064523547887802,0.15898536145687103,-0.059158504009246826,0.010832786560058594,0.2817342281341553,0.1609050342954277,-0.7606326712203806,-0.030506038141340418,-0.6281854745309,-0.20794780486608766,-1.7340057662384516,-2.8847408014364655
1771888718951460096,6.262460231781006,-0.5681951642036438,-0.7571395039558411,0.321727991104126,-0.963638424873352,0.20856904983520508,0.16703395545482635,-0.036743223667144775,-0.010326862335205078,0.19012857973575592,0.15979150826690794,-0.7633584944553973,-0.02829812277396874,-0.6252598263690469,-0.21011160500252393,-1.7424277135826747,-2.8904711293965364
1771888718961491200,6.272491216659546,-0.5989230275154114,-0.7913984060287476,0.3176855742931366,-0.9616403579711914,0.2106492817401886,0.1757127046585083,-0.043944478034973145,-0.052369847893714905,0.0905379205942154,0.15847371044694458,-0.7662804459694983,-0.025896508651780455,-0.6221172288153629,-0.21223909811878844,-1.75152443326219,-2.8968535152024613
1771888718971522048,6.282522201538086,-0.6430604457855225,-0.9234943985939026,0.3267424404621124,-0.959402322769165,0.2126798927783966,0.18524259328842163,-0.012658953666687012,0.026471123099327087,0.07577432692050934,0.15700356567506513,-0.7694636609015325,-0.023387336605842635,-0.6186507308603418,-0.21431678237760513,-1.761530467606841,-2.9037123547276567
1771888718981553152,6.292553186416626,-0.6123999953269958,-1.113991141319275,0.32674431800842285,-0.9567769765853882,0.21452145278453827,0.19636270403862,0.001195371150970459,0.025468766689300537,0.08046220242977142,0.15542740155946866,-0.7731366723178116,-0.021000862623296198,-0.6145412470334323,-0.21620185249142837,-1.773219011005256,-2.9107133362464777
1771888718991585024,6.302585124969482,-0.5582587122917175,-1.3113383054733276,0.37735235691070557,-0.9535174369812012,0.21675407886505127,0.20933738350868225,-0.021458089351654053,0.06562507152557373,0.005597934126853943,0.15410903615097046,-0.7773785849398864,-0.01874097240428278,-0.6095750213997424,-0.21848826053654313,-1.786909984379243,-2.917414944288897
1771888719001616128,6.3126161098480225,-0.6052520275115967,-1.415847897529602,0.38565585017204285,-0.9497309327125549,0.21910768747329712,0.22361285984516144,-0.04343301057815552,0.08236019313335419,0.11443027853965759,0.15289959879770407,-0.7820048136313592,-0.016580112881895592,-0.6039993234683941,-0.22089984453543773,-1.8020334039275565,-2.923999929197366
1771888719011646976,6.3226470947265625,-0.6341519951820374,-1.501044750213623,0.3858529031276703,-0.9454591870307922,0.22136996686458588,0.23896095156669617,-0.029852092266082764,0.08755949139595032,0.16011738777160645,0.1514888049835181,-0.7869416048946636,-0.0142613014160919,-0.5979721408507852,-0.2232190654783138,-1.818357712139929,-2.9312468551066857
1771888719021677056,6.332677125930786,-0.7112467885017395,-1.490952968597412,0.4260959327220917,-0.9408397674560547,0.22352570295333862,0.25467050075531006,-0.04413044452667236,0.08663971722126007,0.18012872338294983,0.14990072204822436,-0.7919578519899072,-0.011748102485174543,-0.5917724628224278,-0.22543020277985054,-1.8351458090133834,-2.939101012972355
1771888719031708928,6.342709064483643,-0.8552873134613037,-1.4555633068084717,0.44574180245399475,-0.9360095262527466,0.22551153600215912,0.2702425718307495,-0.05593395233154297,-0.007600769400596619,0.12402930855751038,0.141980803126368,-0.7969446848460086,-0.0006728986780105157,-0.5871288520453298,-0.2274680659732188,-1.851870571394578,-2.9684984602376936
1771888719041740032,6.352740049362183,-0.8941348195075989,-1.5055311918258667,0.4838692247867584,-0.9308129549026489,0.22744357585906982,0.2861058712005615,0.012203395366668701,0.03221522271633148,0.10589239001274109,0.1368798159411108,-0.8018768889732202,0.006811046097252502,-0.5815590626108564,-0.22945164362120096,-1.8690026575096557,-2.9887228380669466
1771888719051771136,6.362771272659302,-0.8972558975219727,-1.578324317932129,0.5514285564422607,-0.9251153469085693,0.22958727180957794,0.3024095594882965,0.029668450355529785,-0.06048937141895294,0.06277909874916077,0.13194033310202252,-0.8068425853147304,0.014485158644909945,-0.5756622799984183,-0.23165361230443657,-1.88673535205192,-3.009146574395193
1771888719061802240,6.372802257537842,-0.7978273034095764,-1.727370262145996,0.5886057615280151,-0.918603241443634,0.23224496841430664,0.3197351396083832,0.020135104656219482,0.03254082798957825,-0.006594270467758179,0.12748409220914747,-0.8120204253299028,0.02214494454616412,-0.5691048506280918,-0.23438512242387335,-1.9057477256259527,-3.0291484881070994
1771888719071833088,6.382833242416382,-0.6411061882972717,-1.7777981758117676,0.6048086881637573,-0.9114378690719604,0.23530854284763336,0.3375072479248047,-0.0568087100982666,0.11279024183750153,0.0327320396900177,0.12370208586795292,-0.8172427302619794,0.029460871561441577,-0.5620891965340657,-0.23753600570026515,-1.925441832825271,-3.0479194632999023
1771888719081864192,6.392864227294922,-0.5412129163742065,-1.7467236518859863,0.5740907192230225,-0.9038809537887573,0.23868317902088165,0.3550070822238922,-0.078205406665802,0.18039947748184204,0.13028350472450256,0.12061471063322257,-0.8223039598703098,0.03632816212816846,-0.5549312627000154,-0.24100960635526822,-1.9450446373222128,-3.065192192118978
1771888719091895040,6.402895212173462,-0.5357274413108826,-1.6825954914093018,0.5596292018890381,-0.8962752223014832,0.24181868135929108,0.3717725872993469,-0.1075090765953064,0.15176652371883392,0.20035579800605774,0.1176907020888624,-0.8270646029709835,0.04301669123143425,-0.5479623809098699,-0.24423972611423767,-1.9639935884311803,-3.0819637022515085
1771888719101926144,6.412926197052002,-0.554308295249939,-1.6233563423156738,0.550731897354126,-0.8886548280715942,0.24462638795375824,0.38787952065467834,-0.10717952251434326,0.16095222532749176,0.15359389781951904,0.1147512897922978,-0.8315471433343452,0.04969016610343686,-0.5411953196667006,-0.24713435181418866,-1.9823498169553087,-3.098710758092814
1771888719111956992,6.422957181930542,-0.5231980085372925,-1.6743956804275513,0.5574017763137817,-0.8807445764541626,0.24742670357227325,0.40381813049316406,-0.0829395055770874,0.07563236355781555,0.025518417358398438,0.11194979557257914,-0.8359001216172826,0.05639190029415733,-0.534376466845328,-0.25002347493664806,-2.000693260421867,-3.115404806118532
1771888719121988096,6.432988166809082,-0.5239580869674683,-1.7824169397354126,0.6187828183174133,-0.8721028566360474,0.2505219876766205,0.42032793164253235,-0.04708671569824219,0.06554856896400452,-0.031091392040252686,0.1094288823446772,-0.8403406075996592,0.06317937311872138,-0.5271256382859245,-0.2532194137549656,-2.0199166635456933,-3.1321089372358686
1771888719132018944,6.443019151687622,-0.4850747883319855,-1.9212355613708496,0.6315649151802063,-0.8626070022583008,0.25373658537864685,0.4376373589038849,-0.07420617341995239,0.010637134313583374,-0.02732861042022705,0.10715810517746105,-0.8449413542553047,0.06994848034926412,-0.5193248671130178,-0.2565413327484287,-2.0403008168840695,3.1344539780103093
1771888719142050048,6.453050136566162,-0.3549404740333557,-2.045896291732788,0.6421816349029541,-0.8520099520683289,0.25738248229026794,0.45588698983192444,-0.049433350563049316,0.14151275157928467,-0.08523580431938171,0.10549889181618619,-0.8497656919088324,0.07643143569809528,-0.5108095087309362,-0.2603124478821651,-2.0621066145602245,3.1187015560239657
1771888719152080896,6.463081121444702,-0.3046274185180664,-2.02221417427063,0.599084734916687,-0.840907096862793,0.26112300157546997,0.4740149676799774,-0.12608826160430908,0.08996647596359253,0.06799250841140747,0.1042610654520324,-0.8545095286552307,0.08258906970011166,-0.5021176988192053,-0.2641853979867696,-2.0840929794476244,3.103830204350359
1771888719162112000,6.473112106323242,-0.2248612344264984,-1.963758945465088,0.5415375828742981,-0.8297265768051147,0.2646358013153076,0.4914484918117523,-0.11843925714492798,0.1643955409526825,0.1152561604976654,0.10327191712851762,-0.8590222197529018,0.08834631249258856,-0.4935692737149764,-0.26782623173868997,-2.105536116827133,3.089887879099134
1771888719172143104,6.483143091201782,-0.23132304847240448,-1.8433053493499756,0.5166617631912231,-0.8187528848648071,0.26785796880722046,0.507834792137146,-0.14685392379760742,0.16219577193260193,0.15946263074874878,0.10233306933230492,-0.8631879420602978,0.09393603498477042,-0.48539742868725516,-0.2711690626607121,-2.125975549667323,3.0763391068227532
1771888719182173952,6.493174076080322,-0.2666962146759033,-1.7289502620697021,0.52712082862854,-0.8081478476524353,0.2708337903022766,0.5230161547660828,-0.18063688278198242,0.064890056848526,0.16922920942306519,0.10131483861709419,-0.8669415128024908,0.09960173501407191,-0.47773126569370283,-0.2742591032466306,-2.145185737695169,3.062668884170914
1771888719192205056,6.503205060958862,-0.2477709949016571,-1.7776737213134766,0.5173134803771973,-0.7973859310150146,0.2736200988292694,0.5378732085227966,-0.1216355562210083,0.0341649055480957,0.02081209421157837,0.10029882327544627,-0.8705468402519492,0.10528434211169806,-0.470110102244332,-0.27715477326740046,-2.164233770001591,3.0489216730691706
1771888719202235904,6.513236045837402,-0.23828960955142975,-1.9011361598968506,0.5392544269561768,-0.785907506942749,0.2765690088272095,0.5530451536178589,-0.09341073036193848,0.06461751461029053,-0.10986888408660889,0.09956697450260002,-0.8742009065224371,0.11088438543753915,-0.46212965899657255,-0.2802220095116271,-2.1840029384095545,3.035414707172384
1771888719212267264,6.5232672691345215,-0.27314019203186035,-2.03839373588562,0.5527611970901489,-0.7733228206634521,0.2793656289577484,0.5691458582878113,-0.0818408727645874,0.038810670375823975,-0.04670006036758423,0.0988925563927409,-0.8780610917710862,0.11654026629920206,-0.4534836742712943,-0.2831333690698068,-2.2052604879421542,3.0215708734217532
1771888719222298112,6.5332982540130615,-0.1790594905614853,-2.109055280685425,0.5351779460906982,-0.7597067952156067,0.28223782777786255,0.5858222842216492,-0.12991130352020264,0.013202875852584839,-0.057456135749816895,0.0984850581723277,-0.8820435314554174,0.122107974689556,-0.44428557605827235,-0.2861259884430127,-2.2276754553175953,3.0078763288060846
1771888719232329216,6.543329238891602,-0.0601198710501194,-2.09609055519104,0.5091024041175842,-0.745659351348877,0.2854602336883545,0.6020832061767578,-0.16609889268875122,0.06842157244682312,-0.06053364276885986,0.09861469565900108,-0.8859134168949461,0.12727541364355519,-0.43500967102123117,-0.2894866110349696,-2.25006394251484,2.9952921904617162
1771888719242360064,6.553360223770142,-0.12446530908346176,-1.947322130203247,0.4827432334423065,-0.7318049073219299,0.28869742155075073,0.61734539270401,-0.1735447645187378,0.04901006817817688,0.1882423758506775,0.09893972544277481,-0.8894862041513124,0.13223834425385897,-0.4260730433027708,-0.2928660577689748,-2.271558899141309,2.983282273230048
1771888719252391168,6.563391208648682,-0.2549546957015991,-1.815510630607605,0.5165427327156067,-0.7185489535331726,0.29109054803848267,0.63162761926651,-0.21383929252624512,0.019746243953704834,0.20820075273513794,0.09868835900005618,-0.8926902466657055,0.13754252123482322,-0.4176681821746915,-0.2953665440420115,-2.2919054867106357,2.970243694401573
1771888719262422016,6.573422193527222,-0.4707207977771759,-1.6953799724578857,0.5482239723205566,-0.7058514952659607,0.29255571961402893,0.6451239585876465,-0.2028399109840393,0.01437482237815857,0.22044610977172852,0.09775877329315895,-0.8955538586197177,0.1433362442557824,-0.40973317093419886,-0.2968984028160797,-2.311273870005539,2.9558244350089082
1771888719272453120,6.583453178405762,-0.4375969469547272,-1.81377112865448,0.592060387134552,-0.6927187442779541,0.29346972703933716,0.6587992310523987,-0.12380963563919067,0.04617568850517273,-0.05159097909927368,0.09646445194279475,-0.8983447591272004,0.14958716223512422,-0.4016155453490586,-0.2978543698017147,-2.3311024206630324,2.940144259914905
1771888719282483968,6.593484163284302,-0.2442527860403061,-1.97500479221344,0.644436776638031,-0.6782433986663818,0.29543617367744446,0.6728319525718689,-0.08213239908218384,0.009968429803848267,-0.262248694896698,0.09607622133427217,-0.9012239311403311,0.15560016677984087,-0.392878141572174,-0.29991205501511853,-2.3521892263251667,2.9253661467688454
1771888719292515072,6.603515148162842,-0.04883108660578728,-2.0723953247070312,0.6077408194541931,-0.6625140905380249,0.29862403869628906,0.6869490742683411,-0.07468384504318237,-0.021005600690841675,-0.15774375200271606,0.09672970954157808,-0.9041445990754978,0.16123614031427452,-0.3836260036322759,-0.3032505837704818,-2.3742997037392573,2.9118397688654443
1771888719302545920,6.613546133041382,0.17496153712272644,-2.1350948810577393,0.5612846612930298,-0.6460654139518738,0.30299216508865356,0.7005681395530701,-0.043998122215270996,0.05919048190116882,-0.14154702425003052,0.09847975668249118,-0.9070152165546471,0.1661549453462923,-0.37418953280196793,-0.3078308420179157,-2.3966457356187796,2.9003167173142756
1771888719312577024,6.623577117919922,0.1436980664730072,-2.0985984802246094,0.5008867979049683,-0.6294607520103455,0.3075643479824066,0.7135706543922424,-0.08608478307723999,0.02083525061607361,0.04463851451873779,0.10061750140871863,-0.9097665849434384,0.17061676540465995,-0.36481600700531897,-0.3126322276127299,-2.41873969493875,2.8898377809729987
1771888719322607872,6.633608102798462,0.05616741254925728,-2.0595223903656006,0.48868662118911743,-0.6128697991371155,0.31136488914489746,0.7262523770332336,-0.11547797918319702,0.05742478370666504,0.14023315906524658,0.1024296844958215,-0.9124086771733114,0.17503316596244634,-0.3555024086700916,-0.31662898241457815,-2.4406623926616193,2.8791152572602634
1771888719332638976,6.643639087677002,-0.08097855001688004,-2.043787956237793,0.5370104908943176,-0.5962855219841003,0.31445080041885376,0.7386230230331421,-0.14573407173156738,0.05871811509132385,0.10796505212783813,0.10383234048774422,-0.9148848712446387,0.1797141987474049,-0.3462762680829821,-0.3198780500271623,-2.462420278854498,2.867518638035066
1771888719342670080,6.653670072555542,-0.04460322856903076,-2.0815279483795166,0.538406491279602,-0.5792524814605713,0.3169688880443573,0.75099778175354,-0.11317622661590576,0.06613358855247498,-0.03551298379898071,0.10497949668379034,-0.9172892891254644,0.18460569590214923,-0.3368686983711293,-0.32253187660980426,-2.484591761262444,2.855180388299102
1771888719352700928,6.663701057434082,0.08937481045722961,-2.1996548175811768,0.5726587176322937,-0.5611450672149658,0.32050231099128723,0.7631477117538452,-0.004055678844451904,0.02529236674308777,-0.2609504461288452,0.10691030099273878,-0.9196331468047608,0.18933763637742507,-0.3271029249201623,-0.32625971536439957,-2.5075639294206282,2.8433932212236184
1771888719362732032,6.673732042312622,0.20312082767486572,-2.2858972549438477,0.6071866154670715,-0.5419320464134216,0.3248090445995331,0.7751181721687317,-0.04823201894760132,-0.055537283420562744,-0.1850915551185608,0.1094849700191986,-0.9219258263501537,0.19393777809268503,-0.31694447820418914,-0.33080983333543024,-2.5314302991324302,2.8319556500278003
1771888719372763136,6.683763265609741,0.30635255575180054,-2.2330498695373535,0.5963941812515259,-0.5222179889678955,0.3300424814224243,0.7863591313362122,-0.04530227184295654,-0.06388339400291443,-0.06202423572540283,0.11274276552791172,-0.9240368646772489,0.1983316353729286,-0.3067728665235177,-0.33634856768592303,-2.555371846790019,2.8211256519190706
1771888719382794240,6.693794250488281,0.2987785339355469,-2.197028636932373,0.6036304831504822,-0.5025876760482788,0.335697203874588,0.7966889142990112,-0.06391018629074097,-0.06021502614021301,0.03561711311340332,0.11632409538852467,-0.9259034056899151,0.2026014237465951,-0.2968573898872694,-0.3423452961569747,-2.578800808864192,2.8106088872374775
1771888719392825088,6.703825235366821,0.2723136246204376,-2.195101737976074,0.6260948181152344,-0.4829295873641968,0.3409087657928467,0.8065729141235352,-0.10557129979133606,0.037951648235321045,0.08595931529998779,0.11972386644668616,-0.9276097090075976,0.20694609371863437,-0.2870185314466149,-0.347883405405027,-2.602098211230057,2.799680044622749
1771888719402856192,6.713856220245361,0.2611613869667053,-2.2042462825775146,0.6812536716461182,-0.4627307653427124,0.34624913334846497,0.8160833716392517,-0.10012024641036987,0.04286527633666992,0.061037659645080566,0.12326772013515744,-0.9291514232401199,0.2114694437590382,-0.27706220046188285,-0.35356995546829273,-2.625780721164714,2.788207333369689
1771888719412887040,6.723887205123901,0.19488409161567688,-2.2233171463012695,0.7628196477890015,-0.4419344663619995,0.35142552852630615,0.8253446221351624,-0.11495020985603333,-0.06410259008407593,0.004931807518005371,0.12675957719529748,-0.9305117399887932,0.21637978451680415,-0.26694497794958827,-0.35909333433767343,-2.6499853908556608,2.7756426465072925
1771888719422917376,6.733917474746704,0.1666838824748993,-2.2479310035705566,0.8158908486366272,-0.42057210206985474,0.35625913739204407,0.8343848586082458,-0.06123930215835571,0.002963244915008545,-0.10925692319869995,0.13014755151481003,-0.9317154222895591,0.22158250146114053,-0.25664969399034826,-0.3642612617917658,-2.674709890789824,2.762150646908983
1771888719432948224,6.743948459625244,0.270980566740036,-2.309417247772217,0.8561173677444458,-0.3983331322669983,0.3615660071372986,0.8429713845252991,0.03155761957168579,-0.030648648738861084,-0.22137415409088135,0.13395998464552877,-0.9327487656108429,0.22685994837512363,-0.24610777695417685,-0.3699469975116888,-2.7001577926669924,2.7483410041295255
1771888719442979328,6.753979444503784,0.2900693118572235,-2.233630418777466,0.8576564192771912,-0.3759060204029083,0.3672788441181183,0.8507649302482605,0.016790449619293213,-0.09848007559776306,-0.058696448802948,0.13811543973289692,-0.9335451835835926,0.2321117202091435,-0.23567282324015204,-0.37608171204020474,-2.7255412766628138,2.7344951263652306
1771888719453010432,6.764010429382324,0.32158008217811584,-2.1833889484405518,0.7959269881248474,-0.3539315462112427,0.37286844849586487,0.8577303886413574,-0.036372989416122437,-0.016148477792739868,0.05276143550872803,0.14231423939546742,-0.934146032179235,0.23714213951576596,-0.22556909076201379,-0.38209848241435823,-2.7502397689830524,2.7210107702129056
1771888719463041280,6.774041414260864,0.41538166999816895,-2.1245877742767334,0.717208206653595,-0.3325061798095703,0.3787626028060913,0.8637002110481262,-0.10288801789283752,0.0808015763759613,0.04668468236923218,0.1467896956121195,-0.9345492989110573,0.24180099144372763,-0.21587624262956576,-0.3884589068867845,-2.774102356415617,2.708307160019829
1771888719473072384,6.784072399139404,0.32597795128822327,-2.087200403213501,0.6969085335731506,-0.31147485971450806,0.38424810767173767,0.8691014051437378,-0.12228679656982422,0.10668826103210449,0.10672885179519653,0.15114893795866424,-0.9348361138446247,0.24623596132483938,-0.20640594976055796,-0.39439326800904306,-2.7974655269858086,2.6959051944287595
1771888719483103232,6.794103384017944,0.2921257019042969,-2.069568395614624,0.734097957611084,-0.29060184955596924,0.3891572952270508,0.874132513999939,-0.13000673055648804,0.05015859007835388,0.09460240602493286,0.15527514971184145,-0.9349950359559681,0.2507001171750666,-0.19703680016878847,-0.3997165871552078,-2.8206409117494244,2.683209967388629
1771888719493134336,6.804134368896484,0.22524653375148773,-2.14543080329895,0.7873020768165588,-0.269109308719635,0.39348164200782776,0.8790634274482727,-0.07087180018424988,-0.07199415564537048,-0.07152247428894043,0.15922041944524168,-0.9350372147189577,0.25541559075477455,-0.18739578121806508,-0.40441568016828444,-2.844519857819206,2.6696169189452705
1771888719503165440,6.8141655921936035,0.3638952374458313,-2.2336843013763428,0.8001731038093567,-0.2465294450521469,0.3981154263019562,0.8835879564285278,-0.00972670316696167,0.0348985493183136,-0.16282367706298828,0.16356214465920638,-0.9349444923458634,0.260139892758205,-0.1773514508993155,-0.40946152920996515,-2.8695026570067608,2.655671616777485
1771888719513196544,6.8241965770721436,0.4122171401977539,-2.204279899597168,0.8288148641586304,-0.22350135445594788,0.40354880690574646,0.8872404098510742,-0.022806018590927124,-0.05212360620498657,-0.13838481903076172,0.16850089337268573,-0.9346320970837583,0.2647320242985853,-0.16729391204425395,-0.41539218978706566,-2.89482073030712,2.641815006672774
1771888719523227392,6.834227561950684,0.45778197050094604,-2.1365292072296143,0.8286281824111938,-0.2007777839899063,0.40913161635398865,0.8901122808456421,-0.04855085909366608,-0.04491955041885376,0.02279067039489746,0.17357654180199536,-0.9340777028088618,0.26936033052900493,-0.1575281446703441,-0.4215021851119991,-2.9197409202176496,2.627732438873061
1771888719533258496,6.844258546829224,0.539307177066803,-2.0819036960601807,0.8048504590988159,-0.17856323719024658,0.41513606905937195,0.892063558101654,-0.09681214392185211,0.018579751253128052,0.007762551307678223,0.17893369123120664,-0.9333033254760871,0.2738186909584285,-0.14815869645038404,-0.4280923525482947,-2.944034855429669,2.6139136432707617
1771888719543289344,6.854289531707764,0.480729877948761,-2.0208654403686523,0.7954649329185486,-0.15682661533355713,0.4210600256919861,0.8933723568916321,-0.09913961589336395,0.04173913598060608,0.10920655727386475,0.1842972621691006,-0.9323513222451426,0.2782214847474824,-0.13909860019283762,-0.4346136826334454,-2.967818708660104,2.600060943294152
1771888719553320448,6.864320516586304,0.5313446521759033,-1.9858548641204834,0.8335007429122925,-0.13538464903831482,0.426775187253952,0.8941669464111328,-0.14017386734485626,0.06541240215301514,0.10931229591369629,0.18960434241756854,-0.9312112603873983,0.28271729791252087,-0.13025696170522075,-0.44092390733196,-2.991325304396434,2.5858130557479444
1771888719563351296,6.874351501464844,0.5099416375160217,-2.052645683288574,0.8644759654998779,-0.11365743726491928,0.4325484037399292,0.8944182395935059,-0.10675577074289322,-0.04804214835166931,-0.09194326400756836,0.19508459006209303,-0.929887137692251,0.2872612594953113,-0.12137920870992307,-0.44731735378325743,-3.015195940646633,2.571138604597831
1771888719573383424,6.8843834400177,0.5129484534263611,-2.0919153690338135,0.8622490167617798,-0.09139135479927063,0.43798163533210754,0.8943264484405518,-0.07640954852104187,0.014990776777267456,-0.11716580390930176,0.20058393989606726,-0.9284429638233509,0.29181652739857056,-0.11226256051985932,-0.4533522813260335,-3.0397560118888327,2.556038202505109
1771888719583414272,6.89441442489624,0.5832258462905884,-2.109882354736328,0.8720616698265076,-0.06864093244075775,0.44361212849617004,0.8935864567756653,-0.06104351580142975,-0.005715399980545044,-0.14773684740066528,0.2063976879159614,-0.9268535317783825,0.2962022040396566,-0.10298921274450684,-0.4596250664283515,-3.064928104960208,2.5408957003242936
1771888719593445376,6.90444540977478,0.5296962857246399,-2.042249917984009,0.8647145628929138,-0.04620619863271713,0.44907739758491516,0.8922975063323975,-0.08349351584911346,-0.12018939852714539,0.01958310604095459,0.21248485465050856,-0.9259968927155466,0.2977893562929743,-0.0932819833902487,-0.46573248713378657,-3.0898554660120143,2.5315804520214757
1771888719603476224,6.91447639465332,0.5492678284645081,-1.9938400983810425,0.8497960567474365,-0.024262461811304092,0.45413100719451904,0.8906046748161316,-0.1444692462682724,-0.05671572685241699,0.08775854110717773,0.21835460562511466,-0.9250316499930327,0.29936398254451463,-0.08377954943312102,-0.47139659307234366,-3.1143567075321914,2.5221574234406248
1771888719613507328,6.92450737953186,0.5226929187774658,-1.949785828590393,0.8682869076728821,-0.002710160566493869,0.4592024087905884,0.8883277177810669,-0.16359537839889526,0.049769818782806396,0.09899234771728516,0.22424419830659723,-0.9239108270552393,0.30091968251829254,-0.07450348153137665,-0.4770971422438452,-3.138541806455766,2.5126010633264064
1771888719623538432,6.9345386028289795,0.41974741220474243,-1.8784728050231934,0.9337463974952698,0.018458791077136993,0.463294118642807,0.886012613773346,-0.1787218600511551,-0.031683892011642456,0.12959742546081543,0.22961850542456655,-0.9226860564958259,0.30274866397376443,-0.06533890940661773,-0.48170871431208795,3.1207621148930795,2.5023796875470694
1771888719633569536,6.9445695877075195,0.3435250520706177,-1.9533281326293945,0.9660488963127136,0.039860811084508896,0.46634596586227417,0.8837040662765503,-0.1118975579738617,-0.0985633134841919,0.07819485664367676,0.2345533193417336,-0.9213716103560523,0.30483827845501216,-0.055971362286660276,-0.48515555176428027,3.0965166900526464,2.4914042190223302
1771888719643600384,6.95460057258606,0.4869037866592407,-2.0561039447784424,0.9572109580039978,0.062018245458602905,0.46936237812042236,0.8808251619338989,-0.1097477376461029,-0.025590956211090088,-0.19373703002929688,0.23968823497604447,-0.9199384909154505,0.3067992258200048,-0.04622813660602742,-0.48856853678086093,3.071299403697674,2.480263898771835
1771888719653631488,6.9646315574646,0.5545014142990112,-2.206188201904297,0.9366875886917114,0.0854460746049881,0.4733981788158417,0.87669438123703,-0.0420653373003006,0.010076552629470825,-0.1340491771697998,0.2456752599235019,-0.9182523375949001,0.3084798841256885,-0.036006266219409964,-0.49314464595227464,3.0444355929246285,2.4689270348759944
1771888719663662336,6.97466254234314,0.5596623420715332,-2.16983699798584,0.9572423696517944,0.1090657040476799,0.4773489534854889,0.8719192147254944,-0.1233784407377243,-0.07909449934959412,0.014402985572814941,0.2517571327186271,-0.9164234939062497,0.310044498654754,-0.025668331780976883,-0.49763526796782104,3.0171520621088583,2.457472464315088
1771888719673693440,6.98469352722168,0.41763222217559814,-2.0673112869262695,0.9223304390907288,0.13208894431591034,0.4804074764251709,0.867041826248169,-0.13550691306591034,-0.07896393537521362,0.0880516767501831,0.25737293221562874,-0.9146063511778317,0.3114741159712196,-0.015438919610195431,-0.5011192638387206,2.9904107072256934,2.4463579708022527
1771888719683724288,6.99472451210022,0.2883325517177582,-1.9555399417877197,0.9799444675445557,0.15407361090183258,0.4820747971534729,0.8624759912490845,-0.20036880671977997,-0.07063692808151245,0.2271844744682312,0.2621657850421447,-0.912755118889634,0.313234856494052,-0.005568475462788827,-0.503021321923146,2.96481632477513,2.4348950704580345
1771888719693755392,7.00475549697876,0.35814011096954346,-1.987572431564331,0.9894477128982544,0.17584550380706787,0.4831898510456085,0.8576745986938477,-0.17483843863010406,-0.028249144554138184,0.1359623670578003,0.2667298372667724,-0.9107580146714285,0.3152096713444942,0.00422387468519059,-0.504294474189062,2.9393692035127947,2.422942107401779
1771888719703786496,7.0147864818573,0.3809050917625427,-2.023930788040161,1.0139634609222412,0.19787266850471497,0.4845341444015503,0.8520991802215576,-0.15736058354377747,0.00927075743675232,-0.07832598686218262,0.2715714204589405,-0.9085785407300763,0.31707196508614577,0.014119473873799356,-0.5058305518554861,2.913418837621146,2.4108570462658605
1771888719713817344,7.02481746673584,0.4878113269805908,-2.053334951400757,1.0506376028060913,0.22021996974945068,0.486176073551178,0.8456572890281677,-0.1078847348690033,0.0475916862487793,-0.11573779582977295,0.2767491906351481,-0.9061541206654327,0.3189253286346722,0.024110308325025094,-0.50770848863183,2.8868379995493023,2.398330340309785
1771888719723848448,7.03484845161438,0.4480825364589691,-2.0586438179016113,1.0460489988327026,0.242849662899971,0.4876392185688019,0.8385891318321228,-0.038244590163230896,-0.058623164892196655,-0.11903059482574463,0.28201658022510484,-0.9035099332983216,0.3208806307360654,0.034234459981689905,-0.5093836211804587,2.8597105717933724,2.3852405737566835
1771888719733879296,7.04487943649292,0.39676353335380554,-2.00311279296875,1.0936833620071411,0.26504549384117126,0.48833543062210083,0.8314319849014282,-0.05863988399505615,-0.092156320810318,-0.027690649032592773,0.2869243499734232,-0.9007912483769625,0.3229413712417653,0.044253323594372895,-0.5101812557205959,2.8329950249235094,2.3720495258446403
1771888719743910400,7.05491042137146,0.27664828300476074,-1.915152668952942,1.1007827520370483,0.2868146598339081,0.48821210861206055,0.8242486715316772,-0.08524611592292786,-0.07456168532371521,0.17053264379501343,0.2914435646672765,-0.8980189247634186,0.32509434772748647,0.054186696816208,-0.5100399302837023,2.8067265022245143,2.358853577949944
1771888719753941248,7.06494140625,0.2320162057876587,-1.8918310403823853,1.121942400932312,0.3078467845916748,0.48705625534057617,0.8173169493675232,-0.10961982607841492,-0.007853895425796509,0.12074780464172363,0.2953913348674766,-0.895261774372724,0.3273603952052325,0.06391869165680557,-0.5087160046110271,2.781371539573755,2.345871478614588
1771888719763972352,7.07497239112854,0.17987790703773499,-1.876750111579895,1.1447906494140625,0.32871711254119873,0.4851391613483429,0.8102995157241821,-0.06640323996543884,0.03260686993598938,0.16681241989135742,0.2990314737726605,-0.8924359326924904,0.3297087750900601,0.07369185520200527,-0.5065223050901345,2.756204842436407,2.3328909364084796
1771888719774003200,7.08500337600708,0.15820518136024475,-1.8984700441360474,1.1715009212493896,0.34954920411109924,0.4826069474220276,0.8030604124069214,-0.07824790477752686,0.0251292884349823,0.08735108375549316,0.30247405813205547,-0.8895015936825242,0.3321401964941825,0.08354207401844922,-0.5036288058414986,2.7310543236865814,2.3198296139229653
1771888719784034560,7.095034599304199,0.24140632152557373,-1.9853050708770752,1.1034528017044067,0.37073570489883423,0.47999879717826843,0.795082688331604,-0.04930928349494934,0.07030951976776123,-0.03464555740356445,0.30607021938087864,-0.8864612531035962,0.3342570764473431,0.09370033040380721,-0.5006533256167622,2.7052783686992052,2.307181813790171
1771888719794065408,7.105065584182739,0.374834269285202,-2.009726047515869,1.0690480470657349,0.39169082045555115,0.4782295823097229,0.7860502600669861,-0.04194411635398865,0.1587943732738495,-0.2293943166732788,0.31020485804195774,-0.8831812299348664,0.33617860053907095,0.1036720179183559,-0.49863772839841247,2.6793039515081976,2.2944663173120494
1771888719804096512,7.115096569061279,0.3119248151779175,-2.0308077335357666,1.1208879947662354,0.4127652049064636,0.4765542149543762,0.7762220501899719,0.0172121524810791,0.013359636068344116,-0.0433729887008667,0.31456636411701916,-0.879694294078352,0.3380073439664017,0.11374049051805817,-0.4967310732285627,2.6528596588560336,2.2816088856856416
1771888719814127360,7.125127553939819,0.24846132099628448,-1.9715372323989868,1.189576506614685,0.4338916540145874,0.47386983036994934,0.7662802934646606,-0.037758201360702515,-0.05530595779418945,0.21218955516815186,0.3185825809397085,-0.8760492435666595,0.34011448493989055,0.12395566862905098,-0.4936801615333179,2.626373489484593,2.268363455641003
1771888719824158464,7.135158538818359,0.26008468866348267,-1.9324802160263062,1.2800843715667725,0.45455265045166016,0.4702998399734497,0.7564392685890198,-0.0869072675704956,0.055945396423339844,0.13523870706558228,0.32221865858296195,-0.8722612442355515,0.34260760178101146,0.13399856803829543,-0.48963050676210595,2.600503621545536,2.254702746745529
1771888719834189312,7.145189523696899,0.21439291536808014,-1.8949174880981445,1.3360061645507812,0.4751671850681305,0.4659894108772278,0.7463713884353638,-0.04343491792678833,0.05938604474067688,0.1828431487083435,0.32565139558854306,-0.8682883923444714,0.34534180866220415,0.14410251838796798,-0.4847525188665544,2.57466934084739,2.240707058378998
1771888719844220416,7.1552205085754395,0.1053822711110115,-1.8345754146575928,1.37055242061615,0.495282918214798,0.460597425699234,0.7365764379501343,-0.09196260571479797,0.08972609043121338,0.16779673099517822,0.3285765271363427,-0.8642678624249459,0.3483235109208801,0.15410792688196015,-0.4786681669584252,2.549622960595536,2.2268211012222707
1771888719854251264,7.1652514934539795,0.10622560977935791,-1.8487619161605835,1.3804442882537842,0.5150884985923767,0.4542449712753296,0.7268737554550171,-0.06434386968612671,0.07874453067779541,0.06571352481842041,0.3310783896806744,-0.8602260523848059,0.3513516881557612,0.16416534078636408,-0.4715245209843436,2.52509455877245,2.2133886967073275
1771888719864282368,7.1752824783325195,0.287670761346817,-1.9431381225585938,1.269153356552124,0.5348743796348572,0.4487285315990448,0.7159273624420166,-0.021294116973876953,0.12135505676269531,-0.12925750017166138,0.3341667724364459,-0.8559816696138398,0.3539195820340734,0.1742666098217238,-0.46534207831496005,2.4999456192878307,2.2003076797276764
1771888719874313472,7.18531346321106,0.39137202501296997,-2.0202980041503906,1.2123843431472778,0.5545147061347961,0.44449061155319214,0.7035209536552429,5.072355270385742e-05,0.23226726055145264,-0.14106673002243042,0.33810373655797704,-0.8513894619089644,0.3562253079192312,0.18418863022045318,-0.46060553160003437,2.4740887983460103,2.186820315934792
1771888719884344320,7.1953444480896,0.377622127532959,-1.9507070779800415,1.2890245914459229,0.5738418102264404,0.4399459958076477,0.6907626986503601,-0.051976025104522705,0.05089870095252991,0.028597652912139893,0.34199538933730833,-0.8466541789026222,0.3585499264348874,0.19405617602554623,-0.45553853584682386,2.44838889072947,2.173361521310376
1771888719894375424,7.20537543296814,0.33070558309555054,-1.95361328125,1.3725991249084473,0.5932261347770691,0.43457624316215515,0.6776625514030457,-0.020731568336486816,0.02446925640106201,0.1911882758140564,0.34572531007247437,-0.8416675776751927,0.3611467318327911,0.20406570937744742,-0.4495677114371353,2.4225358819170126,2.1594819769891274
1771888719904406272,7.21540641784668,0.3551773726940155,-1.9075003862380981,1.4504739046096802,0.6123095154762268,0.42843616008758545,0.664469301700592,-0.05110657215118408,0.10194405913352966,0.08780425786972046,0.3492633202570618,-0.8364333571145549,0.36416188846204706,0.21396368012345648,-0.442761320489885,2.3970244266612397,2.1450165169421322
1771888719914437376,7.22543740272522,0.1756492406129837,-1.8307658433914185,1.4904046058654785,0.630959153175354,0.42101675271987915,0.6516403555870056,-0.016976118087768555,0.046268314123153687,0.1387801170349121,0.3522016069700518,-0.8312049816635031,0.36731246211084256,0.2239057068236614,-0.434565964197901,2.3723175154467824,2.131130901581836
1771888719924468224,7.23546838760376,0.05644455924630165,-1.7864301204681396,1.5418165922164917,0.6489985585212708,0.4120165705680847,0.6395649313926697,-0.03280282020568848,0.11120736598968506,0.08933216333389282,0.3542762017483718,-0.826123393400689,0.3705436780766852,0.23389300052569215,-0.42466610841230684,2.348873588618942,2.1183667699475506
1771888719934499328,7.2454993724823,0.08442159742116928,-1.818442463874817,1.5348052978515625,0.666741132736206,0.4021812081336975,0.6274610161781311,-0.007118701934814453,0.06917822360992432,0.03751730918884277,0.3560282536611934,-0.8209657022223761,0.3738259354886381,0.24395411617026277,-0.41389799080539225,2.325852992420201,2.1060582565851265
1771888719944530432,7.255530595779419,0.42116180062294006,-1.9144638776779175,1.5245479345321655,0.684355616569519,0.39325687289237976,0.6140084862709045,-0.013457179069519043,0.13460567593574524,-0.19878637790679932,0.35854776323590903,-0.8153658154335023,0.37707140108547027,0.25384888293026203,-0.4041711975210653,2.3020660751439705,2.092897482808536
1771888719954561536,7.265561580657959,0.45233607292175293,-1.9544459581375122,1.5097721815109253,0.7021483182907104,0.38558003306388855,0.5985947251319885,0.016952574253082275,0.22822001576423645,-0.0667191743850708,0.36218351155588907,-0.8091357216159311,0.3802587964237371,0.2636772800125742,-0.39583637315530407,2.276750927368647,2.0783441640298785
1771888719964592384,7.275592565536499,0.45440641045570374,-1.9834365844726562,1.5590251684188843,0.7196162939071655,0.37744030356407166,0.582830548286438,-0.06019240617752075,0.09158441424369812,0.10862153768539429,0.36576471018333845,-0.8027136284501061,0.3834919778003835,0.27349769289240683,-0.3870305729218643,2.2515559133548835,2.063839814200677
1771888719974623488,7.285623550415039,0.40976667404174805,-1.9608304500579834,1.6287238597869873,0.7369812726974487,0.368244469165802,0.5667933225631714,-0.06443488597869873,0.049388587474823,0.1933995485305786,0.3690643458521003,-0.7960852832769213,0.3868395950290106,0.28353988263098695,-0.3771201088570487,2.2263936046741253,2.049540218938834
1771888719984654336,7.295654535293579,0.17874731123447418,-1.9230141639709473,1.65122652053833,0.7538467049598694,0.3575457036495209,0.5512493252754211,-0.11265730857849121,0.10445982217788696,0.19038879871368408,0.37160341316963535,-0.7895343946890574,0.39020518691797923,0.293744986693738,-0.36563856123543603,2.20218809391906,2.0364209952686902
1771888719994685440,7.305685520172119,-0.022302985191345215,-1.8619545698165894,1.6518408060073853,0.7699862718582153,0.34527724981307983,0.5365679264068604,-0.14457416534423828,0.05908071994781494,0.11374646425247192,0.37311030026106107,-0.7833179179446274,0.39331540994327296,0.30414610926527635,-0.35253420177814904,2.1794077093640825,2.02549724548566
1771888720004716288,7.315716505050659,-0.16827404499053955,-1.8172060251235962,1.6619113683700562,0.7853400707244873,0.3318806290626526,0.5225862264633179,-0.1283423900604248,0.07940474152565002,0.05611860752105713,0.3737845065786002,-0.7774039706653664,0.3961516994529515,0.3146300813388582,-0.33829651045473746,2.1579399516863154,2.0165456361857794
1771888720014747392,7.325747489929199,0.26378193497657776,-1.864083170890808,1.6410551071166992,0.8002827763557434,0.3188643455505371,0.507811963558197,-0.13043725490570068,0.0519547164440155,0.04148918390274048,0.37493307864780706,-0.7710760614735142,0.3991837766113532,0.3248372073223491,-0.32453105721592335,2.1362269320399685,2.006659847726392
1771888720024778240,7.335778474807739,0.5511141419410706,-1.9462758302688599,1.6280015707015991,0.8148820996284485,0.30764320492744446,0.491245836019516,-0.14241212606430054,0.28183427453041077,-0.12797996401786804,0.37760575049401635,-0.7638758060544499,0.4026371439866283,0.33435139293272403,-0.3127151256961314,2.1133035339925645,1.9938018709104712
1771888720034809344,7.345809459686279,0.5822813510894775,-1.8729530572891235,1.6407229900360107,0.8291739821434021,0.29699915647506714,0.4735628068447113,-0.12620162963867188,0.1154763400554657,0.06327179074287415,0.3809376580112311,-0.7562072389368691,0.4061182303597592,0.3436640604008617,-0.3015484567801073,2.089714324416905,1.9799807437680477
1771888720044840448,7.355840444564819,0.5752527117729187,-1.952805757522583,1.6571578979492188,0.8428529500961304,0.2859470844268799,0.45588696002960205,-0.1629214882850647,0.08258315920829773,0.16957074403762817,0.38418605476573225,-0.7483797787757672,0.40972085881251846,0.3527853814388722,-0.2899946415818479,2.066614919883372,1.9661570254109177
1771888720054871296,7.365871429443359,0.5026979446411133,-1.9318119287490845,1.6739059686660767,0.85623699426651,0.2741743326187134,0.4378201365470886,-0.13977593183517456,0.06302961707115173,0.12297087907791138,0.3872248439094088,-0.7404152327422377,0.4131529369216252,0.36214194015037393,-0.2777310304525336,2.043467239759747,1.9530549778651793
1771888720064902400,7.375902414321899,0.1550917625427246,-1.9293339252471924,1.6729825735092163,0.8690698742866516,0.26112625002861023,0.4201555848121643,-0.1501367688179016,0.005322754383087158,0.12104308605194092,0.38939067731438476,-0.7327355101494155,0.41614476462865707,0.37188321550902764,-0.2641887459025531,2.0211200013679913,1.9422721573521728
1771888720074933248,7.3859333992004395,0.015331475995481014,-1.9802359342575073,1.6320189237594604,0.8813050389289856,0.24698685109615326,0.4028639495372772,-0.15671074390411377,0.007972359657287598,0.06579455733299255,0.3906594755275547,-0.7254291808831306,0.4185504535090815,0.3820384380013538,-0.24956952493398102,1.9995571247176558,1.934151933440639
1771888720084964352,7.3959643840789795,-0.21225881576538086,-2.026747941970825,1.5862480401992798,0.8931072354316711,0.23235033452510834,0.38519173860549927,-0.11027038097381592,0.05015082657337189,-0.01171758770942688,0.3914324333774298,-0.7183381925911742,0.42022149445686313,0.39266363001884363,-0.23449346033906954,1.9779858965323787,1.9283320271812503
1771888720094995200,7.4059953689575195,-0.35237711668014526,-2.0742170810699463,1.4797167778015137,0.9043169021606445,0.2173403650522232,0.36738789081573486,-0.09187805652618408,-0.022363588213920593,0.02235206961631775,0.39163268467739604,-0.711559726870658,0.42116113228117547,0.4036456561035545,-0.21908887612344263,1.9566876729866916,1.9249361762195794
1771888720105026560,7.416026592254639,-0.10966061800718307,-2.061190128326416,1.4383589029312134,0.9147784113883972,0.20309726893901825,0.3491870164871216,-0.14950460195541382,0.049633994698524475,-0.10309335589408875,0.39206267185643495,-0.7047701145902014,0.42177316139181614,0.4143587984416831,-0.20452008211515277,1.935443358542064,1.9219239771631356
1771888720115057408,7.426057577133179,0.26901620626449585,-2.1434056758880615,1.3994165658950806,0.9247426390647888,0.19038452208042145,0.3295522928237915,-0.1175985336303711,0.17323242127895355,-0.03234162926673889,0.3938690167137367,-0.6971772097150002,0.42275298777012565,0.4243713206710574,-0.19155381231876412,1.9131363665121346,1.9161029350978582
1771888720125089280,7.436089515686035,0.5124198198318481,-2.1617252826690674,1.4121472835540771,0.9342352747917175,0.17861142754554749,0.30871132016181946,-0.14369255304336548,0.1219104528427124,0.05341032147407532,0.39685775189942063,-0.6887394190033376,0.4242566056409154,0.4337607421612006,-0.17957501116025654,1.8899431345726905,1.907452195249152
1771888720135120384,7.446120500564575,0.5432555079460144,-2.123023509979248,1.4400612115859985,0.9431192278862,0.1668313890695572,0.28756430745124817,-0.1460612416267395,-0.020926877856254578,0.03282448649406433,0.400178349730757,-0.6798915825552683,0.4260628888660528,0.4428036336428339,-0.1676151438683619,1.8667494831387763,1.8977463737870692
1771888720145151488,7.456151485443115,0.277567595243454,-2.025351047515869,1.4885283708572388,0.9512569904327393,0.1541353017091751,0.267118901014328,-0.16826742887496948,-0.03137834370136261,0.027452021837234497,0.4027853886725335,-0.6712505858866384,0.4277640701842009,0.4518899414416322,-0.1547522300762231,1.8445524927701675,1.8894705681345585
1771888720155182336,7.466182470321655,0.037812020629644394,-1.922235131263733,1.5587519407272339,0.9585954546928406,0.13986921310424805,0.24805490672588348,-0.17778801918029785,-0.14217329025268555,0.046882256865501404,0.4039807153386337,-0.6631840701960338,0.42920198048463,0.4612722652467239,-0.14032932563694756,1.8240110916243817,1.8840967246984253
1771888720165213440,7.476213455200195,-0.1128014549612999,-1.8901699781417847,1.591536521911621,0.9652534127235413,0.12457012385129929,0.22971346974372864,-0.13894420862197876,-0.09737896919250488,-0.00313568115234375,0.4042756560168744,-0.6554120628470892,0.43045530109275065,0.4708551094916669,-0.124894572207911,1.8044328650118333,1.88064447097419
1771888720175244288,7.486244440078735,-0.1630217432975769,-1.7881468534469604,1.6063988208770752,0.971201479434967,0.10869937390089035,0.21202047169208527,-0.16353827714920044,-0.06298401206731796,-0.026931241154670715,0.4039078418418461,-0.6479031291892142,0.4315457898543061,0.4804668971787535,-0.10891457942541641,1.7857315988340867,1.8786872240959773
1771888720185275392,7.496275424957275,-0.011071368120610714,-1.7220958471298218,1.5399510860443115,0.9763721823692322,0.09309591352939606,0.1950145959854126,-0.18517333269119263,-0.01367390900850296,-0.04579886794090271,0.40355431268833436,-0.64042118829264,0.43286025215571544,0.48952698781285864,-0.09323091607445558,1.7679359830928523,1.8763890661448
1771888720195306240,7.506306409835815,0.19725361466407776,-1.6177258491516113,1.4051657915115356,0.9807829260826111,0.07889227569103241,0.17844049632549286,-0.21866744756698608,0.08785579353570938,-0.06775319576263428,0.40384971776694006,-0.6329139063513813,0.43432733300786786,0.4976798598147517,-0.07897434001538425,1.750764625537434,1.8728249458893815
1771888720205337344,7.5163373947143555,0.45789825916290283,-1.557963490486145,1.3266388177871704,0.9844904541969299,0.06596595048904419,0.16256456077098846,-0.25891971588134766,0.12013022601604462,-0.003461122512817383,0.4049179240689951,-0.6252652555990078,0.4362632656093188,0.5047368203795849,-0.06601388732206324,1.7344451958419436,1.8671846638806437
1771888720215368192,7.5263683795928955,0.6379488110542297,-1.423905611038208,1.2296299934387207,0.9875925779342651,0.05418753996491432,0.14739368855953217,-0.2618386745452881,0.03236033394932747,0.056402698159217834,0.40664408150388526,-0.6175458650672884,0.43855894979796906,0.5108266548861532,-0.05421409306659418,1.7189482435193313,1.8598364138690087
1771888720225399552,7.536399602890015,0.6490975618362427,-1.3437687158584595,1.1059788465499878,0.9900962710380554,0.04351991042494774,0.1334749013185501,-0.29644691944122314,0.09998899698257446,-0.03558981418609619,0.40868578318318194,-0.6100905911734761,0.44105205990364954,0.5159830682855984,-0.04353366122924705,1.7047984740286246,1.8516340912591367
1771888720235430400,7.546430587768555,0.33525362610816956,-1.2629014253616333,1.0474591255187988,0.9921790957450867,0.03340167552232742,0.12027148902416229,-0.23586183786392212,-0.07469195872545242,-0.03756879270076752,0.41023507732435144,-0.6033133972222201,0.4428867695165925,0.5211252523368488,-0.03340789128510602,1.6914273081440054,1.8455070322209093
1771888720245461504,7.556461572647095,0.3141859173774719,-1.1947766542434692,1.028917670249939,0.993878960609436,0.02336997725069523,0.10797630250453949,-0.20672357082366943,-0.1614009290933609,-0.06516013294458389,0.411183799842494,-0.5971127656275005,0.4443472699142953,0.5262508016627783,-0.023372105590274486,1.6790132019358035,1.841116499173381
1771888720255492352,7.566492557525635,0.3543385863304138,-1.1201881170272827,0.9691823720932007,0.9952509999275208,0.013744362629950047,0.096368208527565,-0.22114205360412598,-0.020580284297466278,-0.07006202638149261,0.41210755016046263,-0.5911293528867188,0.44581407944931745,0.5310211120080958,-0.013744795228400154,1.667323452657131,1.83678100102678
1771888720265523456,7.576523542404175,0.5286075472831726,-1.065598726272583,0.9813703298568726,0.9963396787643433,0.004371624439954758,0.0853710025548935,-0.19949519634246826,-0.04451749846339226,-0.011671066284179688,0.41326077602025946,-0.585081267528504,0.44762195103047203,0.5352850230035638,-0.004371638523547203,1.6562721863598961,1.8314402144826416
1771888720275554304,7.586554527282715,0.5907782316207886,-0.9644193053245544,0.952869176864624,0.997151255607605,-0.004834253806620836,0.0752720981836319,-0.19240278005599976,-0.09933751821517944,-0.0134282186627388,0.4145527763322879,-0.579035474608889,0.4498377120857005,0.5389896932369367,0.004834272528579763,1.6461405721218685,1.8251158714889693
1771888720285585408,7.596585512161255,0.5849368572235107,-0.8922055959701538,0.9189109802246094,0.9977213740348816,-0.013771207071840763,0.06604786962270737,-0.17370104789733887,-0.04384599253535271,-0.02132440358400345,0.4158500798147276,-0.5731520748721294,0.4522395772435272,0.5422589085353287,0.013771642255195973,1.636898595025877,1.818439081015304
1771888720295616512,7.606616497039795,0.47669023275375366,-0.7895298004150391,0.8761941194534302,0.9980782866477966,-0.022428032010793686,0.05776282772421837,-0.17173868417739868,-0.09340144693851471,-0.02973247319459915,0.41682811890705873,-0.5677153617130265,0.45451147520320295,0.5453189977849301,0.022429912388628195,1.6286058860836616,1.8125517121813386
1771888720305647360,7.616647481918335,0.31871896982192993,-0.7280632853507996,0.8178778290748596,0.9982635974884033,-0.03063415177166462,0.050315361469984055,-0.14635002613067627,-0.09175657480955124,-0.03757428377866745,0.41742600455437473,-0.5628484325398696,0.4564639337521064,0.5482681758350373,0.03063894532352461,1.6211565910032586,1.807915006943263
1771888720315678464,7.626678466796875,0.15224707126617432,-0.6753684878349304,0.74118572473526,0.9983243942260742,-0.03827021270990372,0.04340093582868576,-0.10693657398223877,-0.16053657233715057,-0.08914673328399658,0.41755870227508984,-0.5586536786619954,0.45782806237818374,0.5513113585115981,0.038279559881495076,1.6142427483243729,1.8051829713874463
1771888720325709312,7.636709451675415,0.16153432428836823,-0.6113356947898865,0.7048245072364807,0.9982873797416687,-0.04536383971571922,0.03693629428744316,-0.08634597063064575,-0.14596612751483917,-0.07828760147094727,0.41749020320611957,-0.5548942443710253,0.4588687446394798,0.5542866748793142,0.04537941296390767,1.6077791175468827,1.8034083810945576
1771888720335740416,7.646740436553955,0.20963943004608154,-0.48476576805114746,0.6592663526535034,0.9981461763381958,-0.05204140022397041,0.03155482932925224,-0.10321831703186035,-0.13233056664466858,-0.034927014261484146,0.41736182412031786,-0.551453625757971,0.4600829422842089,0.5568048029480194,0.052064921069981465,1.6023992378364147,1.8014101554575923
1771888720345771264,7.656771421432495,0.3537049889564514,-0.39103955030441284,0.6171330213546753,0.9979260563850403,-0.058273881673812866,0.027340563014149666,-0.10275405645370483,-0.09237614274024963,-0.030895832926034927,0.4173674374964739,-0.5481974034667201,0.46168158737076087,0.5586895689420567,0.0583069150379041,1.59818685788692,1.7984500619185493
1771888720355802368,7.666802406311035,0.4407902956008911,-0.36918553709983826,0.553581714630127,0.9976660013198853,-0.06397632509469986,0.023866599425673485,-0.07870543003082275,-0.08342356234788895,-0.07756233215332031,0.41771897884175097,-0.5449550695172364,0.4636348473647818,0.55997999342879,0.06402005003563263,1.5947141982839041,1.794211412945948
1771888720365833216,7.676833391189575,0.23097099363803864,-0.383402019739151,0.500072181224823,0.997401237487793,-0.0691138431429863,0.020349718630313873,-0.05060863494873047,-0.10692679136991501,-0.09130311012268066,0.4181044150560466,-0.5419337449253769,0.4652769879874091,0.5612609690599317,0.0691689850382762,1.5911962371070962,1.7904926291294891
1771888720375864320,7.686864376068115,0.09329444915056229,-0.40053707361221313,0.4183882176876068,0.9971476197242737,-0.07362868636846542,0.016600830480456352,-0.05297952890396118,-0.20270799100399017,-0.1452476978302002,0.4181058283665565,-0.5394930057998384,0.46609839314751633,0.5629273043114286,0.07369537240092403,1.587443107458269,1.7889907855373275
1771888720385895424,7.696895599365234,0.023612041026353836,-0.4172614514827728,0.3594822883605957,0.996918261051178,-0.07743299007415771,0.012570635415613651,-0.034348130226135254,-0.12299119681119919,-0.22930645942687988,0.4181320474629972,-0.5373320018275846,0.46643288628781254,0.5646947989007138,0.07751057885492733,1.5834051530790902,1.7883687475629937
1771888720395926528,7.706926584243774,0.07984308898448944,-0.39525002241134644,0.36325305700302124,0.996679961681366,-0.08097261190414429,0.008513177745044231,0.009209930896759033,-0.2008114457130432,-0.203718900680542,0.4181852038605139,-0.5352636788063625,0.46663624282285293,0.5664490507011979,0.08106135803337113,1.5793376553365537,1.7879499196674413
1771888720405957376,7.7169575691223145,0.13993600010871887,-0.3181256651878357,0.3271443247795105,0.9964197874069214,-0.08439065515995026,0.005057805683463812,-0.0064601898193359375,-0.17066000401973724,-0.16132307052612305,0.4183474017600434,-0.5332118267399655,0.46713386804383966,0.5678524487292402,0.08449114814348914,1.5758722621060954,1.7867786552646991
1771888720415988480,7.7269885540008545,0.22934788465499878,-0.2403821498155594,0.3014530837535858,0.9961672425270081,-0.08743619918823242,0.002404063008725643,-0.010708868503570557,-0.11973237991333008,-0.1725548505783081,0.41862567084242336,-0.5313091383496535,0.4678810008643543,0.5688150235459017,0.08754799072317532,1.573209634695241,1.7849225463729261
1771888720426019840,7.737020015716553,0.1925448626279831,-0.13075391948223114,0.2283322662115097,0.9959372878074646,-0.09004706889390945,0.000763762800488621,-0.0277518630027771,-0.09553030133247375,-0.13943564891815186,0.4188966530790797,-0.5297073015494907,0.4688198546263737,0.5693362779579677,0.09016920758802924,1.5715632050526889,1.782700287447608
1771888720436050944,7.747051000595093,0.17931091785430908,-0.09945551306009293,0.1833232343196869,0.9957567453384399,-0.09202440828084946,-0.0001606957521289587,-0.01716482639312744,-0.10624831169843674,-0.17400312423706055,0.41908159514720006,-0.528538314732379,0.4696455067225389,0.5696059711039718,0.09215479193343064,1.5706349462657745,1.7808292598807605
1771888720446082048,7.757082223892212,0.15659575164318085,-0.06656307727098465,0.13092420995235443,0.9956117272377014,-0.093575619161129,-0.0008374110911972821,0.018273651599884033,-0.1258152425289154,-0.14543336629867554,0.4192807645329754,-0.5275799077772858,0.4703623447593668,0.5697563182674034,0.09371272658349396,1.5699552249332875,1.779133392815673
1771888720456113152,7.767113208770752,0.1699952632188797,-0.04404325783252716,0.07028563320636749,0.9955247640609741,-0.09449112415313721,-0.0012590102851390839,0.0030865073204040527,-0.07837571948766708,-0.1903151273727417,0.41956607537926144,-0.5268730774955744,0.4709302019332376,0.5697312048987093,0.09463230383372284,1.5695316575069884,1.7775628441518767
1771888720466144000,7.777144193649292,0.10594464838504791,0.04803366959095001,-0.010787910781800747,0.9955039620399475,-0.0947144404053688,-0.0011116344248875976,-0.001882016658782959,-0.053433120250701904,-0.15251386165618896,0.419851007855794,-0.5265451196474933,0.47137503089500005,0.5694568095616596,0.09485662993875675,1.5696796722981459,1.7762165891678077
1771888720476175104,7.787175178527832,0.17650118470191956,0.09777579456567764,-0.0804937556385994,0.995547354221344,-0.09426148980855942,-0.0002807761775329709,0.0006836056709289551,-0.021003402769565582,-0.12684017419815063,0.4201976899488668,-0.5265468033722002,0.4718136027873349,0.5688358570634249,0.094401639617376,1.5705142948535342,1.7747610229150708
1771888720486205952,7.797206163406372,0.1677636206150055,0.19281868636608124,-0.16223202645778656,0.9956650137901306,-0.0930030420422554,0.0013112060260027647,-0.022871434688568115,0.0241248682141304,-0.09915053844451904,0.42067016987414796,-0.5268919679769852,0.47227159249124984,0.5677861153970275,0.0931376356720838,1.5721132408060003,1.7730351190450986
1771888720496237056,7.807237148284912,0.18205484747886658,0.24772468209266663,-0.24062323570251465,0.995847225189209,-0.09096811711788177,0.003652303945273161,-0.037488341331481934,0.05271434783935547,-0.045110464096069336,0.42119306079487395,-0.5276257289296246,0.47269148726426086,0.5663659331092974,0.09109405179962043,1.574463844716564,1.7712809014040143
1771888720506267904,7.817268133163452,0.2076134830713272,0.2649095356464386,-0.32660579681396484,0.996091365814209,-0.0880972295999527,0.006383347790688276,-0.04032665491104126,0.0640646293759346,-0.044850707054138184,0.4219064406060327,-0.5286253749899614,0.47301890755442316,0.564626618749733,0.08821158740606995,1.5772046351374047,1.7693616096367035
1771888720516299008,7.827299118041992,0.2255871593952179,0.277249276638031,-0.41252124309539795,0.9963918924331665,-0.08436018228530884,0.009293685667216778,-0.050957441329956055,0.07180219143629074,-0.06329452991485596,0.4229000105011677,-0.5298091722815101,0.47323258961899445,0.5625909980217675,0.08446056271705704,1.5801233963379038,1.7671642005553068
1771888720526330112,7.837330102920532,0.24332009255886078,0.27944692969322205,-0.5103143453598022,0.9967442750930786,-0.0796966478228569,0.012227245606482029,-0.05547523498535156,0.0746765211224556,-0.06676208972930908,0.4241818181843292,-0.5311826933703888,0.47324261137353524,0.5603180268594218,0.07978125948196177,1.5830628956965402,1.7648479449449097
1771888720536360960,7.847361087799072,0.23714536428451538,0.2936519384384155,-0.5851401686668396,0.9971279501914978,-0.07417373359203339,0.015292597934603691,-0.08536964654922485,0.08944777399301529,-0.08755826950073242,0.42569334430110595,-0.5327683787010534,0.4730794369486779,0.5577981192469788,0.07424191771281069,1.5861317703723388,1.7624540560748518
1771888720546392064,7.857392072677612,0.27065378427505493,0.3141303062438965,-0.6328906416893005,0.9975121021270752,-0.06801488250494003,0.018540343269705772,-0.09606850147247314,0.06006505340337753,-0.0828104019165039,0.42731594281643703,-0.5345614927592656,0.4727728651802415,0.555095498419604,0.06806743114322693,1.589380771266536,1.7601353969398905
1771888720556422912,7.867423057556152,0.3018271327018738,0.3200113773345947,-0.6455483436584473,0.9978641271591187,-0.06154791638255119,0.02189258486032486,-0.0974428653717041,0.07378548383712769,-0.08413314819335938,0.4291180918337656,-0.5363389031289599,0.47253240420233844,0.5521879171581887,0.06158683989548377,1.592732251549073,1.7573703543932806
1771888720566454016,7.877454042434692,0.38837456703186035,0.3035868704319,-0.6513575315475464,0.9981717467308044,-0.05495339632034302,0.025164129212498665,-0.08235454559326172,0.02805216610431671,-0.08610773086547852,0.43112172575569,-0.537979735306381,0.472397998108503,0.549137489774823,0.05498109429323879,1.5960012066875369,1.75404388501629
1771888720576484864,7.887485027313232,0.30494722723960876,0.3254081606864929,-0.6613819003105164,0.9984268546104431,-0.048274703323841095,0.028523238375782967,-0.09493857622146606,0.013179484754800797,-0.05502771958708763,0.43313067282583395,-0.539642622386853,0.47227900584891225,0.5460186041663031,0.048293472824497224,1.5993567386976637,1.7506743020852955
1771888720586515968,7.8975160121917725,0.29695987701416016,0.3147517740726471,-0.6301893591880798,0.998624861240387,-0.04164905846118927,0.03184276074171066,-0.06959336996078491,-0.029502663761377335,-0.07053911685943604,0.43495141382370583,-0.5414214362977148,0.4720002205592981,0.5430432815866072,0.041661109437947555,1.602672134320018,1.747940576612051
1771888720596546816,7.9075469970703125,0.2747829556465149,0.35472288727760315,-0.6131526231765747,0.9987526535987854,-0.03533192351460457,0.03528225049376488,-0.0676766037940979,-0.04538705572485924,-0.041202664375305176,0.43660915275087264,-0.543186455321615,0.4717940232797555,0.5401215940954268,0.035339278993029806,1.6061079583683326,1.7453556320156933
1771888720606578176,7.917578220367432,0.33667799830436707,0.34724554419517517,-0.6112686991691589,0.9988184571266174,-0.029096102342009544,0.038926951587200165,-0.07633304595947266,0.004712572321295738,-0.08938777446746826,0.438251064439565,-0.5449225342575763,0.47172333712010317,0.5370964538567773,0.029100208729390026,1.609749612344643,1.7425380213136854
1771888720616609024,7.927609205245972,0.33828768134117126,0.36044472455978394,-0.6474679708480835,0.9988418817520142,-0.022650837898254395,0.04245273768901825,-0.06457650661468506,0.005301633849740028,-0.13640104234218597,0.4400483800144776,-0.5465951992054471,0.4716567156546568,0.5339768153651974,0.022652775395906467,1.6132727234374238,1.7394326032665717
1771888720626640128,7.937640190124512,0.3319757282733917,0.3674115538597107,-0.6411371231079102,0.9988051056861877,-0.016059786081314087,0.0461556538939476,-0.03742516040802002,-0.031379807740449905,-0.15096831321716309,0.441831377653148,-0.5483400403475279,0.4715941328909298,0.5307609042547456,0.016060476358615162,1.6169743455368273,1.7363405520829456
1771888720636670976,7.947671175003052,0.3087001442909241,0.44209909439086914,-0.6334884762763977,0.9986949563026428,-0.009546373970806599,0.05017046257853508,-0.020728766918182373,-0.059514909982681274,-0.1115260198712349,0.44345514901437594,-0.5501870884078864,0.471571201956993,0.5275056726721615,0.009546518655499409,1.620990151925237,1.7334561860703273
1771888720646702080,7.957702159881592,0.3188718259334564,0.5280454158782959,-0.6079210638999939,0.9984750747680664,-0.0031337644904851913,0.055115729570388794,-0.060929298400878906,-0.025110241025686264,-0.0689554214477539,0.44481005989861466,-0.5522545771881235,0.47177616165696973,0.5240096763462398,0.00313376956801432,1.625940270386456,1.7306191599896439
1771888720656732928,7.967733144760132,0.3366621136665344,0.5434160232543945,-0.5377601385116577,0.9981650710105896,0.002791790058836341,0.06048809736967087,-0.0152243971824646,-0.04659975320100784,0.044980645179748535,0.4460042316156619,-0.5542340130358924,0.4723015003774646,0.5204193083105693,-0.002791793584297718,1.6313216013755252,1.7274601780063155
1771888720666765056,7.977765083312988,0.33458855748176575,0.6115143299102783,-0.524074375629425,0.9977683424949646,0.008296022191643715,0.06625279784202576,-0.0252341628074646,-0.07833388447761536,0.060685038566589355,0.44692167842240554,-0.5562585999948183,0.47297227147183013,0.5168506293907827,-0.008296117067777078,1.6370999786947713,1.7245227671536312
1771888720676795904,7.987796068191528,0.38478782773017883,0.6158449053764343,-0.4868740141391754,0.9972853660583496,0.013636479154229164,0.07235841453075409,-0.04387056827545166,0.026616213843226433,-0.026200540363788605,0.44779199046036955,-0.5582372325872454,0.47386748958237274,0.5131306269775161,-0.013636901652002393,1.643224781798475,1.7212408478241463
1771888720686827008,7.997827053070068,0.24674099683761597,0.6379349827766418,-0.46130022406578064,0.9967381954193115,0.018570566549897194,0.07853546738624573,-0.02188485860824585,-0.06245485693216324,-0.03513944894075394,0.44837964686216336,-0.5602607042249526,0.4747374808072519,0.5095957719148692,-0.018571635002969555,1.6494263454114972,1.7185182145150546
1771888720696857856,8.007858037948608,0.3084458112716675,0.6378733515739441,-0.4401613771915436,0.9961172342300415,0.023288605734705925,0.0848989188671112,-0.03502732515335083,-0.05797186493873596,-0.028960242867469788,0.44875526193252413,-0.5623612308358399,0.47560414969974235,0.5061315350430047,-0.023290711813655336,1.6558206978819834,1.7161858791346511
1771888720706888960,8.017889022827148,0.361899197101593,0.616367518901825,-0.4473535120487213,0.9954547882080078,0.028001267462968826,0.09102419763803482,-0.03291523456573486,0.02400064654648304,-0.05071044713258743,0.44934213350551955,-0.5642293249119171,0.4766102901198631,0.5025728153457507,-0.028004927082890194,1.6619825584913404,1.7132011467494628
1771888720716919808,8.027920007705688,0.39330390095710754,0.639141857624054,-0.45522263646125793,0.9947308301925659,0.03287195414304733,0.0971103087067604,-0.06237286329269409,0.007151853293180466,0.009304538369178772,0.45005971351885327,-0.5660220144836745,0.4776758666813387,0.49889003125534503,-0.032877878180931915,1.6681126604043774,1.7098634013406147
1771888720726951168,8.037951231002808,0.37311312556266785,0.6893647909164429,-0.4470547139644623,0.9939042925834656,0.03777815401554108,0.10357089340686798,-0.07762938737869263,-0.04766584932804108,0.060247406363487244,0.4506939861986482,-0.5678907013951764,0.4788377574732153,0.49506506786517457,-0.037787145944049375,1.6746276804494384,1.7064874522819098
1771888720736982016,8.047982215881348,0.34010201692581177,0.7755120396614075,-0.45604127645492554,0.9929409027099609,0.04266579821705818,0.11066962033510208,-0.09715855121612549,-0.009050693362951279,0.09573601186275482,0.4510900763964693,-0.5699604734038908,0.48008318918861215,0.4911036665179441,-0.04267875330056668,1.6817946165649298,1.7033803247009742
1771888720747013120,8.058013200759888,0.23891761898994446,0.8872860074043274,-0.47748664021492004,0.9917710423469543,0.04760999605059624,0.118844173848629,-0.13039690256118774,-0.009218860417604446,0.08960619568824768,0.4510102182034802,-0.5725022959432985,0.48131404176661186,0.48699885578788826,-0.04762800032755969,1.6900579102295417,1.7011662364158187
1771888720757043968,8.068044185638428,0.25572943687438965,0.9418849349021912,-0.48519542813301086,0.990390956401825,0.0526835098862648,0.12786734104156494,-0.114643394947052,-0.003809649497270584,0.051911696791648865,0.4506613481818887,-0.5753422830417059,0.4826126053161535,0.4826703063184943,-0.05270791126267024,1.6991939976984727,1.6993064748884794
1771888720767075072,8.078075170516968,0.2847751975059509,0.9470384120941162,-0.5163443088531494,0.9888581037521362,0.05798633024096489,0.1371035873889923,-0.08329474925994873,0.01273815706372261,-0.008380413055419922,0.4503443666993186,-0.5782240074292612,0.4839512269854403,0.47816132459009164,-0.058018874352983404,1.7085663930678032,1.6973083351374358
1771888720777105920,8.088106155395508,0.32869747281074524,0.9377712607383728,-0.5525542497634888,0.9871941804885864,0.06371215730905533,0.14624837040901184,-0.06647884845733643,0.0006646662950515747,-0.026573657989501953,0.45022422017134944,-0.5810726263133783,0.4852615701049696,0.4734701944237706,-0.06375534294648176,1.7178720949882138,1.6950060077891198
1771888720787137024,8.098137140274048,0.36488425731658936,0.9615634083747864,-0.5896478295326233,0.9853801131248474,0.06987287104129791,0.15538355708122253,-0.07676494121551514,0.013684265315532684,0.004101291298866272,0.45028360293401837,-0.5839064217005663,0.486564558854535,0.4685648558714096,-0.06992985093511847,1.7271974147588387,1.692391653593069
1771888720797168128,8.108168125152588,0.30589932203292847,1.0183911323547363,-0.6267864108085632,0.983341634273529,0.07647550851106644,0.16489748656749725,-0.08282870054244995,-0.025648407638072968,0.0022931545972824097,0.4502980283825637,-0.5869498315991497,0.48778954622089415,0.46344699245131876,-0.07655024898314826,1.7369414419755862,1.6900132456235037
1771888720807198976,8.118199110031128,0.25672802329063416,1.0859673023223877,-0.6667364835739136,0.9810252785682678,0.08333783596754074,0.17505556344985962,-0.07167762517929077,-0.020135879516601562,-0.00902460515499115,0.45004132781641787,-0.5903405621066927,0.48890265046745185,0.45818678373612043,-0.08343460390378377,1.747379206089037,1.6883490619432249
1771888720817230080,8.128230094909668,0.17685699462890625,1.150400996208191,-0.7055440545082092,0.9784040451049805,0.09048116952180862,0.1858467161655426,-0.05942809581756592,-0.028011634945869446,-0.02248607575893402,0.4495107803247353,-0.5940915171339729,0.4898761344550746,0.4527878416282714,-0.09060508396073272,1.7585088988444977,1.687461355485146
1771888720827260928,8.138261079788208,0.14139753580093384,1.1738179922103882,-0.7412905693054199,0.9754872918128967,0.09785258769989014,0.19710230827331543,-0.043511033058166504,-0.03892315924167633,-0.052250638604164124,0.4487476419138003,-0.5981377681273056,0.4906957947038229,0.4472967167479918,-0.09800942544021102,1.7701672842722789,1.687303883401451
1771888720837292032,8.148292064666748,0.18907184898853302,1.1450306177139282,-0.7659501433372498,0.9723640084266663,0.10553476959466934,0.2082558572292328,0.0018485784530639648,-0.03304030001163483,-0.10707485675811768,0.44806102216932736,-0.6022086483146623,0.49139868651428925,0.44171635635677947,-0.10573165925136963,1.7817835949441956,1.6872453566285948
1771888720847322880,8.158323049545288,0.20527665317058563,1.1206351518630981,-0.7864002585411072,0.9690825343132019,0.11354441940784454,0.21905885636806488,0.015185654163360596,-0.028186775743961334,-0.12656009197235107,0.44758324012869405,-0.6061778910381592,0.4920140141133685,0.4360502896154146,-0.11378982429859424,1.7931077329270682,1.6869903296793873
1771888720857353984,8.168354034423828,0.13753186166286469,1.1198168992996216,-0.8114856481552124,0.9656292200088501,0.12168387323617935,0.2296813577413559,0.015251636505126953,-0.05700182169675827,-0.1310180127620697,0.44709838623082443,-0.6101785027756582,0.492466114589162,0.4304212646744841,-0.12198618562582439,1.8043137347670493,1.687080920078725
1771888720867384832,8.178385019302368,0.1150105744600296,1.1404409408569336,-0.817261815071106,0.9619464874267578,0.12984712421894073,0.24041332304477692,0.013593614101409912,-0.07760104537010193,-0.09579052031040192,0.4464501404062629,-0.614318871454117,0.4927666657656305,0.4248241640761352,-0.1302147919020922,1.8157032726246611,1.6877775515676583
1771888720877415936,8.188416004180908,0.0340990386903286,1.2082024812698364,-0.8240517973899841,0.9579624533653259,0.13793721795082092,0.25155720114707947,0.0066065192222595215,-0.09017720818519592,-0.07576075196266174,0.4455427216219827,-0.6186404737184165,0.4930137568521191,0.4191813140520534,-0.13837841436512172,1.8275945609120616,1.6890576600243141
1771888720887447040,8.198447227478027,0.08405594527721405,1.2689729928970337,-0.8304660320281982,0.9535733461380005,0.1460486203432083,0.26337745785713196,-0.012151896953582764,-0.04059512913227081,-0.06571510434150696,0.444377092430232,-0.6231678578904465,0.4933057362408805,0.41332827799143596,-0.1465728761777714,1.840278315169762,1.6907233321290662
1771888720897478144,8.208478212356567,0.16707360744476318,1.2659411430358887,-0.8383668065071106,0.9488688707351685,0.15436828136444092,0.2753516137599945,-0.0038462281227111816,-0.023905575275421143,-0.126135915517807,0.44332524820779723,-0.6275950153986295,0.49376138761945065,0.407169503226393,-0.1549880313666967,1.8532283803084426,1.691864528926595
1771888720907508992,8.218509197235107,0.18576472997665405,1.236072301864624,-0.8601842522621155,0.9440009593963623,0.1629345417022705,0.28690576553344727,0.021041393280029297,-0.008042499423027039,-0.158991277217865,0.4425296733174399,-0.6318183672598829,0.49422508162607065,0.4008924504101353,-0.16366421628155697,1.8658504000653846,1.6925380523628555
1771888720917540096,8.228540182113647,0.16751551628112793,1.208549976348877,-0.8689223527908325,0.9389625191688538,0.17162923514842987,0.29814907908439636,0.014955997467041016,-0.050565943121910095,-0.19072720408439636,0.4417902567980811,-0.6360090695685199,0.4945371541049153,0.3946477898657539,-0.17248320158450572,1.8782573834117549,1.693427370336733
1771888720927570944,8.238571166992188,0.1087680459022522,1.2206116914749146,-0.856494665145874,0.9337500929832458,0.18014249205589294,0.30928847193717957,0.009532928466796875,-0.06457245349884033,-0.14489033818244934,0.4409083572610287,-0.6402329720342421,0.4947180785735812,0.38853001061213077,-0.1811313145358174,1.8906550237584399,1.6948460809750097
1771888720937602048,8.248602151870728,0.08228441327810287,1.288228154182434,-0.8614830374717712,0.9282179474830627,0.188425213098526,0.3207920491695404,-0.015391409397125244,-0.082040935754776,-0.04544723033905029,0.4397535852085389,-0.6445747174909554,0.49489337752602786,0.3823883035491328,-0.1895583839703421,1.903545885437583,1.6967746586670491
1771888720947633152,8.258633136749268,0.11934122443199158,1.3591265678405762,-0.8671275973320007,0.9222208261489868,0.19674323499202728,0.33286744356155396,-0.04694622755050659,-0.03876900672912598,-0.018795877695083618,0.4384403186329277,-0.648996333286355,0.4952145864356422,0.3759472066256759,-0.19803512214555485,1.9171848462363836,1.6987030164431434
1771888720957664000,8.268664121627808,0.08496958762407303,1.4110265970230103,-0.8913165926933289,0.9157238006591797,0.205208420753479,0.3454550802707672,-0.05680668354034424,-0.018288299441337585,-0.019374758005142212,0.43698654168675993,-0.653533008967318,0.4956028182871546,0.36920880151335467,-0.20667664815541043,1.9315365049951507,1.7007610546803216
1771888720967695104,8.278695106506348,0.06681987643241882,1.4421530961990356,-0.9379535913467407,0.9087466597557068,0.21383416652679443,0.35840487480163574,-0.08312427997589111,0.02113582193851471,-0.07456094026565552,0.43533659427077886,-0.6582839002828017,0.4958475005128875,0.3623250789915193,-0.21549824237939683,1.9464612373960455,1.7034796018861578
1771888720977725952,8.288726091384888,0.041806936264038086,1.4079458713531494,-0.9704287052154541,0.9014449715614319,0.22271110117435455,0.3712100386619568,-0.047441065311431885,-0.007516413927078247,-0.11008632183074951,0.4337091623431593,-0.6630875381880842,0.49590315426003884,0.3553750093350992,-0.22459454160196038,1.9614288122794694,1.7065654507717873
1771888720987757056,8.298757076263428,0.01503018382936716,1.3878544569015503,-1.0017503499984741,0.8939133286476135,0.23171333968639374,0.3837028741836548,-0.052635252475738525,-0.018181875348091125,-0.10306322574615479,0.4320847820595864,-0.6679365580713761,0.4956936445174046,0.348498622389855,-0.2338385888866983,1.9762523544194308,1.7102105822022269
1771888720997787904,8.308788061141968,0.03715599328279495,1.3922033309936523,-1.0076428651809692,0.8860886096954346,0.2407737672328949,0.3960742652416229,-0.06876695156097412,-0.04620896279811859,-0.11119264364242554,0.43043240370097746,-0.6728062833089848,0.4953471845751125,0.3416002892011306,-0.2431629940493945,1.9911457398351662,1.7142101533181475
1771888721007819008,8.318819046020508,0.052089668810367584,1.3981616497039795,-1.039411187171936,0.8779709339141846,0.2500193119049072,0.4082370400428772,-0.06322789192199707,-0.024296045303344727,-0.017795085906982422,0.4288868238361614,-0.6775911826575375,0.4949633413265276,0.33457077583658634,-0.25270021101613427,2.0060357935480817,1.7181257075594056
1771888721017849856,8.328850030899048,0.05347415804862976,1.4777493476867676,-1.0714945793151855,0.8692749738693237,0.25950130820274353,0.4207378625869751,-0.12542414665222168,-0.009241849184036255,0.005394399166107178,0.42724118075831846,-0.6824966867483685,0.49453736633417805,0.32725543322170864,-0.26250577746307086,2.0215703936431173,1.7223431475211874
1771888721027880960,8.338881015777588,0.03944569081068039,1.5158754587173462,-1.1157808303833008,0.8599610924720764,0.2691429853439331,0.43362337350845337,-0.10300296545028687,0.00691908597946167,0.007691442966461182,0.42544621517638337,-0.6875333265137075,0.494074503301377,0.31966222342847217,-0.2725030803965313,2.0378270139655483,1.72694034247258
1771888721037911808,8.348912000656128,0.018753018230199814,1.547100305557251,-1.173434853553772,0.8500394225120544,0.27911683917045593,0.44668418169021606,-0.11856365203857422,0.026135236024856567,-0.008100777864456177,0.4235779644035941,-0.6927288285919548,0.4934256436334023,0.31183268882216875,-0.28287427811381843,2.054624576717309,1.7321037149447147
1771888721047943168,8.358943223953247,0.0674358680844307,1.4988213777542114,-1.2208359241485596,0.8396965861320496,0.2893924117088318,0.4595228433609009,-0.08579051494598389,0.0010127723217010498,-0.10941004753112793,0.4220073802089034,-0.6975754285067441,0.4931023587159088,0.30355924180879135,-0.2935920176667836,2.0715247188932526,1.736109133801133
1771888721057974016,8.368974208831787,0.16115419566631317,1.460607886314392,-1.2755694389343262,0.8291213512420654,0.3003727197647095,0.47152337431907654,-0.06587660312652588,-0.010501474142074585,-0.13981252908706665,0.42088977212720374,-0.7022185423509589,0.4925959885126088,0.2951104900732043,-0.3050833920220156,2.0878849872490686,1.7397670454078185
1771888721068005120,8.379005193710327,0.16990800201892853,1.461228370666504,-1.2991011142730713,0.818169355392456,0.3118259608745575,0.48307710886001587,-0.08382487297058105,-0.010403841733932495,-0.12850868701934814,0.42000836224610893,-0.7067500596043622,0.49197856506988713,0.2864514116923719,-0.31711421064146134,2.1041542334355277,1.7433099242707708
1771888721078035968,8.389036178588867,0.10510201752185822,1.5173500776290894,-1.3075993061065674,0.8067440986633301,0.323160856962204,0.49470287561416626,-0.08854341506958008,-0.04906722903251648,-0.034238457679748535,0.4189474261109022,-0.711345905118188,0.49126208980907793,0.27772571455733314,-0.3290676469261694,2.1208718879656288,1.7474308198503914
1771888721088067072,8.399067163467407,0.0315881222486496,1.6297184228897095,-1.3112515211105347,0.794522762298584,0.33400845527648926,0.5071213245391846,-0.10435247421264648,-0.12085843086242676,-0.0025742053985595703,0.4173422200758188,-0.7161607246654232,0.49058584756487683,0.26882120994180764,-0.34055307089967296,2.1388823942520245,1.7524724782151604
1771888721098097920,8.409098148345947,0.0489916130900383,1.6964099407196045,-1.3409652709960938,0.7814531922340393,0.3446337580680847,0.5201523303985596,-0.0958147644996643,-0.05564755201339722,0.01353907585144043,0.4153472460761291,-0.7211362065644316,0.489937489976794,0.2596352740339083,-0.3518486223470267,2.158075284010295,1.7582010201249088
1771888721108129024,8.419129133224487,0.03792351484298706,1.7812092304229736,-1.4046478271484375,0.7674188613891602,0.3555344343185425,0.5335384011268616,-0.1612635850906372,0.07816606760025024,0.05287200212478638,0.41319844920661514,-0.7262284287941138,0.489245817550294,0.24999548557838072,-0.3634857936150634,2.17831883951181,1.764383712511849
1771888721118160128,8.429160118103027,0.06776396930217743,1.7524235248565674,-1.4435701370239258,0.7526473999023438,0.36668461561203003,0.5468681454658508,-0.10897046327590942,0.008437573909759521,-0.045281052589416504,0.41101502596197176,-0.7313530264668904,0.48842279286894624,0.24006818200810387,-0.3754429080360907,2.199147732725819,1.7710034417292657
1771888721128190976,8.439191102981567,0.1859060525894165,1.7172883749008179,-1.4592926502227783,0.7375800609588623,0.37820327281951904,0.5594083070755005,-0.06330955028533936,-0.02061358094215393,-0.11708664894104004,0.4091138172301688,-0.7362971877302501,0.48741215353512224,0.23004703888895153,-0.3878546206364085,2.2196755404961257,1.7776322881349942
1771888721138222080,8.449222087860107,0.14701929688453674,1.7076430320739746,-1.4657074213027954,0.7222542762756348,0.38997840881347656,0.571196436882019,-0.08332306146621704,0.06480970978736877,-0.06350606679916382,0.4074698059213699,-0.7410184043680759,0.48630230173557676,0.2199319709723552,-0.4006081390323362,2.2399344139620436,1.784130691934988
1771888721148252928,8.459253072738647,-0.04240337014198303,1.7670835256576538,-1.4164721965789795,0.7064986824989319,0.40061861276626587,0.5834075808525085,-0.07492214441299438,-0.0987691879272461,0.09989625215530396,0.4052029835037318,-0.7458319833598689,0.4852199917734486,0.21001615724392758,-0.4121919082480517,2.2610561581775577,1.7916826956825518
1771888721158284032,8.469284057617188,-0.07664389908313751,1.7694467306137085,-1.3692312240600586,0.6903167366981506,0.40987086296081543,0.5962121486663818,-0.05344533920288086,-0.16862937808036804,-0.01515740156173706,0.4021904135548655,-0.7507541010808331,0.4842255213714259,0.2003419126689293,-0.4223124906625286,2.2831784045194228,1.8003335210846187
1771888721168315904,8.479315996170044,-0.11803927272558212,1.7671641111373901,-1.335811734199524,0.674046516418457,0.41857174038887024,0.6086538434028625,-0.015019237995147705,-0.04662337899208069,-0.06602060794830322,0.3990821088734109,-0.7554845649700727,0.483290786520661,0.19080541401545512,-0.4318721042894454,2.305258107622606,1.809039144069597
1771888721178347008,8.489347219467163,-0.06817859411239624,1.749352216720581,-1.327150583267212,0.657520592212677,0.4268377721309662,0.6208676099777222,-0.04700112342834473,-0.09810236096382141,-0.004046261310577393,0.3958562400938438,-0.7600633959489097,0.4824287031584617,0.18128473357881109,-0.44099309414670784,2.327531110118249,1.8178148712674933
1771888721188378112,8.499378204345703,0.1533641815185547,1.7046432495117188,-1.3862147331237793,0.6407526731491089,0.4358013868331909,0.6320708990097046,-0.10262078046798706,0.10080453753471375,0.032083332538604736,0.39311614002651746,-0.7643649562421473,0.4814370915602488,0.1715354029511392,-0.4509284774621709,2.3493737255813945,1.8261690808694582
1771888721198408960,8.509409189224243,0.305626779794693,1.581739068031311,-1.43765127658844,0.6240333318710327,0.44626790285110474,0.641426146030426,-0.06470715999603271,0.08891886472702026,-0.08194732666015625,0.39141164012435053,-0.7682070207182237,0.4801781438148769,0.16150510052957942,-0.4625905696446491,2.369937896601479,1.8335616124991039
1771888721208440064,8.519440174102783,0.2595530152320862,1.5386195182800293,-1.4712811708450317,0.607373058795929,0.45712706446647644,0.6497177481651306,-0.01643061637878418,0.020885080099105835,-0.08721762895584106,0.3900856962719428,-0.771891573424057,0.4785836197816989,0.15157296106240928,-0.47476230181883067,2.3898664636038727,1.841205339533877
1771888721218471168,8.529471158981323,0.14695581793785095,1.6550812721252441,-1.4646496772766113,0.5901161432266235,0.4673597514629364,0.6582843661308289,-0.06350469589233398,-0.01222047209739685,0.13741594552993774,0.3883407147752252,-0.7756529260862913,0.476974551488208,0.14159608810089158,-0.4863019451297163,2.4107447910574646,1.8496863836915116
1771888721228502016,8.539502143859863,-0.008706481195986271,1.7589248418807983,-1.4095418453216553,0.5718749761581421,0.4761996567249298,0.6679766774177551,-0.06777042150497437,-0.0920444130897522,0.13193482160568237,0.3856235767335531,-0.7796605964214453,0.4755183519975798,0.1315526158603314,-0.4963277941354747,2.4335504979362623,1.8594971230590815
1771888721238533120,8.549533128738403,-0.1794160008430481,1.8051538467407227,-1.3662750720977783,0.5531449913978577,0.4834514558315277,0.6784579753875732,-0.011473298072814941,-0.09017148613929749,0.0009090304374694824,0.3819275558537511,-0.7842480119790533,0.473480789735316,0.1220750587315628,-0.5045932948630588,2.45759345436478,1.8722371667817337
1771888721248563968,8.559564113616943,-0.21486826241016388,1.7560456991195679,-1.3617464303970337,0.5342866778373718,0.489339679479599,0.6892637014389038,0.029907047748565674,-0.1292780339717865,-0.12470376491546631,0.3776253801173874,-0.7889560493809256,0.4713599412421192,0.11299219087647563,-0.5113324151236115,2.4821852950101353,1.8860965185614769
1771888721258595072,8.569595098495483,0.0345136933028698,1.702474594116211,-1.3952436447143555,0.5154713988304138,0.49580904841423035,0.6989011764526367,0.026795566082000732,0.01589450240135193,-0.14442723989486694,0.373861252726605,-0.7933493918171199,0.4690920366091501,0.1038134656718993,-0.5187662118025904,2.5061102434799443,1.8995207111409838
1771888721268625920,8.579626083374023,0.2754077911376953,1.6913557052612305,-1.4901787042617798,0.4963662922382355,0.5043344497680664,0.7065888047218323,-0.07418599724769592,0.18550026416778564,-0.017288148403167725,0.37130696573646327,-0.7972545631826943,0.46656143629177893,0.0940046501359397,-0.5286110480336653,2.5292025138130914,1.9119444199020383
1771888721278657024,8.589657068252563,0.3228932023048401,1.6749199628829956,-1.5283572673797607,0.47661423683166504,0.5138401389122009,0.71330726146698,-0.07658985257148743,0.1510615348815918,-0.02768409252166748,0.3692391557468211,-0.8009670694449496,0.4637945482407752,0.08371881124461036,-0.5396551176828012,2.5525463918588422,1.9244556121871261
1771888721288687872,8.599688053131104,0.07655666023492813,1.7670598030090332,-1.5171223878860474,0.4563594162464142,0.5224735736846924,0.7202482223510742,-0.043685466051101685,-0.018491029739379883,0.03997516632080078,0.3667028241481932,-0.8047966391797213,0.46089747385812957,0.07351832957115977,-0.5497494073487225,2.5768229069779043,1.9381205283810012
1771888721298718976,8.609719038009644,-0.3092108368873596,1.9383219480514526,-1.4536159038543701,0.43504345417022705,0.5283491015434265,0.7290983200073242,-0.07136547565460205,-0.1258527636528015,0.18229389190673828,0.3625086793207453,-0.8090649692312256,0.4582172290563794,0.06354744212752401,-0.5566549035793311,2.6036127615744156,1.9537496917789774
1771888721308749824,8.619750022888184,-0.601328432559967,2.0401077270507812,-1.4065055847167969,0.4126991927623749,0.5309525728225708,0.7401142716407776,-0.046991705894470215,-0.19295501708984375,-0.013963639736175537,0.3564227772991775,-0.8137810877151948,0.4558700287295289,0.05390531873805137,-0.559724303408698,2.6329214328658206,1.971177023129509
1771888721318780928,8.629781007766724,-0.5870403051376343,2.018411874771118,-1.3888083696365356,0.3901335299015045,0.531832218170166,0.7516319155693054,0.019107192754745483,-0.13571405410766602,-0.14387428760528564,0.34956386307969545,-0.8185809689697624,0.4535869781264528,0.044600536203469814,-0.5607626548934999,2.662822500846045,1.9892658406389407
1771888721328812032,8.639812231063843,-0.26789456605911255,2.0196008682250977,-1.4306244850158691,0.3672984838485718,0.5339089035987854,0.7615989446640015,-0.08148616552352905,0.10117709636688232,-0.08479541540145874,0.3434945871604285,-0.8229062242111415,0.45124806978913645,0.034813175199597736,-0.5632168190778352,2.692227071699165,2.0063872469278876
1771888721338843136,8.649843215942383,-0.1408601701259613,2.0167624950408936,-1.5273079872131348,0.3438206911087036,0.5376782417297363,0.7698628902435303,-0.19082090258598328,0.29064494371414185,0.052829742431640625,0.3383421100804409,-0.8268639320302329,0.4485838803260848,0.02435167895262337,-0.567681003123967,2.721569869432906,2.023238195112293
1771888721348873984,8.659874200820923,-0.11226207762956619,1.960802435874939,-1.560917615890503,0.3199043869972229,0.5419988036155701,0.777108907699585,-0.1393471658229828,0.13906192779541016,-0.05828273296356201,0.33355420364997707,-0.8307267046295562,0.4454745623906628,0.013677525374868847,-0.5728137277137764,2.7510754121201413,2.040785217546865
1771888721358905088,8.669905185699463,-0.2965066432952881,1.9301949739456177,-1.5754081010818481,0.2963173985481262,0.5454018712043762,0.7840487957000732,-0.042472243309020996,-0.0053018927574157715,0.1518794298171997,0.32857812349217036,-0.8345925251005349,0.44213088960095476,0.003455776346265096,-0.5768685111794017,2.780253642197708,2.0589671865964423
1771888721368935936,8.679936170578003,-0.5497735738754272,2.1080431938171387,-1.4720489978790283,0.2719460427761078,0.5462110042572021,0.7922747135162354,-0.1402474045753479,-0.13498657941818237,0.1170881986618042,0.3222111610704136,-0.8386939857154511,0.4390099714856922,-0.006535031487160363,-0.577834166235918,2.810946351539833,2.0780353584610762
1771888721378967040,8.689967155456543,-0.8158432841300964,2.048036575317383,-1.434745192527771,0.24740023910999298,0.5445923209190369,0.8013814687728882,-0.043008774518966675,-0.18999338150024414,0.03214508295059204,0.31472004402122394,-0.8428259429783913,0.43627418172976945,-0.016141064989700693,-0.5759029237966334,2.842157737638939,2.0969878191024467
1771888721388998144,8.699998140335083,-0.6329482793807983,2.0708329677581787,-1.4460601806640625,0.2228151112794876,0.5418825745582581,0.8103806972503662,-0.13699963688850403,-0.02126789093017578,-0.07600557804107666,0.30685444400133743,-0.8469502781887057,0.43343463611132366,-0.025495937340058127,-0.5726754254982069,2.87327186263738,2.116134359446271
1771888721399028992,8.710029125213623,-0.34115979075431824,1.9428715705871582,-1.4826645851135254,0.19842253625392914,0.5408874750137329,0.8173553347587585,-0.14066800475120544,0.16919565200805664,-0.107211172580719,0.3001390049343662,-0.8505953182884161,0.43030835281974217,-0.03520011370465149,-0.571491889269589,2.9034380661286736,2.134624438490605
1771888721409060096,8.720060110092163,-0.15615904331207275,1.7950741052627563,-1.5846130847930908,0.1748771071434021,0.5418509244918823,0.8220800757408142,-0.1443137526512146,0.17207729816436768,0.039126038551330566,0.2948599853430238,-0.853839767104716,0.42661186293308295,-0.044917342483860936,-0.5726377637854031,2.931991842397607,2.152959389783922
1771888721419090944,8.730091094970703,-0.01619422435760498,1.793813705444336,-1.6053118705749512,0.1512616127729416,0.5438110828399658,0.8254634141921997,-0.2334301769733429,0.23643195629119873,0.10710817575454712,0.29028033992698227,-0.8569242197193222,0.4223891343607561,-0.05482451234265905,-0.5749717272640487,2.960358836444889,2.171947890194084
1771888721429121792,8.740121841430664,-0.1410035341978073,1.7900974750518799,-1.6030133962631226,0.12768395245075226,0.5454568266868591,0.8283557295799255,-0.14445339143276215,0.024443507194519043,0.16868388652801514,0.2857277380043649,-0.8598921063312808,0.4180471524096642,-0.06466589285562338,-0.5769340801240904,2.9886548668796937,2.1910956744599757
1771888721439152640,8.750152826309204,-0.29367029666900635,1.843009114265442,-1.5499680042266846,0.1038496121764183,0.545517086982727,0.8316407203674316,-0.1115095391869545,-0.07203692197799683,0.044122159481048584,0.2804522448822785,-0.8628662654015992,0.4138624927609527,-0.07433812263714092,-0.5770059626600887,3.0173625372845283,2.2102302819489514
1771888721449183744,8.760183811187744,-0.5741704106330872,1.9063340425491333,-1.4653897285461426,0.07998119294643402,0.5431895852088928,0.8357916474342346,-0.08062206208705902,-0.12511414289474487,0.05420750379562378,0.2740619356778069,-0.8658444023986174,0.41013327335224004,-0.08363087348442438,-0.5742313603576131,3.0461880420671363,2.228660756526392
1771888721459214592,8.770214796066284,-0.6739490628242493,1.8638540506362915,-1.4101898670196533,0.05614786595106125,0.5388510823249817,0.8405280709266663,-0.07313089072704315,-0.16729944944381714,-0.1280187964439392,0.266770217059748,-0.8688137151867596,0.4067269009203069,-0.09257299929731111,-0.5690726797425815,3.074891050978374,2.2464043052564877
1771888721469245696,8.780245780944824,-0.4936881959438324,1.7679696083068848,-1.4375388622283936,0.03325604274868965,0.5342716574668884,0.8446584939956665,-0.01863812655210495,-0.008331716060638428,-0.070900559425354,0.2597215881268508,-0.8716316721005583,0.4032213838923609,-0.101071680137965,-0.5636458783312368,3.1022408059673623,2.2636241139042874
1771888721479276544,8.790276765823364,-0.19978748261928558,1.7290819883346558,-1.4407386779785156,0.010676387697458267,0.5318713784217834,0.8467577695846558,-0.14654064178466797,0.19289052486419678,0.014173567295074463,0.25402239728111287,-0.873996685384391,0.39938536960015364,-0.109971395577771,-0.5608089362388138,3.1289847716020547,2.2807007929543963
1771888721489307648,8.800307750701904,-0.23157204687595367,1.7296617031097412,-1.4446152448654175,-0.011688094586133957,0.5299267172813416,0.8479626774787903,-0.11694347858428955,0.18030881881713867,0.061369359493255615,0.24876050965009674,-0.8761974351950782,0.39529659837252956,-0.11889812311271694,-0.558514114967422,-3.1278097897065185,2.297924912871177
1771888721499338752,8.810338735580444,-0.3085549771785736,1.743558406829834,-1.409535527229309,-0.033940639346838,0.5273982882499695,0.8489397764205933,-0.07079567015171051,-0.013970673084259033,0.05363267660140991,0.24332965850752916,-0.878244441186676,0.39135226707194065,-0.12775251089218778,-0.5555354566036115,-3.1016339048565302,2.3145976156707033
1771888721509369600,8.820369720458984,-0.423138290643692,1.8552618026733398,-1.3665251731872559,-0.056658074259757996,0.5236477255821228,0.8500485420227051,-0.07081381976604462,-0.047207415103912354,0.0719788670539856,0.23726877561346782,-0.8802115144343085,0.38762348662268364,-0.13667167995425059,-0.5511270362829821,-3.0750383462994586,2.3307749998503504
1771888721519400704,8.830400705337524,-0.6851864457130432,1.8961708545684814,-1.3125628232955933,-0.07968665659427643,0.5180147290229797,0.8516517877578735,-0.0011238828301429749,-0.11358058452606201,0.02603369951248169,0.23024248300442313,-0.8821224311351527,0.3842992495192706,-0.1454733928316661,-0.5445283932871658,-3.0482970998986927,2.34593977948691
1771888721529431552,8.840431690216064,-0.8060358762741089,1.9182490110397339,-1.2730135917663574,-0.10266207158565521,0.5102682709693909,0.8538661599159241,-0.002440504729747772,-0.11074727773666382,-0.08380061388015747,0.22221342564301785,-0.8840449493777424,0.3813103815342452,-0.15390995819900252,-0.5354966663555005,-3.021934987823599,2.360024465497435
1771888721539462656,8.850462675094604,-0.7767957448959351,1.8969851732254028,-1.2480155229568481,-0.12550431489944458,0.5018749833106995,0.8557862043380737,0.004532665014266968,0.016176164150238037,-0.07952594757080078,0.21396298005174605,-0.8858129510262999,0.3784554313865629,-0.16225503541382458,-0.5257651452366378,-2.9959768434954497,2.373309523634171
1771888721549493504,8.860493659973145,-0.6315722465515137,1.9736807346343994,-1.2442562580108643,-0.14824925363063812,0.4940740168094635,0.8566868901252747,-0.026387527585029602,0.08756038546562195,0.07956165075302124,0.20612831225904088,-0.8872996831358947,0.3755565488391915,-0.170784986899681,-0.5167694456457798,-2.970240135814826,2.3861948910706388
1771888721559524608,8.870524644851685,-0.4808734655380249,2.0682785511016846,-1.1873016357421875,-0.1717672348022461,0.48789021372795105,0.855837881565094,-0.09709256887435913,0.195703387260437,0.11375105381011963,0.1990260117535615,-0.8882667994836333,0.37269430156011524,-0.1801930211870443,-0.5096711532567696,-2.94352346815092,2.398814305925311
1771888721569555456,8.880555629730225,-0.6591004729270935,2.135690689086914,-1.162468433380127,-0.19539108872413635,0.4808006286621094,0.8547827005386353,-0.055219292640686035,0.0631447434425354,0.1956324577331543,0.1914937975019883,-0.8890918908222224,0.3700094213311957,-0.1895755143924589,-0.5015675661956991,-2.9168679454137463,2.4106613225597058
1771888721579586816,8.890586853027344,-0.6008643507957458,2.173882007598877,-1.1316317319869995,-0.21938727796077728,0.4731217920780182,0.8532438278198242,-0.03224541246891022,0.0472029447555542,0.12539386749267578,0.1836161544435591,-0.8896738655628397,0.36756270306063404,-0.19915622138490435,-0.4928308895634149,-2.889922790808468,2.4216390090347777
1771888721589617664,8.900617837905884,-0.5340456366539001,2.11761474609375,-1.1146268844604492,-0.2430053949356079,0.46550819277763367,0.8510291576385498,0.010049447417259216,0.06355980038642883,-0.0898902416229248,0.17591277613106837,-0.8900732072318049,0.3650811795235868,-0.20866276788914875,-0.48420872967121303,-2.8634513928556253,2.4322126973617824
1771888721599648768,8.910648822784424,-0.531521737575531,2.0702719688415527,-1.0606683492660522,-0.26599061489105225,0.45821693539619446,0.8481073379516602,0.033034712076187134,-0.033335983753204346,-0.1897517442703247,0.16854445455101622,-0.8902677852073068,0.36259747335772236,-0.21803450998204066,-0.475988085889281,-2.837680027841995,2.4423072512238635
1771888721609679616,8.920679807662964,-0.5610769987106323,2.134627342224121,-1.066162109375,-0.28858113288879395,0.4505078196525574,0.844845175743103,-0.04746311902999878,-0.0025708675384521484,0.12742942571640015,0.16106863848048264,-0.8903209152184405,0.3602100302924764,-0.22723166670033154,-0.4673340545031101,-2.8124397059296884,2.4517052742843815
1771888721619711744,8.93071174621582,-0.5190478563308716,2.128133535385132,-1.0060518980026245,-0.3113301396369934,0.44301140308380127,0.840722918510437,-0.11081957817077637,0.13569355010986328,0.11273795366287231,0.15368604296834146,-0.8900918875886126,0.35790763669388453,-0.23668396511495293,-0.4589548968048,-2.7869379521450606,2.46063380758298
1771888721629742592,8.94074273109436,-0.562126636505127,2.121530771255493,-0.9866207242012024,-0.3335481882095337,0.43516117334365845,0.8362900018692017,-0.07644033432006836,0.02737864851951599,0.23525875806808472,0.14623883385088318,-0.8897343155207167,0.3556934635277675,-0.2459052040637866,-0.45021727106464454,-2.762084298534671,2.4688732441168235
1771888721639773696,8.9507737159729,-0.5785404443740845,2.114483118057251,-0.9668800234794617,-0.3555438816547394,0.4270411729812622,0.8313992023468018,-0.11879086494445801,0.13352102041244507,0.12325179576873779,0.13870252248698406,-0.8892075462513025,0.35356688683096116,-0.25507268926478355,-0.44121804014817856,-2.7374836313314344,2.4765006975287402
1771888721649804544,8.96080470085144,-0.4907602071762085,2.0247232913970947,-0.9770157933235168,-0.376830518245697,0.41893166303634644,0.826132595539093,-0.04928639531135559,0.07758930325508118,0.08007162809371948,0.13134864883721875,-0.8886013749373941,0.35136006466946307,-0.2639720599071626,-0.43226843739020215,-2.7136460424872677,2.4838597587722724
1771888721659835648,8.97083568572998,-0.3403594195842743,1.9092892408370972,-0.9487596154212952,-0.3971419334411621,0.4117443859577179,0.8202102780342102,-0.05355691909790039,0.0811907947063446,-0.08290565013885498,0.12472656130819806,-0.887905512275396,0.34889676067480857,-0.2726502505693969,-0.424367405365435,-2.6906685946494693,2.491516516119977
1771888721669866496,8.98086667060852,-0.29624441266059875,1.9513144493103027,-0.9236670732498169,-0.41671913862228394,0.40530288219451904,0.8136794567108154,-0.0951826274394989,0.028656989336013794,0.028559744358062744,0.11865879411002928,-0.8870703869004063,0.3463320191230325,-0.2812120748016075,-0.41731013636307424,-2.6682789930861723,2.4991906418316723
1771888721679897600,8.99089765548706,-0.3107661306858063,1.9338040351867676,-0.8891351819038391,-0.4361848831176758,0.3990233540534973,0.8065499663352966,-0.08740511536598206,-0.01434934139251709,0.040236473083496094,0.11267396680793082,-0.8860183332959449,0.3438698837072407,-0.28987845746507385,-0.41045147390928177,-2.6458376537765838,2.50643283979221
1771888721689928448,9.0009286403656,-0.4337674081325531,2.026045799255371,-0.8718528747558594,-0.45557618141174316,0.39203566312789917,0.7992234826087952,-0.09645625948905945,0.020287305116653442,0.18655520677566528,0.10630279862984195,-0.8848302861415964,0.34159495749153374,-0.2984759854615376,-0.40284334041876907,-2.6235063822309446,2.5128488496390515
1771888721699959552,9.01095962524414,-0.4180331826210022,1.9936842918395996,-0.7904078364372253,-0.47491002082824707,0.38463088870048523,0.7915300726890564,-0.08751380443572998,0.021680235862731934,0.10908955335617065,0.09962754260178222,-0.8834068768056154,0.33964295161516833,-0.3070983600504046,-0.39480792743622095,-2.6011806151639516,2.5181830086080788
1771888721709990656,9.02099084854126,-0.3503558933734894,1.9434934854507446,-0.7994484305381775,-0.493492066860199,0.3778713345527649,0.7833768129348755,-0.060615718364715576,0.12894940376281738,0.23853498697280884,0.09341613132209274,-0.8818581538957152,0.33766046625605906,-0.3155711312821989,-0.38749609883866776,-2.5794381638021853,2.5234199519561367
1771888721720021760,9.0310218334198,-0.2911720871925354,1.7950663566589355,-0.7616560459136963,-0.5110827684402466,0.3714882433414459,0.7751070857048035,-0.04120910167694092,0.06280741095542908,-0.09689962863922119,0.08761084287770521,-0.880309022660591,0.33557349034136763,-0.32368322490994705,-0.38061146938896495,-2.5586582414044194,2.5286610147918975
1771888721730052608,9.04105281829834,-0.25930657982826233,1.7301121950149536,-0.7430512309074402,-0.5274428725242615,0.3653980493545532,0.7669997811317444,-0.0194321870803833,-0.00033149123191833496,-0.0020459890365600586,0.08220537989211132,-0.8788216171184261,0.3334253370746183,-0.3312740454134782,-0.37406038681392006,-2.539189761464368,2.53378870101373
1771888721740083712,9.05108380317688,-0.2633140981197357,1.728238582611084,-0.6964605450630188,-0.5433040261268616,0.35959431529045105,0.7586252093315125,-0.06611663103103638,-0.012502700090408325,-0.0022319555282592773,0.07699875496371619,-0.8772179941257245,0.33136265560396233,-0.338760171388824,-0.36783310248728157,-2.520097120314585,2.538585318251427
1771888721750114560,9.06111478805542,-0.3703300356864929,1.7704163789749146,-0.6800274848937988,-0.5589118599891663,0.3533695936203003,0.7501647472381592,-0.042680978775024414,0.0012598633766174316,0.14046013355255127,0.0715304755934151,-0.8754927002019612,0.32953741465834807,-0.3461227134832434,-0.3611706366381243,-2.501265678600414,2.5425187309201336
1771888721760145664,9.07114577293396,-0.42757999897003174,1.8141369819641113,-0.6379601955413818,-0.5747466087341309,0.3466152846813202,0.7412989139556885,-0.06744998693466187,0.027209758758544922,0.16263169050216675,0.06563166042909623,-0.8735469543925252,0.3279713149928261,-0.3536141911136056,-0.3539602895415067,-2.4820804119176416,2.5455382302535594
1771888721770176768,9.0811767578125,-0.3671451508998871,1.7817566394805908,-0.6349748373031616,-0.5901771187782288,0.3398655652999878,0.7322449088096619,-0.007006168365478516,0.041665226221084595,0.13050228357315063,0.059767604769297974,-0.8715205284037698,0.32645738242320227,-0.3609784603578667,-0.346773939901829,-2.463214025834134,2.5482159688169768
1771888721780207616,9.09120774269104,-0.3063828945159912,1.7395524978637695,-0.5973286032676697,-0.6051602959632874,0.3337658941745758,0.7227596640586853,0.018337786197662354,0.0767870843410492,-0.006298422813415527,0.05431531770652453,-0.8693891033205247,0.3248729260912583,-0.36833417703960514,-0.34029574704991933,-2.4445231433955854,2.5510659619504947
1771888721790238720,9.10123872756958,-0.19680660963058472,1.701872706413269,-0.6308431625366211,-0.61961430311203,0.32804083824157715,0.7130689024925232,0.005081832408905029,0.07169365882873535,0.14517688751220703,0.049205142908697104,-0.8672566821202012,0.32311035235501473,-0.3755587743275822,-0.3342288961430376,-2.426205002221951,2.554257409710236
1771888721800269568,9.11126971244812,-0.048457980155944824,1.6181803941726685,-0.5877463221549988,-0.6333818435668945,0.3235117793083191,0.7029706239700317,0.0011491775512695312,0.09790545701980591,-0.06327641010284424,0.044924083534676265,-0.8650978365914891,0.32107796362380625,-0.3827486808476995,-0.32943851526232293,-2.408221188185469,2.5583232387397308
1771888721810300672,9.12130069732666,-0.10676522552967072,1.6386164426803589,-0.5689986944198608,-0.6466585993766785,0.3191429674625397,0.6928063631057739,-0.02051675319671631,0.032007575035095215,0.11792367696762085,0.04078757462276765,-0.8628939423480585,0.31908810186487124,-0.3897861786803694,-0.32482502512946915,-2.3906332368863734,2.5622036465534364
1771888721820331520,9.1313316822052,-0.0775333046913147,1.6189143657684326,-0.5590579509735107,-0.6597040891647339,0.3148895502090454,0.6823746562004089,-0.03785145282745361,0.11627805233001709,0.12097012996673584,0.03671528543685139,-0.8605856170770356,0.3171430505017097,-0.39681819955679,-0.32034029425064886,-2.3730850096807514,2.5659021125132306
1771888721830362624,9.14136266708374,-0.14586736261844635,1.6320881843566895,-0.5156114101409912,-0.6724636554718018,0.31049907207489014,0.671850323677063,-0.019583404064178467,0.09802445769309998,0.12439900636672974,0.03256197276723251,-0.8582001530807883,0.3153056807182402,-0.4037505550071103,-0.3157180043032682,-2.3557382901264385,2.5691704624208764
1771888721840393472,9.15139365196228,-0.1385318487882614,1.6190474033355713,-0.4896160066127777,-0.6848500967025757,0.30610376596450806,0.661272406578064,-0.014994323253631592,0.03746312856674194,0.09235924482345581,0.02833392664616539,-0.8556914510631838,0.31373290958896344,-0.4105619276243877,-0.31109764206790197,-2.3386810125602584,2.571689154148985
1771888721850424576,9.16142463684082,-0.07127319276332855,1.5711565017700195,-0.4671218991279602,-0.6968122720718384,0.3021630346775055,0.650499701499939,-0.02912449836730957,0.13371950387954712,0.053693294525146484,0.024420795335678702,-0.853135165738199,0.3121061272007797,-0.41731725751062804,-0.30696093094298843,-2.3218339434033832,2.5743968967251276
1771888721860455424,9.17145562171936,-0.08961908519268036,1.4895546436309814,-0.4377560019493103,-0.7080396413803101,0.2984781861305237,0.6399924755096436,-0.02258157730102539,0.08509722352027893,0.018897175788879395,0.02075199032789976,-0.8506306998972571,0.31052158026786664,-0.42376058333242234,-0.3030977442085089,-2.305758411962632,2.5769882877115617
1771888721870486784,9.18148684501648,-0.12199167162179947,1.5060104131698608,-0.41298195719718933,-0.7188570499420166,0.29475563764572144,0.6295738220214844,-0.03523212671279907,0.09037613868713379,0.1244390606880188,0.017060970243311636,-0.8480930514516017,0.3090713225113918,-0.430025441010093,-0.2991997919328415,-2.290078296535253,2.579142306218964
1771888721880517632,9.19151782989502,-0.08902236074209213,1.4975262880325317,-0.39139944314956665,-0.7294682264328003,0.2911764681339264,0.6189442873001099,-0.011727333068847656,0.018622666597366333,0.17892241477966309,0.013413396880576179,-0.8454527133552276,0.3077041650945817,-0.43628869117487756,-0.29545637508730793,-2.274411363230152,2.5810682601889834
1771888721890548736,9.20154881477356,-0.03639962896704674,1.4300346374511719,-0.36949095129966736,-0.7396013736724854,0.2880188822746277,0.6083053350448608,-0.009376466274261475,0.07593381404876709,0.08841109275817871,0.010076617042299884,-0.842812653506017,0.3062997040847279,-0.44243182446369567,-0.2921574011939156,-2.2590934898803474,2.583178199577099
1771888721900579584,9.2115797996521,-0.027718789875507355,1.4053436517715454,-0.3350165784358978,-0.7491543292999268,0.28523358702659607,0.5978379845619202,-0.036307334899902344,0.06544393301010132,0.09561312198638916,0.007008100929122589,-0.8401936027570873,0.3049486947502276,-0.4483660217926189,-0.28925013305407987,-2.244327052745656,2.5852487757167175
1771888721910610688,9.22161078453064,-0.05483536049723625,1.366119623184204,-0.2875542640686035,-0.7582786679267883,0.28267908096313477,0.5874568819999695,-0.04331117868423462,0.06319183111190796,0.10129415988922119,0.004044106467211773,-0.8375319446212511,0.30375762622479374,-0.45415312474570985,-0.28658596508695594,-2.2299341405405393,2.586974585011343
1771888721920641536,9.23164176940918,-0.1136484369635582,1.3082064390182495,-0.2535124123096466,-0.7668329477310181,0.2800787091255188,0.5775145292282104,-0.010587036609649658,0.0303003191947937,0.07522588968276978,0.001009210939572683,-0.834885718796627,0.3028582220363136,-0.459610349242087,-0.28387608727524966,-2.2162890086472657,2.5879122854387284
1771888721930672640,9.24167275428772,-0.08080793172121048,1.2092835903167725,-0.23976516723632812,-0.774788498878479,0.2776581943035126,0.567986249923706,0.0032432079315185547,0.04074689745903015,-0.0042961835861206055,-0.0018704000460089104,-0.8323177797573951,0.30206000445228554,-0.464761533819853,-0.28135560679519206,-2.203384008456978,2.588631045052524
1771888721940703744,9.25170373916626,-0.00961976870894432,1.1812974214553833,-0.27511996030807495,-0.782223105430603,0.2753431797027588,0.5588498711585999,-0.03157389163970947,0.08653426170349121,0.017062664031982422,-0.0044944489342176215,-0.8299215833810341,0.30108984132040645,-0.4696326965977523,-0.2789466709627513,-2.191146605731449,2.589761248441557
1771888721950734592,9.2617347240448,0.10518298298120499,1.151288390159607,-0.30847498774528503,-0.7895310521125793,0.27331650257110596,0.5494900941848755,-0.04069983959197998,0.11524862051010132,0.027872085571289062,-0.006747738461591357,-0.8275895611243258,0.2997341650375247,-0.4745625262949371,-0.2768391170656468,-2.178812626327099,2.591918776589963
1771888721960765696,9.27176570892334,0.11926072090864182,1.1676393747329712,-0.3373154401779175,-0.7967504262924194,0.2713596522808075,0.5399559736251831,-0.006990909576416016,0.0841090977191925,0.12346559762954712,-0.008776004374546625,-0.8253144889380462,0.29805031239505697,-0.4795257103760643,-0.27480540473287884,-2.1663970251237528,2.594865001791728
1771888721970796544,9.28179669380188,0.05394216254353523,1.1953672170639038,-0.30142879486083984,-0.8039335012435913,0.269318550825119,0.5302435755729675,-0.025091707706451416,0.049086570739746094,0.15931624174118042,-0.010916169654479366,-0.8229403211240184,0.29646419423309506,-0.4845193206241582,-0.27268536411686034,-2.153863834434311,2.597491217689813
1771888721980827648,9.29182767868042,0.05046957731246948,1.1773284673690796,-0.2530657947063446,-0.8109889626502991,0.26732224225997925,0.5204190015792847,-0.0016942620277404785,-0.02034345269203186,0.1438266634941101,-0.013160500427530945,-0.8204386462933023,0.29511002406429654,-0.48950726608590045,-0.27061305992203266,-2.1413210565791094,2.599536368506208
1771888721990858496,9.30185866355896,0.056866228580474854,1.0883828401565552,-0.23344574868679047,-0.8174853324890137,0.26566794514656067,0.5110169649124146,0.021525859832763672,0.02488991618156433,0.02824389934539795,-0.01519142530146942,-0.8179992718427632,0.29391437772564843,-0.49422742760105953,-0.26889669779528097,-2.12947359520034,2.601351701529066
1771888722000889600,9.3118896484375,0.12469898164272308,0.9443418383598328,-0.22701048851013184,-0.8233446478843689,0.26410701870918274,0.5023462176322937,0.0020401477813720703,0.03130316734313965,-0.006130218505859375,-0.016980301856870047,-0.8157930603826357,0.2926683910287411,-0.49853664903384426,-0.26727794364139745,-2.1186301278962594,2.6033284490554096
1771888722010921728,9.321921825408936,0.25709962844848633,0.8287768959999084,-0.24531999230384827,-0.8283383846282959,0.26317906379699707,0.49456244707107544,0.02305591106414795,0.07280418276786804,-0.08378070592880249,-0.018032473258618252,-0.8139511797803862,0.29114378702376015,-0.5023878116490434,-0.26631597055206024,-2.1090465741822135,2.606345967746789
1771888722020952576,9.331952810287476,0.29738137125968933,0.818168580532074,-0.2811914384365082,-0.8330843448638916,0.26234957575798035,0.48697343468666077,-0.03985565900802612,0.06620264053344727,0.05233320593833923,-0.01876120793489713,-0.8122811977039744,0.2892852872401445,-0.5061237842385875,-0.2654562617867222,-2.0997726862841986,2.6102384752751893
1771888722030983680,9.341983795166016,0.2891940176486969,0.8425279855728149,-0.278175950050354,-0.8378149271011353,0.26143595576286316,0.4792880415916443,-0.04966658353805542,0.06905412673950195,0.09346574544906616,-0.019467290927153796,-0.810611731698409,0.287319752359045,-0.5098792982543712,-0.2645096034008024,-2.0904251600211223,2.614339902380811
1771888722041014784,9.352014780044556,0.21320763230323792,0.8925511837005615,-0.2648087441921234,-0.8427337408065796,0.2603376805782318,0.4711948335170746,-0.054315388202667236,0.020820796489715576,0.21574068069458008,-0.02038616089502213,-0.8087787103229469,0.2854372313315538,-0.5137967891840062,-0.2633719263991596,-2.080619488672366,2.6181124619417786
1771888722051045632,9.362045764923096,0.15893693268299103,0.8555266261100769,-0.2325698435306549,-0.8474363684654236,0.2591864764690399,0.4633290767669678,-0.01569223403930664,0.0017235279083251953,0.12289831042289734,-0.021488002510382898,-0.8068896322441316,0.2838902180216071,-0.5175651501118435,-0.2621797972965647,-2.0711347631229495,2.6210214635498086
1771888722061076736,9.372076749801636,0.18548482656478882,0.7881272435188293,-0.19923612475395203,-0.8518342971801758,0.2581496834754944,0.4557815492153168,-0.004855036735534668,0.005247533321380615,0.07852011919021606,-0.022538163684663725,-0.805041627309225,0.2824867239226942,-0.5211536866553165,-0.26110646942462207,-2.06209614712591,2.623642283062642
1771888722071107584,9.382107734680176,0.25174400210380554,0.6811531186103821,-0.19544591009616852,-0.8556457161903381,0.2575578987598419,0.44892576336860657,0.038598597049713135,0.02170845866203308,-0.04772639274597168,-0.023158985527588116,-0.8034130874749849,0.2810521056642962,-0.5244051619537827,-0.26049396759906046,-2.0539792069825427,2.6266245972137923
1771888722081138688,9.392138719558716,0.2907964587211609,0.6263444423675537,-0.21009382605552673,-0.8591012954711914,0.2570231258869171,0.44258856773376465,0.015183210372924805,0.04030966758728027,0.008278250694274902,-0.02353789954693537,-0.8019943797092226,0.27946252641468744,-0.5274010428189357,-0.25994058091099453,-2.0465111009477743,2.6300443022812914
1771888722091169536,9.402169704437256,0.3724028468132019,0.6056857705116272,-0.23972709476947784,-0.8623786568641663,0.2565968930721283,0.4364183843135834,0.006436944007873535,0.07396948337554932,0.01257142424583435,-0.023620565901786433,-0.8007189543488834,0.2775938508940578,-0.5303139302066238,-0.259499563060046,-2.039282967983866,2.6342348331279695
1771888722101200640,9.412200689315796,0.3460717499256134,0.6498910784721375,-0.24762335419654846,-0.8657165765762329,0.2561628222465515,0.4300181567668915,0.00882863998413086,0.050767719745635986,0.11458331346511841,-0.023623855529847856,-0.7994192820599294,0.27556830824064993,-0.5333225171272644,-0.2590504870356378,-2.031815959848511,2.6388101745839543
1771888722111231488,9.422231674194336,0.296828031539917,0.709622859954834,-0.21868997812271118,-0.869236946105957,0.25551918148994446,0.4232460856437683,0.01556861400604248,-0.03530433773994446,0.1779044270515442,-0.0239118137612405,-0.7979377442693093,0.2737122651744586,-0.5364748139625474,-0.2583846877499032,-2.023922735394102,2.6428223635755415
1771888722121262592,9.432262659072876,0.319216787815094,0.7187145948410034,-0.18436609208583832,-0.8727366924285889,0.25514283776283264,0.416212260723114,0.03319817781448364,-0.006485641002655029,0.08992168307304382,-0.02416552272710096,-0.7963129021306979,0.2720145188907126,-0.5397312550484227,-0.2579954299567496,-2.0157976296206015,2.646600328577524
1771888722131293440,9.442293643951416,0.3218567669391632,0.7402185797691345,-0.19029322266578674,-0.8762476444244385,0.2548500895500183,0.40895193815231323,0.029339075088500977,-0.004468649625778198,0.10143935680389404,-0.024384250567282075,-0.7946104834022781,0.2703149015666501,-0.5430741398133845,-0.25769268454957883,-2.0074575577459646,2.650433292711164
1771888722141324544,9.452324628829956,0.4060753285884857,0.7290387153625488,-0.2076842039823532,-0.8797434568405151,0.2546343505382538,0.4015137255191803,0.02717369794845581,0.041737109422683716,0.028341710567474365,-0.0244578761497015,-0.7928969238714948,0.26846104491346356,-0.5464843105227515,-0.2574695692551649,-1.998958628408553,2.6547045395899485
1771888722151355648,9.462355852127075,0.41569867730140686,0.7380492687225342,-0.2318265587091446,-0.8832248449325562,0.254367858171463,0.39396825432777405,0.024185538291931152,0.05643841624259949,0.07807767391204834,-0.02439133125286843,-0.7912222006346169,0.2663673385052768,-0.5499281442304458,-0.2571940140849998,-1.9903660825525513,2.6595534788091446
1771888722161386752,9.472386837005615,0.41555050015449524,0.7281424403190613,-0.26386064291000366,-0.8867291212081909,0.253804475069046,0.38638678193092346,0.009318232536315918,0.03307601809501648,0.08323299884796143,-0.024399203440975733,-0.78957067610561,0.26414302258634365,-0.5533635986359242,-0.25661150633012114,-1.9817318284119023,2.664546291278391
1771888722171417600,9.482417821884155,0.3577266335487366,0.6878805160522461,-0.2585202157497406,-0.8900768160820007,0.25301554799079895,0.37913957238197327,0.03151029348373413,0.03932762145996094,0.046428173780441284,-0.024494800942850534,-0.7880038148248821,0.26195376432994993,-0.5566240775856971,-0.25579596184325243,-1.973482159547754,2.6693196929468064
1771888722181448704,9.492448806762695,0.22789105772972107,0.6563369631767273,-0.25964832305908203,-0.8932835459709167,0.2517688274383545,0.37236669659614563,0.04027152061462402,-0.03105047345161438,0.14466211199760437,-0.024991998779854006,-0.786480105671467,0.26006228698590383,-0.5596356530811203,-0.254507533134284,-1.9657450267292769,2.673049145164954
1771888722191479808,9.502479791641235,0.2627986967563629,0.5535381436347961,-0.22485493123531342,-0.8961130976676941,0.2505693733692169,0.3663281798362732,0.03592938184738159,0.04044625163078308,0.031102299690246582,-0.025463229660019415,-0.7851210103777689,0.2583584567922624,-0.5623055746648437,-0.25326834039660495,-1.958863082856777,2.6763568796415558
1771888722201510656,9.512510776519775,0.28501516580581665,0.4818669855594635,-0.2144014835357666,-0.8985626697540283,0.2495894730091095,0.36095696687698364,0.02049577236175537,0.010405018925666809,0.014363378286361694,-0.02569071229941773,-0.7839639950038056,0.25666892842650985,-0.564678132032431,-0.2522562901564232,-1.9527715266149288,2.679800284645051
1771888722211541760,9.522541761398315,0.37685346603393555,0.42463913559913635,-0.20505379140377045,-0.9006988406181335,0.24893225729465485,0.3560534715652466,0.0004914999008178711,0.015334680676460266,-0.018300235271453857,-0.025532330809651185,-0.7829956538492988,0.25484220373894007,-0.566852065990127,-0.2515776457230636,-1.9472513713434338,2.6838339257511192
1771888722221572608,9.532572746276855,0.4813949465751648,0.4069974422454834,-0.21448297798633575,-0.9026558995246887,0.24859540164470673,0.35130107402801514,-0.015160143375396729,0.03900223970413208,0.011888593435287476,-0.02497684520006829,-0.7821410782476395,0.2527961137498668,-0.5689688510343194,-0.25122985692487093,-1.941945704679267,2.6886602662317505
1771888722231603712,9.542603731155396,0.5733928084373474,0.3891204297542572,-0.2341184765100479,-0.9046092629432678,0.24843692779541016,0.3463546633720398,-0.01770836114883423,0.05300046503543854,-0.010554522275924683,-0.024007046312859017,-0.7813567070998679,0.25031786826938346,-0.5711798829275719,-0.2510662570037292,-1.9364554935289768,2.69471895573022
1771888722241634560,9.552634716033936,0.5714361667633057,0.40344011783599854,-0.24732056260108948,-0.9065412282943726,0.248280331492424,0.34137916564941406,-0.01989603042602539,0.0514175146818161,0.04735371470451355,-0.022912335969388225,-0.7806015224204673,0.24769102998081788,-0.5733981212640623,-0.25090459765032447,-1.9309455518543044,2.7011712887939447
1771888722251665664,9.562665700912476,0.5278404355049133,0.45208966732025146,-0.24548350274562836,-0.9085962772369385,0.24790379405021667,0.3361494243144989,-0.025424659252166748,-0.008615463972091675,0.13020488619804382,-0.022000221336007566,-0.7797439546486771,0.24510013164727984,-0.5757093336731669,-0.25051589953061915,-1.9251460444110022,2.7073821378878926
1771888722261696512,9.572696685791016,0.5122355222702026,0.5219193696975708,-0.22401177883148193,-0.9108198881149292,0.24749881029129028,0.33038130402565,-0.021385490894317627,-0.02060060203075409,0.09820762276649475,-0.021242931123603818,-0.7786701757687092,0.2426178336839138,-0.5782371415354185,-0.2500978967501297,-1.918766221187074,2.7132904903211226
1771888722271727616,9.582727670669556,0.48984232544898987,0.5823230743408203,-0.2038862705230713,-0.9131524562835693,0.24720905721187592,0.3240998387336731,-0.016321659088134766,-0.016206219792366028,0.08051761984825134,-0.020569833199807784,-0.7773776138241646,0.2402789303844661,-0.5809708557704685,-0.24979884835063984,-1.91185113794369,2.7189108703172216
1771888722281758464,9.592758655548096,0.4894602298736572,0.6136094927787781,-0.2290685772895813,-0.9156356453895569,0.2468431442975998,0.31730127334594727,-0.013380587100982666,-0.0160081684589386,0.09857705235481262,-0.02002057115190795,-0.7758985489308242,0.23797496709902677,-0.5839080703840557,-0.2494212331571538,-1.9043824108753193,2.724386195648672
1771888722291789568,9.602789640426636,0.5565063953399658,0.5749494433403015,-0.22402243316173553,-0.9180670380592346,0.24641163647174835,0.3105391561985016,0.005591332912445068,-0.024930298328399658,-0.05362686514854431,-0.019375767151401865,-0.774465250513573,0.23552740578069742,-0.5868177998481725,-0.24897596699177785,-1.8969682585879284,2.7302002468517026
1771888722301820416,9.612820625305176,0.6443734169006348,0.5326845049858093,-0.2461005598306656,-0.9203565716743469,0.24613511562347412,0.30391088128089905,0.012031078338623047,0.03464189171791077,-0.048921167850494385,-0.01837970541306948,-0.7731474340394172,0.23280567844493427,-0.5896668026519226,-0.24869066431573278,-1.8897331942895368,2.7368565470261137
1771888722311851776,9.622851848602295,0.6243674755096436,0.4751586318016052,-0.26121294498443604,-0.9225162863731384,0.24572350084781647,0.29763031005859375,0.020050466060638428,0.04928991198539734,-0.00922393798828125,-0.01720179535537836,-0.7720061422673177,0.22982967318880645,-0.5923588507994063,-0.24826600497148066,-1.8828820592052888,2.7440998985085225
1771888722321882624,9.632882833480835,0.5827285051345825,0.4496414363384247,-0.24381664395332336,-0.9244934320449829,0.24512341618537903,0.29193589091300964,0.01201784610748291,0.01984545588493347,0.01975536346435547,-0.01616476612090867,-0.7709946299032316,0.22701370693617529,-0.5947863478051697,-0.24764698557389028,-1.8766659509615147,2.750820528367355
1771888722331913728,9.642913818359375,0.5726838111877441,0.4400854706764221,-0.21773523092269897,-0.9263613820075989,0.24467727541923523,0.28633490204811096,0.014221489429473877,-0.03010818362236023,0.035305142402648926,-0.015127134095586822,-0.7699515052415331,0.22437053017610573,-0.597163083612934,-0.2471868377198127,-1.8705773476135794,2.7572249753748928
1771888722341945600,9.652945756912231,0.5746246576309204,0.4160642921924591,-0.20941738784313202,-0.9280903935432434,0.24437104165554047,0.28094637393951416,0.02892059087753296,-0.00886690616607666,0.022840827703475952,-0.014013198030396183,-0.7689437305654552,0.22180785462714234,-0.5994417179143868,-0.24687101566958627,-1.8647415805299765,2.7635453072202205
1771888722351975680,9.662975788116455,0.576737105846405,0.4093214273452759,-0.20867222547531128,-0.9297529458999634,0.244071364402771,0.2756604850292206,0.011158585548400879,0.01302395761013031,0.04337024688720703,-0.012844203878016052,-0.7679658084744919,0.2192230924604682,-0.6016683445935671,-0.24656198831637868,-1.8590279068159985,2.769945935191236
1771888722362007552,9.673007726669312,0.6249485611915588,0.39292529225349426,-0.2132137268781662,-0.9313850402832031,0.2437160462141037,0.27041488885879517,0.018558621406555176,0.005093753337860107,0.01930364966392517,-0.011620309556063095,-0.767014509761766,0.21655528130179394,-0.6038687484006745,-0.24619559375974015,-1.8533639351364952,2.776537091061353
1771888722372038656,9.683038711547852,0.6174017190933228,0.3691041171550751,-0.22708266973495483,-0.9329371452331543,0.2433484047651291,0.2653489112854004,0.025374770164489746,0.022703856229782104,0.002107173204421997,-0.01029648999848704,-0.766134481131074,0.2138046073302825,-0.6059864777240817,-0.24581655032891478,-1.847901872679961,2.783353899547173
1771888722382069504,9.693069696426392,0.6477811336517334,0.362648606300354,-0.23983921110630035,-0.9344582557678223,0.24287088215351105,0.26038700342178345,0.021021485328674316,0.027591124176979065,0.01056334376335144,-0.008954306418655314,-0.7652972592266002,0.21098247008030133,-0.6080512277327049,-0.24532425880785563,-1.842552931365345,2.7902897215261238
1771888722392100608,9.703100681304932,0.6474127769470215,0.35615262389183044,-0.2500652074813843,-0.9359762072563171,0.24228960275650024,0.25542929768562317,0.013826608657836914,0.028004586696624756,0.02801796793937683,-0.00758193012894111,-0.7644762298631391,0.20806428596020132,-0.6101047395807555,-0.2447250777440485,-1.8372105314560028,2.797411526527978
1771888722402131456,9.713131666183472,0.5972445011138916,0.36344900727272034,-0.23715287446975708,-0.937474250793457,0.24160102009773254,0.2505418658256531,0.0057419538497924805,0.01799677312374115,0.045554906129837036,-0.0063013412429990265,-0.7636491623068453,0.2052093884385414,-0.61211881308138,-0.2440154169871014,-1.8319451222706047,2.804299549616694
1771888722412162560,9.723162651062012,0.5578038692474365,0.39437443017959595,-0.22275182604789734,-0.9389626979827881,0.24089743196964264,0.24559637904167175,-0.001787424087524414,-0.005957871675491333,0.06908559799194336,-0.005189737120913646,-0.762734446149367,0.20256937227772367,-0.6141456951034395,-0.24329040926171627,-1.826626330361033,2.810625798496155
1771888722422193408,9.733193635940552,0.5545992255210876,0.415401816368103,-0.2174401581287384,-0.9404822587966919,0.24018831551074982,0.2404223382472992,-0.004982948303222656,-0.002761542797088623,0.043818384408950806,-0.004132801589759505,-0.7617197991054915,0.1999852917270418,-0.6162563097461997,-0.24255984769125952,-1.821073598044524,2.8168125072277896
1771888722432224768,9.743224859237671,0.5656196475028992,0.40956443548202515,-0.2330406904220581,-0.9420056939125061,0.2393975853919983,0.23519054055213928,0.0077250003814697266,0.018216580152511597,0.02158445119857788,-0.0031153129983404323,-0.7606763072129724,0.19740016656815937,-0.618381125537393,-0.24174534643853904,-1.815464362528117,2.822950191663668
1771888722442255616,9.753255844116211,0.5732709169387817,0.39842045307159424,-0.25235897302627563,-0.9435297846794128,0.23844090104103088,0.22999459505081177,0.011049926280975342,0.03005276620388031,-0.004744291305541992,-0.002109053595515871,-0.759657803350781,0.19472370406444492,-0.6204822759803396,-0.24076012516923218,-1.809893262181831,2.82920848748433
1771888722452286720,9.763286828994751,0.5931117534637451,0.3845139741897583,-0.26357489824295044,-0.9450281858444214,0.23736651241779327,0.22489683330059052,0.012579023838043213,0.03189004957675934,-0.004178449511528015,-0.0010623965405012154,-0.7586880506822946,0.19193973522236074,-0.6225354174617418,-0.2396539814719002,-1.8044294777342973,2.835667896060726
1771888722462317824,9.773317813873291,0.5488280653953552,0.36141130328178406,-0.24712108075618744,-0.9464758038520813,0.23620881140232086,0.2199743688106537,0.00839608907699585,0.033536046743392944,0.008846372365951538,-2.8299152247619664e-05,-0.7577661870443537,0.1891496545875325,-0.6245099840740989,-0.23846239023478802,-1.7991563626383014,2.842087976532582
1771888722472348672,9.783348798751831,0.5257115364074707,0.35661789774894714,-0.23780402541160583,-0.9478314518928528,0.23509594798088074,0.21527919173240662,0.007127285003662109,-0.012577056884765625,0.022315338253974915,0.0009306305813573182,-0.7568645030414765,0.18653611626624783,-0.6263859968664515,-0.2373172783671144,-1.794135438627123,2.8480888034590546
1771888722482380032,9.79338002204895,0.5062704682350159,0.34422871470451355,-0.2296326458454132,-0.9491371512413025,0.23397976160049438,0.21069443225860596,0.01035541296005249,-0.004106104373931885,0.03864943981170654,0.0018384813931008723,-0.7559668220304754,0.1840146143315373,-0.6282112580473245,-0.23616907321985323,-1.7892394280449073,2.8538530796591752
1771888722492410880,9.80341100692749,0.47792619466781616,0.33457982540130615,-0.22111985087394714,-0.9503703713417053,0.23287372291088104,0.20631510019302368,0.021415352821350098,-0.0006197094917297363,0.0321950763463974,0.002684656439942764,-0.7550977639158809,0.1816174924251357,-0.6299485897486458,-0.23503160591648353,-1.7845684678881462,2.8593046406450413
1771888722502441984,9.81344199180603,0.42105475068092346,0.32251304388046265,-0.2207869589328766,-0.9515612125396729,0.2316800057888031,0.20212820172309875,0.0141221284866333,0.010599076747894287,-0.01435348391532898,0.0033534302186128614,-0.754240870771134,0.1794012546410493,-0.6316048727018219,-0.23380431800237875,-1.780102734184386,2.8642113758432726
1771888722512472832,9.82347297668457,0.46960631012916565,0.2871395945549011,-0.2284933477640152,-0.95269376039505,0.23048891127109528,0.19811514019966125,0.02692776918411255,0.02654537558555603,-0.03541064262390137,0.004114103218466131,-0.753451447118012,0.17711151636762293,-0.6331868422530224,-0.2325800989697236,-1.7758267896623923,2.86932056142699
1771888722522503936,9.83350396156311,0.4346781373023987,0.2668441832065582,-0.23590224981307983,-0.9537568092346191,0.22918643057346344,0.1944771260023117,0.01857626438140869,0.036301225423812866,0.0027274787425994873,0.004829005772196058,-0.7527739267079177,0.1748427227559168,-0.6346164468985588,-0.23124178752995966,-1.771945213360079,2.8742850550765775
1771888722532534784,9.84353494644165,0.36139407753944397,0.2815011441707611,-0.22016564011573792,-0.9548061490058899,0.22778505086898804,0.1909424364566803,-0.011197149753570557,0.01624874770641327,0.018072456121444702,0.005354497873392485,-0.7520843454177204,0.17274361725697515,-0.6360031691180957,-0.22980231937140122,-1.7681729652246976,2.8787197197215333
1771888722542565888,9.85356593132019,0.29188477993011475,0.30070918798446655,-0.18931610882282257,-0.9558224678039551,0.22645100951194763,0.18741165101528168,-0.013018965721130371,-0.020289525389671326,0.033199891448020935,0.003927433027348077,-0.7508484144869416,0.1730100607988473,-0.6373999148197729,-0.22843248741938418,-1.764413762509658,2.8769155185693607
1771888722552596736,9.86359691619873,0.34032687544822693,0.3057396411895752,-0.18110638856887817,-0.9568143486976624,0.22526025772094727,0.18375034630298615,-0.008593976497650146,-0.026377201080322266,0.0009725093841552734,0.0025248628242373113,-0.7495518456053961,0.17334129783795593,-0.6388414977798168,-0.22721015327676347,-1.7605302133577225,2.8750473134819705
1771888722562627840,9.87362790107727,0.3899011015892029,0.28341424465179443,-0.18343877792358398,-0.9577593803405762,0.2242298275232315,0.18005003035068512,-0.006107807159423828,0.0362987220287323,-0.023464322090148926,0.0013562886879545778,-0.7482764432180222,0.17351478034435347,-0.6402914858241873,-0.22615267122896338,-1.7566184398698708,2.8737238602203568
1771888722572658688,9.88365888595581,0.41563254594802856,0.27615100145339966,-0.19674420356750488,-0.9586873650550842,0.22312259674072266,0.17645113170146942,-0.01583045721054077,0.05818842351436615,-0.00794827938079834,0.0020455453713765135,-0.7475446927666803,0.17147156574820965,-0.6416933297968935,-0.22501665074947477,-1.7528141357512348,2.8782575087463074
1771888722582689792,9.89368987083435,0.3713782727718353,0.26416289806365967,-0.19327649474143982,-0.9595906138420105,0.2219439446926117,0.17299413681030273,-0.025150716304779053,0.041315943002700806,-0.0021872371435165405,0.0009360341657425742,-0.7463840968566656,0.17148715917213478,-0.6430413524506691,-0.223807694608749,-1.7491595869686314,2.877220008016046
1771888722592720640,9.90372085571289,0.31207555532455444,0.2715606391429901,-0.18666014075279236,-0.9604690670967102,0.2207040637731552,0.1696736365556717,-0.026942551136016846,0.023009315133094788,0.0037577301263809204,-0.0003792190058471022,-0.7452210279239938,0.17170451376440302,-0.6443315544479276,-0.2225362808803447,-1.7456493582801098,2.8755795970268445
1771888722602751744,9.91375184059143,0.2809104025363922,0.2802165746688843,-0.17392463982105255,-0.9613338708877563,0.21946768462657928,0.16634665429592133,-0.019653677940368652,0.008422315120697021,0.02389991283416748,-0.0017704872925866856,-0.7440341506245947,0.1720073042595854,-0.6456187705427175,-0.22126881722955533,-1.742137020103244,2.873701806315538
1771888722612782592,9.92378282546997,0.26961299777030945,0.2681652307510376,-0.1647692173719406,-0.9621537923812866,0.21829184889793396,0.16312146186828613,-0.009693682193756104,0.00874367356300354,0.022227033972740173,-0.003300203917441884,-0.7428304037175253,0.17252165161077812,-0.6468603499504432,-0.22006376245383563,-1.7387372545635946,2.8712955556816713
1771888722622813696,9.93381381034851,0.2605574131011963,0.25975579023361206,-0.1573195606470108,-0.9629253149032593,0.21721868216991425,0.15997099876403809,-0.010737895965576172,0.011342689394950867,0.00967620313167572,-0.004784946313149209,-0.741642682316995,0.1730653946625473,-0.64806754160195,-0.2189642176796033,-1.735423014147541,2.868886736904011
1771888722632844800,9.94384479522705,0.2186344414949417,0.25344038009643555,-0.14142075181007385,-0.9636585712432861,0.2161620706319809,0.15695911645889282,-0.007593870162963867,0.027490273118019104,0.017128348350524902,-0.00454625644747196,-0.7409527298527858,0.17166424118360904,-0.6492301361745294,-0.21788188811593015,-1.7322568312791156,2.8717328512356137
1771888722642875904,9.95387601852417,0.18099120259284973,0.2430814504623413,-0.14040955901145935,-0.964360237121582,0.21509984135627747,0.1540834903717041,-0.005686938762664795,0.027606457471847534,0.03210426867008209,-0.006192125964031884,-0.7398053299347901,0.17242337656992365,-0.6503230221072993,-0.21679406900809187,-1.7292350705307502,2.868738431298619
1771888722652907008,9.96390700340271,0.2231128215789795,0.26353082060813904,-0.1403123438358307,-0.9650554060935974,0.21401438117027283,0.15121468901634216,-0.006990492343902588,0.03351369500160217,0.03129565715789795,-0.006159335338292107,-0.7391070148872437,0.1712546818940599,-0.6514251168107245,-0.21568272670719654,-1.7262227195812376,2.8709293771220437
1771888722662937856,9.97393798828125,0.2847970426082611,0.24651706218719482,-0.1503058671951294,-0.9657367467880249,0.2130221724510193,0.14823783934116364,-6.848573684692383e-05,0.05983550846576691,0.026505842804908752,-0.005891055749282871,-0.7384160795237716,0.1698841132721166,-0.652569162639188,-0.21466708512126303,-1.7231047058337587,2.873748179464312
1771888722672969728,9.983969926834106,0.23429231345653534,0.22934234142303467,-0.14812339842319489,-0.966399073600769,0.2119683027267456,0.1454043686389923,0.014204859733581543,0.041434407234191895,0.04575777053833008,-0.0056178222175249735,-0.7377778956922663,0.16848133211270877,-0.6536561180235202,-0.2135885847862284,-1.7201360829983365,2.8766032179823955
1771888722683000832,9.994000911712646,0.11637312918901443,0.2228102833032608,-0.1185133084654808,-0.9670032858848572,0.21095898747444153,0.14283226430416107,0.011482656002044678,0.02710863947868347,0.035161495208740234,-0.005578344113401622,-0.7371504941724071,0.16740753146927817,-0.6546394423838822,-0.21255592293567083,-1.717442080326821,2.878608597474384
1771888722693031680,10.004031896591187,0.07475565373897552,0.2415701150894165,-0.08880840986967087,-0.9675585627555847,0.21007762849330902,0.14034870266914368,0.0003497600555419922,-0.034403204917907715,0.05499432981014252,-0.00577817092452251,-0.7364654236094084,0.1667124208325936,-0.6555854284041447,-0.2116543522305383,-1.714846101450066,2.8796994273083056
1771888722703062784,10.014062881469727,0.08408843725919724,0.22447554767131805,-0.08423789590597153,-0.9680609107017517,0.20936298370361328,0.13793140649795532,0.010297298431396484,0.01666545867919922,0.05497013032436371,-0.005977308877715471,-0.7357712258441286,0.1661517632124398,-0.6565047491838085,-0.21092345616178426,-1.7123258828959353,2.8805718011903125
1771888722713093632,10.024093866348267,0.1111682578921318,0.2193649411201477,-0.0809885710477829,-0.9685417413711548,0.20869381725788116,0.13554880023002625,0.005925953388214111,0.04760804772377014,0.04596970975399017,-0.006054441914119215,-0.7351095857897835,0.16549409566672144,-0.6574107039779701,-0.2102391840718562,-1.709844623533477,2.8817479158598
1771888722723124736,10.034124851226807,0.11268652230501175,0.20267172157764435,-0.09605620801448822,-0.9690143465995789,0.20797328650951385,0.13325999677181244,0.010243654251098633,0.05656832456588745,0.04819749295711517,-0.006126503741749897,-0.73448619903402,0.16480296773640898,-0.6582798878600322,-0.2095024894280635,-1.7074602733028927,2.882970233393713
1771888722733155840,10.044155836105347,0.09143689274787903,0.19885914027690887,-0.09246014058589935,-0.9694727659225464,0.20720461010932922,0.13110554218292236,0.013235032558441162,0.056925028562545776,0.05067239701747894,-0.006227592277947285,-0.7339049575606781,0.16412276579986898,-0.6590966490695681,-0.20871668649777647,-1.705214714037354,2.884120925895165
1771888722743186688,10.054186820983887,0.060561809688806534,0.21327270567417145,-0.09337546676397324,-0.9699317216873169,0.20642051100730896,0.12892939150333405,0.00794154405593872,0.026626959443092346,0.05097171664237976,-0.006404799215484685,-0.7332990446070341,0.1635151486755123,-0.6599198243178657,-0.20791526196972263,-1.7029478645364697,2.885059351310801
1771888722753217792,10.064217805862427,0.04508661851286888,0.2034919708967209,-0.0921914279460907,-0.9703863263130188,0.20558637380599976,0.1268252581357956,0.0157201886177063,0.032404959201812744,0.05780613422393799,-0.00669524832282992,-0.732695317500926,0.16300368831391834,-0.6607136746633432,-0.2070628462071403,-1.7007553476797295,2.8856905701555533
1771888722763248640,10.074248790740967,-0.021245352923870087,0.19868069887161255,-0.07463426887989044,-0.9708136320114136,0.20479650795459747,0.12481662631034851,0.01680368185043335,0.012046143412590027,0.059005968272686005,-0.007069691141205087,-0.7320930284922351,0.16262874636273375,-0.6614693086098461,-0.20625580182598302,-1.6986639455997716,2.8859880765314423
1771888722773280000,10.084280014038086,0.006245658732950687,0.1931450515985489,-0.06474382430315018,-0.971193253993988,0.2041199505329132,0.12295836210250854,0.015947282314300537,0.014019697904586792,0.06266474723815918,-0.007494331546344483,-0.7315069008569279,0.16240946972086556,-0.6621666424033731,-0.2055646518627618,-1.6967317654188365,2.8859616656974487
1771888722783310848,10.094310998916626,0.023201115429401398,0.16092705726623535,-0.06026038900017738,-0.9715335965156555,0.20355059206485748,0.12120025604963303,0.019720911979675293,0.025315985083580017,0.053070418536663055,-0.007780569789297078,-0.7309683312082234,0.16212780627609757,-0.6628267353268488,-0.20498307457250675,-1.6949066165328575,2.8862016246991917
1771888722793341952,10.104341983795166,0.028119441121816635,0.14013922214508057,-0.05837327241897583,-0.9718287587165833,0.2030339390039444,0.11969275772571564,0.0210992693901062,0.0329127311706543,0.043881431221961975,-0.007976077011464923,-0.7305230085160033,0.16181011612995927,-0.6633928785948325,-0.20445540895678932,-1.6933415837134134,2.8865895392849943
1771888722803372800,10.114372968673706,0.0095926309004426,0.12469915300607681,-0.0564909502863884,-0.9721035361289978,0.20251837372779846,0.11832637339830399,0.013439595699310303,0.022564023733139038,0.033803701400756836,-0.008203920652860196,-0.7301144661545338,0.16154272287184346,-0.6639047736219182,-0.2039288962301642,-1.6919224450429582,2.886841601287902
1771888722813403904,10.124403953552246,-0.027728907763957977,0.100447878241539,-0.04235116392374039,-0.972159206867218,0.2025597095489502,0.11779654026031494,0.012366175651550293,0.01860116422176361,0.02604805678129196,-0.008260569428966982,-0.7299235756580571,0.16158540564587473,-0.664103540256266,-0.20397111496353856,-1.6913784884871013,2.8867558069436505
1771888722823434752,10.134434938430786,-0.10794127732515335,0.11869531869888306,-0.03064364194869995,-0.9722256660461426,0.20240627229213715,0.11751031875610352,0.005474746227264404,0.0008102655410766602,0.056867100298404694,-0.008619995209828682,-0.7297696072235416,0.16183781418718238,-0.6642066092310897,-0.20381442877001216,-1.6910801765060364,2.8859222214265317
1771888722833465856,10.144465923309326,-0.1338128298521042,0.11986897885799408,-0.011623877100646496,-0.972289502620697,0.20233134925365448,0.1171126663684845,0.0017998814582824707,-0.018142476677894592,0.06832744181156158,-0.009133400397440072,-0.7295290857911898,0.1623072537239561,-0.6643495588745564,-0.2037379174708423,-1.6906692411516548,2.884562910834662
1771888722843496704,10.154496908187866,-0.0944054052233696,0.12363588809967041,-0.016871903091669083,-0.9723699688911438,0.20215743780136108,0.1167440190911293,0.009525120258331299,0.030096590518951416,0.054642677307128906,-0.009653917514076706,-0.7293124213504373,0.16271263851708626,-0.664480884496178,-0.20356033745719956,-1.6902857030004015,2.8832894401191496
1771888722853527808,10.164527893066406,-0.06837353855371475,0.12492778897285461,-0.017411459237337112,-0.9724096655845642,0.2021145522594452,0.1164880022406578,0.002255737781524658,0.014163538813591003,0.03828193247318268,-0.010020180607503395,-0.7291476078079623,0.1630575634642225,-0.664571830346791,-0.2035165468698345,-1.6900213245664357,2.882301169016735
1771888722863558656,10.174558877944946,-0.07394780218601227,0.1112082451581955,-0.01607055589556694,-0.9724311232566833,0.20220626890659332,0.11614890396595001,0.004611790180206299,0.015399336814880371,0.0390024334192276,-0.01027918393557321,-0.7289597091292414,0.16337746245864615,-0.664695398339458,-0.20361020850228984,-1.6896749245814888,2.881501619831369
1771888722873589760,10.184589862823486,-0.1095617264509201,0.09020043164491653,-0.018384844064712524,-0.9724286198616028,0.2023427039384842,0.1159321516752243,0.005219638347625732,0.021351143717765808,0.04016532003879547,-0.010592662892184317,-0.7287900126183537,0.16380229418958717,-0.6647720161561631,-0.2037495240724172,-1.6894554519507625,2.88045604492952
1771888722883620864,10.194620847702026,-0.09799419343471527,0.07291478663682938,-0.010318128392100334,-0.9724494218826294,0.202354297041893,0.11573675274848938,-0.0012902617454528809,0.0034714937210083008,0.03936886787414551,-0.010967308358918057,-0.7286329069233475,0.1642025104982577,-0.6648393617652466,-0.2037613610831656,-1.6892548227910398,2.8793651097401827
1771888722893651712,10.204651832580566,-0.10924258828163147,0.047098103910684586,-0.001564851263538003,-0.9724469780921936,0.20236730575561523,0.11573394387960434,0.0053296685218811035,0.022913455963134766,0.040378689765930176,-0.01135084932005556,-0.728534952009046,0.16463230734576093,-0.6648339372012467,-0.20377464411397603,-1.6892522686649374,2.878196997088308
1771888722903682816,10.214682817459106,-0.15197522938251495,0.031148165464401245,0.013312631286680698,-0.972411036491394,0.20225709676742554,0.11622776091098785,0.000960230827331543,-0.03517334163188934,0.03336942195892334,-0.011837327932595341,-0.7285913735655098,0.16513174034539213,-0.6646397585031996,-0.20366209754838321,-1.6897573087761488,2.876734442593863
1771888722913713664,10.224713802337646,-0.15683922171592712,0.03027012199163437,0.018962528556585312,-0.9723636507987976,0.2020294964313507,0.11701828241348267,0.004925787448883057,-0.026232987642288208,0.0415816456079483,-0.012449827477013719,-0.728730978682603,0.1657115008941906,-0.6643312383188558,-0.2034297134488,-1.690564506365335,2.874951132387139
1771888722923744768,10.234744787216187,-0.1508275866508484,0.011727994307875633,0.022119972854852676,-0.9722048044204712,0.20238430798053741,0.11772330850362778,0.006506443023681641,0.0014731138944625854,0.04611028730869293,-0.012834125347606145,-0.7288000226387347,0.16646975735130715,-0.6640585667377874,-0.20379200945771223,-1.691298656226653,2.873203050604111
1771888722933775872,10.244776010513306,-0.13399773836135864,0.011623864993453026,0.018901806324720383,-0.9720980525016785,0.2025580108165741,0.11830462515354156,-0.001321256160736084,0.0006738007068634033,0.04063095152378082,-0.013237759023071989,-0.7288548129086156,0.1671016925883633,-0.6638317742004587,-0.2039693853449697,-1.6919010784884392,2.871636330317127
1771888722943806976,10.254806995391846,-0.11089454591274261,-0.003979329019784927,0.014149396680295467,-0.9719931483268738,0.20272928476333618,0.11887021362781525,-0.008048295974731445,0.014464318752288818,0.030208103358745575,-0.013562545843824204,-0.728924227133374,0.1676441980749603,-0.6636120410638404,-0.2041442769466796,-1.692487369768936,2.8703127906026737
1771888722953837824,10.264837980270386,-0.09733399748802185,-0.02438313700258732,0.010515247471630573,-0.9718611836433411,0.20291882753372192,0.11962264776229858,-0.0024734139442443848,0.03247849643230438,0.023001298308372498,-0.013818586969748485,-0.7290670585942537,0.16814442371699484,-0.6633231646049284,-0.2043378492793454,-1.6932664694904498,2.869125702569854
1771888722963868928,10.274868965148926,-0.09962466359138489,-0.03275158628821373,0.012030319310724735,-0.9717580080032349,0.20292195677757263,0.12045315653085709,-0.009412586688995361,0.0008438974618911743,0.0312650129199028,-0.014107895377526953,-0.7292581867352224,0.16854992303189173,-0.6630040357508147,-0.20434104843563705,-1.6941211460369103,2.868032675057966
1771888722973899776,10.284899950027466,-0.10553555190563202,-0.04246200621128082,0.01673346385359764,-0.9715873599052429,0.2031610906124115,0.12142270803451538,-0.004959821701049805,-0.003301471471786499,0.03139399737119675,-0.014306407702281476,-0.7294753281839277,0.16904762596115674,-0.6626340678901521,-0.20458526260649582,-1.6951252679746946,2.866902405366403
1771888722983930880,10.294930934906006,-0.12632010877132416,-0.052494797855615616,0.03658200427889824,-0.9715187549591064,0.20290890336036682,0.12239085882902145,-0.0012291669845581055,-0.005246549844741821,0.023773089051246643,-0.014725746053836785,-0.7297206581531815,0.16942016161752424,-0.6622596457429453,-0.20432771937818844,-1.6961150396318596,2.865674518958546
1771888722993961728,10.304961919784546,-0.14151877164840698,-0.06489314883947372,0.028903577476739883,-0.9713939428329468,0.2027541697025299,0.12363187223672867,0.009037256240844727,-0.013453632593154907,0.01970924437046051,-0.015185013793663011,-0.7300250528879403,0.1699392776076484,-0.6617806439847143,-0.20416969250226358,-1.6973883662603735,2.8641393659864574
1771888723003992832,10.314992904663086,-0.10890649259090424,-0.07114864140748978,0.029099583625793457,-0.9711897969245911,0.20289702713489532,0.12499291449785233,0.013151466846466064,-0.005066826939582825,0.002112746238708496,-0.015493548767231755,-0.7303534023901554,0.1705296608607299,-0.6612590361867781,-0.20431558295143462,-1.6987935229488416,2.86267970906195
1771888723014024704,10.325024843215942,-0.07978004217147827,-0.11223402619361877,0.021612640470266342,-0.9709811210632324,0.2030005156993866,0.12643907964229584,0.02841508388519287,0.025499850511550903,-0.014698967337608337,-0.01566950731671387,-0.7307490923986548,0.17095409312371648,-0.6607080166021441,-0.20442127940881266,-1.700285559247275,2.8616421671566696
1771888723024055808,10.335055828094482,-0.05576604604721069,-0.1352810263633728,0.013160831294953823,-0.9707311391830444,0.20320330560207367,0.1280210316181183,0.02984374761581421,-0.0009328126907348633,0.016784891486167908,-0.015690892923805905,-0.7312097218097621,0.17129757469002105,-0.660108516815491,-0.20462838185090354,-1.7019206613630096,2.8609184349578687
1771888723034086656,10.345086812973022,-0.03426581621170044,-0.15089301764965057,0.014443143270909786,-0.97042316198349,0.20364321768283844,0.12964588403701782,0.011103212833404541,-0.007522016763687134,0.03937564790248871,-0.015545566157652813,-0.7316847580020425,0.17164020403700303,-0.6594962129038493,-0.2050776889035349,-1.7036071835535123,2.8604096278958333
1771888723044117760,10.355117797851562,-0.07047486305236816,-0.1587449312210083,0.029277484863996506,-0.9701424241065979,0.20381265878677368,0.13146884739398956,0.0058022141456604,0.0037831664085388184,0.060776591300964355,-0.015512388337155625,-0.7322405631590766,0.1719249339546921,-0.6588056961608154,-0.2052507485848869,-1.7054907999249935,2.859822375490859
1771888723054148864,10.365149021148682,-0.04703691229224205,-0.15317866206169128,0.023714140057563782,-0.9698706269264221,0.20394572615623474,0.13325631618499756,-0.0006646513938903809,-0.027874574065208435,0.08746206760406494,-0.015542750266134688,-0.732774271930666,0.17224988403990477,-0.6581263750375165,-0.20538668058171028,-1.707337385226466,2.8590924728936424
1771888723064179968,10.375180006027222,0.018050121143460274,-0.16322238743305206,0.0227399542927742,-0.9696100354194641,0.20411726832389832,0.13487960398197174,0.004995167255401611,0.014510661363601685,0.05950212478637695,-0.015377619914342413,-0.7332998459653454,0.17236919688749197,-0.6575133009312821,-0.20556190461005644,-1.7090163897203219,2.8589543791221197
1771888723074210816,10.385210990905762,-0.03740328550338745,-0.1734877973794937,0.01925813779234886,-0.9693470597267151,0.20423930883407593,0.13657407462596893,0.010576367378234863,-0.00016826391220092773,0.009528860449790955,-0.015215713088830506,-0.7338554133924938,0.17246237950710974,-0.6568724426660413,-0.20568656630041757,-1.7107678559493704,2.8588448079246587
1771888723084241920,10.395241975784302,-0.05320674926042557,-0.1942848265171051,0.026271305978298187,-0.9690591096878052,0.20436392724514008,0.13841824233531952,0.018192529678344727,-0.02746880054473877,-0.01964379847049713,-0.01517329607952301,-0.7344258110758904,0.1727074181856021,-0.6561711307404087,-0.2058138724884978,-1.7126744020901488,2.858326750293535
1771888723094272768,10.405272960662842,-0.09669271111488342,-0.20908081531524658,0.03374147415161133,-0.9686917662620544,0.20473740994930267,0.14042313396930695,0.020312368869781494,-0.017725706100463867,0.03854714334011078,-0.01510960151122394,-0.7350072825267283,0.17313539442827558,-0.6554082932870917,-0.206195429388398,-1.7147551736487778,2.857533778998486
1771888723104303872,10.415303945541382,-0.15346597135066986,-0.19411757588386536,0.03487944230437279,-0.9683343172073364,0.2048761248588562,0.14266839623451233,-0.006870090961456299,-0.0157739520072937,0.07316718995571136,-0.015286313815729414,-0.7356416438729609,0.17368237236352743,-0.6545472095735162,-0.20633714733635183,-1.7170777473627685,2.8562160429103693
1771888723114334720,10.425334930419922,-0.14087028801441193,-0.1872841715812683,0.04718803986907005,-0.9679611325263977,0.20502705872058868,0.14496654272079468,-0.027247726917266846,-8.624792098999023e-05,0.04112960398197174,-0.015586021354186116,-0.7362561667727558,0.1743850062438107,-0.6536618960363303,-0.20649135345835126,-1.7194562828187132,2.8544889128451403
1771888723124365824,10.435365915298462,-0.09571435302495956,-0.20687878131866455,0.040475811809301376,-0.9675605297088623,0.20526103675365448,0.14729134738445282,-0.017043471336364746,0.003402918577194214,0.041536226868629456,-0.015696839141512174,-0.7369128038028987,0.1749434062561699,-0.6527695139769393,-0.20673042007480247,-1.721866093072469,2.853228642755303
1771888723134396672,10.445396900177002,-0.0940442830324173,-0.25668415427207947,0.040402840822935104,-0.9670933485031128,0.20543678104877472,0.150086909532547,0.007071435451507568,0.03466024994850159,0.0382370799779892,-0.015736551698585437,-0.7377447793702557,0.17543116534166064,-0.6516969250118897,-0.20690999014513148,-1.7247618859026324,2.8521206355687747
1771888723144427776,10.455427885055542,-0.12744884192943573,-0.28021958470344543,0.038958340883255005,-0.9665742516517639,0.2057037502527237,0.15303727984428406,-0.025125086307525635,0.0124053955078125,0.05706097185611725,-0.015752426837518603,-0.7386131313964694,0.17598091549184955,-0.6505638587708747,-0.20718278029096907,-1.7278224237068074,2.850928717376032
1771888723154458880,10.465458869934082,-0.090256467461586,-0.35628053545951843,0.0510360412299633,-0.9659788608551025,0.20599941909313202,0.15636272728443146,-0.015298724174499512,0.007669404149055481,-0.015005335211753845,-0.01571519662205994,-0.7396053971795802,0.17653673210994375,-0.6492855942833198,-0.20748492862081275,-1.731274097246625,2.8497545252395327
1771888723164489728,10.475489854812622,-0.05235675722360611,-0.3890778720378876,0.06677158921957016,-0.9652955532073975,0.20639722049236298,0.1600150763988495,-0.01929306983947754,-0.04376906156539917,-0.043941497802734375,-0.01548848966325617,-0.7407298336215303,0.1769939399541809,-0.6478831838596913,-0.2078914612988933,-1.7350704690959633,2.848942708823606
1771888723174520832,10.485520839691162,-0.054078489542007446,-0.40825530886650085,0.06979215145111084,-0.9644959568977356,0.20691217482089996,0.16411973536014557,-0.01249396800994873,0.0034302324056625366,0.01732255518436432,-0.015120297835818081,-0.7420092328982872,0.17743215027988968,-0.646306159706109,-0.2084177826864622,-1.7393431061591198,2.8482917332942557
1771888723184551680,10.495551824569702,-0.11828126758337021,-0.3793240487575531,0.06207457557320595,-0.9636902809143066,0.20734842121601105,0.16824902594089508,-0.01676321029663086,-0.005734041333198547,0.11423695087432861,-0.014887297755502642,-0.7432705803502738,0.17797009844578215,-0.6447122366132404,-0.20886369036651245,-1.743642476997499,2.8473033940690082
1771888723194582784,10.505582809448242,-0.1997939646244049,-0.36464443802833557,0.09150676429271698,-0.9628815650939941,0.20783555507659912,0.17223186790943146,-0.02427065372467041,-0.008082732558250427,0.10190750658512115,-0.014912617520540662,-0.7444024037258581,0.17883231463296043,-0.6431654593140667,-0.2093616781390415,-1.74779576986209,2.8454836996619566
1771888723204613632,10.515613794326782,-0.1896650791168213,-0.32507890462875366,0.0990762710571289,-0.9620963931083679,0.2083841860294342,0.1759161651134491,-0.047058820724487305,0.011311843991279602,0.11329887807369232,-0.015031956235623681,-0.745400667946954,0.17982193343702862,-0.6417288661579015,-0.2099225906380849,-1.7516452666408542,2.8433698411982085
1771888723214644992,10.525645017623901,-0.1371890902519226,-0.33186250925064087,0.10107417404651642,-0.9613077044487,0.20906120538711548,0.17938999831676483,-0.03831076622009277,0.011870801448822021,0.055244430899620056,-0.015042146626073642,-0.7463370870832774,0.18076490290059066,-0.6403738385941569,-0.2106148530691711,-1.7552847368499649,2.841487346411758
1771888723224675840,10.535676002502441,-0.031667545437812805,-0.3372788727283478,0.06710608303546906,-0.960527777671814,0.20971129834651947,0.18277667462825775,-0.028668880462646484,0.06349730491638184,0.07157205045223236,-0.014811305555677386,-0.7473169055508693,0.18139950222931187,-0.6390557085278546,-0.21127968138777983,-1.7588359831456184,2.8404067368882124
1771888723234706944,10.545706987380981,0.04161279276013374,-0.39630597829818726,0.07270964235067368,-0.9597094058990479,0.21042963862419128,0.1862179934978485,-0.013221442699432373,0.028324618935585022,-0.06277443468570709,-0.014179785086871514,-0.7484122489848398,0.1816262705822178,-0.6377224201505056,-0.21201441937363205,-1.76245057197495,2.840473550433653
1771888723244737792,10.555737972259521,0.012657396495342255,-0.44352859258651733,0.06017841026186943,-0.9587835073471069,0.21111421287059784,0.1901712268590927,0.013089537620544434,0.006964385509490967,0.012297630310058594,-0.013440136344980227,-0.7496992810158635,0.18175974561307304,-0.6361869059904808,-0.2127147310029631,-1.7666013639614446,2.8407662889352445
1771888723254768896,10.565768957138062,-0.02786499634385109,-0.4558560848236084,0.04632784053683281,-0.9578051567077637,0.21158838272094727,0.19452454149723053,-0.0004925727844238281,0.011434078216552734,0.13393616676330566,-0.012942035130651983,-0.7510766792955529,0.18206069300336594,-0.6344842880735346,-0.21319984725797198,-1.7711651727909208,2.8404392221433556
1771888723264799744,10.575799942016602,0.058729905635118484,-0.449639230966568,0.0865466296672821,-0.9567845463752747,0.2122335433959961,0.1987970769405365,-0.04262036085128784,0.0068674236536026,0.09046375751495361,-0.012283370712123844,-0.7524404074050568,0.18229638262724507,-0.6328116424495489,-0.2138600008806211,-1.7756577207435633,2.8404222072957177
1771888723274830848,10.585830926895142,0.198931485414505,-0.42920613288879395,0.07929324358701706,-0.9557048082351685,0.21333082020282745,0.20277588069438934,-0.05363345146179199,0.07121506333351135,0.12820252776145935,-0.011132487079129377,-0.7537686932097746,0.18226545915724007,-0.631259094541129,-0.21498299721649583,-1.7798699503903714,2.841475147233806
1771888723284861696,10.595861911773682,0.19177743792533875,-0.43729013204574585,0.11011214554309845,-0.954627275466919,0.21460691094398499,0.2064715027809143,-0.053963303565979004,0.12381775677204132,0.12746712565422058,-0.009718400288535168,-0.7550518551265333,0.18202319927605604,-0.6298172359012609,-0.21628933875159587,-1.7838003210558964,2.843220365914048
1771888723294892800,10.605892896652222,0.10081158578395844,-0.4298141300678253,0.09186363220214844,-0.9535183310508728,0.21586816012859344,0.21024739742279053,-0.022556006908416748,0.03896889090538025,0.17676129937171936,-0.00844489373384495,-0.7563203542389604,0.18194290183227246,-0.6283351734690752,-0.2175808653926412,-1.7878201002921552,2.8445136393503527
1771888723304923648,10.615923881530762,0.015757758170366287,-0.5111175179481506,0.1440485417842865,-0.9522649645805359,0.21710419654846191,0.21460914611816406,0.021051645278930664,0.004270300269126892,0.11394308507442474,-0.007475805266854114,-0.7576805025937338,0.1822767833887176,-0.6266095389935641,-0.21884692841272796,-1.792460092554003,2.8446876529777243
1771888723314954752,10.625954866409302,-0.05274806544184685,-0.5853174328804016,0.17241013050079346,-0.9507468342781067,0.21859407424926758,0.21976590156555176,0.046343207359313965,-0.04127170145511627,0.14455293118953705,-0.006504119339845914,-0.7592289950518853,0.18290511861378608,-0.6245596366629722,-0.2203734706115794,-1.7979574260361681,2.84428951371614
1771888723324985856,10.635985851287842,-0.08861000835895538,-0.651373028755188,0.20427033305168152,-0.948926568031311,0.22026418149471283,0.22588121891021729,0.010953426361083984,0.035228997468948364,0.1596778929233551,-0.005640461619017797,-0.760993501479312,0.1839279743342547,-0.6221155015383468,-0.22208529246580896,-1.8044859695087687,2.842996351574616
1771888723335016704,10.646016836166382,-0.09955746680498123,-0.7092525959014893,0.25477638840675354,-0.9468849301338196,0.22220054268836975,0.23245619237422943,-0.02053755521774292,0.03666481375694275,0.18535995483398438,-0.004635186478807456,-0.7628782328682994,0.18505376854458122,-0.6194759333187746,-0.22407086047717525,-1.8115311890373373,2.8416385411725154
1771888723345047808,10.656047821044922,-0.181334987282753,-0.740786612033844,0.2937608063220978,-0.944543182849884,0.22448274493217468,0.2396780103445053,0.0029538869857788086,0.06938625872135162,0.2041085809469223,-0.0036020626995152843,-0.7648869277032133,0.18651271181409798,-0.6165614151549794,-0.22641219825240322,-1.8193014468815134,2.839673490460217
1771888723355079936,10.666079998016357,-0.3399864137172699,-0.799133837223053,0.3650781214237213,-0.941940426826477,0.22696664929389954,0.24745559692382812,-0.007461369037628174,0.034721583127975464,0.17725752294063568,-0.002846710909174959,-0.7669230749440374,0.1885651059788332,-0.6134036762557954,-0.228961904191553,-1.8276995495381967,2.8363063422010755
1771888723365110784,10.676110982894897,-0.37657079100608826,-0.895552933216095,0.36653462052345276,-0.9389833211898804,0.22947384417057037,0.2562268376350403,0.005038619041442871,0.034243807196617126,0.11915457248687744,-0.002347710455307008,-0.7691491951181703,0.19110975890167067,-0.6098205617932799,-0.23153706467529786,-1.8371876277642882,2.8316691729036623
1771888723375141888,10.686141967773438,-0.3169388771057129,-1.0532491207122803,0.3875645101070404,-0.935554027557373,0.23215043544769287,0.2661670744419098,0.04614973068237305,0.15031111240386963,0.009956002235412598,-0.0015692054005799982,-0.7717462656511409,0.19362656047120191,-0.6057342777904893,-0.23428793459263172,-1.8479749326993276,2.827230627290756
1771888723385172736,10.696172952651978,-0.26614928245544434,-1.2512459754943848,0.43013063073158264,-0.9314751625061035,0.23514947295188904,0.2775946855545044,0.053102970123291016,0.11221686005592346,0.0006188154220581055,-0.00035466715313876135,-0.7748203535253415,0.19608866808116968,-0.6010012841022468,-0.23737235355003047,-1.8604321371028607,2.823166660083553
1771888723395203840,10.706203937530518,-0.17206807434558868,-1.2826379537582397,0.46048906445503235,-0.9267421364784241,0.23874638974666595,0.29008516669273376,0.015319287776947021,0.09783199429512024,0.07646146416664124,0.0014122403624993792,-0.7782240302613525,0.19851936608942236,-0.5957814371269441,-0.24107469932951267,-1.8741512576489758,2.819604182115185
1771888723405234688,10.716234922409058,-0.13262079656124115,-1.227193832397461,0.4377523362636566,-0.9219534397125244,0.2424243986606598,0.3020467758178711,-0.03446739912033081,0.14342458546161652,0.21727082133293152,0.00339396221510316,-0.7815005168620432,0.20069961427775718,-0.5907326577786048,-0.2448640161784851,-1.8873925781113892,2.8167014583647303
1771888723415265792,10.726265907287598,-0.0896669328212738,-1.0701874494552612,0.44195452332496643,-0.9173012971878052,0.24615994095802307,0.31299126148223877,-0.05208951234817505,0.16082246601581573,0.25231632590293884,0.0054391327840550095,-0.7844720308437164,0.20272952434548,-0.5860671937797319,-0.24871627840294114,-1.8996179564559847,2.814182825642657
1771888723425296896,10.736296892166138,-0.145230233669281,-0.9801158905029297,0.4654012620449066,-0.912919819355011,0.2499781996011734,0.32262688875198364,-0.07626157999038696,0.1378391683101654,0.2581225335597992,0.00583439104007778,-0.7864525248435087,0.2068957968932509,-0.5819385043177201,-0.25265774472200797,-1.9104978907196464,2.8062582604008246
1771888723435329024,10.746329069137573,-0.1398162990808487,-0.956095814704895,0.48894360661506653,-0.9085795283317566,0.25380274653434753,0.3317643105983734,-0.09639483690261841,0.09568455815315247,0.1714400053024292,0.006103018295323823,-0.7882027548392379,0.21123109341415147,-0.5779970949313555,-0.2566097202671503,-1.9209001489906976,2.797901849008829
1771888723445359872,10.756360054016113,-0.008195687085390091,-1.1070786714553833,0.5091346502304077,-0.9038364291191101,0.2580583989620209,0.3412993550300598,-0.055315613746643066,0.10198795795440674,-0.0027832388877868652,0.0068236735186929685,-0.7900819471511231,0.2154534680778795,-0.5738498421932113,-0.2610119928522349,-1.9318548818199301,2.7901193810572313
1771888723455390976,10.766391038894653,0.10099951177835464,-1.3317224979400635,0.5369675755500793,-0.8982012271881104,0.26296693086624146,0.3522540330886841,-0.01786017417907715,0.14079588651657104,-0.08430969715118408,0.00837341611084019,-0.792458020778818,0.21940213060408423,-0.5690367923334194,-0.26609608163609194,-1.9445407423460586,2.7834431393883228
1771888723465421824,10.776422023773193,0.2118833363056183,-1.424145221710205,0.5278524160385132,-0.8918408155441284,0.26831069588661194,0.3641833961009979,-0.10083508491516113,0.10569751262664795,0.006864577531814575,0.010545158817666928,-0.7951839558613869,0.22310127596215915,-0.5637350118589332,-0.271638984315365,-1.958480398124271,2.777633839087326
1771888723475452928,10.786453008651733,0.25912752747535706,-1.3482365608215332,0.5373185873031616,-0.8851925730705261,0.27396464347839355,0.37600189447402954,-0.0882112979888916,0.16498491168022156,0.1315511167049408,0.013132455577941612,-0.7979224316090184,0.2265408163356134,-0.5584143514169767,-0.27751299617605235,-1.9724708406834512,2.7726214307610384
1771888723485483776,10.796483993530273,0.16372635960578918,-1.2164021730422974,0.5420507788658142,-0.8788008689880371,0.2795294225215912,0.38674548268318176,-0.15728598833084106,0.05683526396751404,0.31193917989730835,0.01550471551501853,-0.8002711849834582,0.23008426931698772,-0.5535221434630867,-0.2833039671142467,-1.985372890905258,2.7672379221873835
1771888723495515136,10.806515216827393,0.07065527141094208,-1.0867903232574463,0.5435376167297363,-0.8727703094482422,0.2847515940666199,0.3964703679084778,-0.1663379669189453,0.11368590593338013,0.301497220993042,0.01740771745121927,-0.8022075408189677,0.2338765442733828,-0.5490554478048874,-0.2887472759651227,-1.9971926367478923,2.760969667870152
1771888723505545984,10.816546201705933,-0.07676222920417786,-1.1058659553527832,0.5537289977073669,-0.866790235042572,0.28955963253974915,0.4059925675392151,-0.12796074151992798,0.11550018191337585,0.17970073223114014,0.01879635870834715,-0.8039383570361678,0.23807437353764124,-0.5446562491211484,-0.29376671342871397,-2.008834574728466,2.753379013801405
1771888723515577088,10.826577186584473,-0.07722588628530502,-1.2595713138580322,0.5915171504020691,-0.8603218793869019,0.2940421998500824,0.41639578342437744,-0.12452614307403564,0.1071876585483551,0.03511178493499756,0.019927137455126205,-0.8058164583671656,0.24260610593817897,-0.5398194203557385,-0.2984532694540768,-2.021562196828926,2.744686269082816
1771888723525607936,10.836608171463013,0.14647653698921204,-1.4739446640014648,0.5893192291259766,-0.8527222275733948,0.299284428358078,0.42812830209732056,-0.07952874898910522,0.04921102523803711,-0.12206745147705078,0.021956404113834305,-0.808157670840852,0.24687107380448156,-0.5342788106038665,-0.303942631897452,-2.03610047768028,2.7370472781918433
1771888723535639040,10.846639156341553,0.2748129367828369,-1.5635435581207275,0.5974546670913696,-0.8442269563674927,0.30528634786605835,0.44054627418518066,-0.06438809633255005,0.14435961842536926,-0.09058597683906555,0.02498541187375999,-0.8108520275403054,0.25058356694638495,-0.5283015912667409,-0.31023910777283437,-2.051758113976944,2.7311428627031367
1771888723545670144,10.856670141220093,0.2565276622772217,-1.5043896436691284,0.6602133512496948,-0.8353985548019409,0.3117140531539917,0.45270711183547974,-0.09958386421203613,0.07256332039833069,0.17552775144577026,0.028331648289478657,-0.8134532300174822,0.2542585370843232,-0.5223445077989335,-0.31699642103406306,-2.067403777488444,2.725493284990328
1771888723555700992,10.866701126098633,0.16492319107055664,-1.4404668807983398,0.724899411201477,-0.826472282409668,0.3184456527233124,0.46425896883010864,-0.10184204578399658,-0.04238364100456238,0.2573598027229309,0.03155368207114754,-0.8156982821652294,0.258390770042434,-0.516599503058315,-0.3240893287717453,-2.0826049671917954,2.718814032134489
1771888723565732096,10.876732110977173,0.15034256875514984,-1.464674472808838,0.7281287908554077,-0.8172930479049683,0.3252309262752533,0.47566500306129456,-0.09371781349182129,0.04784649610519409,0.1503116488456726,0.03470078090123524,-0.8177908166847733,0.2627749570690443,-0.5108458092069633,-0.3312559253421714,-2.0978757923936047,2.7114427278684903
1771888723575762944,10.886763095855713,0.10764169692993164,-1.6037579774856567,0.6474485397338867,-0.807671070098877,0.33141615986824036,0.48767945170402527,-0.11206787824630737,0.1486559510231018,0.050711750984191895,0.037692474757680505,-0.8200672864026363,0.2670755873960722,-0.5047174512445671,-0.3378041590404013,-2.1140122114276614,2.7037888462762214
1771888723585794048,10.896794080734253,0.22084815800189972,-1.8506189584732056,0.5369734764099121,-0.797065019607544,0.3369899094104767,0.5011240839958191,-0.07770609855651855,0.18194624781608582,-0.11190283298492432,0.04092178036867705,-0.822921939315911,0.27085332472882173,-0.4977584158486178,-0.34371796227363743,-2.1320602481273756,2.69687004536132
1771888723595824896,10.906825065612793,0.4363892376422882,-2.0144104957580566,0.5284124612808228,-0.7853832840919495,0.3429296314716339,0.5153371691703796,-0.06660646200180054,0.11855718493461609,-0.2638876438140869,0.04630463712535525,-0.8269398102564328,0.27173358520563656,-0.4900890869505193,-0.35003387127614866,-2.151489835883468,2.696978950980998
1771888723605856000,10.916856050491333,0.25709450244903564,-1.9687058925628662,0.5505507588386536,-0.7731320261955261,0.3489299714565277,0.529636800289154,-0.0970616340637207,-0.008201181888580322,0.1106831431388855,0.05177691405385367,-0.830970126380521,0.2725931720189176,-0.4821834402322238,-0.3564290617299848,-2.1714204846982237,2.6969491206979006
1771888723615886848,10.926887035369873,0.1264198273420334,-1.9335795640945435,0.7187269926071167,-0.7603345513343811,0.354878693819046,0.5440155267715454,-0.04236942529678345,-0.06670120358467102,0.09392398595809937,0.05564282494121459,-0.8340665827331377,0.2762982067010152,-0.47423228417368024,-0.36278432042507563,-2.1918460455380115,2.689843150413952
1771888723625917952,10.936918020248413,-0.11828090995550156,-1.8491982221603394,0.9049956798553467,-0.7470276355743408,0.36105069518089294,0.5582046508789062,-0.12527161836624146,-0.13509854674339294,0.18071752786636353,0.05904915099462477,-0.836674166316914,0.28120931386605386,-0.466273498960788,-0.369394348041363,-2.212525038444244,2.679805369699038
1771888723635948800,10.946949005126953,-0.31509917974472046,-1.7989332675933838,1.0504010915756226,-0.7330960631370544,0.3671044111251831,0.5725419521331787,-0.10786151885986328,-0.1453942060470581,0.134535014629364,0.06298580668078055,-0.8395646831403294,0.28531057394315734,-0.45799754038389906,-0.3758941542276101,-2.2338389019749263,2.6714562982834353
1771888723645980160,10.956980228424072,-0.3622491955757141,-1.8567396402359009,1.113732933998108,-0.71845942735672,0.37301895022392273,0.5870884656906128,-0.10325682163238525,-0.10238909721374512,0.03009897470474243,0.06662956102956136,-0.8422493167935976,0.2901039807152459,-0.4494621848078946,-0.38226068984195555,-2.2559069013685336,2.6611853554334863
1771888723656011008,10.967011213302612,-0.13072408735752106,-1.9624831676483154,0.9898972511291504,-0.7031367421150208,0.3788190186023712,0.6017431616783142,-0.12784165143966675,-0.012516528367996216,-0.14208745956420898,0.07055829771388103,-0.8450529390478569,0.29454562481743124,-0.44062447515742786,-0.3885198731162803,-2.278646955977345,2.651490560014214
1771888723666042112,10.977042198181152,0.10492740571498871,-2.098158121109009,0.8355153799057007,-0.6871522665023804,0.3853391706943512,0.6159025430679321,-0.04128730297088623,0.15524926781654358,-0.2752499580383301,0.07568128185396408,-0.8481482578561618,0.29765046026140024,-0.4316494047863203,-0.3955753625325807,-2.30156989700514,2.645089084254311
1771888723676072960,10.987073183059692,0.15216414630413055,-2.0911366939544678,0.6960232853889465,-0.671075165271759,0.3913072943687439,0.6297121047973633,-0.1743534803390503,0.08490431308746338,0.023013293743133545,0.08096971131512745,-0.8514400051645152,0.29984326375912324,-0.42259677916687166,-0.4020517387695454,-2.324406741650607,2.6403965587367613
1771888723686104064,10.997104167938232,0.1490686684846878,-2.09812068939209,0.630088210105896,-0.6551574468612671,0.3967684507369995,0.642917811870575,-0.17693477869033813,0.0539303719997406,0.030849158763885498,0.0862416588557743,-0.8547658155131469,0.301387321033977,-0.41364646411459105,-0.4079936298545972,-2.3467657353568474,2.636856296362742
1771888723696135168,11.007135152816772,-0.02748451754450798,-2.045577049255371,0.6947252750396729,-0.6390185952186584,0.4013592004776001,0.6561753749847412,-0.24397701025009155,0.060249656438827515,0.1291182041168213,0.09095565543364173,-0.8580071669004602,0.3031688918495664,-0.40452370161618517,-0.41300034999850843,-2.3694401723645413,2.6321892319725504
1771888723706166016,11.017166137695312,-0.18177290260791779,-2.0323359966278076,0.8717610239982605,-0.6223044991493225,0.4056210219860077,0.6694841384887695,-0.24654626846313477,-0.1673244833946228,0.057551443576812744,0.09519098392511621,-0.8609474572569015,0.3057965523785842,-0.3952172837869679,-0.41765816884589263,-2.3927009811058997,2.625196734164212
1771888723716197120,11.027197122573853,-0.23398976027965546,-2.0739941596984863,0.9289177656173706,-0.6046991348266602,0.4097311496734619,0.682978630065918,-0.2296668291091919,-0.22027793526649475,0.04832953214645386,0.09917015180433802,-0.8636516342929663,0.30918470686538824,-0.3855854004843022,-0.4221593126385483,-2.416911004342715,2.616125362976639
1771888723726227968,11.037228107452393,-0.05206673592329025,-2.219071865081787,0.902957022190094,-0.5860612392425537,0.4142398238182068,0.6963745951652527,-0.2082350254058838,-0.029153764247894287,-0.19036269187927246,0.1036594332174562,-0.8663908715393221,0.31233661383993105,-0.3755894240090298,-0.4271074476756298,-2.4420019068794527,2.607481918094686
1771888723736259072,11.047259092330933,0.13968592882156372,-2.2616660594940186,0.7971611022949219,-0.5666674971580505,0.4194045066833496,0.7092164158821106,-0.18945127725601196,0.00973367691040039,-0.15674138069152832,0.10891916090097081,-0.8692037451394511,0.3147904829816608,-0.365415444248261,-0.4327892315626686,-2.4674586554430835,2.6004360665718282
1771888723746289920,11.057290077209473,0.2555544674396515,-2.309253454208374,0.7069414258003235,-0.5470501780509949,0.42522168159484863,0.7210566401481628,-0.12688475847244263,-0.07390332221984863,-0.17959845066070557,0.11489281230066803,-0.872031535101259,0.31636895766197815,-0.35534678184331736,-0.43920681192953526,-2.4925604046613046,2.59543044386102
1771888723756321024,11.067321062088013,0.05877721682190895,-2.1906895637512207,0.7236242890357971,-0.5275644063949585,0.4301949143409729,0.7325354814529419,-0.1627126932144165,0.05961224436759949,0.0987633466720581,0.12042354063561381,-0.8747787987393447,0.31785185168297225,-0.3452976287900338,-0.4447086670614986,-2.5174447834454248,2.590178884400347
1771888723766351872,11.077352046966553,0.007378034293651581,-2.1485748291015625,0.8704904317855835,-0.5081304311752319,0.4345407485961914,0.7436251044273376,-0.16902422904968262,0.02549654245376587,0.0642363429069519,0.12537151458068307,-0.8771836306145818,0.3199397341766196,-0.3353648194024907,-0.4495282979748208,-2.5421524747546083,2.5831811283111628
1771888723776384000,11.087384223937988,-0.15620796382427216,-2.167283535003662,1.032450795173645,-0.487822562456131,0.4386606216430664,0.7547224760055542,-0.13935944437980652,-0.2420053482055664,-0.004218935966491699,0.13002428347891104,-0.8792468231683652,0.32293385800511715,-0.32516526626262776,-0.45410770396934463,-2.567780445097795,2.5737370240988544
1771888723786415104,11.097415208816528,-0.12143462896347046,-2.287200689315796,1.0349515676498413,-0.4662735164165497,0.4425225257873535,0.7660046219825745,-0.12202915549278259,-0.05554431676864624,-0.08875846862792969,0.13467166576000364,-0.8812218933400889,0.32626720558072475,-0.3144221765515209,-0.4584096737918562,-2.594794451284996,2.563064411117079
1771888723796446208,11.107446193695068,0.10734875500202179,-2.406060218811035,0.9894540905952454,-0.4435410499572754,0.4469987750053406,0.7768291234970093,-0.098878413438797,0.04497513175010681,-0.20877492427825928,0.1400287587716347,-0.8832191567350771,0.32914811465678806,-0.30327775172748905,-0.46340743548303714,-2.622797237916808,2.55320559325848
1771888723806477056,11.117477178573608,0.2271776795387268,-2.3723762035369873,0.9851898550987244,-0.4202941656112671,0.45267683267593384,0.7864070534706116,-0.03479909896850586,0.003942310810089111,-0.21713227033615112,0.14627828777076088,-0.8850481155526274,0.3315016718341714,-0.2922310973201002,-0.4697650966660864,-2.6507674196259647,2.54455394924662
1771888723816508160,11.127508163452148,0.2458629459142685,-2.2526135444641113,1.007266640663147,-0.39742395281791687,0.4586617350578308,0.7947851419448853,-0.018576353788375854,-0.11770415306091309,0.011214494705200195,0.15263023263415365,-0.8865312145570076,0.33384872178582436,-0.2816227853605023,-0.476488604216377,-2.677913438717829,2.535828745433674
1771888723826539008,11.137539148330688,0.07098355144262314,-2.2573390007019043,1.1183180809020996,-0.3744093179702759,0.4640968143939972,0.8027651309967041,-0.04143846035003662,-0.06616285443305969,-0.0235903263092041,0.15863639760004172,-0.8877492542496469,0.3365766149156031,-0.27102018497974484,-0.4826146776350769,-2.705184819166439,2.525841875580831
1771888723836570112,11.147570133209229,0.1302410215139389,-2.1897153854370117,1.2392375469207764,-0.3509989380836487,0.46912240982055664,0.8103851079940796,-0.08286947011947632,0.09432363510131836,0.01769411563873291,0.16437541470676306,-0.8886369857285868,0.33987773433699736,-0.26036166674751465,-0.4882967954190616,-2.7328593362266584,2.514156944953671
1771888723846600960,11.157601118087769,0.09376645088195801,-2.3380517959594727,1.304613709449768,-0.3264767527580261,0.4743056297302246,0.8175861239433289,-0.05497771501541138,-0.1750655472278595,-0.10472607612609863,0.17034120892310944,-0.8892462482302844,0.34356102981177516,-0.24938084558323853,-0.49417514385826344,-2.761674454282588,2.5011480256150778
1771888723856632064,11.167632102966309,0.2613069713115692,-2.453981876373291,1.2816524505615234,-0.3004911243915558,0.4798492193222046,0.8242875933647156,-0.05502346158027649,0.07175606489181519,-0.1748276948928833,0.17688089647785923,-0.8897825711610581,0.347031388247771,-0.2378432545704649,-0.500482854459417,-2.7920180919420434,2.4880598632813187
1771888723866662912,11.177663087844849,0.42403197288513184,-2.3944685459136963,1.2710458040237427,-0.2740941345691681,0.4864721894264221,0.8295887112617493,-0.05114695429801941,0.07433408498764038,-0.236067533493042,0.18421504960387072,-0.8900731487294531,0.35009160583015425,-0.22642994729904323,-0.5080473883113982,-2.822486542199929,2.475619991971673
1771888723876694016,11.187694072723389,0.331595242023468,-2.2610268592834473,1.3053330183029175,-0.2483854740858078,0.49309787154197693,0.8337618708610535,-0.0018738806247711182,-0.0927378237247467,-0.019095301628112793,0.19148231326409332,-0.8900146695229478,0.3532064986041825,-0.2155307579212696,-0.5156470447298774,-2.8520549704377425,2.462857586213918
1771888723886724864,11.197725057601929,0.21100421249866486,-2.1429362297058105,1.3551818132400513,-0.22335322201251984,0.49846965074539185,0.8376403450965881,-0.06532782316207886,-0.10093241930007935,0.02449643611907959,0.19797971144074403,-0.8897030076158143,0.3567194202439995,-0.20489962824796848,-0.5218325707113449,-2.8810098236768065,2.448900313049671
1771888723896755968,11.207756042480469,0.25201156735420227,-2.048194646835327,1.4143537282943726,-0.1987832486629486,0.5033584237098694,0.8409019708633423,-0.06586524844169617,0.08962875604629517,-0.02791351079940796,0.20417030367469394,-0.8890805610539142,0.36053672290865546,-0.19458586884339973,-0.5274810817516116,-2.9094611082892308,2.4340320252998784
1771888723906786816,11.217787027359009,0.1794596016407013,-1.9962208271026611,1.457574486732483,-0.1744055151939392,0.5078589916229248,0.843600869178772,-0.05488835275173187,-0.07028257846832275,-0.018390119075775146,0.21016634593466393,-0.8881604654724333,0.36465246366939497,-0.18447165960676432,-0.5326975561521079,-2.937725399795757,2.4182220335722806
1771888723916817920,11.227818012237549,0.21726876497268677,-1.995560884475708,1.4503796100616455,-0.15010222792625427,0.5119258761405945,0.8458138704299927,-0.043043509125709534,0.022421598434448242,-0.11232393980026245,0.21603238741063374,-0.8870691237871855,0.3688025363615864,-0.17442204202283337,-0.5374252496910144,-2.9659563882069615,2.4020468599764997
1771888723926848768,11.237848997116089,0.2756200432777405,-2.016146659851074,1.4217610359191895,-0.1256438046693802,0.5159440040588379,0.8473576903343201,-0.019955545663833618,0.027543485164642334,-0.1447516679763794,0.22205495642664907,-0.8858508613812534,0.37275610057967,-0.1643552526585723,-0.5421092807735715,-2.994388049078748,2.3859715315514416
1771888723936880128,11.247880220413208,0.3275389075279236,-2.0316035747528076,1.4710029363632202,-0.1009129211306572,0.5202805995941162,0.8480120897293091,0.04485214501619339,-0.018174946308135986,-0.20410656929016113,0.2284183809781818,-0.8843862437716447,0.3766523770626969,-0.15433390834313326,-0.5471795083622893,-3.0231502519850975,2.3696159268651904
1771888723946910976,11.257911205291748,0.3203291893005371,-1.9199419021606445,1.5352755784988403,-0.0761917233467102,0.5243253111839294,0.8481024503707886,0.0540664866566658,-0.07971477508544922,-0.12327951192855835,0.2347203228838012,-0.8826534486209022,0.3807546507877105,-0.14441309591537874,-0.5519225943386813,-3.0519952980645018,2.35246518132324
1771888723956942080,11.267942190170288,0.2898953855037689,-1.8799660205841064,1.5720789432525635,-0.05184946581721306,0.5279775261878967,0.847673773765564,0.04878247156739235,-0.042595624923706055,-0.029268860816955566,0.2408317760110719,-0.880621731194125,0.38515224160854633,-0.1347702741575525,-0.556217351911654,-3.0805019938803393,2.334446800591962
1771888723966973184,11.277973175048828,0.24558955430984497,-1.7616595029830933,1.6382344961166382,-0.027824630960822105,0.5309067964553833,0.8469730615615845,0.007454168051481247,-0.0005877017974853516,-0.0401800274848938,0.24661099287109622,-0.8783659433515639,0.3898202233319993,-0.12528521675127685,-0.5596702859471795,-3.108752616469033,2.3156559722594636
1771888723977004032,11.288004159927368,0.1947343498468399,-1.7060521841049194,1.7010129690170288,-0.004212666302919388,0.5330926179885864,0.8460462093353271,0.01648075319826603,-0.030010461807250977,-0.013648927211761475,0.2520213039509598,-0.8758448766588595,0.3948656296889928,-0.11602612143307692,-0.5622516724646884,-3.136613455853422,2.2959264580945886
1771888723987035136,11.298035144805908,0.23293250799179077,-1.668839693069458,1.7712430953979492,0.019414633512496948,0.5346561074256897,0.8448468446731567,0.016580840572714806,-0.031024456024169922,-0.07809257507324219,0.25723722011299227,-0.873072088305152,0.4002106431747906,-0.10679731747791553,-0.5641007698913814,3.118616636156897,2.2753104360538865
1771888723997065984,11.308066129684448,0.2503160238265991,-1.6296741962432861,1.8095297813415527,0.042975448071956635,0.5361669659614563,0.843017578125,0.027657490223646164,0.020839989185333252,-0.12936383485794067,0.2625549610952735,-0.8699822641321998,0.4057581001601354,-0.0977561046744832,-0.5658896374109127,3.0906586250387593,2.253967772786589
1771888724007097088,11.318097114562988,0.2821780741214752,-1.5898948907852173,1.9098832607269287,0.06655465811491013,0.5374188423156738,0.8406851887702942,0.07143057882785797,-0.08722347021102905,-0.20170807838439941,0.26789315889494003,-0.866578252653854,0.41156377383541815,-0.08882958904308662,-0.5673734001751095,3.062590268781261,2.2317665777944447
1771888724017127936,11.328128099441528,0.24185675382614136,-1.5906704664230347,1.9924484491348267,0.09056991338729858,0.5381984114646912,0.8379377722740173,0.08267839252948761,-0.09020030498504639,-0.08378732204437256,0.27324207275896517,-0.8628156832220104,0.4177534961238346,-0.0798118008597108,-0.5682980672803596,3.0339239593473692,2.2083052789714723
1771888724027159040,11.338159084320068,0.26201626658439636,-1.5346591472625732,2.1083950996398926,0.11468669027090073,0.5382552146911621,0.8349418044090271,0.005888238549232483,-0.054689109325408936,-0.09794247150421143,0.27841471055943146,-0.858710992880074,0.4243657950062592,-0.07081117636708815,-0.5683654834090178,3.0050879727589606,2.183687845616578
1771888724037189888,11.348190069198608,0.25590750575065613,-1.4625393152236938,2.198748826980591,0.13891585171222687,0.5376867651939392,0.8316220641136169,-0.009399265050888062,-0.08920049667358398,-0.10235881805419922,0.28347942662973546,-0.8541969384013481,0.43146102475357956,-0.06187378273851059,-0.5676911250959047,2.9760787558522885,2.157757377824109
1771888724047220992,11.358221054077148,0.30642983317375183,-1.3381690979003906,2.204976797103882,0.16249118745326996,0.5367599725723267,0.8279402256011963,-0.07025183737277985,-0.03027510643005371,0.05539095401763916,0.2884161520458432,-0.8493673219015424,0.43879978761282135,-0.0533471803388994,-0.5665922964418413,2.947796233202206,2.1313017499927014
1771888724057251840,11.368252038955688,0.3056820034980774,-1.155301570892334,2.0574803352355957,0.18429900705814362,0.5355044007301331,0.8241773247718811,-0.155673548579216,0.011873960494995117,0.08439171314239502,0.2929696436820976,-0.8444964745520841,0.4459981671684007,-0.045606375537923176,-0.5651048666957655,2.9215961829789063,2.105701815184918
1771888724067282944,11.378283023834229,0.34131813049316406,-0.9992254972457886,1.9012768268585205,0.20378252863883972,0.5342895984649658,0.8203703165054321,-0.23162981867790222,0.24940180778503418,0.07553422451019287,0.2971628748003021,-0.8398086714164654,0.452666060350584,-0.03884728257173489,-0.5636671263711877,2.8981175280404776,2.0820417033022616
1771888724077313792,11.388314008712769,0.3868919909000397,-1.0097543001174927,1.805557131767273,0.22176089882850647,0.533414900302887,0.8162660598754883,-0.14404791593551636,0.1275041699409485,-0.16297638416290283,0.30131497134747365,-0.8351817633223274,0.45891661557618774,-0.03280483586136397,-0.5626326806652862,2.8763182280926043,2.0596294734497125
1771888724087344896,11.398344993591309,0.34955117106437683,-1.0653856992721558,1.7227504253387451,0.2398383766412735,0.5323359370231628,0.8118473291397095,-0.0674445778131485,-0.03694409132003784,-0.12552225589752197,0.3055675273995503,-0.8306929293584848,0.4646212619854948,-0.02654890038031951,-0.5613575935090287,2.8543402110630254,2.038317417272692
1771888724097376000,11.408376216888428,0.4219422936439514,-1.2004470825195312,1.585277795791626,0.25775569677352905,0.5313909649848938,0.8069607615470886,-0.17699092626571655,0.07322323322296143,-0.04879730939865112,0.3100142787737599,-0.8263331687486831,0.4697380824539047,-0.020267452870216997,-0.5602416853673731,2.832420096725512,2.0181807965931275
1771888724107407104,11.418407201766968,0.5001734495162964,-1.4233031272888184,1.5390583276748657,0.27660754323005676,0.5307709574699402,0.8011059165000916,-0.157924622297287,0.11066281795501709,-0.029987692832946777,0.3150646423241676,-0.8220547256801441,0.474108626284412,-0.013467594534729566,-0.5595099794208395,2.809127036306444,1.9989878861895445
1771888724117438976,11.428439140319824,0.6102094054222107,-1.5582350492477417,1.5189749002456665,0.2967629134654999,0.5308194756507874,0.7938279509544373,-0.1747993528842926,0.1664004921913147,0.010111987590789795,0.32101078770677527,-0.8175919325728493,0.47797218881343706,-0.006180070868786019,-0.5595672099419948,2.7838412806084643,1.9797339276257433
1771888724127470080,11.438470125198364,0.4949658215045929,-1.3581013679504395,1.5747936964035034,0.316631555557251,0.5305537581443787,0.786293625831604,-0.2877466082572937,0.03203791379928589,0.17552906274795532,0.32688279601760956,-0.8129794101782263,0.481883058821004,0.0009797248133729846,-0.5592536955917551,2.75877057748656,1.960293423563396
1771888724137500928,11.448501110076904,0.3383093476295471,-1.1700316667556763,1.558318853378296,0.33484047651290894,0.5286868810653687,0.7799823880195618,-0.3226943612098694,-0.013611078262329102,0.23607009649276733,0.33158755964114134,-0.8084347191592588,0.4862350210117845,0.007657706265190689,-0.5570528436384541,2.7360919614715415,1.9411821349421126
1771888724147532032,11.458532094955444,0.3802555501461029,-1.055245280265808,1.4808217287063599,0.3513432443141937,0.526219367980957,0.7743716239929199,-0.28359419107437134,0.06983476877212524,-0.13577592372894287,0.33559638029427397,-0.8041180307714757,0.4904895575683461,0.013760544075104126,-0.554148471219783,2.715654463776111,1.9233106661466128
1771888724157562880,11.468563079833984,0.2228638082742691,-1.2109755277633667,1.4822542667388916,0.3679769039154053,0.5234013199806213,0.7685338854789734,-0.10180255770683289,0.10405540466308594,-0.1464024782180786,0.33960424219505686,-0.7998056627515577,0.49454813249558227,0.02005212276569277,-0.5508378256067049,2.695045404901288,1.9058492956223876
1771888724167593984,11.478594064712524,0.23906025290489197,-1.170325756072998,1.415819764137268,0.38462933897972107,0.5194631814956665,0.7630325555801392,-0.1974344551563263,-0.07622575759887695,-0.032777249813079834,0.3431732016734838,-0.7957108219222363,0.49835786658610737,0.026757975446817198,-0.546222581507167,2.674686476220123,1.8895002117661532
1771888724177624832,11.488625049591064,0.37282899022102356,-1.3688191175460815,1.3623496294021606,0.401520311832428,0.5164850354194641,0.7563233375549316,-0.2342839241027832,0.21816468238830566,-0.01807248592376709,0.34745135488453366,-0.7914858376809845,0.5017089110326912,0.03340641939855058,-0.5427410232618609,2.65354383068787,1.8733384515499443
1771888724187655936,11.498656034469604,0.3051009774208069,-1.4331225156784058,1.3790966272354126,0.41916540265083313,0.5133033990859985,0.7488791346549988,-0.2054508626461029,0.03485327959060669,0.13326197862625122,0.35201784989052887,-0.787217962062737,0.504705299393317,0.04054459010113803,-0.539029577423804,2.631314677152762,1.857521679147763
1771888724197686784,11.508687019348145,0.3770225942134857,-1.4283403158187866,1.3700706958770752,0.43699291348457336,0.5100911259651184,0.7408403158187866,-0.2341119945049286,0.12891650199890137,0.08696430921554565,0.35679318489100686,-0.7827463247289833,0.5076695220836478,0.047733762730111755,-0.535290766648117,2.6086615548038723,1.8414230587094034
1771888724207717888,11.518718004226685,0.24181832373142242,-1.279899001121521,1.4769526720046997,0.4542294442653656,0.5061461329460144,0.7331381440162659,-0.2506619989871979,0.08069157600402832,0.21000760793685913,0.361154858788454,-0.7781864366870921,0.5108766522470055,0.05475440531813955,-0.5307103756545476,2.586908549246074,1.82531212914455
1771888724217748992,11.528749227523804,-0.013639277778565884,-1.1016261577606201,1.3994640111923218,0.4702346622943878,0.500240683555603,0.7270751595497131,-0.2591904401779175,-0.11640596389770508,0.21344596147537231,0.3642223795186772,-0.773850176981899,0.5144837016955,0.06167970315101317,-0.5238767362989356,2.567506700398171,1.8101704175073512
1771888724227780096,11.538780212402344,-0.10963576287031174,-1.0618090629577637,1.166324257850647,0.48438897728919983,0.4933280646800995,0.7224923372268677,-0.23956161737442017,0.09488311409950256,-0.18426889181137085,0.3661541094454887,-0.7703908689543632,0.5174399385943759,0.06844802763267505,-0.5159116868471952,2.5509811328660663,1.7985177496451243
1771888724237811200,11.548811197280884,0.10852799564599991,-1.2816118001937866,1.1012027263641357,0.49818262457847595,0.4877917468547821,0.7168499231338501,-0.07551407814025879,0.25633376836776733,-0.32428687810897827,0.36872848191082125,-0.7670535799023975,0.519666964885459,0.07492997112010395,-0.5095583398145008,2.534256669212139,1.7878223935487505
1771888724247842048,11.558842182159424,0.08458387106657028,-1.3951648473739624,1.0497888326644897,0.5131027102470398,0.483062744140625,0.7094900608062744,-0.061213672161102295,0.07350167632102966,-0.03192347288131714,0.3722221551191056,-0.7635665426417254,0.5212592237590247,0.08188826328473002,-0.5041492870068637,2.515465769868827,1.77724137728342
1771888724257873152,11.568873167037964,0.10494746267795563,-1.4776458740234375,1.060837984085083,0.5282320976257324,0.47829991579055786,0.7015699148178101,-0.18989890813827515,0.0775626003742218,0.15469235181808472,0.3758840871440146,-0.760022296072124,0.5226385582688524,0.08902965200732711,-0.4987178085910875,2.4962198480875055,1.7669051615909892
1771888724267904000,11.578904151916504,0.13473811745643616,-1.499138593673706,1.0764890909194946,0.5438173413276672,0.47345197200775146,0.6928966045379639,-0.12166780233383179,0.10148388147354126,0.13567078113555908,0.37980795033960785,-0.7562855922077809,0.5239087804251228,0.09642383925187174,-0.4932057109735926,2.4761603001190786,1.7563821854781032
1771888724277935104,11.588935136795044,0.0864827111363411,-1.3677507638931274,1.1086220741271973,0.5588265657424927,0.46817848086357117,0.684486448764801,-0.17880648374557495,0.08545610308647156,0.15816491842269897,0.38342687989217955,-0.7525104221019703,0.5253296901097152,0.10363677904152767,-0.4872282670228565,2.4569210283643232,1.7459999594349718
1771888724287965952,11.598966121673584,-0.010293724946677685,-1.2975237369537354,1.1908870935440063,0.573265016078949,0.4619600474834442,0.6767276525497437,-0.12461084127426147,0.06405624747276306,0.10743683576583862,0.38648730940405074,-0.7486756477153921,0.5271134543081885,0.11074203017592167,-0.4802039237588581,2.4387768042379645,1.7356620433046595
1771888724297997056,11.608997106552124,-0.13444258272647858,-1.336312174797058,1.0867165327072144,0.5874117016792297,0.4547545909881592,0.6694365739822388,-0.007913470268249512,-0.07716074585914612,-0.027102768421173096,0.3890269885381218,-0.7449867179932925,0.5288790800363218,0.11806600453640499,-0.4720966543200746,2.4213644447825353,1.7262464882956057
1771888724308027904,11.619028091430664,0.11117979884147644,-1.445406436920166,1.0757354497909546,0.6014273166656494,0.44822266697883606,0.6613484621047974,-0.032823801040649414,0.19101378321647644,-0.23227131366729736,0.3919514207253149,-0.741292490690848,0.5302449100628942,0.12529927912495295,-0.4647761181880306,2.4036108325368026,1.7172254331736987
1771888724318059008,11.629059076309204,0.07527825981378555,-1.5803643465042114,1.1175707578659058,0.616416871547699,0.44230297207832336,0.6514586806297302,0.06909948587417603,0.19734546542167664,-0.03961169719696045,0.3957524675764696,-0.7371781159865289,0.5313170176162069,0.13285585114197251,-0.4581648478790035,2.383825658464823,1.7074337937204662
1771888724328089856,11.639090061187744,0.0526670403778553,-1.504709243774414,1.1565834283828735,0.6313452124595642,0.4355296492576599,0.64165198802948,-0.08552306890487671,-0.009214341640472412,0.23339378833770752,0.3992459805688771,-0.7330004215494507,0.5324813281402959,0.14062962210978086,-0.4506265770768146,2.3642907657416807,1.6979279574418786
1771888724338120960,11.649121046066284,0.07737558335065842,-1.6065126657485962,1.2022076845169067,0.646439790725708,0.4284954071044922,0.6312745809555054,-0.017975986003875732,0.15394794940948486,0.1377837061882019,0.4028745049222908,-0.7285418382058803,0.5337266049092209,0.1485090531988853,-0.44282689670373515,2.3443260389980805,1.6879998827318914
1771888724348151808,11.659152030944824,0.006304602138698101,-1.5079355239868164,1.200111985206604,0.6613569855690002,0.42082276940345764,0.6208985447883606,-0.053553640842437744,0.11411985754966736,0.22333967685699463,0.40625465986717474,-0.7240715177681286,0.5349483345155104,0.15654978911079653,-0.43435210724797496,2.324652409008568,1.6785675984110393
1771888724358182912,11.669183015823364,-0.009940946474671364,-1.53315269947052,1.2361762523651123,0.6757658123970032,0.4127504229545593,0.6107190847396851,-0.055435001850128174,0.17280560731887817,0.14228689670562744,0.4093769113192645,-0.7195703145819357,0.5362630847253133,0.16447200806917794,-0.4254716342345532,2.305675911382619,1.6693976167400453
1771888724368214016,11.679214000701904,-0.15873673558235168,-1.5339311361312866,1.173048734664917,0.6900780200958252,0.40389904379844666,0.6005483269691467,0.04261857271194458,0.03729364275932312,0.06323963403701782,0.41217823503248663,-0.7151658899587001,0.5374122320201165,0.17272827502146207,-0.41577503121177983,2.2869362689868886,1.6612061522533625
1771888724378245120,11.689245223999023,-0.08398711681365967,-1.5875587463378906,1.1574468612670898,0.7039700150489807,0.39502763748168945,0.5902366042137146,0.03100001811981201,0.10864973068237305,-0.15806204080581665,0.41486117657040034,-0.7109502253300485,0.5382082189982147,0.18103000011216067,-0.40609792266072375,2.2685408051479516,1.6541045108498935
1771888724388276224,11.699276208877563,-0.17074093222618103,-1.6734787225723267,1.2130531072616577,0.7182661294937134,0.38598939776420593,0.5788838267326355,0.1290697455406189,0.14469614624977112,-0.029414713382720947,0.4178408623722177,-0.7064590715939413,0.5388483117774846,0.18965035886059142,-0.39628008147151444,2.249152495541382,1.6468621759033975
1771888724398307072,11.709307193756104,-0.257831871509552,-1.698311686515808,1.306493878364563,0.7327326536178589,0.3755568861961365,0.5675033926963806,0.022989392280578613,-0.04668411612510681,0.25369423627853394,0.42037636210704865,-0.7018830090276528,0.5395478878369642,0.1988268128960103,-0.3849975628858286,2.229795564556153,1.6402779417344415
1771888724408338944,11.71933913230896,-0.2005874216556549,-1.6940745115280151,1.3470306396484375,0.7472277879714966,0.364401638507843,0.5557539463043213,-0.0023394227027893066,0.10303616523742676,0.240495502948761,0.42280786591262054,-0.6970493746359261,0.540369462067269,0.208222613156779,-0.3729901760989623,2.210288259419379,1.6336236643356528
1771888724418370048,11.7293701171875,-0.32256871461868286,-1.7069437503814697,1.4012101888656616,0.7615512013435364,0.3526967167854309,0.5437324643135071,-0.018753349781036377,0.1626688838005066,0.2225792407989502,0.425123575848631,-0.6920230238737378,0.5412673785530928,0.2177240775236652,-0.3604514666665615,2.1908434888865234,1.627037530658061
1771888724428399616,11.739399671554565,-0.49063193798065186,-1.7022128105163574,1.4859442710876465,0.7756891250610352,0.3393554091453552,0.5321128368377686,0.012701869010925293,0.0052337646484375,0.17082899808883667,0.42668452084436853,-0.6870982384917022,0.5421738071119192,0.22778023053991042,-0.34623156469175803,2.1720557201421187,1.621820674564749
1771888724438430464,11.749430656433105,-0.734787106513977,-1.7557810544967651,1.5718631744384766,0.7899348139762878,0.3240695297718048,0.5205594301223755,0.08714044094085693,-0.015613049268722534,0.09850496053695679,0.4274915338813792,-0.6822197552674699,0.5430063692286512,0.2386867149102208,-0.3300280094081835,2.1534657028490956,1.6181593878885985
1771888724448461568,11.759461641311646,-0.7331684231758118,-1.7864658832550049,1.5607516765594482,0.8040518760681152,0.3075471520423889,0.5088371634483337,0.08765637874603271,-0.037893831729888916,0.00803905725479126,0.42773418664967566,-0.6774985662731832,0.5435202533102848,0.25024960196965446,-0.3126141586568269,2.135014387948435,1.6162737452301896
1771888724458492416,11.769492626190186,-0.5008496642112732,-1.940382480621338,1.591265082359314,0.8181347250938416,0.2917349934577942,0.4955262541770935,0.09516483545303345,0.2351967692375183,-0.04964923858642578,0.42892345489379946,-0.6717600347838336,0.5445195883984506,0.261269084955826,-0.29604024444888527,2.1153804251656365,1.611629619665931
1771888724468523520,11.779523611068726,-0.5309304594993591,-1.9402968883514404,1.6781525611877441,0.8322911858558655,0.2756708860397339,0.4809335172176361,0.05133002996444702,0.03756153583526611,0.1257559061050415,0.4303043993988775,-0.6658057908479296,0.5451324677132752,0.2727111911098733,-0.27928754811776446,2.0947644683871425,1.6075665491679552
1771888724478554368,11.789554595947266,-0.47645387053489685,-2.0134165287017822,1.7130051851272583,0.8462234139442444,0.25897735357284546,0.465657114982605,0.06812894344329834,0.03216031193733215,0.12498006224632263,0.4318402071424596,-0.6591426534309913,0.5462229579507193,0.28405180818537906,-0.26196329335180496,2.0738520385621695,1.6021809771260822
1771888724488585472,11.799585580825806,-0.5723536014556885,-1.9144717454910278,1.7132930755615234,0.8596277236938477,0.24198269844055176,0.4499833881855011,-0.00986558198928833,0.1635044664144516,0.20057523250579834,0.4332349753988881,-0.6524327468288155,0.5471043883538066,0.29549267349283687,-0.24440875466088205,2.0530377617333926,1.5975637547375026
1771888724498616576,11.809616565704346,-0.7954791188240051,-1.9553979635238647,1.7841073274612427,0.8722277879714966,0.22383557260036469,0.4348750114440918,-0.019261538982391357,0.04270493984222412,0.18315169215202332,0.4338380028235159,-0.6459130483021704,0.5479359779120307,0.30715967577639897,-0.22574813693584922,2.0333069916401936,1.5945014271689382
1771888724508647424,11.819647550582886,-1.0943889617919922,-2.0029561519622803,1.8252145051956177,0.8845716714859009,0.2038695365190506,0.4194878339767456,0.057872116565704346,-0.048870787024497986,0.120917409658432,0.43355240002631856,-0.6396020566588629,0.5483184465858848,0.3198255288964568,-0.20530885603712712,2.013613813596141,1.5940449639852843
1771888724518678528,11.829678535461426,-1.2467049360275269,-2.0815162658691406,1.8182990550994873,0.8965327739715576,0.18269070982933044,0.4035506248474121,0.03313946723937988,-0.001935124397277832,0.102903813123703,0.43256445269657123,-0.6335355339301277,0.5480949146607735,0.3333356951976191,-0.1837225218300776,1.993753088785105,1.5961862265563063
1771888724528709376,11.839709520339966,-1.1343733072280884,-2.1710147857666016,1.7378710508346558,0.9080427885055542,0.16174036264419556,0.38639095425605774,0.00016009807586669922,0.09544643759727478,0.042350441217422485,0.43168677830879104,-0.6273815955229737,0.5473461470100528,0.34706036947075464,-0.16245398707353392,1.9731078811544958,1.599292468811218
1771888724538740480,11.849740505218506,-0.7276289463043213,-2.179879665374756,1.7151159048080444,0.9189010858535767,0.14240305125713348,0.3678889274597168,-0.04652559757232666,0.19635732471942902,0.020447254180908203,0.4318658965963249,-0.6205179391931662,0.5467192675003225,0.35992696651734835,-0.14288879289848663,1.9516108523363298,1.6002809065249741
1771888724548771584,11.859771728515625,-0.5416156649589539,-2.155874729156494,1.6713624000549316,0.9289922714233398,0.12453125417232513,0.3485187888145447,-0.07437801361083984,0.18506959080696106,0.013312816619873047,0.4329987993349734,-0.6129769443687253,0.5463686105727424,0.37182343801050816,-0.1248553910859807,1.9297054110296235,1.5990064416800713
1771888724558802688,11.869802713394165,-0.5033982396125793,-2.077810049057007,1.6871455907821655,0.9380936026573181,0.10707347095012665,0.32941722869873047,-0.08624124526977539,0.07417046278715134,0.01971912384033203,0.4341500861322115,-0.6053211847459702,0.5461637853334975,0.3831515640782886,-0.1072791293050029,1.9085006461653424,1.5973900421519034
1771888724568833536,11.879833698272705,-0.5804808139801025,-2.0248913764953613,1.692263126373291,0.9463464617729187,0.08942301571369171,0.3105350136756897,-0.0669977068901062,0.008965656161308289,0.06158113479614258,0.43504979109458763,-0.5976197573765599,0.5460019527448672,0.3942895092458902,-0.0895426262846449,1.8878664634114697,1.5961276909127236
1771888724578864640,11.889864683151245,-0.7257288098335266,-2.023998975753784,1.6676146984100342,0.9537920951843262,0.07144983857870102,0.29184842109680176,-0.08246952295303345,-0.026985757052898407,0.044790953397750854,0.4354183358922681,-0.5901838156000313,0.54553394161246,0.40556951117125534,-0.07151077460659779,1.8677371285994995,1.5964718921749081
1771888724588895488,11.899895668029785,-0.8351519107818604,-2.146615982055664,1.5976766347885132,0.960709810256958,0.053536709398031235,0.27234217524528503,-0.05244576930999756,0.009131133556365967,0.0008358657360076904,0.43560323494348363,-0.5829048334776225,0.5444199095248373,0.41722735148030143,-0.05356231570680445,1.8470292470119265,1.5985531098011139
1771888724598926592,11.909926652908325,-0.8177982568740845,-2.249692678451538,1.467456579208374,0.967175304889679,0.0364864356815815,0.251476526260376,-0.101376473903656,0.055951282382011414,0.021625250577926636,0.43606887374501113,-0.5756689396460607,0.5425343617779969,0.4290752886293502,-0.036494536923260976,1.82517497844927,1.601822625051968
1771888724608957440,11.919957637786865,-0.7227874994277954,-2.2451131343841553,1.3216392993927002,0.9730238914489746,0.021093253046274185,0.22973839938640594,-0.1811385154724121,0.1597081422805786,-0.03743183612823486,0.4371197809237428,-0.5684509179211324,0.5401229034442192,0.4405192090696405,-0.021094817430856453,1.8026577146641831,1.6051980010906577
1771888724618988544,11.929988622665405,-0.6725610494613647,-2.201961040496826,1.2039709091186523,0.9780907034873962,0.0072747524827718735,0.20805196464061737,-0.19894647598266602,0.11459719389677048,-0.06083513796329498,0.4385218456846431,-0.5614048554113878,0.5374482048749776,0.4513010089721126,-0.007274816649286466,1.7803848815936576,1.608502283321587
1771888724629019392,11.940019607543945,-0.6756218671798706,-2.096909284591675,1.124941110610962,0.9823749661445618,-0.005462008528411388,0.18684209883213043,-0.21176010370254517,0.05273376405239105,-0.023420408368110657,0.43999272686125,-0.5545861406878672,0.5346543415916566,0.46150354241724867,0.005462035744070674,1.7587457802044528,1.6119111294054593
1771888724639051520,11.950051546096802,-0.5851995348930359,-1.9100403785705566,1.0843480825424194,0.9858037233352661,-0.017390672117471695,0.16700023412704468,-0.2739657163619995,0.024226637557148933,0.02878539264202118,0.44127238886248643,-0.5481084069730218,0.5320500830989374,0.47093394029763197,0.01739154864973282,1.7386082907765645,1.6152208475834378
1771888724649082368,11.960082530975342,-0.45378655195236206,-1.8008702993392944,1.1019481420516968,0.9884708523750305,-0.028964487835764885,0.14861437678337097,-0.26708120107650757,0.03468652069568634,-0.014581218361854553,0.4423394813541463,-0.54178892042278,0.5298791849330299,0.47961286558166205,0.028968539917858138,1.7200263577591353,1.6179610673880949
1771888724659113472,11.970113515853882,-0.36553072929382324,-1.7928392887115479,1.1218899488449097,0.9905979037284851,-0.04053843766450882,0.1306617259979248,-0.2074100375175476,0.034328117966651917,0.041335344314575195,0.44351076838251063,-0.535180849278776,0.5281215049075312,0.4878189691011317,0.040549548253237984,1.7019411532349702,1.6196276305955823
1771888724669144320,11.980144500732422,-0.3292732238769531,-1.78841233253479,1.1241954565048218,0.9922599792480469,-0.052090734243392944,0.1127241849899292,-0.21693038940429688,0.009808637201786041,0.0017777681350708008,0.4447729204276625,-0.5283489651144752,0.5265068511748041,0.495797307282952,0.05211432008351488,1.6839148449503372,1.6208202708028074
1771888724679175680,11.990175724029541,-0.5385068655014038,-1.7444696426391602,1.1038938760757446,0.9934585094451904,-0.06371618807315826,0.09476526826620102,-0.21625208854675293,0.000712662935256958,0.0180581733584404,0.44565067080874216,-0.5217484350441495,0.5245581044367545,0.5039968524717712,0.06375937795079582,1.6658978365012111,1.6233959226600427
1771888724689206528,12.000206708908081,-0.6112428903579712,-1.6268364191055298,1.1068350076675415,0.9941418766975403,-0.07518552988767624,0.07764741778373718,-0.24553042650222778,-0.04604555666446686,0.01114344596862793,0.4459454533247246,-0.5156727562117103,0.5224034049096165,0.5121610667509482,0.07525654458289328,1.6487430495432598,1.6274415584677597
1771888724699237632,12.010237693786621,-0.7443617582321167,-1.5725224018096924,1.0711649656295776,0.9943756461143494,-0.08646940439939499,0.06115616112947464,-0.20946353673934937,-0.025346986949443817,-0.008711699396371841,0.4455578062249275,-0.5102299084122388,0.5198495174536852,0.5204806619505709,0.08657752345294442,1.6322210297098259,1.633541708762547
1771888724709268480,12.020268678665161,-0.941484808921814,-1.4740897417068481,1.0207281112670898,0.9942234754562378,-0.0973757952451706,0.04514019563794136,-0.2114628553390503,-0.02431304007768631,0.02651512622833252,0.44460082364674575,-0.505388066599667,0.5168684548055252,0.5289234561232922,0.09753034492910789,1.6161676308029727,1.641545515611992
1771888724719299584,12.030299663543701,-0.8911159038543701,-1.3616745471954346,0.973262369632721,0.9937312602996826,-0.10766202956438065,0.03011886589229107,-0.23341631889343262,-0.02110687643289566,-0.014463305473327637,0.44325023170133293,-0.5010982268326998,0.5137703765149236,0.5370938673309497,0.10787110609366121,1.6010959153100859,1.650481817192034
1771888724729330432,12.040330648422241,-0.7579171657562256,-1.3069407939910889,0.9273470640182495,0.9929714202880859,-0.11727600544691086,0.015940111130475998,-0.21407127380371094,0.04281311482191086,-0.023905158042907715,0.4420182919759223,-0.49691014658444127,0.5109308777955514,0.5446556255978583,0.11754651189924767,1.5868478890834403,1.6586536936730456
1771888724739361536,12.050361633300781,-0.6144081950187683,-1.2847036123275757,0.9015820622444153,0.9919697642326355,-0.1264551728963852,0.0022247559390962124,-0.18090415000915527,0.011998996138572693,0.01051628589630127,0.44112247660416454,-0.49251642423442515,0.508468238808801,0.5516325912560964,0.12679464540240518,1.5730390890191202,1.6654380631562937
1771888724749392384,12.060392618179321,-0.5110349655151367,-1.2177180051803589,0.8487561345100403,0.9907732605934143,-0.13508819043636322,-0.010940756648778915,-0.21716785430908203,0.040056467056274414,0.0265352725982666,0.44050252504883747,-0.4880617330675735,0.5062858542676222,0.558057313901964,0.13550247405565172,1.5597541307408644,1.6711474226243366
1771888724759423488,12.070423603057861,-0.617408812046051,-1.1923415660858154,0.7937762141227722,0.9894236326217651,-0.14311040937900543,-0.023668162524700165,-0.2161998152732849,0.046934276819229126,0.02379024215042591,0.4399247204312861,-0.4838055340510282,0.5040814657975169,0.5641810681023716,0.14360346633426466,1.5468797270770802,1.6768202923428233
1771888724769454592,12.080454587936401,-0.7948912978172302,-1.1514521837234497,0.7259814739227295,0.9879650473594666,-0.15034949779510498,-0.03633331507444382,-0.19994014501571655,-0.02880394458770752,0.006639719009399414,0.43903196706242686,-0.4801353084517163,0.5013017340290669,0.5704538352232238,0.15092177741959242,1.5340369816665647,1.684220905358584
1771888724779485440,12.090485572814941,-0.8302479982376099,-1.1511366367340088,0.6989673972129822,0.9863865375518799,-0.15701419115066528,-0.04887049272656441,-0.17309296131134033,-0.03774897754192352,-0.04931987076997757,0.4378871831695466,-0.47688084566387245,0.4981459760217182,0.5767929865717719,0.15766661138981314,1.5212918364612502,1.692819666838228
1771888724789516544,12.100516557693481,-0.8156972527503967,-1.1174235343933105,0.6578261256217957,0.9846650958061218,-0.1632509082555771,-0.06151137873530388,-0.12904387712478638,-0.021899238228797913,-0.018139474093914032,0.43680909389146055,-0.4736687353837551,0.49485577619198395,0.5830552623088161,0.1639848729420842,1.5084080569348597,1.7015487027695895
1771888724799547392,12.110547542572021,-0.7855087518692017,-1.055803656578064,0.6487375497817993,0.9828703999519348,-0.16903305053710938,-0.07343994081020355,-0.16756290197372437,-0.003788009285926819,-0.015213601291179657,0.435668395448679,-0.47069391999744065,0.49165766752484746,0.5889931270098825,0.16984851344182242,1.4962150519008197,1.7101777016422115
1771888724809579520,12.120579719543457,-0.7589339017868042,-0.9780881404876709,0.6556958556175232,0.9809582233428955,-0.17476782202720642,-0.08471880853176117,-0.12698477506637573,-0.011725097894668579,0.08192646503448486,0.4344444920031648,-0.4677775529089889,0.4886969971506464,0.5946574112447125,0.1756699537710683,1.4846467643502217,1.7184633385141497
1771888724819610624,12.130610704421997,-0.7598583102226257,-0.909946620464325,0.6553376317024231,0.9789916276931763,-0.1803615838289261,-0.09510575979948044,-0.16061699390411377,-0.01194491982460022,0.09031445533037186,0.4330120620903391,-0.46510560330547723,0.4859258153150021,0.6000445287105154,0.18135404844834987,1.4739535611519217,1.7267276410210233
1771888724829641472,12.140641689300537,-0.8788429498672485,-0.8711904287338257,0.6479990482330322,0.9769672155380249,-0.18572410941123962,-0.10507902503013611,-0.14405101537704468,-0.020712047815322876,0.03856600075960159,0.43132926442339464,-0.4627143706421616,0.4830692483228961,0.6053879550099487,0.18680874275586123,1.4636518753428562,1.7355937755334672
1771888724839672576,12.150672674179077,-0.9375113248825073,-0.9153997302055359,0.605434000492096,0.9748528003692627,-0.1906604915857315,-0.11537156254053116,-0.1022789478302002,-0.048902496695518494,-0.003235042095184326,0.42945490945326953,-0.46056555509630587,0.47978493856630905,0.6109453584954402,0.19183493000837465,1.4529965815540957,1.7456260787414382
1771888724849703424,12.160703659057617,-0.8625378012657166,-0.9447469711303711,0.5620042085647583,0.9726404547691345,-0.19509026408195496,-0.12613721191883087,-0.09048396348953247,0.04657644033432007,-0.08710439503192902,0.4278513994008822,-0.4583060259544807,0.4763265511549612,0.6164510567850581,0.19634948021980675,1.441830764308889,1.75548572523055
1771888724859734528,12.170734643936157,-0.8663682341575623,-0.9738342761993408,0.5463123321533203,0.9702939987182617,-0.1992720663547516,-0.13718651235103607,-0.042010366916656494,-0.05855567753314972,-0.09431980550289154,0.4264524442051744,-0.45588291893937566,0.4728398318667134,0.6218774263163122,0.200615031802281,1.4303407544643862,1.7650070517275012
1771888724869765632,12.180765628814697,-0.7769408226013184,-0.9096401333808899,0.5194162726402283,0.9678979516029358,-0.2031646966934204,-0.14797908067703247,-0.05874866247177124,-0.03145447373390198,-0.04002447426319122,0.4251742208046094,-0.453456944649821,0.4694542100254939,0.6270697853039653,0.20458894536406397,1.4190840357637038,1.7740835094692298
1771888724879796480,12.190796613693237,-0.6955929398536682,-0.7978773713111877,0.5208932757377625,0.9655410647392273,-0.20701314508914948,-0.15772171318531036,-0.0799667239189148,-0.024065956473350525,-0.03920823335647583,0.4238815373271957,-0.4511365161997899,0.46649221196011015,0.6318112107813424,0.20852097322092242,1.4088758136449973,1.7823379195757971
1771888724889827584,12.200827598571777,-0.6695132851600647,-0.7052353620529175,0.5197569131851196,0.9632502198219299,-0.21090854704380035,-0.1663333773612976,-0.04609018564224243,-0.06057581305503845,-0.06979638338088989,0.42246381490401486,-0.4489913069814238,0.4639397742816142,0.6361533749922239,0.2125043196075848,1.3998032713668105,1.7900079567940361
1771888724899858432,12.210858583450317,-0.6416179537773132,-0.594253420829773,0.48798859119415283,0.9610916376113892,-0.21458956599235535,-0.17393754422664642,-0.01896822452545166,-0.09086085855960846,-0.11488085985183716,0.42088130581363725,-0.44717272358931803,0.46159266307468094,0.6401779045243711,0.21627158900779875,1.3917551403660746,1.797554324425357
1771888724909889536,12.220889568328857,-0.3711189329624176,-0.5383380651473999,0.4322614073753357,0.9591077566146851,-0.21803344786167145,-0.18048229813575745,-0.014741241931915283,-0.03445371985435486,-0.26875168085098267,0.41955903149170687,-0.4454083577271489,0.45975020003204153,0.6435925912376641,0.2197989830544687,1.3847941670496233,1.803646411725513
1771888724919920384,12.230920553207397,-0.04540528357028961,-0.5335702300071716,0.37742161750793457,0.9572548866271973,-0.22151385247707367,-0.1859966367483139,0.034963130950927734,-0.009229540824890137,-0.3962939977645874,0.4190030492564212,-0.44322188366279464,0.45886386461032147,0.6460919387249567,0.2233666100169516,1.378885475898867,1.80653697357921
1771888724929951488,12.240951538085938,0.3079715967178345,-0.4812115430831909,0.30403128266334534,0.9555734395980835,-0.22490862011909485,-0.19051387906074524,0.010613083839416504,0.040780797600746155,-0.4531018137931824,0.419389665759679,-0.44056003023078194,0.4589661387596921,0.6475872741784049,0.22684924610250998,1.3740053937721666,1.8058462554851997
1771888724939983616,12.250983715057373,0.5336742401123047,-0.4167363941669464,0.2888254225254059,0.9540771245956421,-0.2284385710954666,-0.19378536939620972,0.02372133731842041,-0.020920544862747192,-0.4468091130256653,0.4204250086010156,-0.4375753762081212,0.4600381542287755,0.6481786651982585,0.2304735430229103,1.3704093939654292,1.8021322413201115
1771888724950014464,12.261014699935913,0.6404125094413757,-0.31715360283851624,0.3240734338760376,0.9527214169502258,-0.23237575590610504,-0.19576376676559448,0.03203505277633667,-0.05703769624233246,-0.345969021320343,0.4216602395959211,-0.4344608537664723,0.4619111237946407,0.6481392913594616,0.234519598697967,1.3681385769063337,1.7965162136190922
1771888724960045568,12.271045684814453,0.7302680611610413,-0.16530977189540863,0.36181336641311646,0.9514886140823364,-0.23680046200752258,-0.19645576179027557,0.0015447735786437988,-0.10398933291435242,-0.22142140567302704,0.42262386640558935,-0.43150472293914005,0.46430140674908593,0.6477784042038972,0.23907131794356692,1.3671855029832611,1.7903782585394596
1771888724970076672,12.281076669692993,0.8756858706474304,-0.03730639070272446,0.3634850084781647,0.9504656791687012,-0.2417283058166504,-0.19540289044380188,-0.05218088626861572,-0.03622576594352722,-0.14898797869682312,0.4234279040246209,-0.428684591120929,0.4674698696364054,0.6468463332273012,0.24414658449524657,1.3680349779096859,1.7829922784996295
1771888724980107520,12.291107654571533,0.9764915704727173,0.0814756527543068,0.3178565502166748,0.9497138261795044,-0.24671050906181335,-0.19281457364559174,-0.08032912015914917,0.030188292264938354,-0.07706759870052338,0.42427244459656005,-0.426025237465363,0.47126978872007796,0.6452907206765168,0.2492843618559154,1.3704949095013992,1.7742372454456654
1771888724990138624,12.301138639450073,1.0704342126846313,0.19964982569217682,0.2553151547908783,0.949317455291748,-0.25123196840286255,-0.1888888031244278,-0.13240766525268555,0.047176212072372437,-0.0205991268157959,0.42520038268287935,-0.4237022330301689,0.4754282485442306,0.6431555909500558,0.2539528367082539,1.3743882062022397,1.764525959773473
1771888725000169472,12.311169624328613,1.1260311603546143,0.29156696796417236,0.14985689520835876,0.949305534362793,-0.2551235854625702,-0.18366065621376038,-0.15914428234100342,0.06428191065788269,-0.0020083338022232056,0.42632082409264044,-0.4216981874387457,0.47993781968819615,0.640375700501126,0.25797552844349525,1.3796889304721311,1.7536516865462617
1771888725010200576,12.321200609207153,1.1456865072250366,0.3288430869579315,0.019999030977487564,0.949670135974884,-0.25795701146125793,-0.17772158980369568,-0.14756137132644653,0.06533008813858032,-0.031155943870544434,0.42769964062215887,-0.42007771864578153,0.48443153474654926,0.6371294523052372,0.2609070584687232,1.3857958443454492,1.742205637564693
1771888725020231424,12.331231594085693,1.0466151237487793,0.3307941257953644,-0.12362711131572723,0.9503925442695618,-0.25931358337402344,-0.17178639769554138,-0.09576302766799927,0.007360488176345825,-0.11750493943691254,0.42935061786102297,-0.4189406511267058,0.48846241250651096,0.6336807324338447,0.26231140711002526,1.3919740073333906,1.7310654986283374
1771888725030262528,12.341262578964233,1.0820508003234863,0.3410476744174957,-0.29067760705947876,0.9515001177787781,-0.2591139078140259,-0.16585344076156616,-0.09471923112869263,0.01700270175933838,-0.13276104629039764,0.4314054047679135,-0.41823318092166184,0.4920917442098376,0.6299333550902789,0.2621046539306365,1.3982228319511305,1.7198913895317935
1771888725040293376,12.351293563842773,1.0503064393997192,0.40505942702293396,-0.4495199918746948,0.9530711770057678,-0.257302463054657,-0.15953296422958374,-0.14096790552139282,0.06612512469291687,-0.10705333948135376,0.4338715856975335,-0.4180275639633049,0.4954659134253311,0.6257171454123245,0.2602296431095676,1.4049455995262845,1.708385923322691
1771888725050324480,12.361324548721313,1.0821683406829834,0.5030226111412048,-0.5927378535270691,0.955136239528656,-0.25391799211502075,-0.1524481177330017,-0.161251962184906,0.026089012622833252,-0.07103210687637329,0.43659522404555057,-0.4184616643449982,0.49866398981653787,0.6209739875982316,0.2567288797126174,1.4125225528813248,1.696681151142164
1771888725060356608,12.371356725692749,1.1310256719589233,0.6098912954330444,-0.7277953028678894,0.9576459527015686,-0.24920184910297394,-0.14426572620868683,-0.15451490879058838,0.05163106322288513,-0.04088442027568817,0.4396041361786258,-0.4194066714713967,0.5019613348898451,0.6155331372604077,0.25185602261407103,1.4212744601745952,1.6841743158232967
1771888725070387712,12.381387710571289,1.1245520114898682,0.7292032837867737,-0.8441823720932007,0.9605304598808289,-0.24319960176944733,-0.13503870368003845,-0.15887939929962158,-0.01702377200126648,-0.08528298139572144,0.4426930915010942,-0.42097368537353635,0.5052344072835795,0.6095426945685798,0.24566313102769544,1.4311240951598128,1.6715073673313043
1771888725080418560,12.391418695449829,1.1310051679611206,0.8536030054092407,-0.913640022277832,0.9636792540550232,-0.2362021803855896,-0.12462294101715088,-0.1502484679222107,0.017177551984786987,-0.07866984605789185,0.44575390414798144,-0.4230887219923702,0.5086103241935499,0.6030049492523275,0.23845557635750794,1.4421901402694879,1.6586294209618244
1771888725090449664,12.40144968032837,1.060905933380127,0.9320424199104309,-0.9772527813911438,0.9669604301452637,-0.22830714285373688,-0.11341667175292969,-0.11074405908584595,-0.07442721724510193,-0.1396350860595703,0.44863369040180084,-0.42577113956155643,0.5118697116310237,0.5961846145485749,0.2303385428281129,1.4540378585219533,1.6462944237522774
1771888725100480512,12.41148066520691,1.0012974739074707,0.9838699102401733,-1.0443942546844482,0.9702596664428711,-0.21963445842266083,-0.1017681434750557,-0.08666908740997314,-0.06288200616836548,-0.1536334604024887,0.451374481905985,-0.4288834593715326,0.5149513627340465,0.5891901664409857,0.22143976530017356,1.466290906655578,1.634567798317833
1771888725110511616,12.42151165008545,1.0188888311386108,1.0530264377593994,-1.090291976928711,0.9735521674156189,-0.21016252040863037,-0.08959735929965973,-0.10810428857803345,-0.04920637607574463,-0.11949383467435837,0.4540525043012227,-0.43236898381824673,0.5179366596197897,0.5819234372459001,0.21174119212525164,1.4790234548902674,1.623144473834321
1771888725120542464,12.43154263496399,1.0762687921524048,1.0756739377975464,-1.153855800628662,0.9767544269561768,-0.2000523805618286,-0.0770062506198883,-0.10982632637023926,-0.013280749320983887,-0.1215410828590393,0.456810492431006,-0.4359954655251257,0.5209652868858651,0.5743060074350995,0.2014113824602177,1.4921201617512534,1.6114683577049425
1771888725130573568,12.44157361984253,1.0977323055267334,1.1115128993988037,-1.2150731086730957,0.9798476696014404,-0.18915598094463348,-0.06417366117238998,-0.11551374197006226,0.011406347155570984,-0.1300097107887268,0.4597522786903166,-0.43972078655513547,0.5239835884705234,0.5663166377756054,0.19030253902429767,1.505396226127778,1.59945537198521
1771888725140604416,12.45160460472107,1.0976347923278809,1.1662267446517944,-1.2367554903030396,0.9827640652656555,-0.17770253121852875,-0.05095827206969261,-0.09723544120788574,-0.06991709768772125,-0.1436980962753296,0.4626615052140819,-0.4436128623220262,0.5269995187659258,0.5580533736861067,0.17865132897626088,1.5189907348282852,1.5874947354165654
1771888725150635520,12.46163558959961,1.0450658798217773,1.2269411087036133,-1.2513163089752197,0.9854332208633423,-0.1659175157546997,-0.03732217103242874,-0.07375097274780273,-0.11081588268280029,-0.15457236766815186,0.46534221767538825,-0.4477271130025921,0.5299805157333008,0.5496524506665886,0.16668835778169075,1.5329405498321294,1.5760235696674303
1771888725160667392,12.471667528152466,1.0159215927124023,1.3199260234832764,-1.2749627828598022,0.9878444671630859,-0.15372176468372345,-0.02308679185807705,-0.09436607360839844,-0.08541397750377655,-0.1384427547454834,0.4677221869221608,-0.45217527707828825,0.5329109900329914,0.5410909070384101,0.15433371013350164,1.5474297035541444,1.5652136452194323
1771888725170698496,12.481698513031006,0.9787631630897522,1.3894542455673218,-1.3049765825271606,0.9899634718894958,-0.14109042286872864,-0.008108332753181458,-0.11432266235351562,-0.05147549510002136,-0.14164143800735474,0.4698174814225611,-0.4569493603969515,0.5358573649585819,0.5322834519303015,0.1415627671504695,1.5626059725525414,1.5548933631888626
1771888725180729344,12.491729497909546,0.9803727865219116,1.453998327255249,-1.3392192125320435,0.9917576313018799,-0.1279151737689972,0.007375889457762241,-0.12293750047683716,-0.03309556841850281,-0.12402927875518799,0.47174510019718247,-0.4619805372737473,0.5387596197406481,0.5232289671533482,0.12826659367939833,1.5782333791833505,1.5449704591689855
1771888725190760704,12.501760721206665,0.9909238815307617,1.4775654077529907,-1.3681340217590332,0.9931860566139221,-0.11421055346727371,0.023181961849331856,-0.12251955270767212,-0.008927866816520691,-0.11034011840820312,0.47359609031139027,-0.4671601120920321,0.5416201718950365,0.5139219181541875,0.11446031357588056,1.5941330961383031,1.5352650189610262
1771888725200791552,12.511791706085205,0.9057019352912903,1.4980148077011108,-1.4079163074493408,0.9942132830619812,-0.1001109927892685,0.03896043449640274,-0.08822256326675415,-0.05159187316894531,0.011332515627145767,0.47534648943244817,-0.47244442077699506,0.5443128566456533,0.5045449335987269,0.10027897544672537,1.6099634844190582,1.5260955978345516
1771888725210822656,12.521822690963745,0.9452788233757019,1.5236165523529053,-1.4755477905273438,0.9948393702507019,-0.08530248701572418,0.05493828281760216,-0.14004194736480713,-0.059030383825302124,-0.04353988170623779,0.4769901820731261,-0.47800390003739957,0.5467919279824015,0.4949861137444655,0.08540627931270835,1.6259635627987328,1.5175752758115704
1771888725220853504,12.531853675842285,1.0331876277923584,1.5033466815948486,-1.5003341436386108,0.9950407147407532,-0.0698404386639595,0.07082650065422058,-0.09649640321731567,0.0107126384973526,-0.06243419647216797,0.4788567857049344,-0.4834517908850079,0.549260971483557,0.4850597514726473,0.0698973410089034,1.64185597855993,1.5086217502205155
1771888725230884608,12.541884660720825,1.069090723991394,1.5176945924758911,-1.547552227973938,0.994799792766571,-0.053735509514808655,0.08652114868164062,-0.10565489530563354,-0.0017759501934051514,-0.06637954711914062,0.4809658279121494,-0.4887481839946133,0.5517116873852866,0.4747750255990166,0.05376140501315592,1.6575514427568607,1.4992040637514374
1771888725240915456,12.551915645599365,1.0286428928375244,1.5434659719467163,-1.599115014076233,0.9940722584724426,-0.0370064415037632,0.102228544652462,-0.11179393529891968,-0.0065268948674201965,-0.06768263131380081,0.4830286555150367,-0.4941867402012548,0.5539799078071299,0.4642940547098734,0.037014893648068294,1.6732742236086888,1.4902330838850213
1771888725250946560,12.561946630477905,0.9898049235343933,1.634813666343689,-1.6410152912139893,0.9927809238433838,-0.019736504182219505,0.11830790340900421,-0.12182444334030151,-0.030449649319052696,-0.07244002819061279,0.4848573829514328,-0.4999058577888794,0.556100786476304,0.4536071600109854,0.01973778655780429,1.68940517052893,1.4819930322973582
1771888725260978432,12.571978569030762,0.9737069010734558,1.6612393856048584,-1.6413679122924805,0.9908693432807922,-0.0021599489264190197,0.13480940461158752,-0.10035109519958496,-0.0374976247549057,-0.017911791801452637,0.48643582081614045,-0.5057827237213525,0.5582011653936868,0.44269131655943533,0.0021599505697463776,1.7060177399773866,1.4742296297533963
1771888725271009536,12.582009553909302,0.9099194407463074,1.750939965248108,-1.652530550956726,0.9883144497871399,0.015528096817433834,0.15163670480251312,-0.09050250053405762,-0.08373484760522842,0.010121718049049377,0.4876648160195745,-0.5118416117818365,0.5602111327066814,0.4316999125218686,-0.01552872100981766,1.7230387099554965,1.4672924744637426
1771888725281040384,12.592040538787842,0.947468638420105,1.7611923217773438,-1.657692551612854,0.9850877523422241,0.03336038067936897,0.16878831386566162,-0.09093785285949707,-0.07111060619354248,0.0019880682229995728,0.4886402777480357,-0.5179784174210703,0.5622210577755209,0.4205195167435036,-0.03336657145358058,1.740491888041548,1.4607901064369357
1771888725291071488,12.602071523666382,0.9570456743240356,1.7677644491195679,-1.6943720579147339,0.9812331199645996,0.051546551287174225,0.18580731749534607,-0.09533840417861938,0.016278743743896484,-0.0002452284097671509,0.48962348521203414,-0.5240328464926629,0.5641748290149373,0.4091028206318527,-0.0515694038405772,1.7579415029851317,1.4543298005533807
1771888725301102336,12.612102508544922,0.947083055973053,1.7721246480941772,-1.744949460029602,0.9767321348190308,0.07032981514930725,0.20260320603847504,-0.09698665142059326,0.009809330105781555,-0.03338325023651123,0.49058816690148266,-0.5301913866001315,0.5658610223824488,0.3975193634574473,-0.07038792202826871,1.775325469952444,1.448438112600783
1771888725311133440,12.622133493423462,0.9432161450386047,1.7148349285125732,-1.7711360454559326,0.9716436266899109,0.08950375020503998,0.21885652840137482,-0.05188947916030884,-0.0037340521812438965,-0.03419455885887146,0.49164654569814464,-0.5362417033242715,0.5673386104417725,0.3858181027123436,-0.08962368374996448,1.792342631846472,1.4427558345549505
1771888725321164544,12.632164716720581,0.8781533241271973,1.7085866928100586,-1.8060673475265503,0.9659739136695862,0.10895895957946777,0.23456846177577972,-0.06010538339614868,-0.015529416501522064,-0.021601557731628418,0.49264228530762816,-0.5423569603960336,0.568448027855741,0.3741916265078629,-0.1091757150537173,1.8090164454429336,1.4379583306932402
1771888725331195648,12.642195701599121,0.78498375415802,1.7083618640899658,-1.828025460243225,0.9596483111381531,0.12857437133789062,0.250088095664978,-0.06804662942886353,-0.04202648997306824,0.0034367144107818604,0.4934036923081952,-0.548660768618518,0.5692235144444934,0.36264149521397293,-0.1289312785692233,1.8257299728596135,1.4343187772566637
1771888725341226496,12.652226686477661,0.6854007244110107,1.69734787940979,-1.818540096282959,0.9527069330215454,0.14794965088367462,0.26544392108917236,-0.032449305057525635,-0.08097885549068451,0.026319384574890137,0.49381575225329605,-0.555114280177293,0.5697105326580069,0.3513176223798029,-0.1484947864759026,1.8425255856823557,1.4319800132056841
1771888725351258624,12.662258625030518,0.5572553873062134,1.6805860996246338,-1.8482928276062012,0.9451927542686462,0.1670657992362976,0.2805345058441162,-0.042101383209228516,-0.029523074626922607,0.0502912700176239,0.49389657326619496,-0.5617435820141023,0.5698345343169312,0.34029234607566083,-0.16785288745908056,1.8593160206368238,1.431094795086078
1771888725361289472,12.672289609909058,0.5970840454101562,1.6025331020355225,-1.873698353767395,0.9371426701545715,0.18630872666835785,0.29504698514938354,-0.04859286546707153,0.028809696435928345,0.01444709300994873,0.49394520292333416,-0.5684170015308206,0.5695837067189752,0.3293852830953975,-0.18740373831695828,1.8758086510718277,1.4310892616637882
1771888725371320576,12.682320594787598,0.582820475101471,1.5213176012039185,-1.890068769454956,0.9287276864051819,0.20568649470806122,0.3084768056869507,-0.022080957889556885,0.052248045802116394,-0.046574950218200684,0.4942396349057287,-0.574855657844597,0.5690161488482328,0.3185730319280943,-0.20716515655336917,1.891481414917643,1.431265849290024
1771888725381351424,12.692351579666138,0.5554042458534241,1.4782236814498901,-1.8722668886184692,0.9199353456497192,0.22495156526565552,0.3211158215999603,-0.012678444385528564,-0.025595560669898987,-0.09034201502799988,0.4946025988194007,-0.5811323078756969,0.5681928820778891,0.3079126384813016,-0.22689332222189768,1.9066365844716668,1.4318497963413759
1771888725391382528,12.702382564544678,0.4908561110496521,1.4555089473724365,-1.8405457735061646,0.9107595086097717,0.24375025928020477,0.33332112431526184,-0.0002828240394592285,-0.05487696826457977,-0.07412004470825195,0.49479429369408673,-0.5873521104425599,0.5671666911007106,0.2975198361319744,-0.24623087990458234,1.9216370099960263,1.433227662863086
1771888725401413376,12.712413549423218,0.4584640860557556,1.4600340127944946,-1.7772245407104492,0.9012183547019958,0.2618160843849182,0.3453370928764343,0.004283905029296875,-0.017965376377105713,0.0178067684173584,0.4947315110953586,-0.5934308196021272,0.5661346215236037,0.287353708108239,-0.2649034493888293,1.9367271207417964,1.4351271608823488
1771888725411444480,12.722444534301758,0.5270916223526001,1.4692431688308716,-1.7211765050888062,0.8912885189056396,0.27918708324432373,0.357294499874115,-0.0037610530853271484,-0.04848942160606384,0.09438085556030273,0.4944379222865787,-0.5993050675780057,0.565226231455744,0.2772794450950049,-0.2829474149410737,1.9520560403230531,1.4372039389324474
1771888725421475328,12.732475519180298,0.5971713662147522,1.4712607860565186,-1.6888529062271118,0.88103848695755,0.29638558626174927,0.368682861328125,-0.016536414623260498,0.08055233955383301,0.11767581105232239,0.4941335930725498,-0.6051217201870395,0.5640648312333999,0.2673773733767262,-0.3009059723480621,1.9671179005667982,1.4398832846776286
1771888725431507712,12.742507934570312,0.5596833229064941,1.453256368637085,-1.6878318786621094,0.8703246712684631,0.3134802579879761,0.3798220455646515,-0.03080153465270996,0.07447436451911926,0.029647529125213623,0.4937831450594655,-0.6108468897158117,0.5628295492991826,0.25742388281367484,-0.3188558221653616,1.9822950588592831,1.4428158945871004
1771888725441538816,12.752538919448853,0.514711320400238,1.4225088357925415,-1.6702533960342407,0.8593188524246216,0.3300567865371704,0.3906833231449127,0.016611814498901367,-0.005578666925430298,-0.09682959318161011,0.4932618596214099,-0.6165108823114384,0.5614766141894377,0.24769135864255534,-0.33636374410210546,1.9975046787223623,1.4463957529151041
1771888725451569920,12.762570142745972,0.49380671977996826,1.3703628778457642,-1.6545766592025757,0.8481678366661072,0.34627747535705566,0.40087777376174927,0.02872413396835327,-0.0005743801593780518,-0.05535787343978882,0.492779931949401,-0.6219999289162192,0.559959792356623,0.2381784412633792,-0.3536001538361592,2.012317076642697,1.4502934290480174
1771888725461601024,12.772601127624512,0.42947831749916077,1.3662818670272827,-1.6218427419662476,0.8367401361465454,0.36202338337898254,0.4108586609363556,-0.010278463363647461,0.023749321699142456,-0.04583793878555298,0.49213981084544717,-0.6274353533522469,0.5583495437572762,0.22884272276458012,-0.37043758794495507,2.0272366124934402,1.4547720111250388
1771888725471632128,12.782632112503052,0.4078768789768219,1.3336540460586548,-1.5861380100250244,0.825169026851654,0.37712961435317993,0.42055797576904297,0.0041765570640563965,0.03739058971405029,0.03374186158180237,0.49132354982912746,-0.6328222184101917,0.5566103020472652,0.2198228317694826,-0.38669509944332836,2.042144271831347,1.459975475274805
1771888725481662976,12.792663097381592,0.46540382504463196,1.316754937171936,-1.5544226169586182,0.8134721517562866,0.3919263482093811,0.4297168552875519,-0.021266460418701172,0.03304612636566162,0.06100577116012573,0.490599972585072,-0.6379128637997857,0.5549104516148309,0.2108391652547115,-0.40272453216109544,2.0567878885748665,1.4649155413016646
1771888725491694080,12.802694082260132,0.40841296315193176,1.3525251150131226,-1.5312342643737793,0.8015062808990479,0.4063500761985779,0.43871068954467773,-0.027458548545837402,0.04349416494369507,0.05303424596786499,0.4897988577833718,-0.6428243783415525,0.5532921100371709,0.2018456460483334,-0.41845592061839054,2.0716086765694937,1.4698604900184458
1771888725501725952,12.812726020812988,0.29745209217071533,1.3757045269012451,-1.560874104499817,0.7890154123306274,0.42021408677101135,0.4481903314590454,-0.06390261650085449,0.05842357873916626,0.0776580274105072,0.48854238057732186,-0.6479333188656172,0.5516136214953883,0.19295362769336127,-0.4336812202404212,2.087382353665004,1.4759879887897855
1771888725511756800,12.822757005691528,0.24835044145584106,1.3814729452133179,-1.5458019971847534,0.776084840297699,0.4336652159690857,0.4578501284122467,-0.04290008544921875,0.04095938801765442,-0.053019195795059204,0.4869689817769355,-0.653232719377817,0.5497381859300917,0.18421762085572327,-0.44855643010909685,2.103792260762113,1.4833427205492153
1771888725521787904,12.832787990570068,0.2209092378616333,1.3824844360351562,-1.5349397659301758,0.7628605961799622,0.44662153720855713,0.467518150806427,-0.014310061931610107,-0.028774797916412354,-0.094745934009552,0.4853004764886861,-0.6581684498416184,0.5482457237231209,0.17528398825266372,-0.46298576982618866,2.1206099052056735,1.4900359747613918
1771888725531818752,12.842818975448608,0.24617783725261688,1.3601218461990356,-1.5261776447296143,0.7493973970413208,0.4593806862831116,0.47683680057525635,-0.017814695835113525,-0.021468639373779297,-0.09974628686904907,0.4836416784375945,-0.662963398495533,0.5467155915649953,0.16635045682852212,-0.4772978336711205,2.137475720613754,1.496859145556035
1771888725541849856,12.852849960327148,0.12430012226104736,1.3314547538757324,-1.5074961185455322,0.7358645796775818,0.47153985500335693,0.48595619201660156,-0.030145585536956787,0.05189758539199829,0.02251240611076355,0.4818157783049297,-0.6677554411838018,0.5450511642047,0.1577194604126619,-0.49103614957574526,2.1544396298868858,1.5044610909388014
1771888725551880960,12.862880945205688,0.006643889471888542,1.3755067586898804,-1.4779398441314697,0.7220315337181091,0.48274263739585876,0.49561113119125366,-0.0663459300994873,-0.036316096782684326,0.04516041278839111,0.4794521253058475,-0.6727408141640918,0.5433464476211871,0.14939951423339648,-0.5037837315011365,2.172344525513561,1.51344436180333
1771888725561911808,12.872911930084229,0.021048394963145256,1.381195306777954,-1.500929832458496,0.7078368067741394,0.49343279004096985,0.5054612755775452,-0.046841442584991455,0.014303416013717651,0.054078519344329834,0.47680485676330947,-0.6777836363827768,0.5416086895261057,0.14116121534804957,-0.5160320562501397,2.19091813175095,1.5232197788528106
1771888725571942912,12.882942914962769,-0.01817934587597847,1.4364349842071533,-1.4744340181350708,0.6931359171867371,0.5039710402488708,0.5153406858444214,-0.07898485660552979,0.07358938455581665,0.023767590522766113,0.47403152671240667,-0.6827789649238609,0.5398918698884405,0.13275479004475144,-0.5281902471411183,2.2101190114441875,1.5333007654944582
1771888725581975040,12.892975091934204,-0.04626956954598427,1.4322758913040161,-1.4763715267181396,0.6780983805656433,0.5138595104217529,0.5254815816879272,-0.06904381513595581,0.005839526653289795,0.023819565773010254,0.470928485473593,-0.6878011747348227,0.5382103207155908,0.12444093939353129,-0.5396777114247544,2.2300652631595153,1.5441132698853202
1771888725592005888,12.903006076812744,0.18036134541034698,1.35624361038208,-1.4612101316452026,0.6630199551582336,0.5241150259971619,0.5345162749290466,-0.08835875988006592,0.10532516241073608,-0.03173929452896118,0.46828867032388377,-0.6924479756908806,0.5364456583126237,0.11596331345057571,-0.5516756786326587,2.249296819943341,1.5541964151625267
1771888725602036992,12.913037061691284,0.3162113428115845,1.3209031820297241,-1.454910397529602,0.6480801105499268,0.5350936651229858,0.5419102311134338,-0.09302645921707153,0.1369032859802246,-0.03879743814468384,0.46641827205271774,-0.6965290065161657,0.5346049499880489,0.10723247286768972,-0.5646186458506263,2.267210990121273,1.5628687601459659
1771888725612067840,12.923068046569824,0.3600623905658722,1.2973135709762573,-1.428450584411621,0.6330671310424805,0.5462546944618225,0.5484811067581177,-0.056452810764312744,-0.02002495527267456,-0.12216585874557495,0.4648561378015464,-0.7002527410475958,0.5328101534584233,0.0983266355851084,-0.5778863322240743,2.284727284620252,1.570848924956081
1771888725622098944,12.933099031448364,0.375576913356781,1.315586805343628,-1.4151089191436768,0.6180053353309631,0.5573069453239441,0.5545074343681335,-0.06446224451065063,0.014867186546325684,0.02044379711151123,0.4634110528537003,-0.703774146527235,0.5309949759968952,0.08942317068309662,-0.591138788552382,2.302091949166797,1.578732160139074
1771888725632129792,12.943130016326904,0.2512250542640686,1.3745265007019043,-1.3054919242858887,0.6027629375457764,0.5674216747283936,0.5609901547431946,-0.10763043165206909,0.01512843370437622,0.06840449571609497,0.46152021195705645,-0.7072465725909468,0.5294311685289582,0.0806483732260825,-0.6033712245888656,2.3203150055687307,1.587075039856554
1771888725642160896,12.953161001205444,0.14160534739494324,1.3546282052993774,-1.269103765487671,0.5876583456993103,0.5761951804161072,0.5680292844772339,-0.03286397457122803,-0.20298033952713013,0.14388489723205566,0.45908571340404636,-0.7107067582911479,0.5281198228867324,0.07228987660812038,-0.6140657556630373,2.339211384932947,1.5960768047003095
1771888725652192768,12.9631929397583,0.22222349047660828,1.3087295293807983,-1.2802855968475342,0.5726271867752075,0.5846146941184998,0.574738085269928,-0.11419212818145752,0.08147728443145752,0.05219978094100952,0.45663586453920785,-0.7141188767793565,0.5266908765596557,0.06414569951332144,-0.6244050315687932,2.3580342700544823,1.6055136362961486
1771888725662223872,12.97322392463684,0.21710170805454254,1.2147620916366577,-1.3079534769058228,0.5576440691947937,0.5932198166847229,0.5806233882904053,-0.1277429461479187,0.20335006713867188,0.004581749439239502,0.4544720800101457,-0.7174152085676894,0.5250020256695,0.05606695542440801,-0.6350525670687763,2.376379725469073,1.6151019644668667
1771888725672254976,12.98325514793396,0.13080142438411713,1.1851379871368408,-1.3189986944198608,0.5427820682525635,0.601508378982544,0.5861532092094421,-0.09974312782287598,0.06913071870803833,-0.005556225776672363,0.45231460612996605,-0.7207955524509423,0.523001321484745,0.048321447379529425,-0.645387883811162,2.394593379805082,1.6256043489129177
1771888725682286080,12.9932861328125,0.010479019023478031,1.1219578981399536,-1.2964763641357422,0.5279649496078491,0.6090032458305359,0.5919191241264343,-0.055705368518829346,-0.05217939615249634,-0.07812517881393433,0.4498490555832758,-0.7243071009109687,0.5209018876186678,0.04094292758757461,-0.6548032937536653,2.413240365458589,1.6371540603676003
1771888725692316928,13.00331711769104,0.07697460055351257,1.091182827949524,-1.3178234100341797,0.5133444666862488,0.6159802079200745,0.5975330471992493,-0.04621189832687378,0.0010699033737182617,0.04132181406021118,0.44730562503003624,-0.7278814534534327,0.5186088194135157,0.03392802333694225,-0.6636296378640851,2.4318355669889775,1.6494863749649231
1771888725702348032,13.01334810256958,0.12561404705047607,1.041175365447998,-1.2944419384002686,0.4988054037094116,0.6232383847236633,0.602301299571991,-0.06141224503517151,0.0639106035232544,0.022622287273406982,0.4451185292117349,-0.73117647418099,0.5162670017003689,0.026809789965089235,-0.6728768784329964,2.4499117819706306,1.661294134571841
1771888725712378880,13.02337908744812,0.04027988016605377,0.9843646287918091,-1.3006566762924194,0.48456481099128723,0.6301061511039734,0.6067644953727722,-0.006918966770172119,-0.014169931411743164,0.06216555833816528,0.44296351598815814,-0.7344667125588271,0.5137517799227502,0.02002693479182405,-0.6816899286695816,2.4677032314470804,1.6735966607737585
1771888725722411008,13.033411026000977,0.02094985730946064,1.0213605165481567,-1.280061960220337,0.47021257877349854,0.6364797353744507,0.6113865375518799,-0.05145040154457092,-0.007405698299407959,0.012087523937225342,0.4405998152717849,-0.737788782848827,0.5112347675406307,0.013359299941353065,-0.6899255039389632,2.4859841474516973,1.6864726267802403
1771888725732441856,13.043442010879517,-0.09250195324420929,0.9737750887870789,-1.3559266328811646,0.45567139983177185,0.6423011422157288,0.6162892580032349,-0.028425395488739014,0.01120215654373169,0.022702932357788086,0.4379583443238863,-0.7413134201124469,0.5085263470248171,0.006909818983600649,-0.6974968368512485,2.5049236505152326,1.7005703906244716
1771888725742472960,13.053472995758057,0.01658085361123085,1.0179473161697388,-1.373835563659668,0.44055259227752686,0.6482869386672974,0.6209974884986877,-0.08734205365180969,0.11713987588882446,-0.00028502941131591797,0.43531751647203165,-0.7448752410865211,0.5056279413234599,0.00022500014962327538,-0.7053323920244894,2.524567593907097,1.7153481763071672
1771888725752503808,13.063503980636597,-0.033514805138111115,1.0129528045654297,-1.3971041440963745,0.425175279378891,0.6542813777923584,0.6254134774208069,-0.03418409824371338,0.015442132949829102,-0.01664876937866211,0.43272401629348817,-0.74836457164439,0.5026501758782917,-0.006575883576810223,-0.7132319952267115,2.5445317546287227,1.7303957905030958
1771888725762534912,13.073534965515137,-0.1124596819281578,1.0439597368240356,-1.3891100883483887,0.4095655083656311,0.6596936583518982,0.630127489566803,-0.03158998489379883,-0.010920405387878418,0.03907734155654907,0.42983780900842283,-0.7519641860907251,0.49961345945597674,-0.013258614097410791,-0.7204110427022021,2.565236807492421,1.7463416366921756
1771888725772565760,13.083565950393677,-0.21882972121238708,1.1033636331558228,-1.3454039096832275,0.39361849427223206,0.6641613841056824,0.6355741620063782,-0.06141930818557739,-0.010901987552642822,0.05499297380447388,0.4264018661821543,-0.7556584309910207,0.4967568991148509,-0.019861911692310694,-0.7263715375223879,2.587094284397752,1.763029926000243
1771888725782596864,13.093596935272217,-0.3595266342163086,1.1120268106460571,-1.335960865020752,0.37758830189704895,0.6673747897148132,0.6419017314910889,-0.02736857533454895,-0.10301327705383301,0.018407046794891357,0.4223333900785961,-0.7595190161361293,0.49404629582303017,-0.026145625893265186,-0.7306780955280042,2.6098697144895553,1.7806052043702674
1771888725792628992,13.103629112243652,-0.28535130620002747,1.1238576173782349,-1.352907657623291,0.3613947331905365,0.6701794266700745,0.6482692956924438,-0.03281199932098389,-0.020475566387176514,0.012161552906036377,0.418109527817216,-0.7633674074308795,0.4913296719088355,-0.03239888353651978,-0.734450526627531,2.6330276481854,1.7985196178966112
1771888725802660096,13.113660097122192,-0.1549845039844513,1.127122402191162,-1.3768047094345093,0.34478670358657837,0.6736978888511658,0.6536460518836975,-0.07334813475608826,0.07160234451293945,-0.0057274699211120605,0.4143035261972682,-0.7669354477547398,0.4885008085583572,-0.039109232096048684,-0.7392013297174572,2.6562017108224247,1.816058913926819
1771888725812690944,13.123691082000732,-0.051430776715278625,1.067625880241394,-1.4179657697677612,0.3280720114707947,0.6776840686798096,0.6581135392189026,-0.0322498083114624,0.004185616970062256,-0.021943986415863037,0.41088943715766724,-0.7703483688107096,0.48540722350242355,-0.04596971575534315,-0.7446086467862747,2.6791428447251704,1.833688642401298
1771888725822722048,13.133722066879272,0.07900179922580719,1.0544607639312744,-1.4661884307861328,0.311297208070755,0.6825178265571594,0.6612592339515686,-0.05153155326843262,0.14637017250061035,0.07097965478897095,0.40811079365461533,-0.7735215041476995,0.4819689828494088,-0.053066587070856576,-0.7512021238335859,2.701605993201793,1.851256715646104
1771888725832752896,13.143753051757812,-0.1074112206697464,1.104185938835144,-1.4671324491500854,0.2939354479312897,0.6870436072349548,0.664509654045105,-0.08318105340003967,0.07354599237442017,0.04374229907989502,0.4051035605619203,-0.7767705233021707,0.4784165346998968,-0.06030161390815721,-0.7574124449166132,2.725131733964791,1.8697703430792878
1771888725842784000,13.153784036636353,-0.41640233993530273,1.1767991781234741,-1.4157273769378662,0.27641913294792175,0.6893693804740906,0.6695986986160278,-0.018667668104171753,-0.10543078184127808,0.11563384532928467,0.4008892271793296,-0.7803893327412266,0.47517559901301465,-0.06699631838966937,-0.7606181687847058,2.7500895212816445,1.8895122721000155
1771888725852815872,13.163815975189209,-0.7182749509811401,1.2865358591079712,-1.3730741739273071,0.25843337178230286,0.689265787601471,0.6768493056297302,-0.046290427446365356,-0.15114927291870117,0.052047789096832275,0.3952291097779506,-0.7844047982160505,0.47237036683065486,-0.07327572664776273,-0.7604751649089814,2.776857831345221,1.9103661640865972
1771888725862846976,13.173846960067749,-0.6083553433418274,1.2712609767913818,-1.3713124990463257,0.24020254611968994,0.6881442666053772,0.6846607327461243,-0.015867799520492554,-0.12521696090698242,0.03210562467575073,0.3890457825184173,-0.7884661949855307,0.46973548891858385,-0.07945469044785022,-0.7589283392577084,2.804174678118792,1.9313603546113438
1771888725872877824,13.183877944946289,-0.288831889629364,1.271597146987915,-1.418945550918579,0.2217656672000885,0.6884685158729553,0.690529465675354,-0.11889094114303589,0.20706981420516968,0.08487635850906372,0.38379744017500406,-0.7920327347694548,0.46684995253474254,-0.0862249500158903,-0.7593752920923358,2.8308440818793046,1.9515167080883362
1771888725882908928,13.193908929824829,0.03145185858011246,1.0836749076843262,-1.4093565940856934,0.20366838574409485,0.6906148791313171,0.6939529180526733,-0.05590224266052246,0.06446647644042969,-0.09651011228561401,0.37987094020375806,-0.7950532354548946,0.4635372751934371,-0.0933901609336121,-0.7623389047450032,2.8561187945235176,1.9708360751915197
1771888725892939776,13.20393991470337,0.0857585072517395,1.0033453702926636,-1.469931721687317,0.18651723861694336,0.6938602328300476,0.6955357193946838,-0.0076384395360946655,0.11168193817138672,-0.011361896991729736,0.37703966899121055,-0.7977699722408178,0.45970745594090456,-0.10036643709231753,-0.7668359484133468,2.87959341307738,1.9898662113509702
1771888725902971136,13.213971138000488,-0.04279521107673645,0.9873528480529785,-1.429189920425415,0.16943757236003876,0.6967756152153015,0.6969896554946899,-0.05536288022994995,-0.003355264663696289,-0.05628842115402222,0.3741803035754531,-0.8004813180903283,0.4557680146275165,-0.10721127940253902,-0.770892406003699,2.9031194001103118,2.0092674585600645
1771888725913001984,13.224002122879028,-0.3211352825164795,1.0772887468338013,-1.3498103618621826,0.15256153047084808,0.6977952718734741,0.6998618841171265,0.02062569558620453,-0.1775926947593689,0.09884411096572876,0.3703841283227819,-0.8034134230096288,0.45217010250416817,-0.11351050193288283,-0.7723149111345015,2.9269622039785714,2.0287979704642263
1771888725923033856,13.234034061431885,-0.6138207316398621,1.215941071510315,-1.2943804264068604,0.13516169786453247,0.6964231729507446,0.7047882676124573,-0.029860764741897583,-0.1887783408164978,0.041717588901519775,0.3651117028517968,-0.8065715252043264,0.44926217623740394,-0.11958025529143092,-0.7704011570502827,2.9521168374057214,2.048169527533717
1771888725933064960,13.244065046310425,-0.5366634130477905,1.2129945755004883,-1.2765628099441528,0.11758579313755035,0.693843424320221,0.7104609608650208,0.014311172068119049,-0.15761905908584595,-0.03165853023529053,0.3591870175498614,-0.809772498351673,0.4466530997478309,-0.12551562273331754,-0.7668125767231889,2.977573162816949,2.067199392127992
1771888725943095808,13.254096031188965,-0.2173307090997696,1.2186654806137085,-1.3304319381713867,0.09978300333023071,0.6923388838768005,0.7146397829055786,-0.05811125040054321,0.1787394881248474,0.03900700807571411,0.35395091591540984,-0.8126298728044091,0.44379338812781827,-0.13190454747056157,-0.7647254370876587,3.0028625674980556,2.0860076571284223
1771888725953126912,13.264127016067505,0.03670991212129593,1.1253087520599365,-1.3612861633300781,0.0819731205701828,0.6930570602416992,0.7162071466445923,-0.0460539385676384,0.19300562143325806,-0.00667339563369751,0.35013631649392274,-0.8149461276124375,0.44041614358503167,-0.13892835434376224,-0.7657211601401853,3.027634048993916,2.104733789162679
1771888725963158016,13.274158000946045,0.050949569791555405,1.0717291831970215,-1.374578833580017,0.0646209791302681,0.6945174336433411,0.7165684103965759,0.014038071036338806,0.02282893657684326,-0.055252254009246826,0.3470193259253031,-0.8170612648441169,0.436686492733964,-0.14592315925497817,-0.7677489785435968,3.0516547607432263,2.1235773243995566
1771888725973188864,13.284188985824585,0.0010533817112445831,1.0964224338531494,-1.3714762926101685,0.047218676656484604,0.6955143213272095,0.7169586420059204,-0.017555605620145798,0.042263150215148926,0.022497355937957764,0.3437560025074594,-0.8192150995193522,0.4328578624688989,-0.15281474849640383,-0.7691355022072,3.0758279304892047,2.1427803442852924
1771888725983220736,13.294220924377441,-0.20971797406673431,1.1783218383789062,-1.3629435300827026,0.029455315321683884,0.6952694654464722,0.7181455492973328,0.0055788494646549225,-0.08629113435745239,0.035318195819854736,0.33978104063822173,-0.8214800416050698,0.42923573214424154,-0.15961252800372708,-0.7687947723229631,3.100599829027595,2.162014310096262
1771888725993252096,13.30425214767456,-0.47379153966903687,1.225273609161377,-1.317133903503418,0.011372899636626244,0.6930369138717651,0.7208127975463867,0.02671303227543831,-0.14573442935943604,0.005795657634735107,0.334657364292626,-0.8239642738760127,0.42601557031437837,-0.16612710320009547,-0.7656931933136027,3.1258160794196157,2.1808794830762195
1771888726003282944,13.3142831325531,-0.46144405007362366,1.2563260793685913,-1.2953215837478638,-0.006743904668837786,0.6894030570983887,0.7243462800979614,0.016265394166111946,-0.1015583872795105,-0.04673415422439575,0.3287986298802358,-0.8265353786203543,0.4230985912635773,-0.1723897041544077,-0.760664687090019,-3.1322825905523293,2.1990795950162867
1771888726013314048,13.32431411743164,-0.29478174448013306,1.2490589618682861,-1.3318465948104858,-0.024852752685546875,0.6864780783653259,0.7267255783081055,-0.004718778654932976,0.06130939722061157,-0.017619192600250244,0.323457177352108,-0.8288115698220886,0.42004068142599454,-0.17892070366345794,-0.7566344145695099,-3.1074077137842946,2.217037325160127
1771888726023344896,13.33434510231018,-0.13520698249340057,1.1985299587249756,-1.3903050422668457,-0.04313400387763977,0.6845344305038452,0.7277032732963562,-0.048632338643074036,0.178716242313385,-0.0265008807182312,0.3188021631113771,-0.8308745594745848,0.41653222191342754,-0.18577819511374774,-0.7539648378026813,-3.082387757288816,2.235636074239174
1771888726033376000,13.34437608718872,0.07556667923927307,1.0921835899353027,-1.407615303993225,-0.06107526272535324,0.6836981773376465,0.7272045612335205,-0.03456680104136467,0.15889215469360352,-0.016099274158477783,0.31502960679592523,-0.8327035486065552,0.41256159924715835,-0.19275377207492167,-0.7528182766463194,-3.0578029331921197,2.254727925724971
1771888726043407872,13.354408025741577,0.08419185876846313,1.1202424764633179,-1.4076400995254517,-0.07880248129367828,0.6833035945892334,0.7258692979812622,-0.06902464479207993,0.22476214170455933,0.07227212190628052,0.3117245361352434,-0.8344267605564676,0.4082482541559173,-0.19973261623048164,-0.7522777209794217,-3.0334532570017414,2.2743056502721335
1771888726053438976,13.364439010620117,-0.1800270974636078,1.1445934772491455,-1.4303374290466309,-0.09674142301082611,0.6817857027053833,0.725127100944519,-0.03602531552314758,0.011192142963409424,0.21034348011016846,0.3078133212944526,-0.8362061628915217,0.40413217355985676,-0.2066093075379556,-0.7502008823371724,-3.008962799894617,2.293494450585994
1771888726063469824,13.374469995498657,-0.468910813331604,1.1890047788619995,-1.3361371755599976,-0.1147010400891304,0.6779729723930359,0.7260826230049133,0.0051276907324790955,-0.13819342851638794,0.09039980173110962,0.3026486455266673,-0.83827213684326,0.4004262056571176,-0.21298449730184318,-0.7450016207294645,-2.9849149711512584,2.3116534674632
1771888726073500928,13.384500980377197,-0.6391978859901428,1.1509474515914917,-1.2636568546295166,-0.1320664882659912,0.6722564697265625,0.7284431457519531,0.009370580315589905,-0.20748907327651978,-0.0272255539894104,0.2965143458736628,-0.8404324104232169,0.3973599450935467,-0.21876377524187113,-0.7372525398378723,-2.9622411358456464,2.327721094540823
1771888726083531776,13.394531965255737,-0.3944893479347229,1.1875637769699097,-1.261168122291565,-0.14920130372047424,0.6667476892471313,0.7301959991455078,-0.051528021693229675,-0.0400083065032959,0.04505723714828491,0.2906232704267071,-0.8423946260105013,0.39429593865119283,-0.22458859959016347,-0.7298363895690454,-2.940036643763027,2.343265425173141
1771888726093562880,13.404562950134277,-0.2607288062572479,1.0887318849563599,-1.3058801889419556,-0.16606613993644714,0.6625133156776428,0.7304093241691589,-0.06650826334953308,0.11913323402404785,-0.033510029315948486,0.2856431151013692,-0.8440465200298907,0.3908837736149687,-0.2306582953060711,-0.7241691516129695,-2.918032695581511,2.3591768747708755
1771888726103595008,13.414595127105713,-0.10700206458568573,1.0459513664245605,-1.317125678062439,-0.18265226483345032,0.6587218642234802,0.729878842830658,-0.0792037844657898,0.07870489358901978,-0.03320866823196411,0.28114982802556904,-0.8456541300681948,0.38705103932222595,-0.23667532763852758,-0.7191187531174891,-2.8963785899683607,2.3756989164927598
1771888726113626112,13.424626111984253,-0.019927620887756348,1.0222647190093994,-1.3760159015655518,-0.19887036085128784,0.6558514833450317,0.7282237410545349,-0.09872186183929443,0.17871272563934326,0.16670435667037964,0.27740405555086883,-0.8470739123717578,0.3828546063941342,-0.24276582535293487,-0.7153100559203021,-2.8750033564980995,2.3927481043098062
1771888726123656960,13.434657096862793,-0.03542935103178024,1.088639497756958,-1.3787692785263062,-0.21570177376270294,0.6529257297515869,0.7260580658912659,-0.14504645764827728,0.22959673404693604,0.1006171703338623,0.2736308259431176,-0.8483992565759315,0.37848084270644483,-0.24919271229452672,-0.7114407633516098,-2.852811294724516,2.410297498990659
1771888726133688064,13.444688081741333,-0.18604061007499695,1.0631581544876099,-1.3530043363571167,-0.23244474828243256,0.6491501927375793,0.7242740988731384,-0.00772857666015625,-0.062098801136016846,0.04235762357711792,0.2694665452070734,-0.8497592624742917,0.374227523664726,-0.25544196303638916,-0.7064667318111986,-2.8310419799221314,2.427221743508237
1771888726143718912,13.454719066619873,-0.34450268745422363,1.1177226305007935,-1.2871296405792236,-0.24890395998954773,0.6440107226371765,0.7233924269676208,-0.008115023374557495,-0.12826377153396606,0.036296725273132324,0.2645785503211318,-0.8511760514576643,0.37039916750422497,-0.26134623322412137,-0.6997294112422454,-2.810202600504543,2.442584169257622
1771888726153750016,13.464750051498413,-0.42658618092536926,1.091284155845642,-1.2587939500808716,-0.2650931179523468,0.6378354430198669,0.7231127619743347,-0.0026682019233703613,-0.16780352592468262,-0.053022801876068115,0.2591422211788547,-0.8525844498436232,0.3669552046584807,-0.2670001096593909,-0.6916844655892136,-2.7902066489720436,2.4564736599528367
1771888726163781888,13.47478199005127,-0.1766677051782608,1.0282639265060425,-1.2352060079574585,-0.28064948320388794,0.6323760151863098,0.7220365405082703,0.008615732192993164,-0.012884378433227539,-0.018957197666168213,0.2543099514562858,-0.8537925298657042,0.36339590140526196,-0.2725954188201251,-0.6846165183759676,-2.770872817362596,2.4702285172909155
1771888726173812992,13.48481297492981,-0.08558031171560287,1.0719938278198242,-1.2339935302734375,-0.2961406111717224,0.6279065608978271,0.7197454571723938,-0.062410324811935425,0.10038000345230103,-0.0057259202003479,0.2501627815592817,-0.8547425701956465,0.35956623776581453,-0.2784702772495372,-0.6788605073611661,-2.751253127551935,2.484572743685294
1771888726183843840,13.49484395980835,-0.06842396408319473,1.0381178855895996,-1.255773663520813,-0.31146275997161865,0.623561680316925,0.7170507907867432,-0.0036007165908813477,0.01948946714401245,-0.001993417739868164,0.24619628734470939,-0.855584147002994,0.35567003688626453,-0.28436247014023874,-0.6732903922269957,-2.7318154328320072,2.498844753762105
1771888726193874944,13.50487494468689,0.05382329970598221,1.0782108306884766,-1.2744719982147217,-0.3269462287425995,0.6195393204689026,0.7136367559432983,-0.013034850358963013,0.04482841491699219,0.016465842723846436,0.24251278113535224,-0.8562975803832177,0.35152928547481604,-0.29046382016180533,-0.6681556544922849,-2.7119893529800487,2.5136619635094
1771888726203905792,13.51490592956543,0.003870917484164238,1.1169062852859497,-1.3078951835632324,-0.3427527844905853,0.6154940724372864,0.709709644317627,0.011179238557815552,0.0469205379486084,0.010764658451080322,0.23887250525646475,-0.8569027372582747,0.34723553236411225,-0.29679145274206364,-0.6630127099880454,-2.691679551080249,2.5287991577976237
1771888726213936896,13.52493691444397,-0.08200687915086746,1.1498733758926392,-1.3310675621032715,-0.35891255736351013,0.6105343103408813,0.7059953212738037,0.03448021411895752,-0.006850898265838623,0.08479136228561401,0.23473685089068433,-0.857537122473992,0.3429689957521231,-0.30315158180687685,-0.656735063772734,-2.6712650521500825,2.543573071793572
1771888726223969024,13.534969091415405,-0.11043612658977509,1.0918519496917725,-1.2902461290359497,-0.3748379349708557,0.6049773097038269,0.7024946808815002,0.0661831796169281,-0.11132502555847168,-0.0662795901298523,0.23035136338704293,-0.8581681164419241,0.3388138553990691,-0.3093393903445157,-0.649737401190253,-2.6514423963446627,2.557616163307723
1771888726233999872,13.545000076293945,-0.16837844252586365,1.1003599166870117,-1.2679842710494995,-0.3902015686035156,0.5990404486656189,0.6992092728614807,0.05176156759262085,-0.08431565761566162,-0.007024705410003662,0.22586969755341121,-0.8587809748616135,0.33481319821664507,-0.31524329164734693,-0.6423021819141327,-2.6325814948185027,2.5707602818979587
1771888726244030976,13.555031061172485,0.014139446429908276,1.116172194480896,-1.2513269186019897,-0.40557661652565,0.5935497879981995,0.6951304078102112,-0.011278212070465088,0.01649653911590576,0.07087606191635132,0.22171752210824938,-0.8591835219399853,0.33070964070046255,-0.3213660698820115,-0.635462501850869,-2.613428159846132,2.584115532113189
1771888726254061824,13.565062046051025,0.027995962649583817,1.1627469062805176,-1.219166874885559,-0.4208078384399414,0.5886296033859253,0.6902435421943665,-0.019484609365463257,0.05037802457809448,0.002352893352508545,0.21796519032938572,-0.8593459063054781,0.3265675725755078,-0.32767279857908227,-0.6293626090925496,-2.5941068542029426,2.5975532467116196
1771888726264092928,13.575093030929565,-0.04552672430872917,1.2703375816345215,-1.2253347635269165,-0.4363032579421997,0.5833551287651062,0.6850809454917908,-0.031149625778198242,-0.05544698238372803,0.18570756912231445,0.21395325087678005,-0.8593300189422219,0.32263350408254515,-0.3341907237067676,-0.6228534466464004,-2.5745074861983883,2.6103190812903807
1771888726274124032,13.585124015808105,-0.19862599670886993,1.3290104866027832,-1.173507809638977,-0.4522912800312042,0.5771409273147583,0.6799565553665161,-0.06395933032035828,-0.006080746650695801,0.1990412473678589,0.20926175038585032,-0.8591704009697639,0.3190681628097715,-0.34092702498810956,-0.615223336237847,-2.554622228960342,2.6218643731814915
1771888726284155904,13.595155954360962,-0.17121514678001404,1.2880321741104126,-1.139965295791626,-0.46789780259132385,0.5705282092094421,0.6749587059020996,-0.05647048354148865,0.07056981325149536,-0.0017104148864746094,0.20437027831530855,-0.858941914849941,0.3157501303298446,-0.34749596111964737,-0.6071488390757349,-2.5354286037440246,2.6323499297935413
1771888726294186752,13.605186939239502,-0.18935322761535645,1.2166334390640259,-1.0623149871826172,-0.48263096809387207,0.5640897154808044,0.6699776649475098,-0.03845664858818054,-0.05929851531982422,-0.13813263177871704,0.19970047706261648,-0.8586513776464281,0.31258059838518754,-0.35373840848602633,-0.5993304050378623,-2.517326787817076,2.64208392828928
1771888726304217856,13.615217924118042,-0.11672642081975937,1.1866976022720337,-1.0897319316864014,-0.4967467784881592,0.5577201247215271,0.6649745106697083,-0.06569221615791321,-0.0241202712059021,-0.0017054080963134766,0.19520155613552534,-0.8583372410672032,0.3094259731623068,-0.3597348484837485,-0.5916365357970736,-2.500003870642929,2.651444028102875
1771888726314248960,13.625249147415161,-0.13467125594615936,1.1526994705200195,-1.1063058376312256,-0.5107111930847168,0.5513854622840881,0.6596580147743225,-0.09332334995269775,0.11047989130020142,0.04273480176925659,0.19087624253130145,-0.8580011974510355,0.30604402566699396,-0.36570126883116205,-0.5840240597724288,-2.482778828892275,2.6611531231964687
1771888726324280064,13.635280132293701,-0.21699941158294678,1.1292684078216553,-1.153644323348999,-0.5243720412254333,0.5443112850189209,0.6547974944114685,-0.06487679481506348,0.09178197383880615,0.1346619725227356,0.1862848228080105,-0.8578187546249509,0.3025652561845389,-0.3713480499805603,-0.5755678819939284,-2.4663546289969163,2.6704954632017093
1771888726334311936,13.645312070846558,-0.21733860671520233,1.1192299127578735,-1.1624492406845093,-0.5380497574806213,0.5367266535758972,0.6499442458152771,-0.09569364786148071,0.08015578985214233,0.022495567798614502,0.18147319481004986,-0.8576407353967159,0.2990392681533228,-0.3769556172875358,-0.5665528298359902,-2.4501051778617917,2.6795577399445776
1771888726344343040,13.655343055725098,-0.26638123393058777,1.1205137968063354,-1.1611158847808838,-0.5515266060829163,0.5288139581680298,0.6451156139373779,-0.04423755407333374,0.058557868003845215,0.03176426887512207,0.17657679797185372,-0.8574733554537606,0.295461077870363,-0.38244322646024687,-0.5572025570556515,-2.434245282673032,2.6883619154699345
1771888726354373888,13.665374040603638,-0.16167712211608887,1.182345986366272,-1.1321425437927246,-0.5650904178619385,0.5208190679550171,0.6398597955703735,-0.051608920097351074,-0.0067961812019348145,0.02957385778427124,0.17161559891380904,-0.8571375888258699,0.2919675566244156,-0.3880956647421918,-0.5478101159330595,-2.4181668994378263,2.6968023542927777
1771888726364404992,13.675405025482178,-0.11050368845462799,1.2153009176254272,-1.118752360343933,-0.5785697102546692,0.5134392380714417,0.6337488889694214,-0.022992849349975586,0.056598663330078125,0.03502863645553589,0.1670541664780024,-0.8565588312930391,0.2884118769073465,-0.3939779071239159,-0.5391878784854145,-2.4016785142857913,2.705527289699986
1771888726374435840,13.685436010360718,-0.19357788562774658,1.2664823532104492,-1.0501419305801392,-0.5919736623764038,0.5061963796615601,0.627161979675293,-0.006491243839263916,-0.009705960750579834,0.009678781032562256,0.16251380295774592,-0.855759195815326,0.28505648435509023,-0.40001023609853237,-0.5307686470068282,-2.3850498393674138,2.7136988645821543
1771888726384467968,13.695467948913574,-0.2529056668281555,1.2855881452560425,-1.0385451316833496,-0.6052533388137817,0.4984678626060486,0.6206433773040771,0.013654828071594238,0.016409456729888916,0.04184746742248535,0.15761299205973284,-0.854863680988497,0.28201022257880126,-0.40600058358972735,-0.5218305317317656,-2.3687479068151167,2.720723591343958
1771888726394498816,13.705498933792114,-0.35945987701416016,1.3057082891464233,-1.0182039737701416,-0.6183695197105408,0.49027159810066223,0.6142093539237976,0.014548659324645996,0.058922767639160156,0.06795018911361694,0.15237299274771082,-0.8538896305461273,0.27924392260042485,-0.41191974617008115,-0.5124013569289922,-2.3528193060807694,2.726657975414656
1771888726404529920,13.715529918670654,-0.3037627935409546,1.340725302696228,-1.028876543045044,-0.631496250629425,0.48168376088142395,0.607612669467926,-0.0010263323783874512,0.07764244079589844,0.0642927885055542,0.1468851661432271,-0.8528254214531465,0.2765775611468595,-0.41787363451096116,-0.5025750309064032,-2.336922105275323,2.7320074935407983
1771888726414561024,13.725561141967773,-0.10946052521467209,1.2993134260177612,-1.0369795560836792,-0.6444798111915588,0.47392985224723816,0.6000301241874695,0.011453747749328613,0.09377339482307434,-0.04500705003738403,0.14206228531226467,-0.8515834827130518,0.2735336107405722,-0.42403206939915467,-0.4937483168142193,-2.320493064857589,2.7385226821261637
1771888726424592128,13.735592126846313,-0.036395102739334106,1.2773929834365845,-1.0689281225204468,-0.6571699380874634,0.4666009843349457,0.5919556021690369,8.064508438110352e-05,0.1469549834728241,-0.011190712451934814,0.13774055219919373,-0.8503174669330078,0.2700703623692253,-0.4301741608421848,-0.4854438515729632,-2.304033855864231,2.7460589017181936
1771888726434622464,13.745622634887695,0.03229723125696182,1.218775987625122,-1.0554192066192627,-0.6694411635398865,0.4594862163066864,0.5837128758430481,0.00139617919921875,0.06845259666442871,-0.07757896184921265,0.13370171106332177,-0.8490343709699582,0.26645278379119136,-0.4361964561911007,-0.47741664717893156,-2.2878908994486706,2.7538592450832886
1771888726444654592,13.755654573440552,-0.028352798894047737,1.2175227403640747,-0.9998641014099121,-0.6811561584472656,0.4526371657848358,0.5754527449607849,0.0097542405128479,0.0534663200378418,-0.06052964925765991,0.12990510815177717,-0.847720305090871,0.2628624176708732,-0.4420387797264587,-0.4697205966260705,-2.2722740557089,2.761503788286852
1771888726454685440,13.765685558319092,-0.2360236942768097,1.2992795705795288,-0.9349186420440674,-0.6927341818809509,0.4452550411224365,0.5673333406448364,-0.022780895233154297,0.01594182848930359,0.0854681134223938,0.12557192996137628,-0.8462612629854595,0.25982406428160826,-0.44784479538621547,-0.4614590617763405,-2.257001951279018,2.767405261658262
1771888726464716544,13.775716543197632,-0.3631180226802826,1.3301756381988525,-0.8965925574302673,-0.7042118906974792,0.4370746612548828,0.5595101714134216,-0.021786093711853027,0.04080015420913696,0.11422652006149292,0.12047824732926783,-0.844674498222133,0.2574491547444062,-0.45357468994243216,-0.45234362424200203,-2.2421866099373986,2.7711351638895305
1771888726474747392,13.785747528076172,-0.33298540115356445,1.3750094175338745,-0.8751863241195679,-0.7156068682670593,0.42882663011550903,0.5513749718666077,-0.0426633358001709,0.09142175316810608,0.07322818040847778,0.11522737330669806,-0.8429135955912767,0.2553118848162946,-0.45938556851679047,-0.44319351900194515,-2.227288774817159,2.774125606122839
1771888726484778496,13.795778512954712,-0.2220602184534073,1.3422762155532837,-0.8953763246536255,-0.7268507480621338,0.42091819643974304,0.5426929593086243,-0.039949119091033936,0.12537690997123718,0.009537875652313232,0.11028073131570755,-0.841039283755294,0.252981012561304,-0.46528658535275363,-0.43445731827998,-2.212141011732738,2.7776292135587197
1771888726494810624,13.805810689926147,-0.10117107629776001,1.3071781396865845,-0.9282780885696411,-0.7378564476966858,0.4133090674877167,0.5336137413978577,-0.04818481206893921,0.15872767567634583,0.01454305648803711,0.10576409672364194,-0.8391620974448587,0.25022756719447636,-0.471176341824431,-0.4260850505968105,-2.1969200378875406,2.7821579585314207
1771888726504841472,13.815841674804688,0.002764107659459114,1.2470860481262207,-0.9385735988616943,-0.7485199570655823,0.4060516655445099,0.5242517590522766,-0.05087268352508545,0.11289972066879272,-0.014455616474151611,0.10174109509012236,-0.8373154558918438,0.2470398780822847,-0.4769935833938253,-0.4181293340527946,-2.1817802564325586,2.7877647892507746
1771888726514872576,13.825872659683228,0.03600195795297623,1.2085421085357666,-0.8793174624443054,-0.7585884928703308,0.39934051036834717,0.5148504972457886,-0.023592472076416016,0.03341406583786011,-0.06514334678649902,0.09817616263847403,-0.8354675996478005,0.24376041015444352,-0.4826347816425795,-0.4107973969639798,-2.167080307888447,2.7937147970330547
1771888726524903424,13.835903644561768,-0.04343161731958389,1.2095812559127808,-0.8390440344810486,-0.7681760787963867,0.3927944600582123,0.5055868029594421,-0.05070209503173828,0.04771152138710022,0.08868205547332764,0.09462395865326625,-0.8335606752301143,0.24076958054596767,-0.48811157403631045,-0.40366831840712675,-2.152890196241533,2.7988986723855023
1771888726534934528,13.845934629440308,-0.22045619785785675,1.1817561388015747,-0.7982500195503235,-0.7774007320404053,0.3858112394809723,0.4967871904373169,-0.07231533527374268,0.09481003880500793,0.07326582074165344,0.09063578770393156,-0.8316500068752241,0.23822647612367398,-0.49334721206288545,-0.3960869827300765,-2.1394254452907218,2.8025760009557477
1771888726544965632,13.855965614318848,-0.1940714567899704,1.1252158880233765,-0.7729787230491638,-0.7861576676368713,0.3785709738731384,0.4885084331035614,-0.04614835977554321,0.04853785037994385,0.059556782245635986,0.0864045469905164,-0.8297976342698948,0.23598750352330336,-0.4982771944392102,-0.3882518548422343,-2.126793552438023,2.8051769335429153
1771888726554997504,13.865997552871704,-0.17170152068138123,1.0755194425582886,-0.754280149936676,-0.7943515181541443,0.37162986397743225,0.48051783442497253,-0.04241013526916504,0.10012617707252502,-0.04129350185394287,0.08240636204498418,-0.8280110330554514,0.23378761914346063,-0.5029417747186532,-0.38076401423961737,-2.1148244548927733,2.807683831119219
1771888726565028352,13.876028537750244,-0.055871862918138504,1.0699896812438965,-0.7649698257446289,-0.8023195862770081,0.3649758994579315,0.4723089039325714,-0.06918603181838989,0.1105031967163086,-0.004321873188018799,0.07875760808158552,-0.8262225199042575,0.2313240242149407,-0.5075851852904204,-0.37360693253262595,-2.1028501876995445,2.810901899403598
1771888726575059456,13.886059522628784,0.07455573976039886,1.0477840900421143,-0.7452440857887268,-0.8100749254226685,0.358890175819397,0.4636557698249817,-0.0631551742553711,0.08202779293060303,-0.04078882932662964,0.07562580036594457,-0.824365930453979,0.22857973021588682,-0.5123015977734809,-0.36707859675494137,-2.0906455047312797,2.8150729789380606
1771888726585090304,13.896090507507324,0.09361891448497772,1.0611969232559204,-0.7293646931648254,-0.8175673484802246,0.35329997539520264,0.4547116756439209,-0.04546976089477539,0.10733234882354736,0.0507051944732666,0.07291545002200245,-0.8224526011703229,0.22567134127590993,-0.5170372244605607,-0.3610962207668184,-2.078369122008745,2.8198717329636747
1771888726595121664,13.906121730804443,0.039724789559841156,1.0462626218795776,-0.6844768524169922,-0.824832022190094,0.34786456823349,0.44569259881973267,-0.02639460563659668,0.014440059661865234,0.10899472236633301,0.07021438656411305,-0.8204505403279703,0.22295114477613948,-0.5217503910484421,-0.355292441094393,-2.066195483434384,2.8242299990598747
1771888726605153536,13.9161536693573,0.028643377125263214,0.9633743762969971,-0.6305310726165771,-0.8316088914871216,0.34251534938812256,0.4371608793735504,0.012501955032348633,0.010862916707992554,0.03703644871711731,0.0674895978584284,-0.8185140570435063,0.2204885104646925,-0.5261792777956644,-0.34959287773255576,-2.0547769279930264,2.8278838887452187
1771888726615184640,13.92618465423584,-0.038119763135910034,0.8969737887382507,-0.594533383846283,-0.8377445340156555,0.3374083638191223,0.4293479919433594,0.017233669757843018,0.043817222118377686,-0.019664764404296875,0.06486092538551959,-0.8167189669484634,0.2182753439100806,-0.5302066411533263,-0.3441624594128254,-2.0443975497938474,2.830934096236645
1771888726625215488,13.93621563911438,-0.062006186693906784,0.8445912599563599,-0.568079948425293,-0.8434324860572815,0.3322674632072449,0.42216140031814575,0.0019711852073669434,0.048790305852890015,0.0225713849067688,0.062134307951777025,-0.8150393039329197,0.21631372407235908,-0.5339089216081985,-0.33870660620227827,-2.0348660604724698,2.8332250048832655
1771888726635246592,13.94624662399292,-0.008106915280222893,0.803713858127594,-0.5576598048210144,-0.8487704992294312,0.3273455798625946,0.41525158286094666,0.0066378116607666016,0.0725872814655304,0.0016948580741882324,0.0595931779709604,-0.8134365813355194,0.21435185080950447,-0.5374225531991691,-0.3334930095868337,-2.025798077018467,2.8355702631754727
1771888726645277440,13.95627760887146,0.0997186154127121,0.8299718499183655,-0.5615181922912598,-0.8539966940879822,0.3227095305919647,0.40810349583625793,-0.012489020824432373,0.08445602655410767,-0.0036539435386657715,0.05736756571792005,-0.8118081729108942,0.21217735865355658,-0.5409781080161447,-0.3285907844691074,-2.016587607467065,2.8385874851700335
1771888726655309312,13.966309547424316,0.11257262527942657,0.8342389464378357,-0.559560239315033,-0.8591675162315369,0.3183540403842926,0.40060245990753174,-0.00036025047302246094,0.08167040348052979,0.016649186611175537,0.05540725711661432,-0.8101015809538687,0.20984913999156962,-0.5446365246286619,-0.32399266869922966,-2.007096216711597,2.842145066791681
1771888726665340416,13.976340532302856,0.07062996923923492,0.874870240688324,-0.5366016626358032,-0.8643394112586975,0.31400609016418457,0.39283305406570435,-0.004923403263092041,0.06738734245300293,0.0829666256904602,0.053393179418207745,-0.808281194213569,0.20760066738970198,-0.5483910374090464,-0.31940962014495816,-1.9973773187374029,2.845487030677056
1771888726675371520,13.986371517181396,0.03439225256443024,0.8690064549446106,-0.47618037462234497,-0.8693563938140869,0.3097938597202301,0.3850291073322296,0.021944284439086914,0.0047203004360198975,0.03480124473571777,0.05130356303404672,-0.8063728431988088,0.2056146769270273,-0.5521353540915354,-0.31497622387137014,-1.9877217399341718,2.8482250541704177
1771888726685402368,13.996402502059937,0.01112448051571846,0.8893639445304871,-0.45401620864868164,-0.8742014169692993,0.30575981736183167,0.37720414996147156,0.021525025367736816,0.001857370138168335,0.07793498039245605,0.049165920717620826,-0.8043835757338761,0.2038851250145191,-0.5558603018073807,-0.31073635837115593,-1.9781463755639774,2.8504006823977166
1771888726695433728,14.006433725357056,0.031459398567676544,0.8276262879371643,-0.4290706515312195,-0.8787853121757507,0.30198928713798523,0.36951202154159546,0.01739603281021118,0.05402880907058716,0.021753817796707153,0.04713401817875338,-0.8023947235272741,0.2022837729884232,-0.5594841024387971,-0.30677867739225567,-1.9688326556529852,2.8523808985751202
1771888726705465600,14.016465663909912,0.08282245695590973,0.781702995300293,-0.43206724524497986,-0.8830365538597107,0.29840436577796936,0.3622167110443115,0.01497948169708252,0.07661086320877075,-0.0009954571723937988,0.04534051376820139,-0.8005463504406098,0.20058390042906651,-0.5628816535567991,-0.30302040851881223,-1.96006004009219,2.8546672951678604
1771888726715496448,14.026496648788452,0.17108191549777985,0.7320351600646973,-0.45048752427101135,-0.8870845437049866,0.2949618697166443,0.35507556796073914,0.010970532894134521,0.0861111581325531,-0.027469366788864136,0.04383900198441809,-0.7987991484849395,0.1986396181140408,-0.5661628896508585,-0.29941561853147797,-1.9515376026551097,2.8576200492469668
1771888726725527552,14.036527633666992,0.16278937458992004,0.7607232928276062,-0.4714420735836029,-0.8910799026489258,0.2914715111255646,0.34788087010383606,-0.012804985046386719,0.13266178965568542,0.04796266555786133,0.042512106704220294,-0.7970936756873542,0.1964232931672316,-0.5694315751642433,-0.2957647853032281,-1.943002750748666,2.8611968115195228
1771888726735558400,14.046558618545532,0.1323564499616623,0.8540089130401611,-0.4589787423610687,-0.8952566385269165,0.28776147961616516,0.34016069769859314,-0.0316540002822876,0.07654216885566711,0.14470264315605164,0.040957483273607646,-0.7951936916052805,0.19428674673859297,-0.5729243275878436,-0.29188861949609746,-1.9339073929415835,2.8644232547099877
1771888726745589504,14.056589603424072,0.08853361010551453,0.9550806283950806,-0.40487396717071533,-0.8996030688285828,0.2842170000076294,0.3315642178058624,-0.023538291454315186,-0.036154866218566895,0.14565441012382507,0.03926062893077534,-0.7929448126558829,0.19240746013954682,-0.5767810804184532,-0.2881896384402322,-1.9239154226850705,2.8671354257283244
1771888726755621376,14.066621541976929,0.08276288956403732,0.9936912655830383,-0.3603501617908478,-0.9039193391799927,0.28100937604904175,0.32243409752845764,-0.017818450927734375,-0.006580054759979248,0.052550703287124634,0.037488785020991094,-0.7904309276001525,0.19088214413049123,-0.5808421539710615,-0.2848457099867335,-1.9134334042731287,2.869186672182975
1771888726765652480,14.076652526855469,0.10063616186380386,0.9713995456695557,-0.3752657473087311,-0.9081067442893982,0.27801138162612915,0.3131326138973236,-0.0038959383964538574,0.06035226583480835,0.07390657067298889,0.03586740646233207,-0.7878574028153353,0.18933309718694644,-0.5849336006428426,-0.2817232580389822,-1.9028482708112546,2.8714214214352656
1771888726775683328,14.086683511734009,0.15121394395828247,0.9050721526145935,-0.3948303759098053,-0.9121200442314148,0.27485764026641846,0.30412229895591736,0.024012744426727295,0.10497939586639404,0.029816269874572754,0.03431726490185854,-0.7854070917149104,0.187608239171461,-0.5888643282493183,-0.27844164276366246,-1.8926280758987288,2.873941225947488
1771888726785714432,14.096714496612549,0.11444740742444992,0.8541796803474426,-0.37366998195648193,-0.9158285856246948,0.27178505063056946,0.2956191301345825,0.034511566162109375,0.07756489515304565,-0.007914692163467407,0.03292643671238945,-0.7831218991132509,0.1858215689539059,-0.59254215019842,-0.2752474194351139,-1.8830268930745644,2.8766240426030762
1771888726795745536,14.106745719909668,0.06388650089502335,0.8268193602561951,-0.3415498435497284,-0.919277548789978,0.26877596974372864,0.2875558137893677,0.019100546836853027,-0.0021286308765411377,0.024196505546569824,0.03147094789271615,-0.7809174739784454,0.18424387054224112,-0.5960131679213843,-0.27212201630204064,-1.8739602249911154,2.878773010068266
1771888726805777664,14.116777658462524,-0.018252316862344742,0.7908000946044922,-0.31124040484428406,-0.9224696755409241,0.26582932472229004,0.2799721956253052,0.014998972415924072,0.005914449691772461,0.031154513359069824,0.02980638335849735,-0.7787651395072824,0.18305996639909117,-0.5992707918445005,-0.26906409979709656,-1.8654636457055953,2.8799108698348226
1771888726815808512,14.126808643341064,-0.04844546318054199,0.7734962701797485,-0.30049562454223633,-0.925467848777771,0.2629174590110779,0.2727334797382355,0.014838635921478271,0.02533629536628723,0.053560465574264526,0.028036041349491142,-0.7766663681423994,0.1820881501600162,-0.6023680000301794,-0.26604479673115533,-1.8573817840748967,2.880486255900717
1771888726825839616,14.136839628219604,0.023648705333471298,0.7591772675514221,-0.298725962638855,-0.9283401370048523,0.26011747121810913,0.26556307077407837,0.003840506076812744,0.05088716745376587,0.03625574707984924,0.02640342286329955,-0.7745993381196297,0.1810453097098167,-0.6054101447964464,-0.26314387125628314,-1.8494176607724158,2.881298759438243
1771888726835870464,14.146870613098145,0.05158606544137001,0.7717456817626953,-0.3115549385547638,-0.9311531782150269,0.2573859691619873,0.2582755386829376,-0.020293354988098145,0.0777428150177002,0.019403934478759766,0.024934682525877425,-0.7725243979346788,0.17984390775929832,-0.6084739182757195,-0.2603160386956892,-1.841366157481984,2.8825517805183662
1771888726845901568,14.156901597976685,0.12439875304698944,0.7766222357749939,-0.31913191080093384,-0.9339655637741089,0.25464457273483276,0.25072816014289856,-0.028375744819641113,0.056985676288604736,0.014820575714111328,0.023599942252585878,-0.7704033396516112,0.17844544997054013,-0.6116199920530928,-0.2574801267758969,-1.8330680223661457,2.884292823182243
1771888726855933440,14.166933536529541,0.1375931203365326,0.7585452198982239,-0.3155989348888397,-0.9366792440414429,0.2520305812358856,0.24313069880008698,-0.02105391025543213,0.03546026349067688,-0.007382392883300781,0.022486108269629997,-0.7682957904937373,0.17688111307143708,-0.6147593289869032,-0.254778012660825,-1.824758430621216,2.886545459250225
1771888726865964288,14.176964521408081,0.09959087520837784,0.7387779355049133,-0.30648908019065857,-0.939283549785614,0.24942226707935333,0.23565827310085297,-0.02250838279724121,0.024762913584709167,0.008756980299949646,0.021371833438914755,-0.7662127260239188,0.17534878615627797,-0.6178301101277313,-0.2520836150400233,-1.8166138940730112,2.8886970195478994
1771888726875995392,14.186995506286621,0.02813178300857544,0.7149973511695862,-0.2991320788860321,-0.9417461156845093,0.24672138690948486,0.2285667210817337,-0.009807169437408447,-0.006731167435646057,0.03051219880580902,0.02006035700356888,-0.7641955082143064,0.17403616584807188,-0.6207368277728708,-0.24929558805104776,-1.808897638978878,2.8901705161516373
1771888726886026496,14.19702672958374,-0.05263789743185043,0.688713014125824,-0.2681100070476532,-0.9440246224403381,0.24400992691516876,0.22198373079299927,-0.004064977169036865,-0.013419121503829956,0.03198361396789551,0.018460000869771218,-0.7622455940719941,0.17312861303159227,-0.6234319644124866,-0.24649863260843333,-1.8017467518476034,2.890538582275733
1771888726896057600,14.20705771446228,-0.03567187488079071,0.6392078995704651,-0.24533863365650177,-0.946121096611023,0.24150408804416656,0.21570895612239838,-0.004180848598480225,-0.02278462052345276,0.004536360502243042,0.016910931133455202,-0.7603599772534825,0.17235771676060435,-0.6259867747566052,-0.24391552518234325,-1.7949576793383504,2.8906831153107224
1771888726906089472,14.217089653015137,-0.031076058745384216,0.5994167923927307,-0.22947737574577332,-0.9480218887329102,0.23919957876205444,0.20985233783721924,-0.005682885646820068,0.018719717860221863,-0.009687557816505432,0.015505497554336865,-0.758599711184064,0.1716177352231154,-0.6283577077443164,-0.2415414221951668,-1.7886416724946947,2.8908799867972093
1771888726916120576,14.227120637893677,0.025305990129709244,0.5793398022651672,-0.23136183619499207,-0.9498009085655212,0.23700200021266937,0.20422649383544922,-0.02050548791885376,0.024503126740455627,-0.005953788757324219,0.01426889844299393,-0.7569318731821075,0.17078460943790244,-0.6306212998189397,-0.23927875585905398,-1.7825919008547033,2.891387785775139
1771888726926151424,14.237151622772217,0.0556282140314579,0.5857292413711548,-0.2438424676656723,-0.9515532851219177,0.2348073571920395,0.19852474331855774,-0.035797297954559326,0.0713755190372467,0.023566991090774536,0.013174020465939273,-0.7552729883105077,0.16977952543018537,-0.6329013808524158,-0.23702037825668873,-1.7764782289126195,2.8923390029225438
1771888726936182528,14.247182607650757,0.08018015325069427,0.6012930274009705,-0.2482699751853943,-0.9533078074455261,0.2325758934020996,0.1926468163728714,-0.029205620288848877,0.0497269481420517,0.02974998950958252,0.012135440417528487,-0.7535750610931351,0.16866545948310327,-0.6352396255473441,-0.23472537209359237,-1.7701934784691074,2.893537744224084
1771888726946213376,14.257213592529297,0.0136762335896492,0.6279342174530029,-0.24311941862106323,-0.9550517797470093,0.23032452166080475,0.18661873042583466,-0.023417949676513672,0.026831820607185364,0.03759394586086273,0.011003485227395237,-0.7518027154671202,0.1676366308376675,-0.6376280228897427,-0.23241116317213256,-1.7637665436276375,2.894481840742808
1771888726956245504,14.267245531082153,-0.010344148613512516,0.6371737718582153,-0.2431766837835312,-0.9567738771438599,0.22803400456905365,0.1805109977722168,-0.0038126707077026367,0.007180243730545044,0.0675206184387207,0.009722761204270396,-0.7499670615326994,0.16674803749001632,-0.6400390142110585,-0.2300580046952757,-1.7572707479975815,2.895004900670857
1771888726966276352,14.277276515960693,-0.0015421351417899132,0.644662618637085,-0.24806411564350128,-0.9584770202636719,0.22569800913333893,0.1743057817220688,0.004588961601257324,-0.008397579193115234,0.028483524918556213,0.008386715865196504,-0.7480884025718708,0.16588138418138215,-0.6424771557954874,-0.22765947389693592,-1.7506874308616065,2.8954142491134602
1771888726976307456,14.287307500839233,0.02366601675748825,0.6180175542831421,-0.250575453042984,-0.9601264595985413,0.2233354151248932,0.16816246509552002,0.01122814416885376,0.024894550442695618,0.01381385326385498,0.007102186567786676,-0.7462407569204939,0.16494231788647018,-0.6448785869774037,-0.22523498703123734,-1.744183813800608,2.895975582405893
1771888726986338560,14.297338724136353,0.033981502056121826,0.5949742794036865,-0.25339576601982117,-0.9616941213607788,0.22099633514881134,0.16218823194503784,0.009301543235778809,0.02721838653087616,0.029218077659606934,0.005923888255442835,-0.7444629127346856,0.16391792116391146,-0.647202272104203,-0.22283594391711692,-1.7378726088979402,2.896767365625831
1771888726996369664,14.307369709014893,-0.0773458182811737,0.5455997586250305,-0.23006033897399902,-0.9631381630897522,0.2186492681503296,0.1567084938287735,0.014789044857025146,0.032693520188331604,0.02085806429386139,0.004622545430659602,-0.7428053100887674,0.16307826868517997,-0.6493261588553062,-0.22043003626187244,-1.732089069375237,2.8970358945894046
1771888727006401536,14.317401647567749,-0.11492195725440979,0.5141470432281494,-0.21329468488693237,-0.9644374251365662,0.2163553088903427,0.1518257111310959,0.016256213188171387,0.009139060974121094,0.026198625564575195,0.003093574782036767,-0.741266089710783,0.16259593126083416,-0.651212443554424,-0.21807980814783287,-1.7269389976526153,2.896367538109235
1771888727016432640,14.327432632446289,-0.13580292463302612,0.4672672748565674,-0.19463017582893372,-0.9656165242195129,0.214202880859375,0.14731577038764954,0.01929694414138794,0.004852280020713806,0.02841973304748535,0.0015593441360473978,-0.7398170439110056,0.16226098053417898,-0.6529469641945228,-0.21587570349647506,-1.7221903210569927,2.8954062233908937
1771888727026463488,14.337463617324829,-0.09826512634754181,0.4179135859012604,-0.1863086074590683,-0.9666695594787598,0.21219541132450104,0.14325954020023346,0.032999396324157715,0.028420448303222656,0.0016837269067764282,0.00014084769555488318,-0.7385142212511989,0.1619460351250567,-0.654500050871663,-0.21382098709611852,-1.717924525329855,2.8945016706093494
1771888727036494592,14.34749460220337,-0.04783426597714424,0.36250945925712585,-0.17818783223628998,-0.9676161408424377,0.21032027900218964,0.1395871639251709,0.03248113393783569,0.028357699513435364,-0.016708120703697205,-0.0010461941089635542,-0.7373666205739974,0.1615055584468876,-0.6559004690384492,-0.21190256195377763,-1.7140667466177837,2.8940413157205214
1771888727046525440,14.35752558708191,-0.006120108999311924,0.3396818935871124,-0.17226389050483704,-0.9684644341468811,0.20858080685138702,0.13627365231513977,0.025013625621795654,0.03673471510410309,0.014544233679771423,-0.0020017468233947803,-0.7363658018764416,0.16094169380705042,-0.6571598762837282,-0.2101236291391204,-1.7105895780189868,2.894026948551264
1771888727056557312,14.367557525634766,-0.006917015183717012,0.3633320927619934,-0.16161923110485077,-0.9692865610122681,0.2069656103849411,0.1328490972518921,0.0030695199966430664,0.024479687213897705,0.05397951602935791,-0.002887388027779503,-0.7353241507639747,0.1603837266844901,-0.6584581651019462,-0.2084723992804152,-1.7070062880484023,2.8940991365323394
1771888727066588416,14.377588510513306,-0.02843109518289566,0.38840922713279724,-0.14952075481414795,-0.9700986742973328,0.20547780394554138,0.1291808933019638,-0.006387650966644287,0.020382791757583618,0.057586684823036194,-0.0037208069523387752,-0.7341941990157338,0.15984155133108488,-0.6598453261852159,-0.2069519115989303,-1.7031801261019777,2.894233586852612
1771888727076619264,14.387619495391846,-0.04730136692523956,0.4236352741718292,-0.15462391078472137,-0.9709324836730957,0.2039572149515152,0.1252671629190445,-0.013656198978424072,0.012610763311386108,0.0898665189743042,-0.004678571888406021,-0.7329586837282371,0.15938992429159038,-0.6613203742450623,-0.2053984075030797,-1.6991049183623559,2.894083050026678
1771888727086650624,14.397650718688965,-0.06355863064527512,0.44461724162101746,-0.14902088046073914,-0.9717870354652405,0.20238326489925385,0.12112502008676529,-0.013427317142486572,0.03540971875190735,0.08288504183292389,-0.005741339612070322,-0.7316310316635888,0.15899227244813915,-0.662876060309507,-0.20379092977211932,-1.6947983443844945,2.8937266262074437
1771888727096681472,14.407681703567505,-0.072109155356884,0.4402371346950531,-0.12561382353305817,-0.9726034998893738,0.20093503594398499,0.11690834909677505,-0.0032113194465637207,0.040153831243515015,0.05794215202331543,-0.006819535103329352,-0.7302527905199949,0.15869793720218,-0.6644541660965873,-0.2023123371204127,-1.6904238327663874,2.893189858784507
1771888727106713600,14.417713642120361,-0.0709160566329956,0.4453333616256714,-0.19493244588375092,-0.9734337329864502,0.19927668571472168,0.1127643957734108,0.0046378374099731445,0.048190370202064514,0.05514337122440338,-0.00796252645179185,-0.7289144731026143,0.15832210325037732,-0.6659988971664432,-0.20061975195211293,-1.6861241637578777,2.8926765661081637
1771888727116744448,14.427744626998901,-0.09883894771337509,0.3885931372642517,-0.16794690489768982,-0.9742509722709656,0.19743704795837402,0.10887496173381805,0.015144526958465576,0.015636667609214783,0.006313681602478027,-0.009218979862190472,-0.7276586819988832,0.15795671273832548,-0.66744106571806,-0.19874281783974404,-1.682087049514934,2.891961726865846
1771888727126775552,14.437775611877441,-0.15960988402366638,0.3397297263145447,-0.1604117602109909,-0.9749740362167358,0.19568082690238953,0.10552188754081726,0.02383255958557129,0.020993992686271667,0.033333078026771545,-0.01049915664149757,-0.7265555960782636,0.15772733079854023,-0.6686769935620317,-0.19695165641286266,-1.6786071367810185,2.8909450033770367
1771888727136806400,14.447806596755981,-0.2534312903881073,0.3027336001396179,-0.1436956226825714,-0.9756086468696594,0.19396087527275085,0.10279660671949387,0.024879157543182373,0.004296585917472839,0.072542205452919,-0.01202491960734639,-0.7255911308849773,0.15784744130070033,-0.6696694802911353,-0.1951981012501622,-1.6757756121492806,2.8889982243930104
1771888727146838528,14.457838535308838,-0.30926817655563354,0.25558632612228394,-0.12098126113414764,-0.9761446714401245,0.19238054752349854,0.10065539181232452,0.03214430809020996,-0.030896753072738647,0.04723276197910309,-0.013721923133338067,-0.7247525846424079,0.1583078888284491,-0.6704357595521879,-0.1935874272129229,-1.6735484151351676,2.886241089227932
1771888727156869376,14.467869520187378,-0.2974304258823395,0.2173776924610138,-0.10383982956409454,-0.9765956997871399,0.19098292291164398,0.09892593324184418,0.021380245685577393,-0.009204968810081482,0.02195417881011963,-0.015399099034208753,-0.7240221889182402,0.15891770191599708,-0.6710438735364482,-0.1921634024761537,-1.671748687024239,2.8832386375411625
1771888727166900480,14.477900505065918,-0.2247580885887146,0.1828271746635437,-0.10479164123535156,-0.976982593536377,0.18973173201084137,0.09750388562679291,0.021431326866149902,0.034740328788757324,0.0009153038263320923,-0.016854737403073812,-0.7234197558339267,0.15942333135179315,-0.6715385744051345,-0.1908889096542466,-1.670267987233853,2.8806585371407842
1771888727176931584,14.487931728363037,-0.17901375889778137,0.14749622344970703,-0.11375104635953903,-0.9773507714271545,0.18848487734794617,0.09622421115636826,0.02195209264755249,0.04891137778759003,-0.008562430739402771,-0.018054041700945742,-0.7229234468561199,0.15966776260971052,-0.6719836589264098,-0.18961913938366792,-1.6689341695039142,2.8788031229503277
1771888727186962688,14.497962713241577,-0.14605101943016052,0.1251472383737564,-0.1147950068116188,-0.9776926040649414,0.18722599744796753,0.09520512819290161,0.018112897872924805,0.047683075070381165,0.012216828763484955,-0.019141762844414795,-0.7225400900788967,0.15980732492142896,-0.6723326822660134,-0.18833743894742688,-1.6678676367766758,2.8772300646914237
1771888727196994560,14.507994651794434,-0.13405969738960266,0.1467830240726471,-0.11273159086704254,-0.9780382513999939,0.18597747385501862,0.09409210085868835,-0.013203084468841553,0.009304508566856384,0.054391130805015564,-0.020131678640074365,-0.7221477630309734,0.15983948168990553,-0.6727173067023979,-0.1870666025720584,-1.6667060892904262,2.875958433422627
1771888727207025408,14.518025636672974,-0.14094343781471252,0.18611524999141693,-0.11565307527780533,-0.9783961176872253,0.1847662776708603,0.09274984896183014,-0.024258911609649658,0.0045952945947647095,0.09732890129089355,-0.021121501559723605,-0.7216749297686282,0.15987563952174666,-0.6731857041099917,-0.1858340359388178,-1.6653117273075757,2.874700704318413
1771888727217056512,14.528056621551514,-0.15591563284397125,0.21981848776340485,-0.1149611845612526,-0.9787980914115906,0.18349722027778625,0.09101203829050064,-0.029395878314971924,-0.0037639588117599487,0.09801387786865234,-0.022233355201941342,-0.7210540266206199,0.15995971493662656,-0.6737950221455976,-0.18454290466152193,-1.6635131970027515,2.873240774441809
1771888727227087616,14.538087606430054,-0.1298491507768631,0.23930829763412476,-0.11852742731571198,-0.9792168140411377,0.18224260210990906,0.08900579065084457,-0.022278547286987305,0.03492048382759094,0.07624685764312744,-0.023318904342386853,-0.7203495744627911,0.1599980767987347,-0.67450225490594,-0.18326676800150576,-1.661442115413106,2.871907341978446
1771888727237118464,14.548118591308594,-0.10544279217720032,0.24708524346351624,-0.12493472546339035,-0.9796587228775024,0.1809106022119522,0.08683490008115768,-0.01788473129272461,0.04041813313961029,0.06499005109071732,-0.02436127141501634,-0.7196141444668631,0.1599153983131979,-0.6752696699616022,-0.18191225554594906,-1.6592031955083362,2.870827331538949
1771888727247150336,14.55815052986145,-0.07562045007944107,0.21251662075519562,-0.14351239800453186,-0.9801031947135925,0.17950613796710968,0.08470797538757324,-0.0025780797004699707,0.037672191858291626,0.03882718086242676,-0.02532893032076672,-0.7189220678882288,0.15970300294579592,-0.6760210986679558,-0.18048441911940855,-1.6570097010328457,2.8700367138223943
1771888727257181440,14.56818151473999,-0.08140048384666443,0.19056299328804016,-0.14040209352970123,-0.9805274605751038,0.17804446816444397,0.08286336809396744,0.002271115779876709,0.02926144003868103,0.033423908054828644,-0.02626681547367129,-0.7183378188209676,0.1594442274634202,-0.6766671952340156,-0.1789988030110778,-1.6551049750939395,2.869327391136687
1771888727267212288,14.57821249961853,-0.09386353939771652,0.18559592962265015,-0.1316235214471817,-0.9809192419052124,0.17666128277778625,0.08116922527551651,-0.0076215267181396484,0.014744967222213745,0.056480295956134796,-0.027174763702509066,-0.7177965234502998,0.15922551049112388,-0.677256983144005,-0.1775933358829861,-1.6533563541911913,2.8685813428527256
1771888727277243648,14.58824372291565,-0.1391957700252533,0.16295306384563446,-0.1090119481086731,-0.9812687039375305,0.17539861798286438,0.07967047393321991,0.005346953868865967,-0.00723150372505188,0.06641722470521927,-0.028147440780893408,-0.7172839355481611,0.15918225814848697,-0.67777033547222,-0.176310641157568,-1.651809914036664,2.867462834883976
1771888727287274496,14.59827470779419,-0.13665777444839478,0.12993386387825012,-0.08902892470359802,-0.9815608859062195,0.1743020862340927,0.07846589386463165,0.021203279495239258,-0.013352394104003906,0.04468774050474167,-0.029117748885296342,-0.7168408263588507,0.1592864562487324,-0.6781734018829871,-0.17519696763340142,-1.6505666061496511,2.866096990307483
1771888727297306624,14.608306646347046,-0.14069576561450958,0.0879102498292923,-0.07944287359714508,-0.9817919731140137,0.17338135838508606,0.0776115134358406,0.03211545944213867,0.00943419337272644,0.048273444175720215,-0.029983398725583657,-0.7165080398845446,0.1594427287982679,-0.6784506512170332,-0.17426199168379297,-1.6496831486338372,2.8647625765507057
1771888727307337472,14.618337631225586,-0.14270485937595367,0.06960315257310867,-0.0701574981212616,-0.9819871187210083,0.17251448333263397,0.07707227766513824,0.0263749361038208,0.0005507022142410278,0.05410754680633545,-0.03081225589247815,-0.7162779909965818,0.15963076072197208,-0.6786121913323827,-0.1733818541429265,-1.6491218000883994,2.8634018563451713
1771888727317368576,14.628368616104126,-0.11684857308864594,0.04527902975678444,-0.06656542420387268,-0.9820733666419983,0.1719900518655777,0.07714761793613434,0.02229529619216919,0.00258578360080719,0.03311242163181305,-0.03148633858293684,-0.7162291800442673,0.1599674021608646,-0.6785536093755841,-0.17284946456824493,-1.6491911907913608,2.861973642301514
1771888727327399424,14.638399600982666,-0.11329937726259232,0.005060505121946335,-0.055997997522354126,-0.9821314811706543,0.17156845331192017,0.0773436650633812,0.0322566032409668,0.033128201961517334,0.02574467658996582,-0.03197012377500009,-0.7162477026891231,0.1601906960527606,-0.6784586015811787,-0.1724215117843469,-1.6493849572483081,2.860963799838084
1771888727337431552,14.648431539535522,-0.147322416305542,-0.008155964314937592,-0.05616657808423042,-0.9821572303771973,0.1711665838956833,0.07790552079677582,0.028833866119384766,0.017782986164093018,0.06203281879425049,-0.03251731263329182,-0.716367151488955,0.16053306146205867,-0.6782255731719553,-0.17201360788169645,-1.649951415853711,2.859657201301517
1771888727347462400,14.658462524414062,-0.13884477317333221,0.006354535464197397,-0.04538556933403015,-0.9821779727935791,0.1706962287425995,0.07867112755775452,0.006912529468536377,0.006061568856239319,0.062167517840862274,-0.03315364371528902,-0.7165427089464518,0.16094132045368756,-0.6779124089109992,-0.17153622939429472,-1.6507243296116003,2.8581129593511307
1771888727357493504,14.668493509292603,-0.12433817982673645,0.022476913407444954,-0.03383250907063484,-0.9822127819061279,0.17019154131412506,0.07932716608047485,-0.004405200481414795,0.006337374448776245,0.06839322298765182,-0.033758877934576104,-0.7166951915255455,0.1612810712418678,-0.677640555579383,-0.17102404006031086,-1.6513851337350516,2.8567239035982928
1771888727367524352,14.678524494171143,-0.08183173090219498,0.05800134688615799,-0.03032246232032776,-0.9822716116905212,0.16971829533576965,0.0796118676662445,-0.012372493743896484,0.022450894117355347,0.08260428160429001,-0.03428072953877281,-0.7167412739270103,0.16151743437575125,-0.677509286636021,-0.17054381110429442,-1.6516682903866933,2.8556357116197155
1771888727377555712,14.688555717468262,-0.07018981873989105,0.0821843147277832,-0.050088975578546524,-0.9823113679885864,0.16948692500591278,0.07961402833461761,-0.013995885848999023,0.03200538456439972,0.0900484248995781,-0.03463931304185137,-0.716694502240493,0.16172818485273968,-0.6774902345222563,-0.17030903516296583,-1.6516672165627333,2.8548314739318634
1771888727387587584,14.698587656021118,-0.030888216570019722,0.09750255197286606,-0.06734120100736618,-0.9824156761169434,0.16895198822021484,0.07946328818798065,-0.01320493221282959,0.034844398498535156,0.08391260355710983,-0.03506586829625791,-0.7166317250100586,0.16177334836616955,-0.6775238796385414,-0.16976627215269782,-1.6515062296976277,2.854198008567405
1771888727397618432,14.708618640899658,0.008224565535783768,0.1025947853922844,-0.07293357700109482,-0.9825658798217773,0.1683635264635086,0.0788542702794075,-0.008721351623535156,0.03738600015640259,0.07350468635559082,-0.03535699138625655,-0.7164610428529197,0.1615880905132142,-0.6777335329476478,-0.16916925492454535,-1.6508781170627784,2.854134520274488
1771888727407649536,14.718649625778198,-0.011328629218041897,0.07846787571907043,-0.0751141756772995,-0.9826515316963196,0.1681201010942459,0.07830441743135452,-0.0016776323318481445,0.015717774629592896,0.06143557280302048,-0.035488356529309234,-0.7162908718756739,0.16149178741174536,-0.677929451650823,-0.1689223200561847,-1.6503151637912654,2.854148016080555
1771888727417680384,14.728680610656738,-0.05624852329492569,0.05620025470852852,-0.056900810450315475,-0.9827108383178711,0.16771253943443298,0.07843401283025742,-0.005646705627441406,-0.006350859999656677,0.06293869018554688,-0.03576796150460091,-0.7163334037646197,0.16150375021750207,-0.6778669767009883,-0.16850889032656413,-1.6504414224324475,2.853739882941276
1771888727427711488,14.738711595535278,-0.09330826997756958,0.031153757125139236,-0.031126204878091812,-0.9827516078948975,0.16728919744491577,0.0788269191980362,-0.004019021987915039,-0.015326917171478271,0.0651092529296875,-0.03619035156555617,-0.7164301047486452,0.16168291276403346,-0.6776996528553597,-0.16807946986858693,-1.650835391684113,2.8528638424149113
1771888727437744384,14.748744487762451,-0.07258879393339157,-0.0012526512145996094,-0.02334950864315033,-0.982738196849823,0.1670193374156952,0.07956403493881226,-0.0017284750938415527,-0.025921329855918884,0.044764645397663116,-0.036556990295221824,-0.7166265892408357,0.16195168793047096,-0.6774080852385472,-0.1678057692342345,-1.6515817000987283,2.8518995244150815
1771888727447775488,14.758775472640991,-0.015687957406044006,-0.03910229355096817,-0.018638908863067627,-0.9826393723487854,0.16704636812210083,0.08071634918451309,-0.0015829205513000488,0.00224989652633667,0.03064226359128952,-0.036642561135812636,-0.7169759447864188,0.1621840598654195,-0.6769778857938235,-0.1678331854221281,-1.65275471349007,2.8513362078855637
1771888727457806336,14.768806457519531,0.07409146428108215,-0.07539492845535278,-0.03687170892953873,-0.9825050234794617,0.16712772846221924,0.08217251300811768,-0.01076585054397583,0.050996631383895874,0.038936495780944824,-0.03644257505052799,-0.7174830907186115,0.1621859142145235,-0.6764508482676813,-0.16791570709794723,-1.6542378487991825,2.851482458925451
1771888727467837440,14.778837442398071,0.13381364941596985,-0.049452535808086395,-0.047752320766448975,-0.9824332594871521,0.16704052686691284,0.0832005962729454,-0.0417061448097229,0.06825001537799835,0.07115733623504639,-0.03603883252127723,-0.7179277106911303,0.16180265471110294,-0.6760923647097258,-0.1678272537687446,-1.6552830213205125,2.85252206958126
1771888727477869312,14.788869380950928,0.1120530441403389,-0.03665218874812126,-0.061939775943756104,-0.9824174642562866,0.16682344675064087,0.08382192999124527,-0.044834792613983154,0.04539579153060913,0.08614575862884521,-0.03565402890517369,-0.7182569306491476,0.16130079484507473,-0.6758830636923453,-0.1676070826526753,-1.6559122932202188,2.8537494497523186
1771888727487900416,14.798900604248047,0.035555075854063034,-0.03484736382961273,-0.06495208293199539,-0.9824638962745667,0.1662917286157608,0.08433234691619873,-0.02342599630355835,-0.00026085972785949707,0.08226311206817627,-0.03555494065577038,-0.7185333036547924,0.1608603855478976,-0.6756994529446464,-0.16706783735171563,-1.6564240364913427,2.8545068723305245
1771888727497931520,14.808931589126587,-0.004787729121744633,-0.04126105457544327,-0.057321853935718536,-0.9825147390365601,0.16568437218666077,0.0849330723285675,-0.008146882057189941,-0.03126969933509827,0.06722760200500488,-0.03568734062701476,-0.7187960121700915,0.16062013339653544,-0.6754701540720979,-0.16645193860880014,-1.6570265399286865,2.854641398239277
1771888727507962368,14.818962574005127,-0.045570045709609985,-0.04433780163526535,-0.05342165753245354,-0.9825557470321655,0.16508199274539948,0.08562944829463959,-0.009128332138061523,-0.016369834542274475,0.051592834293842316,-0.03594556407299249,-0.7190588594818219,0.16052750695099222,-0.6751987356826339,-0.16584113811132023,-1.6577263981201447,2.854375073872481
1771888727517993472,14.828993558883667,-0.03092026337981224,-0.05537567287683487,-0.043409235775470734,-0.9825939536094666,0.1644967943429947,0.08631506562232971,-0.006587684154510498,0.020851701498031616,0.04744351655244827,-0.03624224984321062,-0.7193061206079704,0.16048750066022233,-0.6749290025230354,-0.16524783324172965,-1.6584154969346627,2.853978424421225
1771888727528025344,14.839025497436523,-0.008787265047430992,-0.06747761368751526,-0.0483427420258522,-0.9826114177703857,0.16402052342891693,0.08701862394809723,-0.005929350852966309,0.03907395899295807,0.05665815621614456,-0.03641988057744732,-0.7195695736874927,0.16040243817424502,-0.6746587021885163,-0.1647650076106746,-1.6591244338162483,2.8538094920806447
1771888727538056448,14.849056482315063,0.009783579036593437,-0.09270933270454407,-0.05379902571439743,-0.9825766682624817,0.16372793912887573,0.08795581012964249,-0.009412407875061035,0.059309765696525574,0.053584687411785126,-0.03643310472869742,-0.7199176500611221,0.16030122746731082,-0.6743105407321828,-0.16446841688470948,-1.660073844428006,2.8538679788654013
1771888727548087296,14.859087467193604,-0.00020407326519489288,-0.112655870616436,-0.07232903689146042,-0.9825332760810852,0.1633366048336029,0.08915996551513672,-0.025904834270477295,0.052315860986709595,0.05465412139892578,-0.03643359462683963,-0.7203710692148743,0.16014213950186335,-0.6738639310484053,-0.16407174062339785,-1.661293448477685,2.8540097602918832
1771888727558118400,14.869118452072144,-0.01762682944536209,-0.12089143693447113,-0.06400132924318314,-0.9824973344802856,0.16273660957813263,0.09064176678657532,-0.037186622619628906,0.05654744803905487,0.06492162495851517,-0.03656544772005665,-0.7209167451120567,0.15999977871684679,-0.6733068813983109,-0.1634636125593818,-1.662792415109759,2.853926995895317
1771888727568149248,14.879149436950684,-0.020427675917744637,-0.14317916333675385,-0.07187097519636154,-0.9824687838554382,0.16205625236034393,0.09215816855430603,-0.02877706289291382,0.030677512288093567,0.04793275147676468,-0.03672565904763615,-0.7214794785945925,0.1598325513362036,-0.6727349100780909,-0.16277409811324853,-1.6643252891780447,2.8538416997238456
1771888727578181376,14.88918137550354,-0.05177902802824974,-0.2030278593301773,-0.054368942975997925,-0.9823983311653137,0.16131657361984253,0.09418361634016037,0.006705582141876221,0.025267884135246277,-0.006613373756408691,-0.03697422961412167,-0.7221946417846684,0.1597707960896814,-0.6719680998677842,-0.16202455584052383,-1.6663753180831096,2.8534371541193275
1771888727588212480,14.89921259880066,-0.09330782294273376,-0.20758186280727386,-0.024509582668542862,-0.9822626709938049,0.16078518331050873,0.09647835046052933,-0.006079554557800293,-0.017184719443321228,0.018633954226970673,-0.03721505792663071,-0.7229637048193798,0.15988326237211384,-0.6711004364259912,-0.1614861338295115,-1.6687028136288236,2.852757747302686
1771888727598243584,14.9092435836792,-0.1120852455496788,-0.21166515350341797,-0.003602702170610428,-0.9820531010627747,0.16063794493675232,0.0988292247056961,-0.017916381359100342,-0.01278027892112732,0.06802558898925781,-0.03744454033136857,-0.7236898356498176,0.16027361708970167,-0.6702114002535321,-0.16133695692787745,-1.6710939624217518,2.851667088376126
1771888727608274432,14.91927456855774,-0.024831833317875862,-0.19856984913349152,0.0077535491436719894,-0.9818052053451538,0.1607339084148407,0.10111034661531448,-0.03876364231109619,0.0395834743976593,0.06875050067901611,-0.037472822159120615,-0.7244007307749879,0.160619911351445,-0.669358427667661,-0.16143417920013786,-1.6734186738818222,2.8509184379786503
1771888727618305536,14.92930555343628,0.11678247153759003,-0.17652153968811035,0.018739886581897736,-0.9815546870231628,0.16107429563999176,0.10298414528369904,-0.05422729253768921,0.07978567481040955,0.05987288057804108,-0.03704907599990159,-0.7250484717774675,0.16061378251052577,-0.6686818582729237,-0.16177906314565718,-1.6753332793871663,2.8513439197772477
1771888727628337408,14.939337491989136,0.2170124053955078,-0.14363417029380798,0.007351146079599857,-0.9813367128372192,0.1614987999200821,0.1043873280286789,-0.05612373352050781,0.08821128308773041,0.05724908411502838,-0.036187993395389355,-0.7256360331891336,0.1601437197024925,-0.6682042306735242,-0.16220919950918414,-1.6767704137222847,2.8530986935152907
1771888727638368256,14.949368476867676,0.29625198245048523,-0.09888946264982224,-0.0019214486237615347,-0.9811761379241943,0.1619265377521515,0.10522832721471786,-0.04651844501495361,0.07389804720878601,0.07133112847805023,-0.035090391673297035,-0.7260987717342161,0.1593572662443993,-0.667947932455119,-0.1626426388334522,-1.6776350893251724,2.855696642705031
1771888727648399360,14.959399461746216,0.24359945952892303,-0.12610243260860443,0.012862025760114193,-0.9810417294502258,0.16229334473609924,0.10591453313827515,-0.009726643562316895,0.06544409692287445,0.04287385940551758,-0.03398877071011825,-0.7265218358563622,0.15850327460980793,-0.6677480604357298,-0.1630143635134652,-1.678341071834407,2.8584148375381493
1771888727658430464,14.969430446624756,0.2305421531200409,-0.12409854680299759,0.01344019640237093,-0.9808831810951233,0.16273103654384613,0.10670794546604156,0.011278808116912842,0.01854337751865387,0.03640424460172653,-0.032983952332578906,-0.7269441445947369,0.15781692614590956,-0.6675013239088334,-0.1634579524005135,-1.6791578038295984,2.8607384172132146
1771888727668462336,14.979462385177612,0.22550691664218903,-0.17233504354953766,0.04429558292031288,-0.9806715250015259,0.163283571600914,0.10780393332242966,0.033863723278045654,0.015152707695960999,0.03140198439359665,-0.03193281084590851,-0.7274555945916423,0.15719518042018168,-0.6671418718699282,-0.1640179806423318,-1.6802853912850666,2.862999565843853
1771888727678493184,14.989493370056152,0.23065036535263062,-0.20913714170455933,0.06967763602733612,-0.9803624153137207,0.16401688754558563,0.10949014127254486,0.0422520637512207,0.05921919643878937,0.047614336013793945,-0.03075328072869937,-0.7281574395136113,0.15662634588019067,-0.6665652168638542,-0.16476132013305322,-1.682018754469148,2.8653011911538746
1771888727688524544,14.999524593353271,0.25659647583961487,-0.20721220970153809,0.08973682671785355,-0.9799703359603882,0.1651308685541153,0.1113104373216629,0.022176146507263184,0.054427847266197205,0.041185855865478516,-0.029440681874975134,-0.7288723881317322,0.15620582689907725,-0.6659414673642343,-0.16589070647918475,-1.6838971127673343,2.8675399278002742
1771888727698555392,15.009555578231812,0.289604127407074,-0.247248575091362,0.11048631370067596,-0.979480504989624,0.16672283411026,0.11323244124650955,0.04582571983337402,0.032465383410453796,0.01108086109161377,-0.02780165513358613,-0.729620074797939,0.1557907784228898,-0.665290102556053,-0.16750504408648845,-1.6858900085930635,2.8701925426549897
1771888727708586496,15.019586563110352,0.22262829542160034,-0.32500648498535156,0.14904862642288208,-0.9788861870765686,0.16849157214164734,0.11572710424661636,0.08763545751571655,0.04977013170719147,0.011073485016822815,-0.026116728657511253,-0.7305338885029806,0.15551137662017542,-0.6644204513556204,-0.16929915701861112,-1.6884733503747074,2.8726456182950306
1771888727718618368,15.029618501663208,0.21446606516838074,-0.37197425961494446,0.17096030712127686,-0.9782196879386902,0.1702621877193451,0.1187313050031662,0.08200997114181519,0.006510868668556213,-0.006624937057495117,-0.024561396753188487,-0.7315799945246733,0.15542318317596693,-0.6633484225453931,-0.17109574185687676,-1.6915804052678822,2.8745843160566396
1771888727728649472,15.039649486541748,0.25380760431289673,-0.43911734223365784,0.19838981330394745,-0.9774129390716553,0.172371044754982,0.12228047847747803,0.08697086572647095,0.017463549971580505,-0.026485785841941833,-0.022780154454118795,-0.732799114838746,0.15538885211826764,-0.6620732251994694,-0.1732362364695773,-1.6952559476084657,2.8766843943348994
1771888727738680320,15.049680471420288,0.32238203287124634,-0.4934012293815613,0.2176484614610672,-0.9764775037765503,0.1747375726699829,0.12632787227630615,0.08797335624694824,0.061346396803855896,-0.02165256440639496,-0.020679935149597675,-0.7342104989899374,0.1552381377118543,-0.6606122469108996,-0.17563924034420184,-1.699452733287986,2.8793299847389635
1771888727748711424,15.059711456298828,0.3300367593765259,-0.551925539970398,0.23394274711608887,-0.9754143357276917,0.17734138667583466,0.1308313012123108,0.07717525959014893,0.03030019998550415,-0.04312385618686676,-0.018324141322767648,-0.7357886306245793,0.15501852876269775,-0.6589753556136744,-0.17828436137432824,-1.7041295059205688,2.882363899194738
1771888727758743296,15.069743394851685,0.33154821395874023,-0.5625825524330139,0.2318526953458786,-0.9742430448532104,0.18009719252586365,0.13570284843444824,0.058563232421875,0.029238134622573853,-0.042883649468421936,-0.015883785793941427,-0.7374783573165301,0.1548453935490283,-0.6571880832577669,-0.1810852643432898,-1.70919638669385,2.885387770063247
1771888727768774144,15.079774379730225,0.3015546202659607,-0.5470842719078064,0.26780828833580017,-0.9730290770530701,0.18298108875751495,0.14047180116176605,0.03461354970932007,0.038332387804985046,0.013168931007385254,-0.01343027758012081,-0.7391164510867331,0.15473452590885214,-0.6554263552875217,-0.184017891070755,-1.714171235074998,2.888324387313852
1771888727778805504,15.089805603027344,0.23945069313049316,-0.5177670121192932,0.26622799038887024,-0.9717901349067688,0.1859344094991684,0.14509399235248566,0.026279330253601074,0.01499330997467041,0.03900323808193207,-0.01115437717160046,-0.7406532178055024,0.15485413747912216,-0.6537037305669269,-0.1870227641212925,-1.7190073623892754,2.890668203894285
1771888727788836352,15.099836587905884,0.24948041141033173,-0.4658987522125244,0.2697223126888275,-0.9705695509910583,0.1888730674982071,0.14940452575683594,0.01007455587387085,0.005813822150230408,0.04262733459472656,-0.009008604063587836,-0.7420609134245147,0.15507373698712407,-0.6520863272743124,-0.19001442594614779,-1.7235323483504517,2.8927002180433514
1771888727798867456,15.109867572784424,0.33529844880104065,-0.45142167806625366,0.26583755016326904,-0.9693803191184998,0.19190239906311035,0.15321636199951172,0.003941476345062256,0.012077093124389648,0.006726264953613281,-0.00670222906245243,-0.7433330164593118,0.15512643076164026,-0.6506511444921492,-0.19310021130410127,-1.727555526816417,2.895232660076169
1771888727808899328,15.11989951133728,0.38040655851364136,-0.4213380813598633,0.26279115676879883,-0.9682058095932007,0.19498859345912933,0.15670692920684814,-0.013498902320861816,0.041019096970558167,0.0045784711837768555,-0.0041550545776286715,-0.7445510298031083,0.1549103840079099,-0.6493299030204599,-0.19624581575402103,-1.7312577213838596,2.898512529452059
1771888727818930432,15.12993049621582,0.402167946100235,-0.3885248601436615,0.2472500205039978,-0.9670815467834473,0.19801293313503265,0.15982607007026672,-0.054601311683654785,0.01853981614112854,0.015787377953529358,-0.0016026015724925557,-0.7456623133304067,0.15459867288193496,-0.6481392561567509,-0.19933030284811026,-1.7345822572467506,2.901972629718876
1771888727828961280,15.13996148109436,0.4275883436203003,-0.37466418743133545,0.22206450998783112,-0.9659979939460754,0.2009841352701187,0.16264475882053375,-0.05641716718673706,0.009022578597068787,-0.0034345388412475586,0.000996731762845529,-0.7466980081225224,0.15415727116515662,-0.6470522681467141,-0.20236245677483636,-1.73760152073499,2.9057147463983193
1771888727838992384,15.1499924659729,0.5164042711257935,-0.37752148509025574,0.23892365396022797,-0.9649192690849304,0.2040206640958786,0.16524654626846313,-0.04133683443069458,0.008793666958808899,-0.03551626205444336,0.003823940215998547,-0.7477087085651759,0.15347624793074324,-0.646035717104895,-0.20546322398814235,-1.7404052640028684,2.910136390028359
1771888727849024256,15.160024404525757,0.514434814453125,-0.37475764751434326,0.2268507480621338,-0.963824987411499,0.20710919797420502,0.16777130961418152,-0.03840279579162598,0.006468057632446289,-0.025727272033691406,0.006787533914602375,-0.7487187146135681,0.15266282564135072,-0.6450335782890926,-0.20861916756034896,-1.7431377573798086,2.914937968781058
1771888727859055360,15.170055389404297,0.47810637950897217,-0.38105228543281555,0.2283455729484558,-0.9627307057380676,0.21008890867233276,0.1703304648399353,-0.042411625385284424,-0.01097695529460907,-0.0018428415060043335,0.009619430185530525,-0.749725127214593,0.15191269889144024,-0.6440049277022628,-0.21166589881390327,-1.7459085099642557,2.9194578908389235
1771888727869086208,15.180086374282837,0.47993412613868713,-0.3671114444732666,0.23587113618850708,-0.961597740650177,0.21315184235572815,0.17290496826171875,-0.042216956615448,-0.01579466462135315,-0.03694915771484375,0.012421124025495502,-0.7507156872254062,0.15125620857068484,-0.642956659944007,-0.21479980540638877,-1.7487052968830128,2.9237801204636122
1771888727879117568,15.190117597579956,0.5112816691398621,-0.3824091851711273,0.23416724801063538,-0.9604457020759583,0.21628202497959137,0.17540283501148224,-0.028995215892791748,-0.01193632185459137,-0.03729557991027832,0.015328372548565153,-0.7516958930666514,0.1505147972110248,-0.6419218362160318,-0.21800473852071217,-1.7514321661131484,2.928368504847002
1771888727889148416,15.200148582458496,0.5078755617141724,-0.3912627398967743,0.23346364498138428,-0.9592583179473877,0.2194342166185379,0.1779659241437912,-0.012665390968322754,-0.0036596953868865967,-0.03157307207584381,0.018308481857723474,-0.752709825604845,0.14970265162413537,-0.6408445641318842,-0.22123450773365902,-1.75423519484292,2.9331430320306806
1771888727899180288,15.210180521011353,0.47846823930740356,-0.3915407657623291,0.23727275431156158,-0.9580362439155579,0.2225843369960785,0.18061818182468414,-0.01684778928756714,-0.032444581389427185,-0.04380786418914795,0.021223415047673184,-0.7537365119436493,0.14896429644157527,-0.6397191185476534,-0.22446451493993344,-1.7571387141313457,2.937697587885769
1771888727909211392,15.220211505889893,0.46906620264053345,-0.3992977738380432,0.24395915865898132,-0.956784188747406,0.2257535308599472,0.18330168724060059,-0.012728750705718994,-0.0322415828704834,-0.057187795639038086,0.024082122775889104,-0.7547565851080865,0.14830151605503109,-0.638568152972487,-0.2277164671547516,-1.7600837542400385,2.942046843751287
1771888727919242496,15.230242490768433,0.4841756522655487,-0.4079863131046295,0.23264791071414948,-0.9555002450942993,0.22890380024909973,0.18607088923454285,0.0008493661880493164,-0.02042296528816223,-0.06287145614624023,0.02694682174268685,-0.755807639858173,0.14761523811538604,-0.6373683833495084,-0.2309514332954111,-1.7631258620278671,2.9464193705007315
1771888727929273344,15.240273475646973,0.4546244144439697,-0.41711723804473877,0.2325533628463745,-0.9541925191879272,0.23201638460159302,0.18890517950057983,0.008651137351989746,-0.03775674104690552,-0.05778634548187256,0.029756796943985666,-0.7568719669663749,0.1469605858798694,-0.6361304756809393,-0.23415012476885305,-1.766242922934809,2.950653526206433
1771888727939305216,15.250305414199829,0.49430525302886963,-0.40016689896583557,0.22535990178585052,-0.9528871774673462,0.23509877920150757,0.19166307151317596,0.013800263404846191,-0.03612416982650757,-0.05549359321594238,0.03259555103477324,-0.7579230495072182,0.14623333671977087,-0.6349063186706306,-0.23732019312816777,-1.7692871475359244,2.955036835382907
1771888727949336320,15.26033639907837,0.5357688069343567,-0.3972451388835907,0.22268103063106537,-0.9515894651412964,0.23823903501033783,0.19421513378620148,0.018377244472503662,-0.05621694028377533,-0.06971873342990875,0.035572177650018084,-0.7589315163100779,0.14536340592045455,-0.6337404660341505,-0.24055227792427575,-1.7721267580301034,2.9598341405492246
1771888727959367168,15.27036738395691,0.5722795128822327,-0.3825075924396515,0.21454693377017975,-0.950298011302948,0.2414226084947586,0.19659282267093658,0.016856908798217773,-0.041273072361946106,-0.06718303263187408,0.038645271214561974,-0.7598997922384005,0.14439083992399918,-0.6326216232996519,-0.24383154969853757,-1.7747935504870518,2.96492701830818
1771888727969398272,15.28039836883545,0.6045610308647156,-0.36446866393089294,0.20029635727405548,-0.9490764141082764,0.24452956020832062,0.19864390790462494,0.005823731422424316,-0.040107548236846924,-0.07449838519096375,0.0418112435040784,-0.7607968563728242,0.14321347395063647,-0.6316089903772445,-0.2470344946343527,-1.7771202344751797,2.9704941462385963
1771888727979430400,15.290430545806885,0.6497523188591003,-0.33368611335754395,0.17153528332710266,-0.9479339122772217,0.2475237101316452,0.20038364827632904,-0.0006135702133178711,-0.02225819230079651,-0.06514498591423035,0.045052120764777666,-0.761628098298803,0.141825480762725,-0.6306969032682347,-0.2501235899143723,-1.779119346852424,2.976522610538457
1771888727989461504,15.300461530685425,0.6772212386131287,-0.30470559000968933,0.13870836794376373,-0.9469183087348938,0.250331312417984,0.2016938179731369,-0.006328999996185303,-0.01871812343597412,-0.06505127251148224,0.04830776282572213,-0.76235260792988,0.14023341711739623,-0.6299362295346216,-0.2530224540400658,-1.7806602866602006,2.9829449041901066
1771888727999492352,15.310492515563965,0.6872648596763611,-0.28317636251449585,0.11980551481246948,-0.946021318435669,0.25289231538772583,0.2027045637369156,-0.006935834884643555,-0.03078538179397583,-0.0730201005935669,0.05151385792684267,-0.7630048639045823,0.1384769209997595,-0.6292805781881249,-0.25566858992518154,-1.7818752127767006,2.9896028431413595
1771888728009523456,15.320523500442505,0.6717754006385803,-0.2423200011253357,0.10697627067565918,-0.9452065229415894,0.25534889101982117,0.2034255713224411,-0.011687517166137695,-0.04639503359794617,-0.05767354369163513,0.05466570387326814,-0.7635651706297139,0.13667850632574627,-0.6287281170499998,-0.2582085436799151,-1.782780955580151,2.9962960483381456
1771888728019554304,15.330554485321045,0.6753754615783691,-0.20535224676132202,0.09959691762924194,-0.9445032477378845,0.25767624378204346,0.2037566900253296,-0.01507633924484253,-0.06067001819610596,-0.0492003858089447,0.05772742869017835,-0.7639971048728456,0.13485832950817175,-0.628322600385978,-0.26061646576525965,-1.783269122407153,3.002962852681303
1771888728029586432,15.340586423873901,0.6834898591041565,-0.17246700823307037,0.08515193313360214,-0.9438886046409607,0.2599208354949951,0.20375406742095947,-0.009434878826141357,-0.05560562014579773,-0.056338876485824585,0.060731182968348535,-0.7643183203753242,0.13302082770033505,-0.6280404318588968,-0.2629402116617344,-1.783400700950383,3.0096303784119427
1771888728039617280,15.350617408752441,0.6686763763427734,-0.16475649178028107,0.08036863058805466,-0.9433400630950928,0.2620817720890045,0.20352593064308167,0.003291785717010498,-0.07162156701087952,-0.06699025630950928,0.06369217055656273,-0.7645661250693888,0.1311548912510602,-0.6278378557260311,-0.26517873882181325,-1.78328956128264,3.016321486181123
1771888728049648384,15.360648393630981,0.6727302074432373,-0.15162764489650726,0.06798972189426422,-0.9428577423095703,0.26410728693008423,0.2031421661376953,0.0060901641845703125,-0.07086998224258423,-0.06375312805175781,0.06659285637609304,-0.7647658678789826,0.129244910620362,-0.6276896886025743,-0.267278223121205,-1.783006074448167,3.0230302889147636
1771888728059679232,15.370679378509521,0.6753577589988708,-0.14694872498512268,0.0466839037835598,-0.9424244165420532,0.26599133014678955,0.20269356667995453,0.005794227123260498,-0.05093395709991455,-0.07899059355258942,0.06944191308982932,-0.7649486415695772,0.1272806196756568,-0.6275595228242106,-0.2692321473254111,-1.782645830389739,3.0297714149040056
1771888728069711360,15.380711555480957,0.6722162961959839,-0.15209555625915527,0.02545105293393135,-0.9420543909072876,0.26765185594558716,0.20222802460193634,0.003013134002685547,-0.04696398973464966,-0.08713099360466003,0.07222555030010734,-0.7651374616393637,0.12521451962449615,-0.6274308940499931,-0.2709551539302782,-1.7822542112841417,3.036596629314015
1771888728079742464,15.390742540359497,0.6821044087409973,-0.14573261141777039,0.004310614429414272,-0.9417380690574646,0.26913854479789734,0.20172668993473053,-0.0010718703269958496,-0.05966588854789734,-0.08965089917182922,0.07495517971868337,-0.7653212220712453,0.12307221764771764,-0.6273103564356318,-0.2724984477654609,-1.7818142007446771,3.0434817295318304
1771888728089773312,15.400773525238037,0.6430310010910034,-0.11676859110593796,-0.014646298252046108,-0.9415172934532166,0.27040645480155945,0.20106181502342224,-0.003612220287322998,-0.06656429171562195,-0.07273539900779724,0.07754183835392328,-0.7654469307349818,0.12092104950844278,-0.6272610960442857,-0.27381519915396557,-1.7811869446905928,3.0502273121995365
1771888728099804416,15.410804510116577,0.6244435906410217,-0.08929941803216934,-0.022905025631189346,-0.9414089918136597,0.2714293897151947,0.20018789172172546,-0.007062077522277832,-0.0559447705745697,-0.07059502601623535,0.07996673939853943,-0.7654994765124302,0.11876234343764826,-0.6273048498884052,-0.2748778579467166,-1.7803224530330148,3.0568142478647107
1771888728109835264,15.420835494995117,0.6322205066680908,-0.057481035590171814,-0.04093009978532791,-0.9413902163505554,0.27233272790908813,0.19904696941375732,-0.00821012258529663,-0.06629329919815063,-0.050578922033309937,0.08231037762070396,-0.7654593653764798,0.1165995024860411,-0.6274564987429881,-0.27581656597229787,-1.7791667117038197,3.0633464119751452
1771888728119867392,15.430867433547974,0.6355565190315247,-0.026819396764039993,-0.061220455914735794,-0.9414907097816467,0.27304133772850037,0.1975947916507721,-0.0048593878746032715,-0.06980952620506287,-0.04547989368438721,0.08454441687280909,-0.7653159370572132,0.11440678965961605,-0.6277378941334175,-0.2765530815458555,-1.777668217260181,3.069835618641122
1771888728129898240,15.440898418426514,0.6615124940872192,0.013225223869085312,-0.08667495101690292,-0.9417271018028259,0.27356958389282227,0.19572898745536804,-0.010665476322174072,-0.07096338272094727,-0.06821131706237793,0.08678679758098927,-0.7650548215213151,0.11205182796095722,-0.628174812585639,-0.27710224390025145,-1.7757192888286601,3.076654499596534
1771888728139929344,15.450929403305054,0.7239376306533813,0.03143072500824928,-0.10865562409162521,-0.9420843124389648,0.27394208312034607,0.19347535073757172,-0.002495706081390381,-0.04997360706329346,-0.0719086080789566,0.08910155644903679,-0.7646905037569836,0.10948107787505393,-0.6287472862525758,-0.2774895403982356,-1.773349461743807,3.0839638928694675
1771888728149960192,15.460960388183594,0.7067338824272156,0.04380563646554947,-0.13504675030708313,-0.9425349831581116,0.2741175889968872,0.19101591408252716,0.0011136531829833984,-0.043526798486709595,-0.06159093976020813,0.09143681356169818,-0.7642749937753535,0.10673187056171901,-0.62938956052417,-0.277672026813345,-1.7707500812346169,3.09161193034507
1771888728159992576,15.47099256515503,0.6943634748458862,0.06232646107673645,-0.16553302109241486,-0.9431079626083374,0.2739318609237671,0.18843786418437958,-0.010764718055725098,-0.04494321346282959,-0.062705397605896,0.0935978487657858,-0.7638202670221034,0.10391118964184823,-0.6300956590521101,-0.2774788903295624,-1.7680045723725413,3.0991699650701365
1771888728170023424,15.48102355003357,0.6324087977409363,0.07215406000614166,-0.18570566177368164,-0.9437435269355774,0.2734842300415039,0.1858890950679779,-0.013547241687774658,-0.050660133361816406,-0.0633762925863266,0.09551746341206227,-0.7633520600763404,0.10118388713909074,-0.6308184719016576,-0.2770135070051486,-1.7652766687934422,3.1062694526491543
1771888728180054528,15.49105453491211,0.6237671971321106,0.09941630065441132,-0.20954787731170654,-0.9444894790649414,0.2726961374282837,0.18323861062526703,-0.015623986721038818,-0.06243002414703369,-0.042613640427589417,0.09722961614273354,-0.7628422515326679,0.09844290676738827,-0.6316067325389497,-0.2761942548096365,-1.7624238672521504,3.1131395342137016
1771888728190085376,15.50108551979065,0.6243945956230164,0.1051865741610527,-0.23844264447689056,-0.945327877998352,0.27164140343666077,0.18046028912067413,-0.009765386581420898,-0.03311601281166077,-0.03795851767063141,0.09884052788169648,-0.762290587206841,0.09562011577030506,-0.6324557686898074,-0.27509814796324833,-1.7594239147821675,3.1200239193766195
1771888728200117248,15.511117458343506,0.6485552191734314,0.11566943675279617,-0.2572288513183594,-0.9462425708770752,0.2703598439693451,0.17756739258766174,-0.008118152618408203,-0.03494727611541748,-0.05201809108257294,0.10041448026765848,-0.7617057634748896,0.09267161936468557,-0.6333506800804898,-0.27376677402114935,-1.7562942602140323,3.127069449583526
1771888728210148352,15.521148443222046,0.6673249006271362,0.1263180822134018,-0.273136705160141,-0.9472097158432007,0.26896539330482483,0.17450354993343353,-0.005289673805236816,-0.04249447584152222,-0.06218361854553223,0.10201528165933144,-0.7610657953161651,0.08961379492592123,-0.634303691627546,-0.2723186912627602,-1.7529825576793387,3.134338632785178
1771888728220179200,15.531179428100586,0.6720008254051208,0.1394665241241455,-0.29072901606559753,-0.9482329487800598,0.2673890292644501,0.17133986949920654,0.00020438432693481445,-0.03461620211601257,-0.05874526500701904,0.10359676552995879,-0.7603923610993059,0.08644876201163781,-0.6352934352224181,-0.270682388036661,-1.7495612629243513,-3.141427921894183
1771888728230210304,15.541210412979126,0.6555720567703247,0.14356885850429535,-0.290170818567276,-0.9492852091789246,0.2656898498535156,0.16812551021575928,0.006139636039733887,-0.03294757008552551,-0.054905325174331665,0.10511255113998984,-0.7596888260415741,0.08328050840403693,-0.6363084794397912,-0.26891941884157955,-1.7460861111848014,-3.134089435641176
1771888728240241408,15.551241397857666,0.6118723750114441,0.14638714492321014,-0.30246102809906006,-0.9503544569015503,0.263855904340744,0.16494302451610565,0.00997072458267212,-0.048325568437576294,-0.04183509945869446,0.10650387550797986,-0.7589758760739164,0.08016938056655333,-0.6373266827208,-0.2670176111991572,-1.7426439321199074,-3.1270132157916497
1771888728250273536,15.561273574829102,0.5890091061592102,0.15897244215011597,-0.31192857027053833,-0.951442301273346,0.26186448335647583,0.16181546449661255,0.008037328720092773,-0.04270252585411072,-0.03477086126804352,0.107731339440814,-0.7582589804565705,0.07714305486676613,-0.6383463984557477,-0.2649536063410883,-1.7392582635709084,-3.12029697896088
1771888728260304384,15.571304559707642,0.5629673004150391,0.1603759229183197,-0.32113325595855713,-0.9525640606880188,0.2597061097621918,0.15866467356681824,0.007907688617706299,-0.04127654433250427,-0.021228790283203125,0.10884401536557935,-0.7575198095290624,0.07413549414832693,-0.6393908536696342,-0.2627178574412755,-1.7358469345853311,-3.1137648245517773
1771888728270335488,15.581335544586182,0.5726167559623718,0.16512301564216614,-0.33560168743133545,-0.9537134766578674,0.25738605856895447,0.15550857782363892,0.007760167121887207,-0.025086283683776855,-0.028875961899757385,0.10988218847566752,-0.7567685625498868,0.07110298100684263,-0.6404463753776575,-0.2603161513897675,-1.7324297567237616,-3.10730050999111
1771888728280366336,15.591366529464722,0.5460402965545654,0.17713360488414764,-0.3532954752445221,-0.9548853635787964,0.2549029290676117,0.15237492322921753,0.002462446689605713,-0.010731816291809082,-0.05171278119087219,0.11080262845976618,-0.7560096146107002,0.06809497074286087,-0.6415100722373908,-0.25774730966721054,-1.7290362439837677,-3.101041247935596
1771888728290398464,15.601398468017578,0.5748604536056519,0.17730218172073364,-0.36112967133522034,-0.9561090469360352,0.2522420883178711,0.14909575879573822,0.008400917053222656,-0.017134666442871094,-0.050813913345336914,0.11170307008541766,-0.7551983070593532,0.06498764233239877,-0.6426310059515081,-0.25499656713626045,-1.7254905515657595,-3.094647362474281
1771888728300429312,15.611429452896118,0.5974920988082886,0.15665216743946075,-0.3749416470527649,-0.957304835319519,0.2495357245206833,0.14594367146492004,0.019057035446166992,-0.009591236710548401,-0.05231569707393646,0.11267199555639597,-0.7544238674646757,0.06177754639163981,-0.6436872406965701,-0.25220078058059314,-1.7220841020189492,-3.0880354818800986
1771888728310460416,15.621460437774658,0.5645636916160583,0.16381606459617615,-0.3693806827068329,-0.9584884643554688,0.24674950540065765,0.14288032054901123,0.0030287504196166992,-0.00657615065574646,-0.03948675096035004,0.11360668861504383,-0.7536650858077519,0.05855849444620328,-0.6447119282657627,-0.24932461007364976,-1.7187750246738334,-3.081478630015118
1771888728320491264,15.631491422653198,0.5282045602798462,0.18063285946846008,-0.36428314447402954,-0.959653377532959,0.24396918714046478,0.13980156183242798,-0.008867740631103516,-0.011440500617027283,-0.016968369483947754,0.11443773199926574,-0.7528762636677098,0.05548076577794268,-0.6457578798896386,-0.2464566191224913,-1.7154579305501496,-3.075284064541539
1771888728330523392,15.641523599624634,0.48978763818740845,0.18947908282279968,-0.362422913312912,-0.9608147740364075,0.24114370346069336,0.1366918832063675,-0.00860661268234253,-0.019662395119667053,-0.0008124113082885742,0.11511802213018212,-0.7520528814180858,0.05255862192436524,-0.6468399211775167,-0.2435441669026194,-1.7121146431216168,-3.069533500265901
1771888728340554496,15.651554584503174,0.4799049198627472,0.1931513249874115,-0.366340696811676,-0.9619782567024231,0.2382386326789856,0.13356685638427734,0.001422286033630371,-0.0028413087129592896,-0.014395728707313538,0.11568493635710395,-0.7512065762526385,0.04972027226417134,-0.6479456300752159,-0.2405518635321658,-1.708760290698346,-3.064070428004634
1771888728350585344,15.661585569381714,0.4834924638271332,0.19083011150360107,-0.3636716604232788,-0.9631166458129883,0.2353091537952423,0.13052189350128174,0.008557319641113281,0.008511021733283997,-0.03806889057159424,0.11622956370065773,-0.7503741505425291,0.04689966091794999,-0.6490221705606389,-0.2375366473953349,-1.7054960358099316,-3.05868586452174
1771888728360616448,15.671616554260254,0.47050726413726807,0.18376514315605164,-0.37746843695640564,-0.9642435312271118,0.23231132328510284,0.12753695249557495,0.004984617233276367,0.0005530416965484619,-0.03738810122013092,0.11678961859784669,-0.7495537267475852,0.04401917733052137,-0.6500704902804557,-0.23445334827733888,-1.702299345904137,-3.053209231981246
1771888728370648320,15.68164849281311,0.4750974774360657,0.19820906221866608,-0.3830339014530182,-0.9653838872909546,0.22917835414409637,0.12454341351985931,-0.0019469857215881348,0.008568838238716125,-0.009324319660663605,0.11725126100943331,-0.7487172518972026,0.041160472425578354,-0.6511377364881279,-0.2312334899858945,-1.699096887889602,-3.047907487350348
1771888728380679424,15.69167947769165,0.43285635113716125,0.198868066072464,-0.38880419731140137,-0.9665200710296631,0.22599345445632935,0.12151489406824112,-0.00023096799850463867,0.01364581286907196,-0.006433136761188507,0.117669388872092,-0.7478559926522859,0.038325732031921855,-0.6522242391771536,-0.22796275833934926,-1.6958642458849547,-3.0427080871864467
1771888728390710272,15.70171046257019,0.41357508301734924,0.20374244451522827,-0.37490567564964294,-0.9676393270492554,0.22274452447891235,0.11857040971517563,-0.0070462822914123535,0.019305646419525146,0.0004175826907157898,0.11794417423103937,-0.7470052067829268,0.03561497721438272,-0.653302337081551,-0.22462881746114083,-1.6927242507992086,-3.0379095357330566
1771888728400741376,15.71174144744873,0.3754987120628357,0.21401572227478027,-0.36768531799316406,-0.9687342643737793,0.21953509747982025,0.11557840555906296,-0.012161731719970703,-0.00014422833919525146,-0.013603925704956055,0.11815567822239115,-0.7461225389548278,0.03302057011392022,-0.6544081723152639,-0.2213379108165263,-1.6895436899790834,-3.0333774700999587
1771888728410772224,15.72177243232727,0.3228576183319092,0.20799590647220612,-0.36298510432243347,-0.9697881937026978,0.21635007858276367,0.11271018534898758,-0.005721449851989746,0.018070682883262634,-0.008446931838989258,0.11821190248600928,-0.7452630753364373,0.030627450226359036,-0.655492875903144,-0.21807445255869617,-1.686498684721863,-3.0293821974951793
1771888728420804352,15.731804370880127,0.3273332118988037,0.19976527988910675,-0.371195912361145,-0.9708228707313538,0.21309590339660645,0.10997036844491959,-0.000597536563873291,0.025337934494018555,-0.007110819220542908,0.11819045417778788,-0.7444365650314588,0.028273414738510184,-0.656540943760684,-0.21474255162356456,-1.6835909537099456,-3.0255756010024033
1771888728430835200,15.741835355758667,0.3360356390476227,0.186672642827034,-0.361717164516449,-0.971824049949646,0.20985819399356842,0.10731810331344604,0.0016704797744750977,0.030254095792770386,-0.007632516324520111,0.11817718709254767,-0.7436308217498374,0.025927827559157627,-0.6575522284162804,-0.2114299270155282,-1.6807802582801903,-3.021790975302341
1771888728440866304,15.751866340637207,0.34058094024658203,0.18687185645103455,-0.35772350430488586,-0.972798764705658,0.20662103593349457,0.10473846644163132,0.0030264854431152344,0.04044926166534424,0.002134077250957489,0.11818868112520586,-0.742841946435464,0.02356005290225905,-0.6585302894587222,-0.2081202068259266,-1.6780503077184228,-3.017957930753277
1771888728450897152,15.761897325515747,0.3120310306549072,0.17371022701263428,-0.3541854918003082,-0.9737374186515808,0.20343729853630066,0.10221832990646362,0.003476858139038086,0.02957966923713684,0.0007021352648735046,0.11821684039691392,-0.7420639298065214,0.021219999764358042,-0.6594812836051678,-0.20486735612745016,-1.675388503425456,-3.01415995883089
1771888728460929280,15.771929264068604,0.2833164930343628,0.1853739470243454,-0.3403008282184601,-0.9746354818344116,0.20029610395431519,0.09983563423156738,-0.005039811134338379,0.021459877490997314,-0.002911806106567383,0.11811196746569011,-0.7413193725056897,0.019063155805958368,-0.6604027046538307,-0.20166013440423428,-1.6728741151184015,-3.0108391217067747
1771888728470960128,15.781960248947144,0.24983444809913635,0.1857185661792755,-0.3302857577800751,-0.9755009412765503,0.1972619742155075,0.0973951444029808,-0.005257844924926758,0.016483157873153687,0.012452855706214905,0.11796997373296671,-0.7405452305042026,0.01703918228784835,-0.6613513547421899,-0.19856422902561602,-1.6703077064143688,-3.0077692922045407
1771888728480991232,15.791991233825684,0.22588665783405304,0.18218894302845,-0.3266342878341675,-0.9763346314430237,0.19423435628414154,0.09509889781475067,-0.0011281371116638184,0.04212428629398346,0.00362551212310791,0.11774829460863415,-0.7398115891253663,0.01510833955583292,-0.6622582104496681,-0.19547687471124944,-1.6678940269030011,-3.004969243919676
1771888728491022080,15.802022218704224,0.22761958837509155,0.18541483581066132,-0.30934157967567444,-0.9771360754966736,0.19130006432533264,0.09278585016727448,-0.0018066763877868652,0.047423675656318665,0.011889450252056122,0.1175171891130898,-0.7390649190600083,0.013265341210270185,-0.663171691214903,-0.19248649906871196,-1.6654693958590625,-3.00231870007189
1771888728501053952,15.81205415725708,0.1945408135652542,0.16914570331573486,-0.30378249287605286,-0.9779052734375,0.18842124938964844,0.0905468538403511,0.0025787353515625,0.040277495980262756,0.010618925094604492,0.11725689042890146,-0.738336790458648,0.011498254302779433,-0.6640612874405014,-0.18955434729002868,-1.663125731123984,-2.999835385468549
1771888728511085056,15.82208514213562,0.14381025731563568,0.16361218690872192,-0.2924414277076721,-0.9786219596862793,0.18562722206115723,0.0885511264204979,0.003875434398651123,0.04532980918884277,0.006862029433250427,0.11685513688013607,-0.7376833213197216,0.00994389610025296,-0.6648828237701341,-0.18671014008701486,-1.6610361104404945,-2.997890565722629
1771888728521115904,15.83211612701416,0.12853464484214783,0.16427306830883026,-0.27543023228645325,-0.9793115258216858,0.18289335072040558,0.08659600466489792,0.0013757944107055664,0.04087679088115692,0.013104908168315887,0.11639545442633265,-0.737038495851365,0.008500463084171591,-0.6656981761523166,-0.18392863722501052,-1.6589923246350085,-2.996199026967697
1771888728531147264,15.84214735031128,0.10336297750473022,0.15005791187286377,-0.2582131624221802,-0.979942262172699,0.1803402155637741,0.08479698747396469,0.0018081068992614746,0.04808385670185089,0.009242892265319824,0.11588734548509987,-0.7364414842210719,0.007241015355757451,-0.6664620211639573,-0.18133233231216753,-1.6571139411422555,-2.9948658153389904
1771888728541179136,15.852179288864136,0.07403402030467987,0.15231813490390778,-0.23022866249084473,-0.9805231094360352,0.17796196043491364,0.0830891951918602,0.00010025501251220703,0.013459548354148865,0.01874791830778122,0.1153773767038855,-0.7358717546384729,0.006112233804419485,-0.6671906748547989,-0.17891495754782105,-1.655334024828772,-2.9937412626407003
1771888728551210240,15.862210273742676,0.10773179680109024,0.1443030834197998,-0.22557851672172546,-0.9810706973075867,0.17570260167121887,0.08141869306564331,0.00336378812789917,0.043734028935432434,0.011293768882751465,0.11491828572331159,-0.7353123011827658,0.005016458415333916,-0.6678955866164168,-0.17661942474515757,-1.6535962104906592,-2.9926033585446885
1771888728561241088,15.872241258621216,0.08761464059352875,0.13695037364959717,-0.20877370238304138,-0.9815769791603088,0.1736147403717041,0.07977686822414398,0.005106151103973389,0.0538938045501709,0.009014002978801727,0.11455495194392754,-0.7347604229562908,0.003944111629310585,-0.6685721002931627,-0.17449896761633832,-1.6518922650313872,-2.9913750951602585
1771888728571272192,15.882272243499756,0.06260089576244354,0.14123407006263733,-0.1951311230659485,-0.9820564985275269,0.17160388827323914,0.07821320742368698,0.006912946701049805,0.04478101432323456,0.01625395566225052,0.11412986761885362,-0.7342326857375914,0.002994581019424234,-0.6692292847309651,-0.17245747031439085,-1.6502708480090627,-2.990422993799623
1771888728581304064,15.892304182052612,0.03746359050273895,0.14679034054279327,-0.19613540172576904,-0.9825107455253601,0.16968396306037903,0.07668428122997284,0.007565438747406006,0.056832775473594666,0.026114240288734436,0.11361295078275556,-0.7337146888877105,0.002213036753321424,-0.6698881766426271,-0.17050896571247467,-1.6486877291785238,-2.9898505428687416
1771888728591335168,15.902335166931152,-0.0013594417832791805,0.15306207537651062,-0.16523873805999756,-0.9829495549201965,0.16783520579338074,0.07510896027088165,0.007806241512298584,0.04444506764411926,0.02190636843442917,0.11303964418000398,-0.73317943033651,0.0015498098862996215,-0.6705725134610127,-0.16863331104888915,-1.647059941204652,-2.989528574728812
1771888728601366016,15.912366151809692,-0.033509742468595505,0.15796110033988953,-0.16617776453495026,-0.9833571314811707,0.1661367267370224,0.0735352486371994,0.011158645153045654,0.0414590984582901,0.02750849723815918,0.1124002634571445,-0.7326434849872936,0.0010711739562007379,-0.6712663965004305,-0.16691064732541577,-1.6454372020762003,-2.9895717828306783
1771888728611397120,15.922397136688232,-0.02637380361557007,0.1593691110610962,-0.15647347271442413,-0.9837524890899658,0.1644834727048874,0.07194571942090988,0.008593857288360596,0.058020174503326416,0.0311732217669487,0.11172777367559077,-0.7321013730124781,0.0006632465493362519,-0.6719702600680613,-0.1652343330855935,-1.6438003211592436,-2.989765689546708
1771888728621427968,15.932428121566772,-0.04253191500902176,0.15935394167900085,-0.14029796421527863,-0.9841192960739136,0.16297492384910583,0.07034432888031006,0.00474923849105835,0.055653005838394165,0.037123315036296844,0.1110968930453679,-0.7315545519730151,0.0003181655887719167,-0.6726702705301361,-0.1637051366777565,-1.6421544329494964,-2.989995953949364
1771888728631460096,15.942460298538208,-0.03927220404148102,0.16184373199939728,-0.14166630804538727,-0.9844701886177063,0.1615341752767563,0.06873946636915207,-0.0019189119338989258,0.05865013599395752,0.03311299532651901,0.11046512247349628,-0.731005973323629,2.4391563627426256e-05,-0.6733704126312426,-0.16224504999521544,-1.6405070026154602,-2.990304690314002
1771888728641491200,15.952491283416748,-0.052734483033418655,0.1600828468799591,-0.10686437785625458,-0.9847943186759949,0.1602398306131363,0.06710638105869293,-0.010917901992797852,0.049904197454452515,0.026124827563762665,0.1098871710905935,-0.7304472202975989,-0.0002178771221133291,-0.6740709130630658,-0.16093361584187915,-1.6388336793956195,-2.990614414662703
1771888728651522048,15.962522268295288,-0.0757945254445076,0.16054730117321014,-0.10051567107439041,-0.9850764870643616,0.15913984179496765,0.06556618958711624,-0.008575916290283203,0.03533342480659485,0.027695536613464355,0.10929346479442521,-0.7299198593756845,-0.0003046381389490621,-0.6747383667336898,-0.1598193271278914,-1.6372577886041098,-2.991182871785864
1771888728661553152,15.972553253173828,-0.07921243458986282,0.16516801714897156,-0.08169164508581161,-0.9853340983390808,0.15816214680671692,0.0640426054596901,-0.0048545002937316895,0.05097481608390808,0.04078531265258789,0.10868825765870828,-0.7293978474817036,-0.0002900664034978079,-0.6754002945030692,-0.1588290870953573,-1.635700864765713,-2.991918220837553
1771888728671585024,15.982585191726685,-0.09271598607301712,0.14669446647167206,-0.06854654848575592,-0.985474169254303,0.1577490121126175,0.06289437413215637,0.0034949183464050293,0.05590455234050751,0.02913140505552292,0.10823204354472385,-0.729004241983622,-4.011136345555447e-05,-0.6758983036226475,-0.15841070969726678,-1.6345313198430114,-2.99282240090411
1771888728681616128,15.992616176605225,-0.11964427679777145,0.13348226249217987,-0.04844607412815094,-0.9855678677558899,0.15749362111091614,0.06206062063574791,0.0020017027854919434,0.05037686228752136,0.021252386271953583,0.10775888918464085,-0.728718192213991,0.0003267108385154773,-0.676282211701517,-0.15815208476913287,-1.6336826988041186,-2.9939461578747433
1771888728691646976,16.002647161483765,-0.10521553456783295,0.1261867880821228,-0.04373680427670479,-0.9856071472167969,0.15753208100795746,0.06133619323372841,-0.00615304708480835,0.04980432987213135,0.02429616078734398,0.10737346121278546,-0.7284692453912048,0.0008095915082907961,-0.6766112828771829,-0.15819103369842522,-1.6329480627621722,-2.995126610194171
1771888728701678080,16.012678146362305,-0.14495539665222168,0.10859555006027222,-0.011888062581419945,-0.9856104254722595,0.15773026645183563,0.06077013909816742,-0.006668508052825928,0.04467757046222687,0.02261912077665329,0.10700182247506172,-0.7282740873865392,0.001386483238611323,-0.6768791960805557,-0.15839172929968215,-1.6323757310546751,-2.9964376493967833
1771888728711710208,16.02271032333374,-0.1666010469198227,0.11308590322732925,0.008462216705083847,-0.9855674505233765,0.15818777680397034,0.06027744710445404,0.0014671683311462402,0.025482267141342163,0.03692102059721947,0.10662353084137512,-0.7281030616298915,0.002157619774710811,-0.6771208578335574,-0.15885505065129016,-1.631880384919744,-2.9980469085181034
1771888728721741312,16.03274130821228,-0.23122984170913696,0.11495984345674515,0.01751723140478134,-0.9855279326438904,0.15862636268138885,0.05977017432451248,0.00981992483139038,0.011448100209236145,0.03346097469329834,0.10606992112325055,-0.7279254468988526,0.0031033428240240675,-0.677395100246446,-0.1592992498822101,-1.6313700077272286,-3.0001521973327154
1771888728731772160,16.04277229309082,-0.26980677247047424,0.12459169328212738,0.025013763457536697,-0.9854975938796997,0.15900719165802002,0.05925684794783592,0.001946568489074707,0.04237829148769379,0.034706830978393555,0.10531187477346413,-0.7277434777790264,0.004225404839119216,-0.6777027900560019,-0.15968497485444744,-1.6308528784592262,-3.0027970196870997
1771888728741803264,16.05280327796936,-0.3058509826660156,0.12187207490205765,0.02664654701948166,-0.9854280352592468,0.15957027673721313,0.0588977225124836,0.006500422954559326,0.045629918575286865,0.03201413154602051,0.104496504923884,-0.7276113174449426,0.005534678281544283,-0.6779613687607412,-0.16025533526588162,-1.6304939802717509,-3.005806221252945
1771888728751835136,16.062835216522217,-0.2980566918849945,0.117772676050663,0.03614604473114014,-0.9853586554527283,0.16015754640102386,0.05846352130174637,0.014472424983978271,0.04443228244781494,0.03661394119262695,0.10366296773274462,-0.7274505963884854,0.006884026963875257,-0.67824940768377,-0.16085026104191946,-1.6300590756080737,-3.008892488286094
1771888728761865984,16.072866201400757,-0.3127766251564026,0.09726673364639282,0.06033313646912575,-0.9852559566497803,0.16090723872184753,0.058133963495492935,0.013622045516967773,0.030422717332839966,0.026674389839172363,0.10285287858486486,-0.7273222983067335,0.00832199336060863,-0.6784941626470128,-0.1616097938574979,-1.6297319131478847,-3.01208346425147
1771888728771897088,16.082897186279297,-0.32164838910102844,0.08536878973245621,0.07972148060798645,-0.9851230382919312,0.1617821604013443,0.057958003133535385,0.007553458213806152,0.0360022634267807,0.019739747047424316,0.10205131549893254,-0.7272429238748468,0.00983524749661559,-0.6786799813958853,-0.1624963427509745,-1.6295618521929875,-3.015384532589086
1771888728781927936,16.092928171157837,-0.3123030364513397,0.0732872262597084,0.08563289791345596,-0.9849636554718018,0.16277411580085754,0.05789162591099739,0.011422276496887207,0.03887076675891876,0.012802369892597198,0.10126985095401755,-0.7271971345406673,0.01140787727277231,-0.6788215902824453,-0.1635016200192601,-1.6295041756751298,-3.018753068438634
1771888728791960320,16.102960348129272,-0.3065498173236847,0.051394980400800705,0.10200893878936768,-0.9847951531410217,0.16370032727718353,0.05814184620976448,0.01631993055343628,0.026958242058753967,0.010248057544231415,0.10050868643516342,-0.727258285679432,0.012896057656127327,-0.6788423716234121,-0.1644404254671072,-1.6297674047117168,-3.0219966547265322
1771888728801991168,16.112991333007812,-0.3026559054851532,0.04186192899942398,0.1094500795006752,-0.984619140625,0.1646280288696289,0.05850338190793991,0.015564024448394775,0.037611961364746094,0.023466821759939194,0.09974308415560564,-0.727354616556775,0.01438583387134967,-0.6788221899595135,-0.165380885956973,-1.6301438220978974,-3.025258258061103
1771888728812022272,16.123022317886353,-0.3296201527118683,0.04210241138935089,0.11905983090400696,-0.9843996167182922,0.1658158004283905,0.05884352698922157,0.005197346210479736,0.008088633418083191,0.030817151069641113,0.09905444840087894,-0.7274380932869222,0.01598696858449053,-0.678797798770016,-0.1665852020076932,-1.6305013385504885,-3.0285741673362914
1771888728822053120,16.133053302764893,-0.28460216522216797,0.04085272178053856,0.12409453094005585,-0.984239399433136,0.16676589846611023,0.0588383823633194,0.005006611347198486,0.02503708004951477,0.028792858123779297,0.09832087788947783,-0.7274020919023965,0.017475361709954985,-0.6789063405491583,-0.1675487131799477,-1.6305058269154629,-3.0317588889912623
1771888728832085248,16.14308524131775,-0.2807339131832123,0.03760020434856415,0.12779073417186737,-0.9840675592422485,0.1677754521369934,0.05884317308664322,0.0015693902969360352,0.0414072722196579,0.032724857330322266,0.09769296036141574,-0.7273682704798332,0.018894047851827012,-0.6789952492258698,-0.1685727046797381,-1.6305210770593286,-3.034696608758514
1771888728842116096,16.15311622619629,-0.29234158992767334,0.027421338483691216,0.1319737583398819,-0.9838850498199463,0.16882193088531494,0.05890389159321785,-0.0010699033737182617,0.03666818141937256,0.025538213551044464,0.09706538046053985,-0.7273502124962192,0.02033749141877636,-0.6790629614886601,-0.16963431531920795,-1.6305936232116636,-3.0376748034391854
1771888728852147200,16.16314721107483,-0.30590638518333435,0.032646194100379944,0.1357477307319641,-0.9836966395378113,0.16988719999790192,0.058987781405448914,-0.0018076300621032715,0.020161017775535583,0.028796084225177765,0.09640368652022199,-0.7273357641956759,0.02183062518257712,-0.6791263249065234,-0.17071520664800274,-1.630690024838382,-3.040774745710148
1771888728862178048,16.17317819595337,-0.3123469650745392,0.027733061462640762,0.1426069736480713,-0.9834988713264465,0.1709808111190796,0.059124480932950974,-0.0005405545234680176,0.02269899845123291,0.03042937070131302,0.09570750472902642,-0.7273346002657004,0.023379894022236,-0.6791744249686239,-0.1718250538114529,-1.630840534287419,-3.044008996116492
1771888728872209920,16.183210134506226,-0.3126726746559143,0.013458783738315105,0.15021508932113647,-0.983278214931488,0.1721636801958084,0.059360165148973465,0.005891740322113037,0.01971559226512909,0.029003500938415527,0.09503867882596337,-0.7273630081759196,0.024962719236920422,-0.6791815557831911,-0.17302572202621222,-1.6310928011899162,-3.0472633060146888
1771888728882241024,16.193241119384766,-0.30091845989227295,0.0006781406700611115,0.1509450525045395,-0.9830399751663208,0.17339429259300232,0.059723347425460815,0.0086594820022583,0.01816454529762268,0.024642467498779297,0.09439643644193936,-0.7274316762108461,0.026548654204197903,-0.6791374343562319,-0.17427512247990531,-1.6314754787056267,-3.050497111223947
1771888728892272128,16.203272342681885,-0.28627827763557434,-0.0003061634488403797,0.15928368270397186,-0.9827881455421448,0.17466899752616882,0.060148417949676514,0.005371391773223877,0.021452203392982483,0.026002630591392517,0.09383355930788664,-0.7275202158868499,0.028081048531920727,-0.6790588282724715,-0.17556958062217357,-1.631921899694108,-3.0535492447964936
1771888728902303232,16.213303327560425,-0.2736317813396454,-0.014804411679506302,0.16044561564922333,-0.9825199246406555,0.17600639164447784,0.06063289940357208,0.008124172687530518,0.014636918902397156,0.022512197494506836,0.0933328436536903,-0.7276267873786468,0.02959236067479773,-0.678949586062774,-0.17692803133145762,-1.6324297883055632,-3.056490848261024
1771888728912335104,16.22333526611328,-0.3036389648914337,-0.01683933474123478,0.17241226136684418,-0.9822341203689575,0.17739522457122803,0.06121532618999481,0.008799552917480469,-0.007397070527076721,0.024951107800006866,0.0928403001484735,-0.7277626771942624,0.03113114944910038,-0.678802722988675,-0.17833906703054542,-1.6330383654669738,-3.0594710707300083
1771888728922366208,16.23336625099182,-0.33573096990585327,-0.029915189370512962,0.1739577054977417,-0.981928288936615,0.17882876098155975,0.06194530427455902,0.01276630163192749,0.0005535632371902466,0.025411248207092285,0.09223014000855212,-0.7279389306709346,0.032826278597833214,-0.6786169637934973,-0.17979589066521964,-1.6337982022115463,-3.0628566118315685
1771888728932397056,16.24339723587036,-0.38297224044799805,-0.03494936227798462,0.1865515261888504,-0.9816047549247742,0.1803038865327835,0.06279279291629791,0.00908571481704712,0.003320366144180298,0.015561111271381378,0.09152483239647831,-0.728145295051873,0.03465294920771267,-0.6784002906939187,-0.18129539983111773,-1.6346788145871949,-3.0665778917959097
1771888728942428160,16.2534282207489,-0.3940896689891815,-0.045544084161520004,0.17766322195529938,-0.9812592267990112,0.18181736767292023,0.06381908804178238,0.01470649242401123,-0.01824316382408142,0.018334269523620605,0.09073065672212711,-0.7284022939620065,0.036601118040968154,-0.6781286337405846,-0.18283431072179185,-1.6357428061551411,-3.0706176536477185
1771888728952460032,16.263460159301758,-0.4137435257434845,-0.04991273209452629,0.18255917727947235,-0.9809151887893677,0.18326571583747864,0.06495433300733566,0.012653470039367676,-0.008232131600379944,0.027819156646728516,0.08984835346208338,-0.728688907096352,0.03859589345295245,-0.6778274691711009,-0.18430740276728713,-1.636917889808737,-3.0748591654748836
1771888728962491136,16.273491144180298,-0.3793097734451294,-0.041397541761398315,0.17309856414794922,-0.9805765151977539,0.1846778690814972,0.06605978310108185,-1.430511474609375e-05,0.017562106251716614,0.03080296516418457,0.08898995682981042,-0.7289624345307726,0.04054208906167393,-0.6775329751925506,-0.18574409003194678,-1.6380629991639735,-3.0789958278386114
1771888728972521984,16.283522129058838,-0.397493839263916,-0.04473341628909111,0.1639745682477951,-0.9802557229995728,0.18598610162734985,0.06714234501123428,-0.006255626678466797,0.00583215057849884,0.027874119579792023,0.08812125157531109,-0.7292264607869435,0.04242572955656214,-0.6772470327724264,-0.1870753734572382,-1.6391842402923344,-3.083054687587904
1771888728982553344,16.293553352355957,-0.3729465901851654,-0.04095905274152756,0.16386938095092773,-0.97994065284729,0.18724887073040009,0.06821946054697037,-0.010385096073150635,0.01285487413406372,0.008303388953208923,0.08724483203304637,-0.7294850181372693,0.044286993114931894,-0.6769626718328869,-0.1883607363782629,-1.6403001011828569,-3.087092575180006
1771888728992585216,16.303585290908813,-0.3429487347602844,-0.06083635240793228,0.1483583301305771,-0.9796300530433655,0.18848678469657898,0.06926656514406204,-9.101629257202148e-05,0.0006001144647598267,0.004204511642456055,0.08647132658072337,-0.7297364149415788,0.04602223977780622,-0.6766753447516443,-0.18962108128491,-1.6413857042475972,-3.090803033432409
1771888729002616064,16.313616275787354,-0.3244183659553528,-0.07292191684246063,0.143208846449852,-0.9793233275413513,0.18962150812149048,0.07049586623907089,0.005949795246124268,0.010833218693733215,0.005721814930438995,0.08573806256896697,-0.7300538892593796,0.047636649351879286,-0.676314369358161,-0.1907766514981742,-1.642656635918413,-3.09430021395065
1771888729012647168,16.323647260665894,-0.3224002420902252,-0.08495673537254333,0.13310374319553375,-0.9790241718292236,0.19066546857357025,0.07182174175977707,-0.006495237350463867,-0.0032265037298202515,0.0023360252380371094,0.08502286677608079,-0.730406498993349,0.049165220546843066,-0.6759143729255933,-0.19184000539356788,-1.644025690941353,-3.0976576327558676
1771888729022678016,16.333678245544434,-0.33908554911613464,-0.08920088410377502,0.1308611035346985,-0.9787285923957825,0.19163735210895538,0.07324911653995514,-0.013016343116760254,-0.008653968572616577,0.009270422160625458,0.08424347992741286,-0.7307892681067226,0.050710974938591155,-0.6754838828046301,-0.1928301503930679,-1.6454981504679222,-3.1011399134197113
1771888729032710144,16.34371018409729,-0.33154189586639404,-0.08642719686031342,0.11780521273612976,-0.9784367680549622,0.19257012009620667,0.0746883824467659,-0.013567626476287842,-0.007618352770805359,0.024234294891357422,0.08345384108480379,-0.7311737022158855,0.052241836144344356,-0.6750491409436018,-0.19378061982091457,-1.6469829764505262,-3.1046171558954985
1771888729042740992,16.35374116897583,-0.3444797694683075,-0.0901499018073082,0.1205567941069603,-0.9781540632247925,0.1934378296136856,0.0761345773935318,-0.00791466236114502,-0.014025002717971802,0.019507527351379395,0.08260968059463183,-0.73155608270523,0.05378650487100931,-0.6746172081963316,-0.1946649582530765,-1.6484746710287839,-3.1081915660386974
1771888729052772096,16.36377215385437,-0.3764329254627228,-0.08878263086080551,0.12117491662502289,-0.977866530418396,0.19428671896457672,0.07765135169029236,-0.006462693214416504,-0.013531103730201721,0.016892075538635254,0.0817096435385804,-0.7319553800614145,0.05538046345014914,-0.6741645713887633,-0.19553026118070688,-1.6500389870772918,-3.1119235970213803
1771888729062802944,16.37380313873291,-0.3544977009296417,-0.08976534008979797,0.11314787715673447,-0.9775883555412292,0.1950768530368805,0.07915893942117691,-0.002712547779083252,-0.025704294443130493,0.005725741386413574,0.08077445422468305,-0.7323480053770054,0.056972513977811806,-0.6737180753880191,-0.19633580064550746,-1.6515937376570882,-3.115701388138972
1771888729072835328,16.383835315704346,-0.33352479338645935,-0.1091156005859375,0.1079840138554573,-0.9773074984550476,0.19582560658454895,0.08076165616512299,0.007626712322235107,-0.01384928822517395,-0.0005767345428466797,0.07987621211486459,-0.7327748641819752,0.05849636440293814,-0.6732302502391777,-0.19709928491362322,-1.6532458808845292,-3.119339163458314
1771888729082866176,16.393866300582886,-0.31941935420036316,-0.10945995151996613,0.106392502784729,-0.9770184755325317,0.196584552526474,0.08239826560020447,0.0021954774856567383,-0.010381549596786499,0.0015250444412231445,0.07906644396164973,-0.7332168276907328,0.05993511663659213,-0.6727179056701088,-0.1978732706443735,-1.6549336746470698,-3.1227356464373
1771888729092897280,16.403897285461426,-0.3297167420387268,-0.09977110475301743,0.11119817942380905,-0.976734459400177,0.19732031226158142,0.0839901715517044,-8.732080459594727e-05,-0.02971780300140381,0.0013827010989189148,0.0782548671742979,-0.733641419634957,0.0613624839035621,-0.672220957180866,-0.1986237424277036,-1.6565761089808275,-3.1261147312773896
1771888729102928128,16.413928270339966,-0.32808616757392883,-0.10216595232486725,0.09782937914133072,-0.976454496383667,0.19802919030189514,0.08556249737739563,0.008757412433624268,-0.023026153445243835,0.003136865794658661,0.0774098429784781,-0.7340546054275099,0.06280990727873632,-0.6717338976188303,-0.19934688382974805,-1.658198769331734,-3.129568414417595
1771888729112960000,16.423960208892822,-0.32264718413352966,-0.09876056760549545,0.09210038185119629,-0.9761872291564941,0.19865107536315918,0.08715803921222687,0.01550900936126709,-0.007870420813560486,-0.006454341113567352,0.07657101056688775,-0.7344786126655917,0.06418868832575192,-0.6712361702253574,-0.19998137586696038,-1.659844350071303,-3.1329155915582025
1771888729122991104,16.433991193771362,-0.32046082615852356,-0.09801767766475677,0.0793803259730339,-0.9759442806243896,0.1991569846868515,0.08871135860681534,0.016349375247955322,-0.007979601621627808,-0.009792916476726532,0.07570181167784289,-0.734889917880232,0.06551709493825829,-0.6707560957180562,-0.2004975904420773,-1.6614451947174946,-3.13622592363396
1771888729133021952,16.444022178649902,-0.3224126398563385,-0.1076980009675026,0.07013889402151108,-0.975718080997467,0.19954395294189453,0.09031376987695694,0.01960235834121704,-0.013554587960243225,-0.01147162914276123,0.0747695118826382,-0.7353168253970823,0.0668285263224525,-0.6702631395623635,-0.20089249488153457,-1.6630946751383717,-3.1396024105326186
1771888729143053056,16.454053163528442,-0.299712598323822,-0.1016455739736557,0.057495009154081345,-0.9755112528800964,0.1998405158519745,0.09187879413366318,0.018388450145721436,-0.01661299169063568,-0.015844225883483887,0.07386764991688674,-0.7357375175194114,0.06804190976876026,-0.6697792558182272,-0.20119515707235405,-1.6647045689444055,3.140396594740505
1771888729153085184,16.464085340499878,-0.25431978702545166,-0.11190620064735413,0.04753904789686203,-0.9753257036209106,0.20003043115139008,0.09342361986637115,0.018507957458496094,-0.0018950551748275757,-0.012262098491191864,0.07304657211358428,-0.7361647147877199,0.06908922893508794,-0.6692925863669005,-0.20138898378736939,-1.666292071190275,3.137568263510811
1771888729163116288,16.474116325378418,-0.26818615198135376,-0.10567572712898254,0.03760199248790741,-0.9751559495925903,0.20013928413391113,0.09494844079017639,0.009930729866027832,-0.006963014602661133,-0.004341721534729004,0.07223242090673006,-0.7365896634897752,0.07007058989789831,-0.668811096204605,-0.20150008031756111,-1.6678578126158674,3.134849313681207
1771888729173147136,16.484147310256958,-0.2511368691921234,-0.09239108115434647,0.031913481652736664,-0.9750015139579773,0.200201615691185,0.09639255702495575,-0.0008895993232727051,-0.02591574192047119,-0.005999445915222168,0.0714038625130044,-0.7369873030401306,0.07103515763678986,-0.6683601359699631,-0.2015636979222822,-1.6693401096422675,3.1321442025182384
1771888729183178240,16.494178295135498,-0.25333017110824585,-0.09226032346487045,0.022753272205591202,-0.9748764634132385,0.20017842948436737,0.09769490361213684,0.003990352153778076,-0.023145973682403564,-0.004250064492225647,0.070577423060236,-0.7373417469201619,0.07193469048599758,-0.6679605525310295,-0.2015400356054256,-1.6706754668922263,3.1295536593517377
1771888729193210112,16.504210233688354,-0.2815391421318054,-0.08746369928121567,0.015134499408304691,-0.9747641086578369,0.2000569850206375,0.09905583411455154,0.0045951008796691895,-0.013136833906173706,-0.01131785660982132,0.06965631025025691,-0.737711537001016,0.07286704248137234,-0.6675477781825498,-0.201416088367851,-1.672068993766501,3.1267808036099507
1771888729203241216,16.514241218566895,-0.27102401852607727,-0.07763610035181046,0.010543743148446083,-0.9746719002723694,0.19984878599643707,0.10037551820278168,-0.0033859610557556152,-0.019947662949562073,-0.004062056541442871,0.06868213994244103,-0.7380664689232959,0.07379461529786328,-0.6671544371341037,-0.2012035840115301,-1.673418457223831,3.1239483413663347
1771888729213272064,16.524272203445435,-0.2140643447637558,-0.07987182587385178,-0.0027235927991569042,-0.974605143070221,0.19958190619945526,0.10154951363801956,-0.0038039088249206543,-0.011059537529945374,-0.012041427195072174,0.06779979393398874,-0.7383853793424365,0.07457740952528155,-0.6668047776293273,-0.20093121689172333,-1.6746172396294732,3.1214712259421247
1771888729223303168,16.534303188323975,-0.21522849798202515,-0.06901798397302628,-0.013856670819222927,-0.974564254283905,0.19921474158763885,0.10265611112117767,-0.0034784674644470215,-0.002940922975540161,-0.010142073035240173,0.06698765015654141,-0.7386960445888788,0.0752077638015689,-0.666471847534894,-0.20055653259246517,-1.6757447079854995,3.1193239083453395
1771888729233335040,16.54433512687683,-0.20081520080566406,-0.05912540480494499,-0.017469514161348343,-0.9745375514030457,0.19882482290267944,0.10365968197584152,-0.016581833362579346,-0.026202157139778137,-0.006278038024902344,0.06616845412391528,-0.7389720905323223,0.07582934271237418,-0.6661771038549968,-0.20015865991439116,-1.6767659437928113,3.117191394775682
1771888729243366144,16.55436635017395,-0.18695034086704254,-0.06847456842660904,-0.025067515671253204,-0.9745289087295532,0.19836683571338654,0.1046149879693985,-0.013645589351654053,-0.01085159182548523,-0.008637189865112305,0.06538052370460609,-0.7392400160452969,0.0763655106078905,-0.6658963892677087,-0.19969136076811564,-1.677736086614911,3.1152342973888643
1771888729253397248,16.56439733505249,-0.14192667603492737,-0.058870140463113785,-0.039630211889743805,-0.9745410680770874,0.19783003628253937,0.10551382601261139,-0.013877511024475098,-0.0026701390743255615,-0.023436784744262695,0.06467474962875144,-0.7395039917183691,0.07675127903615651,-0.6656277881638316,-0.19914371243062556,-1.6786464834743136,3.1136190890470954
1771888729263428096,16.57442831993103,-0.1337333768606186,-0.06550154834985733,-0.04905487224459648,-0.9745731949806213,0.19723165035247803,0.10633406788110733,-0.010747849941253662,-0.002178564667701721,-0.03226792812347412,0.0640353445934035,-0.7397536556753841,0.07701663461571628,-0.6653814899063218,-0.19853329257006652,-1.6794747700358281,3.112281984355148
1771888729273460224,16.584460258483887,-0.12844060361385345,-0.0696326345205307,-0.05542142316699028,-0.9746155142784119,0.196553036570549,0.1071987971663475,-0.0005431771278381348,-0.012455746531486511,-0.03327000141143799,0.06341265818452665,-0.740026335225229,0.07720377714352022,-0.6651161354228978,-0.1978411266741311,-1.6803468238126418,3.1110807319089417
1771888729283491072,16.594491243362427,-0.11810407787561417,-0.06718160212039948,-0.06222153827548027,-0.9746921062469482,0.19570668041706085,0.10804817825555801,0.004187226295471191,-0.022015869617462158,-0.02314828336238861,0.06272069603185039,-0.7402988744699225,0.07734122363377613,-0.6648624997005471,-0.19697801322931255,-1.681199216031215,3.109863921536859
1771888729293522176,16.604522228240967,-0.11318495124578476,-0.062290970236063004,-0.056951411068439484,-0.9747655987739563,0.194938063621521,0.10877273976802826,0.004016578197479248,-0.019721388816833496,-0.02431534230709076,0.06209137164634355,-0.740530354285397,0.0774671734081145,-0.6646491117100827,-0.19619430524614187,-1.6819251978986578,3.108761392528549
1771888729303553024,16.614553213119507,-0.0895608514547348,-0.05324128270149231,-0.06612333655357361,-0.9748372435569763,0.19423747062683105,0.10938100516796112,0.006255090236663818,-0.023339033126831055,-0.02318406105041504,0.06154711724289095,-0.7407271013400016,0.07754910818888348,-0.6644708035038824,-0.19548005755318154,-1.6825333545492165,3.1078508170231554
1771888729313585152,16.624585151672363,-0.05722794681787491,-0.05474809929728508,-0.07426835596561432,-0.9749606251716614,0.19328849017620087,0.10996025055646896,0.013855338096618652,-0.01547783613204956,-0.024205811321735382,0.060992643022862905,-0.7409325514187184,0.07745371930746965,-0.6643039674964235,-0.19451274876569405,-1.6831060210643496,3.107196704654714
1771888729323616000,16.634616136550903,-0.03605261817574501,-0.05016466975212097,-0.07600419968366623,-0.9750805497169495,0.19241169095039368,0.11043408513069153,0.007093489170074463,0.005586355924606323,-0.02796030044555664,0.06056667870626569,-0.741111719970182,0.07726875025245246,-0.6641646215758922,-0.1936191708019819,-1.6835721424317436,3.1068597300298273
1771888729333647104,16.644647121429443,-0.03996054083108902,-0.04720110446214676,-0.0845918282866478,-0.9752121567726135,0.19157171249389648,0.11073175072669983,0.0020523667335510254,0.0019860267639160156,-0.02683889865875244,0.060169667787789045,-0.7412320574029001,0.07707731678230778,-0.6640886472816947,-0.19276327207454533,-1.6838584116655113,3.106588951481152
1771888729343678208,16.654678344726562,-0.04836423695087433,-0.03292123228311539,-0.09185294061899185,-0.9753749966621399,0.19066393375396729,0.11086440086364746,-0.0008060336112976074,-0.0005394220352172852,-0.02399611473083496,0.059746311386593226,-0.7412991841270451,0.0768616861512931,-0.6640769426481091,-0.1918384401997288,-1.683973960581024,3.106335999163461
1771888729353710080,16.66471028327942,-0.05673481896519661,-0.018114589154720306,-0.09598962962627411,-0.9755660891532898,0.18964888155460358,0.11092247813940048,-0.005299210548400879,-0.0070011913776397705,-0.031134270131587982,0.059242641674056795,-0.7413403442098104,0.07665332409961348,-0.6641000977171004,-0.19080452506395099,-1.684010750945079,3.1059724983118464
1771888729363741184,16.67474126815796,-0.04907884821295738,-0.0044067660346627235,-0.10515675693750381,-0.9757890105247498,0.1884956955909729,0.11092791706323624,-0.0020398497581481934,-0.007526472210884094,-0.01610983908176422,0.058682480900708545,-0.7413680755648423,0.07640246323655026,-0.6641478098683968,-0.18963015541930434,-1.6839906176324408,3.1056028526753097
1771888729373772032,16.6847722530365,0.002633080817759037,0.008104498498141766,-0.11315929144620895,-0.9760387539863586,0.18730345368385315,0.11074945330619812,-0.0029191970825195312,0.009412840008735657,-0.015137933194637299,0.05820893849519465,-0.7413469120932281,0.07602290008394838,-0.6642566076225839,-0.18841630240414992,-1.6837813777912618,3.1055599399038423
1771888729383803136,16.69480323791504,0.048729825764894485,0.015486914664506912,-0.12159804999828339,-0.9763158559799194,0.18606841564178467,0.11038838326931,-0.00477832555770874,0.016919255256652832,-0.016440056264400482,0.05787489809672125,-0.7412833880163802,0.07545284704926825,-0.6644216643808665,-0.18715915367420832,-1.683384444023332,3.106006604727508
1771888729393835008,16.704835176467896,0.05033251643180847,0.030956419184803963,-0.12856008112430573,-0.9766080975532532,0.18484146893024445,0.1098642647266388,-0.00785839557647705,-0.0007594376802444458,-0.007721908390522003,0.05762070468249022,-0.7411729830460573,0.07479800756032405,-0.6646410006394861,-0.18591054448365946,-1.6828210996467725,3.106702111952903
1771888729403866112,16.714866161346436,-0.009142973460257053,0.049887366592884064,-0.12317703664302826,-0.9768756031990051,0.1837942898273468,0.10924138128757477,-0.008353829383850098,-0.0003531426191329956,-0.013126261532306671,0.0573289016478224,-0.7410108900545784,0.07432059293778862,-0.6649005230379127,-0.18484510875803084,-1.6821609636187134,3.107089449195565
1771888729413896960,16.724897146224976,-0.04282983019948006,0.06542051583528519,-0.11732473969459534,-0.9771653413772583,0.1826745867729187,0.10852724313735962,-0.01956939697265625,-0.009914577007293701,-0.02097223699092865,0.056853263954040785,-0.7408028069134102,0.07399203597862637,-0.6652098829076123,-0.1837061239315456,-1.6814063552777316,3.1070157671377716
1771888729423928064,16.734928131103516,-0.08032838255167007,0.08232653141021729,-0.11863820999860764,-0.9774677157402039,0.1815228909254074,0.10773326456546783,-0.016276180744171143,-0.0075269341468811035,-0.02971506118774414,0.056233030473153665,-0.740554059533348,0.07379918033239395,-0.6655608712094111,-0.1825348497362985,-1.680569961034685,3.1065519092675924
1771888729433960192,16.74496030807495,-0.09637792408466339,0.09998062252998352,-0.1161782518029213,-0.9778037667274475,0.18026091158390045,0.10679708421230316,-0.007120490074157715,0.009558424353599548,-0.027268297970294952,0.055476619266702554,-0.7402506071831675,0.07367212857371563,-0.6659757697599649,-0.18125169721414253,-1.67958648768424,3.105819632545284
1771888729443991296,16.75499129295349,-0.14079608023166656,0.11017094552516937,-0.11257126927375793,-0.978129506111145,0.17902342975139618,0.10589447617530823,-0.0026750564575195312,0.009086906909942627,-0.012739524245262146,0.05460989749572049,-0.739944317106009,0.07368613740177916,-0.6663862810532355,-0.1799937544283927,-1.6786385343051802,3.1047241258883287
1771888729454022400,16.76502251625061,-0.10891270637512207,0.12146700918674469,-0.1196448877453804,-0.9784440398216248,0.17788761854171753,0.10489732772111893,0.006031811237335205,-0.01234501600265503,-0.006600245833396912,0.05375620327228003,-0.739599921389275,0.07376056247130454,-0.6668295827282119,-0.17883941372003054,-1.6775967057835495,3.103562937835844
1771888729464053504,16.77505350112915,-0.03091467171907425,0.12213373184204102,-0.1143779531121254,-0.9787502288818359,0.17687568068504333,0.1037457212805748,0.015828967094421387,0.015720754861831665,-0.011338457465171814,0.053139753530756,-0.7392203180825879,0.0736626345213179,-0.6673105694807427,-0.17781117051536138,-1.6764001579091,3.10299019427909
1771888729474085376,16.785085439682007,0.022537101060152054,0.11261453479528427,-0.11427968740463257,-0.9790657162666321,0.17579640448093414,0.102597676217556,0.01977604627609253,0.026092618703842163,-0.02612064778804779,0.05272057478333981,-0.7388684916015635,0.07329522694097453,-0.6677738198804694,-0.1767147193751046,-1.6752066618377823,3.1030833465362133
1771888729484116224,16.795116424560547,0.08082056045532227,0.09369556605815887,-0.11142557114362717,-0.9793650507926941,0.17479974031448364,0.10143662244081497,0.02126556634902954,0.010396182537078857,-0.02769087255001068,0.05251228296144227,-0.7385287595396368,0.07275702087238413,-0.6682246879950707,-0.1757023705748333,-1.6740021977276047,3.1037142702057774
1771888729494147328,16.805147409439087,0.1165657714009285,0.07889717817306519,-0.09775583446025848,-0.9796557426452637,0.17382602393627167,0.10029545426368713,0.022670269012451172,0.01996058225631714,-0.026366591453552246,0.05247571995980314,-0.7382119605607513,0.07204740587506003,-0.6686543291827122,-0.17471352195193465,-1.6728191354243043,3.1048285396344038
1771888729504178176,16.815178394317627,0.1322450488805771,0.05283668264746666,-0.09222125262022018,-0.9799115061759949,0.1730126440525055,0.09919728338718414,0.027335822582244873,0.016745641827583313,-0.03930652141571045,0.05260313999930956,-0.7379145707870426,0.07127922066426906,-0.6690547626525255,-0.17388763125377912,-1.6716835022965926,3.1062451621545035
1771888729514210304,16.825210332870483,0.11188624054193497,0.04219042882323265,-0.09008646011352539,-0.9801141023635864,0.172343447804451,0.09835734218358994,0.022167325019836426,0.004124447703361511,-0.039137959480285645,0.05279124496116101,-0.7376993761695507,0.07055709222497947,-0.6693537556914975,-0.1732082205665941,-1.6708144267500946,3.107650548806849
1771888729524241152,16.835241317749023,0.11185162514448166,0.06074747070670128,-0.08936528116464615,-0.9802971482276917,0.1717313528060913,0.09760148078203201,0.0062674880027771,0.010733261704444885,-0.020987138152122498,0.05294668386781471,-0.7375042531795891,0.06991578255910405,-0.6696237640845779,-0.17258685806925925,-1.6700324459305176,3.108883318680303
1771888729534272256,16.845272302627563,0.12947188317775726,0.06618937849998474,-0.08727762848138809,-0.980511486530304,0.17096920311450958,0.09678290784358978,0.004727065563201904,0.020299717783927917,-0.007045969367027283,0.0530621741961255,-0.7372937312248747,0.06920555358184206,-0.6699201548498784,-0.17181327598545426,-1.6691841778166296,3.1101701073802057
1771888729544303104,16.855303287506104,0.15727530419826508,0.08398768305778503,-0.09016023576259613,-0.9807025194168091,0.1704382300376892,0.09577944874763489,4.76837158203125e-06,0.03796631097793579,0.0009765774011611938,0.053332958312990474,-0.7370195976252658,0.06849697707812546,-0.6702730787135027,-0.1712743896481479,-1.6681516959140674,3.111678637658079
1771888729554335232,16.86533546447754,0.1963963359594345,0.09254361689090729,-0.09845225512981415,-0.9809143543243408,0.16995808482170105,0.09445358067750931,-0.0022858381271362305,0.03402140736579895,0.007459893822669983,0.053750142784198325,-0.7366467602616306,0.06766343933738991,-0.6707340856477679,-0.17078713751802652,-1.6667917309580378,3.113597764408839
1771888729564366336,16.87536644935608,0.22907474637031555,0.09337412565946579,-0.09827727824449539,-0.9811576008796692,0.1693645566701889,0.09298185259103775,-0.0011728405952453613,0.034157171845436096,-0.0005593225359916687,0.054242164192599425,-0.7362383855526271,0.06666307889581248,-0.6712428426597395,-0.17018487478338326,-1.665281647879392,3.115877869913664
1771888729574397440,16.88539743423462,0.20393423736095428,0.09631691873073578,-0.09305242449045181,-0.981385350227356,0.1688542366027832,0.09149433672428131,-0.006132960319519043,0.0337061733007431,-0.002733945846557617,0.054790970310853095,-0.7358228480956335,0.0656651044877672,-0.6717520764230427,-0.16966709766136315,-1.66375739534443,3.1182312446800213
1771888729584428288,16.89542841911316,0.17477014660835266,0.10349173098802567,-0.08898258209228516,-0.9816132187843323,0.16835616528987885,0.08995306491851807,-0.01290881633758545,0.009469747543334961,-0.003908760845661163,0.055244671876454876,-0.7353773047340674,0.06478234520308256,-0.6722882206999011,-0.16916179838640458,-1.662179091681236,3.1202887274849362
1771888729594460160,16.905460357666016,0.16279684007167816,0.1078081876039505,-0.07423000037670135,-0.9818540811538696,0.16778689622879028,0.08837668597698212,-0.019198894500732422,0.009337112307548523,0.00029218941926956177,0.0556034985820117,-0.734913943598679,0.06395184676589893,-0.6728447393112321,-0.16858431271274563,-1.6605644223167588,3.1221425466009785
1771888729604491264,16.915491342544556,0.1865604817867279,0.10546181350946426,-0.08591781556606293,-0.9820634126663208,0.16729196906089783,0.08697692304849625,-0.0165785551071167,0.02731861174106598,0.006712079048156738,0.055986445784757,-0.7345066735938858,0.06315385211154147,-0.6733328620741069,-0.1680822806048075,-1.6591313310270315,3.123964506014507
1771888729614522112,16.925522327423096,0.23458367586135864,0.10329053550958633,-0.08736631274223328,-0.9822602868080139,0.16683165729045868,0.08562657237052917,-0.021417081356048584,0.040733665227890015,0.008413314819335938,0.056504137878871305,-0.7341252212802054,0.062236999015866344,-0.673790741142643,-0.16761540810030087,-1.6577495107351239,3.12613991058418
1771888729624554496,16.93555450439453,0.26780155301094055,0.1070980504155159,-0.07940985262393951,-0.9824244379997253,0.16657139360904694,0.0842384621500969,-0.025265932083129883,0.043587908148765564,-0.0015662983059883118,0.05725047665906185,-0.7337377108001456,0.06122256235015416,-0.674242629161906,-0.16735145201298607,-1.6563325924242946,3.1287720127458956
1771888729634585344,16.94558548927307,0.27244582772254944,0.09470023959875107,-0.08064901828765869,-0.9825814962387085,0.16628925502300262,0.08295286446809769,-0.015739858150482178,0.030045583844184875,-0.0021270662546157837,0.05803786285857393,-0.7333883030825228,0.06015004558831242,-0.674651779228286,-0.16706532129754148,-1.6550200017592276,3.131536486697919
1771888729644616448,16.95561647415161,0.2909936010837555,0.09209966659545898,-0.08127406239509583,-0.982737123966217,0.16602125763893127,0.08163703978061676,-0.008153319358825684,0.025278165936470032,-0.0011316612362861633,0.058883919369022854,-0.7330309489916268,0.05902666457881029,-0.6750660370795974,-0.16679355727222173,-1.6536771103444945,3.134457903206347
1771888729654647296,16.96564745903015,0.2913861572742462,0.08391018211841583,-0.0698981061577797,-0.9828814268112183,0.16579140722751617,0.08035700768232346,-0.003568708896636963,0.030833348631858826,-0.004841215908527374,0.0597752812042866,-0.7326853395909674,0.05788519815012924,-0.6754616106488622,-0.16656046607868058,-1.6523714579131188,3.137464048717836
1771888729664679168,16.975679397583008,0.25597694516181946,0.07247642427682877,-0.05992136895656586,-0.9830344319343567,0.16544272005558014,0.07919660955667496,0.0025961995124816895,0.02513955533504486,-0.0012089014053344727,0.06058408033047024,-0.7323783523853357,0.056747281911970884,-0.6758189710087176,-0.16620689778553602,-1.6511861208126877,3.140342201330189
1771888729674710272,16.985710382461548,0.20370545983314514,0.07004522532224655,-0.050519343465566635,-0.9831729531288147,0.16511021554470062,0.0781625509262085,0.002917945384979248,0.0022176653146743774,0.009483925998210907,0.06122830982318082,-0.7320979703869698,0.05580175845193146,-0.6761432751906152,-0.16586975408041693,-1.6501297755860154,-3.1404839243268503
1771888729684741376,16.995741367340088,0.19600644707679749,0.07527235150337219,-0.03353849798440933,-0.9832611680030823,0.1650329977273941,0.07721170783042908,0.0028229355812072754,-0.006311073899269104,0.004911065101623535,0.061858472200051216,-0.7318291620641026,0.0550629787309122,-0.6764375055723041,-0.1657914656593621,-1.6491616591838536,-3.1384562483273255
1771888729694772224,17.005772352218628,0.24488131701946259,0.07115244120359421,-0.0320332795381546,-0.9833203554153442,0.16514495015144348,0.0762137696146965,0.005842149257659912,0.03436371684074402,0.006641514599323273,0.06261984406965822,-0.7315433922335969,0.054324472481383876,-0.6767362810525763,-0.1659049767216419,-1.6481482327867398,-3.136246398972558
1771888729704804096,17.015804290771484,0.2986651062965393,0.07746533304452896,-0.04273146018385887,-0.9833898544311523,0.16525007784366608,0.07507746666669846,0.0049506425857543945,0.04086564481258392,0.004329316318035126,0.06355707832990186,-0.7312235894435777,0.0533928366917014,-0.6770684526707736,-0.16601157258403687,-1.646994088919858,-3.1335005303319416
