time,seconds_elapsed,rotationRateX,rotationRateY,rotationRateZ,gravityX,gravityY,gravityZ,accelerationX,accelerationY,accelerationZ,quaternionW,quaternionX,quaternionY,quaternionZ,pitch,roll,yaw
1771888905657709824,0.2717099189758301,0.11917850375175476,-0.013396665453910828,-0.07273144274950027,0.3839329481124878,-0.029526792466640472,-0.9228887557983398,-0.006995081901550293,0.01606854796409607,-0.0038385391235351562,-0.2535639068728129,-0.19301192681181017,-0.03608338951559154,0.9471799249388306,0.02953108420685262,0.39423328957388526,-2.624349439740506
1771888905667740928,0.2817409038543701,0.03761512041091919,-0.017691412940621376,-0.06335870921611786,0.38381484150886536,-0.030015408992767334,-0.9229221343994141,-0.012919455766677856,-0.031904757022857666,-0.017126083374023438,-0.2531635823331105,-0.19303172320084122,-0.03574480056067426,0.9472957600276931,0.030019917836401993,0.39411137661473095,-2.625295002403823
1771888905677770752,0.29177093505859375,-0.0648939460515976,-0.02591126039624214,-0.06181088089942932,0.37852615118026733,-0.04552265256643295,-0.9244704842567444,-0.003602445125579834,-0.02837565541267395,-0.022917211055755615,-0.25451098119963644,-0.19235432489635426,-0.027650967715833204,0.9473433781695049,0.0455383911407153,0.3886278701479522,-2.625635587813103
1771888905687801856,0.3018019199371338,-0.13018648326396942,-0.030959414318203926,-0.05384429916739464,0.37437617778778076,-0.0437440425157547,-0.9262445569038391,0.006742596626281738,-0.015612643212080002,-0.02271479368209839,-0.2544337219205959,-0.189994418128621,-0.027925793099541917,0.9478321748573663,0.0437580065136479,0.38411079746693955,-2.625592931630044
1771888905697832704,0.31183290481567383,-0.13146081566810608,-0.03208033740520477,-0.04535653814673424,0.37657395005226135,-0.037374842911958694,-0.9256323575973511,-0.0043663084506988525,-0.004174835979938507,-0.013637661933898926,-0.253802399690797,-0.1902843073096981,-0.03123648933403907,0.9478399712160058,0.03738354816275882,0.3863794203135501,-2.625643864193746
1771888905707863808,0.32186388969421387,-0.07117358595132828,-0.024783678352832794,-0.050647441297769547,0.3787585198879242,-0.026306716725230217,-0.9251216053962708,-0.007115453481674194,0.015854446217417717,-0.00033921003341674805,-0.25269626046780325,-0.18996772339814272,-0.03676239208177789,0.9480007418598856,0.02630975186911589,0.38859619578094046,-2.625770139057404
1771888905717893888,0.3318939208984375,0.01377459242939949,-0.014074839651584625,-0.051611773669719696,0.3808809220790863,-0.012621646746993065,-0.9245379567146301,-0.005758851766586304,0.029467355459928513,0.004722893238067627,-0.2511911179779646,-0.1893127295677842,-0.04349379322942662,0.948246862154296,0.012621981610476935,0.3907816471546546,-2.626185216692692
1771888905727924736,0.34192490577697754,0.05495407432317734,-0.0113323163241148,-0.05591943487524986,0.38188636302948,-0.004711030516773462,-0.924197256565094,-0.006321817636489868,0.014797087758779526,0.00906670093536377,-0.25011222060533606,-0.18884519911850567,-0.04731651509563131,0.9484421405624593,0.004711047907984836,0.39184108448585364,-2.6268505170637417
1771888905737955840,0.3519558906555176,0.020477058365941048,-0.0068262480199337006,-0.05387039855122566,0.3806759715080261,-0.006678898353129625,-0.9246844053268433,-0.002425849437713623,-0.027775440365076065,-0.005094647407531738,-0.2500139946421553,-0.18848683575054972,-0.04615755768898423,0.9485964995849523,0.006678947836610856,0.39053638012980435,-2.6275105098690577
1771888905747993856,0.36199402809143066,-0.0365326963365078,-0.006955810822546482,-0.04601753503084183,0.3779173493385315,-0.016528302803635597,-0.9256917834281921,0.010189950466156006,-0.035107433795928955,-0.02117711305618286,-0.2508011581521468,-0.18832617209514008,-0.0410774260020996,0.9486541612191243,0.016529054564758016,0.3876015501755767,-2.627912095048039
1771888905758024960,0.3720250129699707,-0.07034765183925629,-0.01016705110669136,-0.0392879955470562,0.3761470317840576,-0.02488771453499794,-0.9262256622314453,0.014401674270629883,-0.013472877442836761,-0.024793624877929688,-0.25152821004834397,-0.1884898115921547,-0.03686122823809995,0.9486023604073355,0.024890283566821728,0.3857602033193822,-2.6280700237543537
1771888905768055808,0.38205599784851074,-0.0904483050107956,-0.008441189303994179,-0.030291572213172913,0.3755458891391754,-0.028772395104169846,-0.926357090473175,0.013095468282699585,-0.0012416411191225052,-0.014331996440887451,-0.2518877833894713,-0.18868167743322972,-0.03493827884278153,0.9485416177427562,0.0287763672750111,0.3851535472964537,-2.6280801004771903
1771888905778086912,0.3920869827270508,-0.11328517645597458,-0.015150491148233414,-0.019659698009490967,0.37449347972869873,-0.029310768470168114,-0.9267661571502686,0.0025206804275512695,0.0008378606289625168,0.006157636642456055,-0.2520299643495863,-0.18820969708491422,-0.03455481780008787,0.9486115324835256,0.02931496769757083,0.384024053500044,-2.627924395577154
1771888905788116992,0.4021170139312744,-0.1061299741268158,-0.0009491841774433851,-0.006305011920630932,0.37419065833091736,-0.026194371283054352,-0.9269817471504211,0.007660508155822754,0.014673983678221703,0.022044062614440918,-0.2519103308118873,-0.187647549057343,-0.03602104333419636,0.9487001736812175,0.026197368632282777,0.383662396804861,-2.627595285304251
1771888905798147840,0.41214799880981445,-0.06360355019569397,0.013521368615329266,-0.007233922369778156,0.374631404876709,-0.020496685057878494,-0.9269472360610962,0.016283512115478516,0.027912452816963196,0.03230917453765869,-0.2515155994201995,-0.1871374399340699,-0.038806710888473914,0.948795761166383,0.020498120595507856,0.3840841036213829,-2.6273200176000313
1771888905808178944,0.4221789836883545,-0.07719996571540833,0.014375577680766582,0.010369040071964264,0.3754187822341919,-0.016041990369558334,-0.9267164468765259,0.0066002607345581055,0.0014545824378728867,0.01935255527496338,-0.25121160634285267,-0.1869673776300866,-0.04104842190985398,0.9488155168622061,0.01604267937013356,0.3849006910618058,-2.6270695388670484
1771888905818209792,0.43220996856689453,-0.08395268023014069,0.0057876817882061005,0.012879335321485996,0.37566250562667847,-0.017379751428961754,-0.926593542098999,0.008080750703811646,-0.0227508544921875,0.010608494281768799,-0.2515369359322148,-0.18725356910117494,-0.040488492667983426,0.9486970343047327,0.01738062725439241,0.38517277575968856,-2.626630161935632
1771888905828239872,0.44223999977111816,0.01826024428009987,0.005992345046252012,0.024863027036190033,0.37602755427360535,-0.020677024498581886,-0.9263777732849121,0.017405062913894653,0.021333156153559685,0.01597738265991211,-0.25195957747353437,-0.18785640298332865,-0.03900117529502803,0.9485280198594432,0.020678498350342304,0.38559225085446996,-2.626357046663959
1771888905838270976,0.4522709846496582,0.09637794643640518,-3.306195139884949e-08,0.016934797167778015,0.3763701617717743,-0.022702788934111595,-0.9261911511421204,0.00789189338684082,0.062116242945194244,0.024152636528015137,-0.2521315264820826,-0.18829180415235328,-0.03808693246661123,0.9484330423296936,0.02270474023047395,0.38597998248739296,-2.626368760342183
1771888905848301824,0.46230196952819824,0.11309345066547394,-0.0016707675531506538,0.035601694136857986,0.37693238258361816,-0.02442910335958004,-0.9259185791015625,0.030980825424194336,0.02046182006597519,0.003570556640625,-0.2521976080671165,-0.18880465010064967,-0.03732985307860152,0.9483436621816689,0.02443153359732253,0.38660364405048925,-2.626537250579274
1771888905858332928,0.4723329544067383,0.08368576318025589,-0.015187108889222145,0.039685651659965515,0.3769814670085907,-0.025823673233389854,-0.9258607625961304,0.0335867702960968,-0.010187072679400444,-0.002178788185119629,-0.2523146726876629,-0.18900960733172123,-0.03667421806413613,0.9482972691728359,0.025826543738543234,0.38667093844243433,-2.6265563751004484
1771888905868363008,0.4823629856109619,0.03432735800743103,-0.023209482431411743,0.048348382115364075,0.3777698576450348,-0.025440361350774765,-0.9255499839782715,0.02338370680809021,-0.012966006994247437,0.0035986900329589844,-0.25233966180830364,-0.18936110137797632,-0.036978288474463564,0.9482087108729256,0.025443107090996783,0.38751859696803637,-2.626396880246225
1771888905878393856,0.49239397048950195,-0.015590663999319077,-0.022912273183465004,0.06782247871160507,0.3793690800666809,-0.023152874782681465,-0.9249557256698608,0.019526183605194092,-0.013636067509651184,0.00300443172454834,-0.2523265303023038,-0.1898771008324199,-0.03832538633578112,0.9480554909797821,0.023154943191738674,0.3892242480854611,-2.6259138615304276
1771888905888424960,0.502424955368042,-0.034773413091897964,-0.01999664306640625,0.06601232290267944,0.37987348437309265,-0.022462794557213783,-0.9247657060623169,0.01613786816596985,0.008546780794858932,0.010031819343566895,-0.2525594179616283,-0.1900344194989294,-0.038782470170183415,0.947943370713791,0.02246468323147939,0.38976317729042326,-2.6252664763896534
1771888905898455808,0.512455940246582,-0.04154103621840477,-0.016182465478777885,0.06855244934558868,0.38018837571144104,-0.02375105209648609,-0.924604058265686,0.01148948073387146,0.00972822681069374,0.009626030921936035,-0.2530318982273114,-0.1903470448046604,-0.03828794618211269,0.947774739283808,0.02375328532791195,0.3901159578544204,-2.624505885763652
1771888905908486912,0.5224869251251221,-0.05811140313744545,-0.021711187437176704,0.0816970095038414,0.38136011362075806,-0.0215858556330204,-0.9241744875907898,0.009188592433929443,-0.007283762097358704,0.0006362795829772949,-0.2532054954253987,-0.19065225844211175,-0.03955326510989523,0.9476151033072536,0.021587532969407693,0.3913633122130659,-2.623666028688975
1771888905918516992,0.5325169563293457,-0.11910631507635117,-0.03142746537923813,0.09024070203304291,0.3819045126438141,-0.016464324668049812,-0.9240551590919495,0.004478543996810913,-0.02336110733449459,0.0001354217529296875,-0.25324546382427354,-0.1902501847281359,-0.04215805737845807,0.9475729306771057,0.016465068517170313,0.39191215871784807,-2.6225543389119372
1771888905928547840,0.5425479412078857,-0.19663074612617493,-0.03763542324304581,0.10619516670703888,0.3830029368400574,-0.014668314717710018,-0.9236306548118591,0.002815544605255127,-0.03536524623632431,0.0011758208274841309,-0.25376510570571137,-0.19055078327015143,-0.04330205494335136,0.9473218359782342,0.014668840991976384,0.39308954592790485,-2.621050696302097
1771888905938578944,0.5525789260864258,-0.25381335616111755,-0.0474875271320343,0.10999230295419693,0.3838733732700348,-0.01428727712482214,-0.9232752323150635,-0.00084725022315979,-0.033289626240730286,0.013180017471313477,-0.2546015510754516,-0.19090715472129674,-0.04378190518581646,0.9470035408377276,0.014287763048481837,0.3940298564311437,-2.6191659880381213
1771888905948608768,0.5626089572906494,-0.341701865196228,-0.04636566713452339,0.13205233216285706,0.3842441439628601,-0.013307365588843822,-0.9231355786323547,-0.0030795931816101074,-0.0335676372051239,0.013696551322937012,-0.2555561604728556,-0.19092172030594048,-0.044509473617798036,0.9467094483964631,0.013307757939511996,0.3944258231950535,-2.6169370779321213
1771888905958639872,0.5726399421691895,-0.38878703117370605,-0.04137090966105461,0.13642071187496185,0.3844773471355438,-0.01166713610291481,-0.9230607151985168,0.00037980079650878906,-0.03548252955079079,0.014262497425079346,-0.2566596553065135,-0.19076904403586137,-0.04557222713835624,0.946391078520166,0.01166740049536103,0.39466993630437236,-2.614268617311894
1771888905968670720,0.5826709270477295,-0.3479524552822113,-0.04069113731384277,0.1440538614988327,0.3846820890903473,-0.009003681130707264,-0.923005223274231,-0.00196114182472229,-0.02099509909749031,0.018632054328918457,-0.25770046261375357,-0.1904651692680386,-0.0471212602036698,0.9460935816261093,0.009003802444280182,0.39488027808197346,-2.6115293833751547
1771888905978701824,0.5927019119262695,-0.28684356808662415,-0.05103538930416107,0.13982875645160675,0.3846391439437866,-0.00689718360081315,-0.9230412840843201,-0.009150892496109009,0.017746182158589363,0.04888051748275757,-0.25868374349514717,-0.19010993567948506,-0.04834856904329036,0.9458347773359451,0.006897238288891172,0.3948267804014799,-2.609034064496919
1771888905988732928,0.6027328968048096,-0.21628008782863617,-0.014933709055185318,0.13704149425029755,0.3845177888870239,-0.006019489374011755,-0.9230979681015015,-0.008403897285461426,0.019950758665800095,0.019670844078063965,-0.2596601636357588,-0.18987914278441154,-0.048958525189872565,0.9455820911865578,0.006019525664477975,0.3946929451655733,-2.6068010885809283
1771888905998762752,0.6127629280090332,-0.2040625661611557,-0.03046153485774994,0.14421258866786957,0.3843366503715515,-0.006722954101860523,-0.9231685400009155,0.005510151386260986,-0.012060621753334999,0.0037349462509155273,-0.2607225454357642,-0.1898271011552118,-0.04879966061239463,0.9453083789222768,0.006723004526001802,0.39449857893503215,-2.604703798136718
1771888906008793856,0.6227939128875732,-0.29743823409080505,-0.03457372263073921,0.17222264409065247,0.3840678930282593,-0.007307351101189852,-0.9232759475708008,-0.008533835411071777,-0.06324927508831024,0.005505561828613281,-0.2619309597482627,-0.1897071469216148,-0.0487157288513675,0.9450027877224166,0.00730741602141692,0.3942091661053416,-2.602278033540819
1771888906018824704,0.6328248977661133,-0.5086016058921814,-0.039894722402095795,0.2126464992761612,0.38378414511680603,-0.005474909674376249,-0.9234066009521484,-0.00661739706993103,-0.10487664490938187,-0.011255264282226562,-0.26334147475324826,-0.18923799759246648,-0.049856553953657866,0.9446452810271427,0.005474937241283666,0.39389701955222467,-2.598944323287067
1771888906028855808,0.6428558826446533,-0.9025490880012512,-0.016369685530662537,0.2624044716358185,0.3835594654083252,-0.0005320687778294086,-0.923516035079956,-0.0008690357208251953,-0.15857133269309998,-0.009742021560668945,-0.26517260123523057,-0.18834431390617176,-0.05261568549243669,0.9441617416470658,0.0005320688128467229,0.3936475436363367,-2.594095850774262
1771888906038885888,0.652885913848877,-1.3129667043685913,-0.014547018334269524,0.31463465094566345,0.3833707273006439,0.008617278188467026,-0.9235543608665466,-0.003411620855331421,-0.22816072404384613,-0.002760946750640869,-0.26758182874900566,-0.18684233159551958,-0.05755666189066248,0.943492033008928,-0.00861738498187724,0.393458538856114,-2.5871727819683388
1771888906048916736,0.662916898727417,-1.8019911050796509,0.03619246184825897,0.32834914326667786,0.38350000977516174,0.02182472124695778,-0.9232829809188843,-0.003418833017349243,-0.23032081127166748,0.03325307369232178,-0.27057166463863824,-0.18487622227882788,-0.06464753331199116,0.9425669415891295,-0.02182645403985335,0.3936820366774611,-2.5781561810675226
1771888906058947840,0.672947883605957,-2.1440012454986572,0.09844385087490082,0.3342387080192566,0.38417914509773254,0.0387767069041729,-0.9224439263343811,-0.005044013261795044,-0.2547953724861145,0.0629773736000061,-0.27393467263450916,-0.18259742368914933,-0.07373078813563747,0.941372258001233,-0.038786430295097915,0.39463177855678355,-2.5674875556852244
1771888906068978688,0.6829788684844971,-2.544567823410034,0.2078610211610794,0.3390582501888275,0.3858279585838318,0.059157103300094604,-0.9206721782684326,-0.010995805263519287,-0.3256671130657196,0.08922076225280762,-0.2775695638458437,-0.180246633597182,-0.0847057961219259,0.9398357071653451,-0.059191663107227746,0.39683890482869416,-2.5553386690497097
1771888906079008768,0.6930088996887207,-2.946733236312866,0.2068687230348587,0.49290773272514343,0.3880668878555298,0.082767054438591,-0.9179072380065918,0.019297003746032715,-0.5258060097694397,0.0826106071472168,-0.2818470894067108,-0.17759524972944238,-0.09750031001511797,0.9378250157814826,-0.0828618412894864,0.3999833075680045,-2.5408962933134838
1771888906089039872,0.7030398845672607,-3.6077890396118164,0.11341667175292969,0.7512474060058594,0.3901468813419342,0.11026278138160706,-0.9141266345977783,0.0920003354549408,-0.7720974683761597,0.05572819709777832,-0.28757374380066997,-0.17402599234360064,-0.11247945476391316,0.9350747301768253,-0.11048743760239518,0.4033920878027702,-2.5222573234131462
1771888906099070720,0.7130708694458008,-3.9695231914520264,-0.3767668902873993,0.3751470148563385,0.3906922936439514,0.14329493045806885,-0.9092997908592224,0.09687179327011108,-0.8423153162002563,-0.014970839023590088,-0.2822933386178691,-0.17021931085022096,-0.1279667604352798,0.9353932119986272,-0.14378989991718252,0.4058134523455934,-2.5257623881570614
1771888906109101824,0.7231018543243408,-4.429344654083252,0.09691119939088821,0.19901297986507416,0.3903053104877472,0.17952251434326172,-0.9030135273933411,-0.1395881474018097,-0.3546934127807617,-0.10843056440353394,-0.28673567793176996,-0.1641755801777964,-0.14676381450228831,0.9323569093497696,-0.18050106484979633,0.407974613510276,-2.5074391342815137
1771888906119131904,0.7331318855285645,-4.632674217224121,0.09574233740568161,0.23670656979084015,0.391645222902298,0.21999946236610413,-0.893428385257721,0.16269132494926453,0.4067858159542084,-0.07733577489852905,-0.291591414611432,-0.15812759915282143,-0.16817096702936263,0.9282719005685985,-0.22181392279552592,0.41313390038260306,-2.486201907358184
1771888906129162752,0.7431628704071045,-3.6124019622802734,0.19836671650409698,0.07752224057912827,0.392974317073822,0.2569426894187927,-0.8829222321510315,0.10154777765274048,0.700424313545227,0.1390257477760315,-0.2953378728165436,-0.1525932895006182,-0.18776094915774041,0.9242492459347791,-0.259857331942886,0.41875802572052445,-2.467498491739015
1771888906139193856,0.7531938552856445,-2.24261474609375,0.5669431686401367,0.3181324601173401,0.39698994159698486,0.2816865146160126,-0.8735283017158508,-0.11398518085479736,0.3013823330402374,0.34742051362991333,-0.2981381604578619,-0.15028753584122345,-0.2016172320842729,0.9208027966221836,-0.2855513555896958,0.4265626258946272,-2.4530883811369875
1771888906149224704,0.7632248401641846,-1.757959008216858,0.7797490358352661,0.22752772271633148,0.40387529134750366,0.29742711782455444,-0.8651137948036194,-0.03709977865219116,0.07590967416763306,0.3052688241004944,-0.3001174244849015,-0.1508981416535387,-0.2113595471730503,0.9178706126918896,-0.3019966729650022,0.43677478746130405,-2.4420552965637095
1771888906159254784,0.7732548713684082,-1.8163844347000122,0.7576519846916199,0.07607108354568481,0.41088318824768066,0.3123253285884857,-0.8565207719802856,0.17256712913513184,-0.09119495749473572,0.16819679737091064,-0.3013317430445849,-0.15184168180542312,-0.22064383836251109,0.9151281528392559,-0.317639840077092,0.4472857591871369,-2.4325717733372363
1771888906169285888,0.7832858562469482,-2.802805185317993,0.6243323683738708,0.12958544492721558,0.41700783371925354,0.3309866189956665,-0.8464941382408142,0.20239219069480896,-0.2438284158706665,0.10488647222518921,-0.3026195891499039,-0.15170957586309827,-0.2318127214717832,0.9119585555789471,-0.33734892542753886,0.4577337008064421,-2.421492898130071
1771888906179316736,0.7933168411254883,-2.4676473140716553,0.7272651791572571,0.11713356524705887,0.4230470359325409,0.35288041830062866,-0.8345696926116943,0.11612224578857422,-0.31152912974357605,-0.08687800168991089,-0.30431919527745804,-0.1508732565664718,-0.2448518170264247,0.9081159308852702,-0.360647780934882,0.46915584192882365,-2.407816097839284
1771888906189347840,0.8033478260040283,-3.282782793045044,0.6153929829597473,0.20094537734985352,0.4290143847465515,0.3769884705543518,-0.8208693265914917,0.1365984082221985,-0.1787768006324768,0.0389631986618042,-0.3066518648402949,-0.14939618505113902,-0.2593185865537097,0.9035482420837999,-0.3865427079106899,0.4815905821412138,-2.3911710132665034
1771888906199377664,0.813377857208252,-2.7972662448883057,0.6791042685508728,0.15164120495319366,0.43483856320381165,0.4020940959453583,-0.8057516813278198,0.09448882937431335,-0.15134641528129578,-0.0017586946487426758,-0.30906757956861025,-0.147551020882843,-0.2745047414056919,0.8985283041904526,-0.41380282332447277,0.49487634382160967,-2.3730543533765363
1771888906209408768,0.823408842086792,-2.7809906005859375,0.5557869076728821,0.3173454999923706,0.4408731460571289,0.4228777587413788,-0.791710376739502,0.1169118881225586,0.1565137505531311,0.011635303497314453,-0.3112463158486625,-0.14648491306272707,-0.2875534549262194,0.8938573277567138,-0.436618641958054,0.5080959989884386,-2.3563610226479885
1771888906219439872,0.833439826965332,-3.233691453933716,0.4029289186000824,0.3347220718860626,0.44630154967308044,0.44508033990859985,-0.7763494253158569,0.13943758606910706,-0.09563878178596497,0.12411248683929443,-0.3142292808841281,-0.1444998682032652,-0.3015709951772921,0.888501403232694,-0.4612639587467424,0.5217380660847488,-2.3365232573925705
1771888906229470720,0.8434708118438721,-2.8613739013671875,0.40317806601524353,0.26231101155281067,0.4508799910545349,0.4664992392063141,-0.7609767913818359,0.0709858238697052,0.08049780130386353,-0.05773347616195679,-0.31676909459312697,-0.14223418160694776,-0.3150889461666156,0.8832585682565226,-0.48532882454159615,0.5348877619986199,-2.3174460800280725
1771888906239500800,0.8535008430480957,-3.5730292797088623,0.23050667345523834,0.3711242973804474,0.4548492431640625,0.48881104588508606,-0.744429886341095,0.1540069580078125,-0.04697754979133606,0.004653334617614746,-0.31995838702752266,-0.13912186704189,-0.3292873438790428,0.8774061278212028,-0.5107263663756505,0.5484710248440051,-2.2956131494686725
1771888906249531648,0.8635318279266357,-5.2247090339660645,0.30143076181411743,0.7691372036933899,0.45916882157325745,0.518943190574646,-0.7210145592689514,0.13629013299942017,-0.314658522605896,0.30190134048461914,-0.3247560427356683,-0.13390706522579832,-0.3486568987208064,0.868930857233429,-0.5456142078478774,0.5670661687700591,-2.2635696654594484
1771888906259562752,0.8735628128051758,-6.186732292175293,0.3205946087837219,1.072791337966919,0.4643245041370392,0.5547938942909241,-0.6903669834136963,0.022659718990325928,0.03994792699813843,0.3163435459136963,-0.331027145376071,-0.12694710081659927,-0.37242577340333627,0.8576739301713144,-0.5881152025595351,0.5920828042255629,-2.220694385680679
1771888906269593856,0.8835940361022949,-5.891782760620117,0.0033257221803069115,0.8208518028259277,0.47138434648513794,0.5905264616012573,-0.6550383567810059,0.09596794843673706,0.2302284836769104,0.10593563318252563,-0.33918595871053614,-0.11938580392616503,-0.3977786277809972,0.8440806191324555,-0.6317110670864937,0.6237783904190154,-2.1674570833092153
1771888906279623680,0.8936238288879395,-6.203645706176758,-0.471720427274704,1.173138976097107,0.47366225719451904,0.6257492303848267,-0.6197434663772583,0.14503586292266846,0.23184049129486084,0.0638657808303833,-0.3470960733639284,-0.10871232739813917,-0.4222675700215159,0.8302987810747554,-0.6760917146948348,0.652582656511613,-2.1128756928885646
1771888906289654784,0.9036548137664795,-5.5363054275512695,-0.7337073087692261,0.9893550276756287,0.476604700088501,0.6556033492088318,-0.5856894850730896,0.07373401522636414,0.18408775329589844,-0.0476875901222229,-0.3559070107990498,-0.09817100689873734,-0.44442966080530716,0.8161953385291185,-0.7149813521025403,0.683068935434752,-2.0551802144218065
1771888906299685888,0.9136860370635986,-4.538332462310791,-0.7481650710105896,0.9835413694381714,0.47945091128349304,0.6793224215507507,-0.5555608868598938,-0.05594322085380554,0.22018319368362427,-0.07300972938537598,-0.3642833217647651,-0.08846556953282185,-0.4630263584222423,0.8031675604075474,-0.7468389297003412,0.7119949271716771,-2.000634592452813
1771888906309716992,0.9237170219421387,-3.8567898273468018,-0.8140892386436462,0.7911458015441895,0.4815974831581116,0.6976889967918396,-0.5303715467453003,-0.09083515405654907,0.1131172776222229,0.003683924674987793,-0.3716148196654638,-0.07978466327312209,-0.4779630127451322,0.7918890201262739,-0.7721665558148757,0.7372382473995249,-1.9525704475514565
1771888906319746816,0.9337468147277832,-3.160033941268921,-0.9692316651344299,0.38604626059532166,0.4812074601650238,0.7130661010742188,-0.5098785758018494,-0.1042390763759613,0.07079315185546875,-0.049203455448150635,-0.37749984171303896,-0.07113255845763301,-0.48989882695240916,0.7825811509464176,-0.793861854185146,0.7564772190941901,-1.9125812797529707
1771888906329777920,0.9437780380249023,-2.900944948196411,-0.9407821893692017,0.29455867409706116,0.4787742793560028,0.726791262626648,-0.4924934506416321,-0.03250047564506531,0.09887707233428955,0.00758439302444458,-0.38216953855257646,-0.062418493566297764,-0.49985718740236856,0.7747214408460192,-0.8136387220719438,0.7712740827613688,-1.878727961078068
1771888906339809024,0.9538090229034424,-2.758112668991089,-1.065252661705017,0.2317482978105545,0.4758855402469635,0.7390962243080139,-0.47672832012176514,0.05628001689910889,-0.01860666275024414,0.13149815797805786,-0.3866199295787357,-0.05379531189611417,-0.5086667974976262,0.7673912326206059,-0.8317276257989051,0.784513479014083,-1.8468028660287494
1771888906349839872,0.9638400077819824,-2.7875990867614746,-1.1116254329681396,0.28739824891090393,0.4729253947734833,0.750851035118103,-0.4610469341278076,0.057775288820266724,-0.1062435507774353,0.19005087018013,-0.3911552798543342,-0.04496731724337951,-0.5171600097768183,0.7599479876505149,-0.8493496258846274,0.7981156833295217,-1.8140557197173486
1771888906359870976,0.9738709926605225,-2.8597540855407715,-1.141770362854004,0.25431591272354126,0.4697733223438263,0.7624201774597168,-0.4450039863586426,0.1057729423046112,-0.0935664176940918,0.07966285943984985,-0.3956835359945157,-0.035797497414229315,-0.5255630713945468,0.7522875839258026,-0.8670450701032721,0.8124684556920095,-1.7800780761652275
1771888906369901056,0.9839010238647461,-2.6632847785949707,-1.2880418300628662,0.22148607671260834,0.4663408398628235,0.7734822630882263,-0.4292454421520233,0.186811625957489,-0.03532302379608154,0.029999196529388428,-0.40025839230734467,-0.026335943166349046,-0.5335575888892843,0.7445912280938232,-0.8843169467884989,0.8267947371528456,-1.7455823412070663
1771888906379931904,0.9939320087432861,-2.371738910675049,-1.3200937509536743,0.1996079385280609,0.4623625874519348,0.783134400844574,-0.4158382713794708,0.1074768602848053,0.053855955600738525,0.08101463317871094,-0.40481094876061996,-0.016961860141638935,-0.5401788266821919,0.7375956278264918,-0.8996903462485071,0.8383255569389547,-1.7138740888989825
1771888906389963008,1.0039629936218262,-2.1084282398223877,-1.2600362300872803,0.17594681680202484,0.4585513770580292,0.7915329337120056,-0.4039880335330963,0.050863295793533325,0.0010696053504943848,0.1272088885307312,-0.4091466584428021,-0.008134532304300784,-0.5458386334963052,0.7311587531665354,-0.9133133487263043,0.8485729420273487,-1.6844684976763076
1771888906399993856,1.0139939785003662,-1.851478934288025,-1.1968426704406738,0.13946843147277832,0.4548696279525757,0.7987175583839417,-0.39388328790664673,0.1113077700138092,-0.0441855788230896,0.15863847732543945,-0.4130753618517455,-4.657402126286526e-05,-0.5505073653899053,0.7254726172371667,-0.9251608553727173,0.8571289617553398,-1.6583612110293773
1771888906410023936,1.0240240097045898,-1.7272346019744873,-1.2134859561920166,0.1511615812778473,0.4513687789440155,0.8049626350402832,-0.3850994110107422,0.212922602891922,-0.07684367895126343,0.05879026651382446,-0.4169069666765569,0.007582802024564214,-0.5544301498672234,0.7202349682370115,-0.9356124457132104,0.8644582346394317,-1.6341965965290715
1771888906420055040,1.0340549945831299,-1.8478909730911255,-1.2903733253479004,0.12551160156726837,0.4476877748966217,0.811185896396637,-0.3762355148792267,0.2206777036190033,-0.12260252237319946,0.05790668725967407,-0.4207916608395695,0.015475262533657877,-0.5582497238730582,0.7148791531445672,-0.9461771897151148,0.8719037014742071,-1.609423954918153
1771888906430085888,1.04408597946167,-2.022860288619995,-1.2952553033828735,0.08835704624652863,0.4437142610549927,0.8178799748420715,-0.3663195073604584,0.16826999187469482,-0.06359225511550903,0.10511952638626099,-0.4246409526828751,0.02390527064622555,-0.5623777997671838,0.7091119706602919,-0.9577168002016645,0.8806541170226231,-1.5826538001123391
1771888906440116992,1.05411696434021,-1.9549853801727295,-1.1642000675201416,0.04837660863995552,0.4397628605365753,0.824891209602356,-0.3551945686340332,0.12398836016654968,0.010817408561706543,0.2252659797668457,-0.42807424750892864,0.03240667633378865,-0.5668796383975413,0.7031001030774533,-0.9700096908830229,0.8913804915339195,-1.5545206364703248
1771888906450146816,1.0641469955444336,-1.6634821891784668,-1.0461548566818237,0.09532760083675385,0.43644192814826965,0.8309764862060547,-0.34495875239372253,0.08214327692985535,0.06605720520019531,0.2900881767272949,-0.43113177607542313,0.04000962541785692,-0.5708939072913822,0.6975706293367547,-0.9808606892143402,0.9019434942557799,-1.5283809979234044
1771888906460177920,1.0741779804229736,-1.4057965278625488,-0.9908923506736755,0.10699038207530975,0.43387290835380554,0.8356872200965881,-0.3367214500904083,0.10004743933677673,0.07759720087051392,0.11832240223884583,-0.4340673399294164,0.04650582370966024,-0.5740004243279845,0.6927816296575177,-0.9893828894999911,0.9108099308450548,-1.5055985438181587
1771888906470208768,1.0842089653015137,-1.5048229694366455,-1.0868805646896362,0.10847882926464081,0.4313848614692688,0.8399752378463745,-0.3291637897491455,0.1782647967338562,-0.07659327983856201,-0.028410732746124268,-0.43710388173347425,0.05289627437439219,-0.5767322569767283,0.6881294553835459,-0.9972375934765273,0.9190018932181859,-1.4834062826027994
1771888906480239872,1.0942399501800537,-1.7118464708328247,-1.2064282894134521,0.06932103633880615,0.4284134805202484,0.8448306322097778,-0.320504367351532,0.1497572958469391,-0.1735355257987976,-0.00395849347114563,-0.44026765512296046,0.06010425663832293,-0.5797717648230145,0.6829469358182554,-1.0062485112658694,0.9284999992784322,-1.458526718272665
1771888906490269952,1.1042699813842773,-1.74832022190094,-1.1830122470855713,0.06327991932630539,0.4251450002193451,0.8501088619232178,-0.31075137853622437,0.05027306079864502,-0.0779532790184021,0.11054083704948425,-0.44341390318952895,0.06789369876989623,-0.5831078369173648,0.677317994280071,-1.0161920189267335,0.939611899201708,-1.4312235423409023
1771888906500300800,1.1143009662628174,-1.535699725151062,-1.1993616819381714,0.10204356163740158,0.42225438356399536,0.8548035621643066,-0.3016822934150696,0.06749168038368225,0.020043909549713135,0.12904435396194458,-0.44658579922499236,0.07532194220127106,-0.5860763192408457,0.6718648153355526,-1.025172141966155,0.9504339074606252,-1.4046055538654456
1771888906510331904,1.1243319511413574,-1.4185608625411987,-1.2429193258285522,0.12288732826709747,0.41958725452423096,0.8586655855178833,-0.2943464517593384,0.08517345786094666,0.10494208335876465,0.14479508996009827,-0.449991281662214,0.08235258889044562,-0.5882557491884944,0.6668440651530906,-1.0326604518163862,0.9590547835424631,-1.3802457764362104
1771888906520362752,1.1343629360198975,-1.4484606981277466,-1.285244107246399,0.14305651187896729,0.417124480009079,0.8622341752052307,-0.2873314917087555,0.05098462104797363,0.02092921733856201,0.1266259253025055,-0.45355814699685865,0.0893548718268124,-0.5902117955358508,0.6617784676153512,-1.0396641714855785,0.9676005035812778,-1.3556601948206792
1771888906530392832,1.144392967224121,-1.7327367067337036,-1.3020912408828735,0.11444723606109619,0.41453319787979126,0.8661789894104004,-0.2790986895561218,0.04040756821632385,-0.12621939182281494,0.037246912717819214,-0.4571003288375331,0.09687355798878286,-0.592508376257971,0.6562077051803265,-1.0475048137810654,0.9782262962763781,-1.328270054116632
1771888906540423936,1.1544239521026611,-1.9436649084091187,-1.3908599615097046,0.07526734471321106,0.41161301732063293,0.8709299564361572,-0.26843172311782837,0.06102794408798218,-0.1734355092048645,0.03486546874046326,-0.46045499100178594,0.1053044910344487,-0.5955628398614812,0.6497668703099071,-1.0570916055956336,0.992914062126368,-1.295821939783632
1771888906550454784,1.1644549369812012,-2.0110275745391846,-1.3491767644882202,0.06779877096414566,0.40858185291290283,0.8759147524833679,-0.2565821409225464,0.013583064079284668,-0.056563496589660645,0.09409129619598389,-0.4636851838567068,0.11418429062653541,-0.5988913761028489,0.6428741727244104,-1.067328499669105,1.0100553749255188,-1.2604284018332241
1771888906560485888,1.1744859218597412,-1.7395869493484497,-1.336877465248108,0.12298879027366638,0.40607333183288574,0.880253791809082,-0.24547463655471802,0.003457307815551758,0.03768444061279297,0.04509621858596802,-0.4669258679510785,0.1225877092379458,-0.6018595673557015,0.6361741974950444,-1.0763968098074346,1.0270686129646631,-1.2257204997041549
1771888906570516736,1.1845169067382812,-1.4718225002288818,-1.3401055335998535,0.13891875743865967,0.403961718082428,0.8836405873298645,-0.23663142323493958,-0.02685600519180298,0.0680195689201355,-0.04583925008773804,-0.4703657884027459,0.13025974040161808,-0.603917781686831,0.6301363771897317,-1.0835822856357582,1.040900676970635,-1.1947753035529844
1771888906580546816,1.1945469379425049,-1.2525426149368286,-1.3258030414581299,0.14379367232322693,0.40211597084999084,0.8862111568450928,-0.23007042706012726,-0.06305044889450073,0.05215853452682495,-0.04936377704143524,-0.47394866339709074,0.13720027709805896,-0.6050957507810101,0.6248262141704468,-1.0891017951197672,1.0511069629766285,-1.1681553665981068
1771888906590577920,1.204577922821045,-1.4253143072128296,-1.3060647249221802,0.14406877756118774,0.40035006403923035,0.8886807560920715,-0.2235315442085266,-0.03284212946891785,-0.05056124925613403,-0.0036413073539733887,-0.47743679282981355,0.14405775987712818,-0.6062025950846552,0.6195319886724706,-1.094459943537227,1.0615724192242417,-1.14149524713085
1771888906600608768,1.214608907699585,-1.6827768087387085,-1.2807772159576416,0.12971167266368866,0.39875590801239014,0.8915125131607056,-0.21493960916996002,-0.025510698556900024,-0.10582232475280762,0.16286137700080872,-0.480679337708025,0.15135203636365405,-0.6079660801520334,0.613528418165106,-1.1006732201039282,1.076417848239824,-1.1101946338923636
1771888906610639872,1.224639892578125,-1.6991204023361206,-1.226871132850647,0.13670434057712555,0.3973095417022705,0.8945980072021484,-0.2045469731092453,-0.026139527559280396,-0.022359907627105713,0.1714964658021927,-0.48356604342240067,0.1589262698061477,-0.6103023463766649,0.6069903925811388,-1.1075308415046334,1.0953550259208809,-1.0749518648793919
1771888906620669696,1.2346696853637695,-1.7830259799957275,-1.1793924570083618,0.1713307648897171,0.3962145149707794,0.8974644541740417,-0.19383344054222107,-0.021351873874664307,-0.0433996319770813,0.12649640440940857,-0.48631093469041076,0.16633815910070404,-0.612711105034899,0.6003484561169828,-1.1139870811400974,1.1158151918922892,-1.0385804886806105
1771888906630700800,1.2447009086608887,-1.7351304292678833,-1.0737590789794922,0.23113283514976501,0.395917683839798,0.9000128507614136,-0.1822800636291504,-0.06629735231399536,-0.028949618339538574,0.06951761245727539,-0.4888537705557698,0.17341431869250315,-0.6154570996645132,0.5934323999410867,-1.1197990062607956,1.1393284165910884,-0.9999101387760125
1771888906640731904,1.2547318935394287,-1.3928964138031006,-0.93501216173172,0.3016003370285034,0.39645516872406006,0.9018033146858215,-0.17197129130363464,-0.11631906032562256,0.029608428478240967,-0.10599803924560547,-0.4913295332398166,0.17949190784292374,-0.6178972497151681,0.5870101725429109,-1.1239243864311734,1.1615189638872236,-0.9640658135841647
1771888906650762752,1.2647628784179688,-1.0374855995178223,-0.8861408233642578,0.3717629313468933,0.39805883169174194,0.9024558067321777,-0.16469046473503113,-0.13399025797843933,0.06077057123184204,-0.19776678085327148,-0.4940500776234243,0.18403758649482516,-0.6195037807752526,0.5816011440793925,-1.1254366541854852,1.1785066712107124,-0.935190904656268
1771888906660792832,1.2747929096221924,-0.9435508847236633,-0.8941864967346191,0.4248940646648407,0.40024441480636597,0.9024214148521423,-0.1594991534948349,-0.11225005984306335,0.003477632999420166,-0.1272592544555664,-0.497084745992547,0.18778235548834357,-0.6204741818033862,0.5767636809443518,-1.125356926656318,1.1915799415639698,-0.910799990965414
1771888906670823936,1.2848238945007324,-1.2365806102752686,-0.8793871402740479,0.4330872595310211,0.40281856060028076,0.9023029804229736,-0.1535794734954834,-0.07365599274635315,-0.10995984077453613,0.0990445613861084,-0.5001007010639369,0.19158144678079542,-0.6216967185760702,0.5715672577204678,-1.1250821421761865,1.2065468729718756,-0.8843940868275656
1771888906680854784,1.2948548793792725,-1.802733302116394,-0.8664751052856445,0.45798835158348083,0.40555819869041443,0.9027717113494873,-0.14326871931552887,-0.02222687005996704,-0.24595701694488525,0.23083893954753876,-0.5025970881904894,0.19650654566795403,-0.6243002622084146,0.5648279717797791,-1.1261706606152901,1.2312175360398179,-0.8474067621071619
1771888906690885888,1.3048858642578125,-2.040832042694092,-0.8603753447532654,0.4737827777862549,0.4086381793022156,0.9035302400588989,-0.12902656197547913,-0.014320582151412964,-0.0907098650932312,0.17571844160556793,-0.5046484362658356,0.2023890250111577,-0.6281125730961405,0.5566355767644577,-1.1279373559429136,1.2649554708617903,-0.800535629136333
1771888906700916736,1.3149168491363525,-1.8917096853256226,-0.8661064505577087,0.48363086581230164,0.41196203231811523,0.903960108757019,-0.11464376002550125,-0.09186318516731262,0.0683298110961914,0.015751555562019348,-0.5066707280277255,0.20826501853785612,-0.6319048990574204,0.5482759443224265,-1.1289415566890018,1.2993766055541274,-0.7528909834798162
1771888906710946816,1.3249468803405762,-1.6204979419708252,-0.8569386005401611,0.5358152389526367,0.4156337082386017,0.9037614464759827,-0.10229236632585526,-0.14399680495262146,0.03465396165847778,-0.04164378345012665,-0.5089461676840289,0.2134858031076432,-0.635041438298787,0.5404811630669812,-1.1284772223886106,1.3294804616010978,-0.7099950739864037
1771888906720977664,1.3349778652191162,-1.3659993410110474,-0.9127048850059509,0.6041157245635986,0.41990604996681213,0.9028348922729492,-0.09256238490343094,-0.11886546015739441,-0.006640613079071045,-0.06460314244031906,-0.5116910360071729,0.21785408394819317,-0.6373840324409599,0.533341687845704,-1.1263175680223056,1.3538302473949446,-0.6732171217969526
1771888906731008768,1.3450088500976562,-1.448708176612854,-0.9678415060043335,0.6317191123962402,0.42470458149909973,0.9014204740524292,-0.0840664952993393,-0.10962584614753723,-0.1010969877243042,-0.03861421346664429,-0.5148390956707908,0.22191592272777935,-0.6393121885218532,0.5262831889737446,-1.12303941101477,1.37538124610975,-0.6388561043605546
1771888906741039872,1.3550398349761963,-1.7059056758880615,-0.986632227897644,0.6602543592453003,0.42979443073272705,0.8998883962631226,-0.07401037216186523,-0.10223403573036194,-0.17984145879745483,0.06601477414369583,-0.5179194019124801,0.22649076338886326,-0.6416359938427832,0.5184251520326002,-1.1195135472010467,1.4002692685938003,-0.6002879980892238
1771888906751069696,1.36506986618042,-2.040099859237671,-0.9962751269340515,0.6524169445037842,0.43505045771598816,0.8983026146888733,-0.06151265650987625,-0.10288184881210327,-0.11557239294052124,0.17296284437179565,-0.5206602127457736,0.2317620611139647,-0.6446161798215866,0.5095776881210397,-1.115890963382466,1.4303353988092946,-0.5558342936643121
1771888906761100800,1.37510085105896,-2.4001986980438232,-1.025982141494751,0.6669599413871765,0.44043827056884766,0.8966140747070312,-0.045794256031513214,-0.09264472126960754,-0.1300889253616333,0.10690569877624512,-0.5229621970776531,0.2380365732238375,-0.6484145761161673,0.49940721529852444,-1.1120629515914917,1.4671943031627306,-0.503486891139306
1771888906771131648,1.3851318359375,-2.4737069606781006,-1.0439693927764893,0.6552697420120239,0.44599276781082153,0.89458829164505,-0.02832510881125927,-0.10463842749595642,-0.04328519105911255,0.0925646424293518,-0.5250128141011859,0.24491495296795762,-0.652574985157271,0.48838930828628185,-1.107509027995108,1.5073712684821399,-0.4469908304386935
1771888906781162752,1.39516282081604,-2.2978720664978027,-1.057886004447937,0.677014172077179,0.4517284631729126,0.8920789361000061,-0.011702671647071838,-0.1356883943080902,0.04377323389053345,0.06687843799591064,-0.5271081395663716,0.2515764369940639,-0.6563977150825074,0.4775023851248909,-1.1019250964724294,1.5448956895390937,-0.3931673050221472
1771888906791192832,1.4051928520202637,-2.136075258255005,-1.07108473777771,0.7591780424118042,0.45809251070022583,0.8888986110687256,0.0032073205802589655,-0.14055714011192322,-0.0038584470748901367,-0.007067800033837557,-0.5294936369108743,0.2575907904335739,-0.6597352839898843,0.46693972445147763,-1.0949352585003886,1.5777976811875862,-0.3442359229472336
1771888906801223680,1.4152238368988037,-2.0471649169921875,-1.057281732559204,0.7934979200363159,0.4650908410549164,0.8851020336151123,0.0168849378824234,-0.1383238434791565,-0.038544297218322754,0.011038662865757942,-0.5320951025941324,0.2630658112455824,-0.6627509694263155,0.45654402989109377,-1.086713254345249,1.607084989654002,-0.299148105221056
1771888906811254784,1.4252548217773438,-1.9608243703842163,-0.9973291158676147,0.8318650126457214,0.47250881791114807,0.8808246850967407,0.02972412295639515,-0.1182454526424408,-0.04601621627807617,0.0283660925924778,-0.5346895772972567,0.2680212218536915,-0.6656024988795338,0.4463688167351837,-1.0776013253151957,1.6336205687330054,-0.25745111121161024
1771888906821285632,1.4352858066558838,-1.9647085666656494,-0.9348745346069336,0.8583341836929321,0.4803190529346466,0.8760703802108765,0.0423571839928627,-0.101168692111969,-0.10750049352645874,0.07914853096008301,-0.5371567491145767,0.2726115973789339,-0.6684770065992343,0.4362155016541566,-1.0676512302108503,1.6587543032878294,-0.2177402510501636
1771888906831316736,1.4453167915344238,-1.9936645030975342,-0.8708124160766602,0.8838110566139221,0.48836642503738403,0.8708823919296265,0.055338501930236816,-0.12506991624832153,-0.057558298110961914,0.19774377346038818,-0.5393313134072855,0.2769916780455389,-0.6715242825819421,0.4259725708747658,-1.0569948695844993,1.6836285369237667,-0.1789162302945848
1771888906841346816,1.4553468227386475,-1.936142086982727,-0.8680605888366699,0.9201037883758545,0.49677908420562744,0.8651915192604065,0.0682205930352211,-0.09292474389076233,-0.03366386890411377,0.10342549532651901,-0.5414014094599184,0.28110107967418996,-0.6746054257618271,0.41566109125129547,-1.04553213755767,1.7072685343569958,-0.14169527350281808
1771888906851377664,1.4653778076171875,-1.8776754140853882,-0.8912732601165771,0.9321524500846863,0.5054715871810913,0.8591035008430481,0.0802498310804367,-0.08310824632644653,-0.028002917766571045,0.05781174451112747,-0.5435998192581796,0.2849409036234214,-0.6774463794160412,0.40543123648308066,-1.0335154225975522,1.728244553740926,-0.10712172600725224
1771888906861408768,1.4754087924957275,-1.9944992065429688,-0.9158529043197632,0.9231219291687012,0.5142162442207336,0.8526968955993652,0.09214048087596893,-0.10665398836135864,-0.08827733993530273,0.019477486610412598,-0.5457694343450551,0.2888486722131271,-0.6801740110880868,0.39505137604005053,-1.0211262282551485,1.748100945013523,-0.07334055577935071
1771888906871439616,1.4854397773742676,-2.17794132232666,-0.9434077739715576,0.9143710732460022,0.5229445695877075,0.8458583950996399,0.10513155907392502,-0.10383135080337524,-0.10985070466995239,0.02871847152709961,-0.5476887876668964,0.2932789304747285,-0.6830470328655383,0.3840198365332615,-1.00817236499224,1.7691894591778439,-0.03750378122870819
1771888906881469696,1.4954698085784912,-2.177806854248047,-0.9589808583259583,0.9029586315155029,0.5317333340644836,0.8385699987411499,0.11857382208108902,-0.09559142589569092,-0.06429338455200195,0.08294890820980072,-0.5494512768340152,0.29797154643932466,-0.6859299297899883,0.3725805381233472,-0.9946530088862918,1.7902014617451345,-0.0012013739859840183
1771888906891500800,1.5055007934570312,-1.982560157775879,-0.9478148221969604,0.930818498134613,0.5405922532081604,0.8310269117355347,0.13097397983074188,-0.08272188901901245,0.018689215183258057,0.1183241456747055,-0.5512688239435489,0.30234415362449857,-0.6885310454368959,0.36140787839627164,-0.9809513188764525,1.808494751719361,0.032151970830787066
1771888906901531648,1.5155317783355713,-1.786943793296814,-0.9722900390625,0.9526231288909912,0.54974764585495,0.8232870697975159,0.14133679866790771,-0.06630337238311768,0.013047277927398682,0.06512989103794098,-0.5534048838995265,0.3059972446705728,-0.6906765436572445,0.35082003016538155,-0.9671778510728551,1.8224404520701323,0.060639113014985584
1771888906911562752,1.5255627632141113,-1.700576663017273,-0.9822482466697693,0.9584570527076721,0.5590481758117676,0.8154159188270569,0.15020738542079926,-0.07682466506958008,0.005918979644775391,0.05947887897491455,-0.5557717997232361,0.3092149389725915,-0.6924520310355745,0.34060844148310515,-0.9534472944411287,1.8332813146626887,0.08584383187336614
1771888906921592832,1.535592794418335,-1.6843771934509277,-0.9559373259544373,0.9659985899925232,0.5683892369270325,0.8073528409004211,0.15847773849964142,-0.0925743579864502,0.015904605388641357,0.13784801959991455,-0.5581523215700084,0.31226249135581186,-0.6940684435724013,0.33049534427607274,-0.9396520713830275,1.842709585850822,0.10957856783805382
1771888906931623680,1.545623779296875,-1.8709009885787964,-0.9736599922180176,0.9471620321273804,0.5776265859603882,0.7990022301673889,0.1671609878540039,-0.09508270025253296,-0.03237026929855347,0.1228322833776474,-0.5602919778100455,0.31548806359567794,-0.6957354198070724,0.32014422501422735,-0.9256340832050075,1.8524935784370393,0.1338438275387064
1771888906941654784,1.555654764175415,-2.0394840240478516,-0.9777585864067078,0.94008469581604,0.5868262648582458,0.7901066541671753,0.17710548639297485,-0.050449371337890625,-0.11495107412338257,0.11937282979488373,-0.5620705250600561,0.3192700631234973,-0.6975810863419,0.30906948168204673,-0.910982940266457,1.8639057436412196,0.1605596286695894
1771888906951685632,1.565685749053955,-1.9609910249710083,-1.0010892152786255,0.8741834163665771,0.5957829356193542,0.7810502052307129,0.18709120154380798,-0.03366446495056152,-0.05987417697906494,0.051556214690208435,-0.5636702158667163,0.3232653577267332,-0.6993176020882776,0.29787616002343215,-0.896345790787361,1.8750706310436493,0.18736885616157792
1771888906961716736,1.5757167339324951,-1.7640588283538818,-1.0031049251556396,0.8694003820419312,0.6045024394989014,0.7722259163856506,0.19555988907814026,-0.020777583122253418,0.0032408833503723145,0.05596587061882019,-0.5654357498375312,0.326949896986607,-0.7006309390571241,0.2872322301462019,-0.8823371566806005,1.8836759440112065,0.21140851099627112
1771888906971746560,1.5857467651367188,-1.6586897373199463,-1.0088168382644653,0.8664560317993164,0.6132175922393799,0.7635145783424377,0.20250825583934784,-0.010327637195587158,0.019963204860687256,0.10622274875640869,-0.567411888417189,0.33015879820221766,-0.7016047977448715,0.27710935913187923,-0.8687380132825978,1.8897592165988812,0.23252301802637845
1771888906981777664,1.5957777500152588,-1.5116432905197144,-0.9991533756256104,0.8708571791648865,0.6219043731689453,0.7548495531082153,0.20841600000858307,-0.03460884094238281,0.08000457286834717,0.08099746704101562,-0.5694805498955413,0.33299909455279475,-0.7023671435882092,0.2673648126058118,-0.8554246852673496,1.8941589466923074,0.25155081297816057
1771888906991808768,1.6058087348937988,-1.4070013761520386,-1.001504898071289,0.8720697164535522,0.6305722594261169,0.7463189363479614,0.21304182708263397,-0.03534209728240967,0.06966012716293335,0.03767538070678711,-0.5717271022415006,0.33540569712374735,-0.7028683615580172,0.25808379127398895,-0.8425142268895234,1.8966106298149636,0.26821038400763125
1771888907001839616,1.6158397197723389,-1.4416512250900269,-0.9985730648040771,0.8635981678962708,0.6391915082931519,0.7377378344535828,0.2172030806541443,-0.02418607473373413,0.023645222187042236,0.05429661273956299,-0.573972952373907,0.33769136035187874,-0.7032539283529549,0.24890469807631732,-0.8297132610356192,1.898363683915369,0.2841211894765116
1771888907011869696,1.6258697509765625,-1.5470645427703857,-0.9832613468170166,0.8645028471946716,0.6477221250534058,0.7288907766342163,0.22175247967243195,-0.017991960048675537,-0.016869962215423584,0.06619606912136078,-0.5759969637810481,0.3401510371215465,-0.7036856614384195,0.23948110745196616,-0.8167003643910237,1.9006464600946997,0.3007890888400694
1771888907021900544,1.6359007358551025,-1.5900453329086304,-0.9319055080413818,0.8540725708007812,0.65614914894104,0.7196922898292542,0.22696100175380707,-0.007360696792602539,-0.03892141580581665,0.11842167377471924,-0.5776896644593735,0.3427971215147057,-0.704251827605862,0.22976978213218913,-0.8033590126513935,1.9038125790077898,0.3184198371083578
1771888907031931648,1.6459317207336426,-1.5104515552520752,-0.9074720144271851,0.8448036909103394,0.6643310785293579,0.71047443151474,0.23214231431484222,0.02438950538635254,0.013051450252532959,0.0987749844789505,-0.5791764001556213,0.3453912432277049,-0.704823412756154,0.22018956058950176,-0.7901721500419434,1.9069701000226458,0.3356923143477937
1771888907041962496,1.6559627056121826,-1.4200642108917236,-0.9407322406768799,0.8128708004951477,0.6723439693450928,0.701518714427948,0.23627285659313202,0.03558748960494995,0.04140114784240723,0.020150989294052124,-0.5808010132588426,0.3477133272344971,-0.7051467035738047,0.21103000273665157,-0.7775263627339037,1.9087326426663984,0.351312560772854
1771888907051993600,1.6659936904907227,-1.404206395149231,-0.9576213359832764,0.7978370189666748,0.6802712678909302,0.6926746368408203,0.23965206742286682,0.0314444899559021,0.03268247842788696,0.031283050775527954,-0.5825468801500036,0.34995179927896114,-0.7052373857685014,0.20202272933500173,-0.7651907931218896,1.9095088721392053,0.36614757595376995
1771888907062023680,1.6760237216949463,-1.4810417890548706,-0.9296096563339233,0.7744845151901245,0.6879515051841736,0.6838127970695496,0.24315188825130463,0.008764803409576416,0.05037909746170044,0.06782221794128418,-0.5841165705339768,0.3523589126689674,-0.7052794759520528,0.19295573098143437,-0.7529753813468709,1.910535415370158,0.3814183820368365
1771888907072054528,1.6860547065734863,-1.472139835357666,-0.8963837027549744,0.7489567995071411,0.695407509803772,0.6748844385147095,0.24685952067375183,0.009655416011810303,0.026623249053955078,0.05767539143562317,-0.5854623049328992,0.3548637312288571,-0.7053378564826999,0.18385922261878507,-0.7408080568462149,1.911905565604101,0.39698783839676616
1771888907082085632,1.6960856914520264,-1.3834643363952637,-0.8760675191879272,0.7181916832923889,0.7025352120399475,0.6661860942840576,0.2502807676792145,0.024713873863220215,0.06179547309875488,0.07691347599029541,-0.5866940986519639,0.3572726571025972,-0.7053344085641381,0.17507055393687534,-0.7290830811343939,1.9130314526829877,0.4118876689591964
1771888907092116736,1.7061169147491455,-1.3652338981628418,-0.8639165759086609,0.7057763338088989,0.7094733119010925,0.657668948173523,0.2532179653644562,0.04730159044265747,0.03779613971710205,0.06596541404724121,-0.5879195055488576,0.3595259722422725,-0.7052305001965039,0.1665585012776424,-0.7177201214366259,1.913613540739875,0.42594323988153626
1771888907102146560,1.71614670753479,-1.3382846117019653,-0.8555537462234497,0.6754810214042664,0.7162075638771057,0.6492778658866882,0.25590062141418457,0.04606050252914429,0.04508858919143677,0.06450343132019043,-0.5890895935751005,0.3617633692878075,-0.7050372865515041,0.15818722222487533,-0.7066345457495552,1.9139592008943849,0.43969718388924794
1771888907112177664,1.72617769241333,-1.3379931449890137,-0.8526315689086914,0.6547810435295105,0.7227106094360352,0.6410078406333923,0.25845322012901306,0.05734914541244507,0.03071451187133789,0.04249581694602966,-0.5901695288926112,0.3640516970509482,-0.7047644814765034,0.14991065583984356,-0.6958106455222665,1.9142402606908697,0.45339588895392213
1771888907122208768,1.7362089157104492,-1.314929723739624,-0.8275669813156128,0.6257139444351196,0.7290052175521851,0.6328745484352112,0.26080843806266785,0.040770113468170166,0.06053054332733154,0.04368063807487488,-0.5911859982818606,0.3663537520676222,-0.7044069513125901,0.14175620299963565,-0.6852602425146347,1.914366933561918,0.46691176437744975
1771888907132239872,1.7462399005889893,-1.26870596408844,-0.8295431733131409,0.5936915874481201,0.7350625395774841,0.6250003576278687,0.26278847455978394,0.048781514167785645,0.05985993146896362,-0.02720808982849121,-0.5921811645291623,0.36854256789224815,-0.703967766865937,0.13389278034205174,-0.6751319649240886,1.914141351344498,0.47975518114247623
1771888907142270720,1.7562708854675293,-1.293016791343689,-0.8439889550209045,0.587570309638977,0.7409759163856506,0.6172127723693848,0.26458093523979187,0.06265872716903687,0.023183345794677734,0.016592741012573242,-0.5931454150926568,0.3708069753181225,-0.7034149975599857,0.12604783490096264,-0.665195279333865,1.913756450681124,0.49266142161120563
1771888907152300800,1.766300916671753,-1.277374267578125,-0.853116512298584,0.5840850472450256,0.7468339204788208,0.6094147562980652,0.26618167757987976,0.07091504335403442,0.05515122413635254,0.09648916125297546,-0.594089833342885,0.3730986759555114,-0.7027718072845088,0.11817954316847576,-0.6553222390523313,1.9131732464833968,0.5055771886793815
1771888907162331904,1.776331901550293,-1.2824240922927856,-0.8756875991821289,0.5481648445129395,0.7525839805603027,0.6017469167709351,0.26742875576019287,0.039621829986572266,0.07714712619781494,0.07769453525543213,-0.5950657323061713,0.3754079387181867,-0.7019852206696982,0.11037421050287663,-0.6456865628182384,1.9122269844200313,0.5183419009071171
1771888907172362752,1.786362886428833,-1.360412359237671,-0.8825668096542358,0.4915790855884552,0.7580519914627075,0.5942726731300354,0.2686954140663147,0.036045849323272705,0.0689353346824646,0.07476472854614258,-0.5959376279286104,0.3779994550361146,-0.701045018183708,0.1025215661867692,-0.6363609955603631,1.9114345368803927,0.5317507445569597
1771888907182393856,1.796393871307373,-1.391854166984558,-0.8608689904212952,0.4666809141635895,0.7632496953010559,0.5868735313415527,0.2702394127845764,0.04242962598800659,0.019251346588134766,0.06302785873413086,-0.596605862762889,0.38089020469193635,-0.7000302528280863,0.09456083261463165,-0.6271920598793367,1.9110872227498656,0.5459913758504965
1771888907192423936,1.8064239025115967,-1.364201545715332,-0.8351689577102661,0.44291698932647705,0.7682087421417236,0.5796256065368652,0.2718261778354645,0.014979124069213867,0.07534265518188477,0.02681875228881836,-0.597130736622752,0.38381908248515423,-0.6989964263401967,0.0867280831471184,-0.6182691425207735,1.9108916935917415,0.5602111463137888
1771888907202454784,1.8164548873901367,-1.284933090209961,-0.8379756808280945,0.43869641423225403,0.7730374932289124,0.572600781917572,0.2730223536491394,0.01988542079925537,0.07293742895126343,-0.009380996227264404,-0.5976818212877755,0.3865937003253385,-0.6978943252011764,0.07915288990333551,-0.6096746523034673,1.9103024187325122,0.5737391522365697
1771888907212485888,1.8264858722686768,-1.2376296520233154,-0.845501184463501,0.4385922849178314,0.7778240442276001,0.5657332539558411,0.2737439274787903,0.013862967491149902,0.08157509565353394,0.03103506565093994,-0.5983120139422491,0.3892030984228418,-0.6967014457348669,0.0717692529817573,-0.6013222311109188,1.9091943961422122,0.586599096320564
1771888907222516736,1.8365168571472168,-1.1100517511367798,-0.8592511415481567,0.4390072226524353,0.7826551198959351,0.5590683817863464,0.2736668884754181,0.010298311710357666,0.09002524614334106,0.0658259391784668,-0.5991513692262924,0.3914735013323085,-0.6954005645429209,0.06468544073604751,-0.5932617179006336,1.9071724340222913,0.5982354581421898
1771888907232547840,1.8465478420257568,-1.1113718748092651,-0.8532877564430237,0.4230506122112274,0.7874118089675903,0.5526328682899475,0.2730925679206848,-0.003552556037902832,0.06186908483505249,0.09670412540435791,-0.6000893508921276,0.3935553658396796,-0.6940176195359933,0.05784874179319547,-0.5855200267098232,1.9046381049777679,0.6091189177316004
1771888907242577664,1.8565778732299805,-1.1641390323638916,-0.8938279747962952,0.36068204045295715,0.7919653654098511,0.5463923811912537,0.2724815905094147,0.016948819160461426,0.03310590982437134,0.028437018394470215,-0.600965283672635,0.39584005305194203,-0.6924965295003955,0.05098953319514712,-0.5780507347461767,1.9021673416487088,0.6204634758513614
1771888907252608768,1.8666088581085205,-1.2277569770812988,-0.9441994428634644,0.289969801902771,0.7962378263473511,0.5405466556549072,0.2716892659664154,0.008663415908813477,0.023891329765319824,0.015389710664749146,-0.6018446440911768,0.39854911330498083,-0.6906542050627453,0.04402878737192205,-0.5710867107818278,1.89962462392749,0.6327483487975262
1771888907262639872,1.8766398429870605,-1.223403811454773,-1.0048094987869263,0.25647255778312683,0.8003582954406738,0.5350297689437866,0.2704998552799225,0.026332497596740723,0.017964184284210205,0.08832591772079468,-0.6028109283762366,0.4015161886837434,-0.6885017603490274,0.03700284535545091,-0.5645429504324357,1.8967171520907158,0.6455412351599592
1771888907272670720,1.8866708278656006,-1.162168025970459,-1.047649621963501,0.2307370901107788,0.8044312000274658,0.5298010110855103,0.2687036991119385,-0.012606799602508545,0.0736231803894043,0.1390111744403839,-0.6039422429810088,0.4044990446232758,-0.6860993879779927,0.030034176971663808,-0.5583658902285993,1.8931732310692857,0.6581764771057341
1771888907282700800,1.8967008590698242,-1.0639135837554932,-1.0686222314834595,0.22534765303134918,0.8084771633148193,0.5249828696250916,0.26600319147109985,-0.053289175033569336,0.07032352685928345,0.09883451461791992,-0.6053533370005917,0.4072399865058137,-0.6834889826829321,0.023361524662194752,-0.5526949734946485,1.8886576730585738,0.669812652954805
1771888907292731648,1.9067318439483643,-0.9580276608467102,-1.0328984260559082,0.24210426211357117,0.812515914440155,0.5203381776809692,0.2628037631511688,-0.06207352876663208,0.06038069725036621,0.07436975836753845,-0.6068847269766262,0.40962423298788125,-0.6808890325047727,0.01699896606320708,-0.5472469409231395,1.8836206467864982,0.680331697221087
1771888907302762752,1.9167628288269043,-0.8010364174842834,-0.9826458692550659,0.2507680654525757,0.8164147734642029,0.5160635113716125,0.25912368297576904,-0.03547006845474243,0.0766945481300354,-0.02410784363746643,-0.6085330325920532,0.41152827275266846,-0.678385083385661,0.011207823893350047,-0.5422488366964409,1.8781319116086235,0.6892169272140086
1771888907312793856,1.9267938137054443,-0.8104498982429504,-0.9521245956420898,0.25571247935295105,0.8201998472213745,0.5119506120681763,0.25530076026916504,-0.0063266754150390625,0.00869441032409668,-0.09418338537216187,-0.6101775134269659,0.41315501829288254,-0.6759832227501285,0.0057359433164483956,-0.5374540057913911,1.8725570812679941,0.6972320047040813
1771888907322824704,1.9368247985839844,-0.9043058156967163,-0.9530345797538757,0.2938465476036072,0.8240512609481812,0.5074952840805054,0.2517698109149933,0.021758615970611572,-0.02397477626800537,-0.0482938289642334,-0.6116494855611404,0.4148324393401097,-0.6736460129724128,2.3129176757080067e-05,-0.532275395304748,1.867315896484821,0.7057481997890376
1771888907332854784,1.946854829788208,-0.9287214279174805,-0.9331666231155396,0.3265392482280731,0.8279885053634644,0.5025784373283386,0.24869708716869354,0.026183366775512695,0.013412833213806152,0.11434009671211243,-0.6128745213103532,0.4166253129854122,-0.6713954801847271,-0.006031937076933526,-0.5265786786183437,1.862586093276257,0.7150495368770061
1771888907342885632,1.956885814666748,-0.815187394618988,-0.9652060270309448,0.3390025794506073,0.831976592540741,0.4976711869239807,0.24523068964481354,0.012337863445281982,0.09565150737762451,0.12709900736808777,-0.6141998847967769,0.4181681352246537,-0.6691418042910244,-0.011960439683716373,-0.5209117675649585,1.857435854744948,0.7236742693876567
1771888907352916736,1.966916799545288,-0.7799928188323975,-0.9811967015266418,0.3958592116832733,0.836195707321167,0.49267899990081787,0.24092385172843933,0.0009320974349975586,0.12273851037025452,0.15746787190437317,-0.615810226147413,0.4192714092481135,-0.6668383691869896,-0.01777359497922698,-0.5151656571753117,1.8513177787179667,0.7311501811956244
1771888907362947584,1.9769477844238281,-0.8727363348007202,-0.9283186197280884,0.4464171826839447,0.8405430316925049,0.48716461658477783,0.23697787523269653,-0.013608038425445557,0.1322202980518341,0.14165383577346802,-0.6172053278382623,0.42033843325681736,-0.664683789356046,-0.02385016303477463,-0.508840082996509,1.8455977649355062,0.739012159160812
1771888907372977664,1.9869778156280518,-0.8904811143875122,-0.8372243642807007,0.5015060305595398,0.8449428081512451,0.4810485243797302,0.23380348086357117,0.008893251419067383,0.15310677886009216,0.057425737380981445,-0.618214299417342,0.4213946251079137,-0.6628184606042132,-0.0301559582346647,-0.501850307116787,1.840750907511597,0.7473738561782953
1771888907383008768,1.9970088005065918,-0.8212519884109497,-0.7096890211105347,0.5295171141624451,0.8492236733436584,0.4746696650981903,0.23131825029850006,0.03178834915161133,0.12191849946975708,-0.03310656547546387,-0.6188928661783059,0.4221989774435488,-0.6613676349528459,-0.03622963063669447,-0.49458867757868746,1.8367324754518704,0.7552114706197738
1771888907393039616,2.007039785385132,-0.7756943106651306,-0.6176085472106934,0.5552669763565063,0.8533288836479187,0.46815839409828186,0.22947189211845398,0.08041733503341675,0.08269912004470825,-0.12388111650943756,-0.6192761255022566,0.42273527526438176,-0.6603263085982968,-0.04196511948188209,-0.4872055082474514,1.8334954601813278,0.7623457381909758
1771888907403070720,2.017070770263672,-0.7129230499267578,-0.5557097792625427,0.5697023868560791,0.8573034405708313,0.4615916609764099,0.22795557975769043,0.11077505350112915,0.03483772277832031,-0.08713224530220032,-0.619493043778662,0.4230621532709584,-0.6595424221934166,-0.04743930997475467,-0.47978859183978706,1.8306812893080862,0.7688938652729792
1771888907413101568,2.027101755142212,-0.6114633083343506,-0.5573981404304504,0.5488309264183044,0.861140787601471,0.45526862144470215,0.2262014001607895,0.11795467138290405,0.08330559730529785,0.011255860328674316,-0.6197904067034139,0.42311389381153214,-0.6588439359560609,-0.05252780679960976,-0.4726738805936297,1.8276697166982774,0.7744489655398882
1771888907423131648,2.0371317863464355,-0.5975338816642761,-0.5983210802078247,0.5628652572631836,0.8649348020553589,0.4491472542285919,0.223951518535614,0.11181068420410156,0.055659204721450806,0.09246990084648132,-0.6202621439684994,0.42300005066519186,-0.6580628529384407,-0.057437199901512186,-0.46581068459327507,1.824155318212125,0.7794067314996614
1771888907433162752,2.0471627712249756,-0.7111902236938477,-0.6648688316345215,0.5385356545448303,0.868828296661377,0.4428752660751343,0.2213568538427353,0.08348798751831055,0.09427988529205322,0.12451410293579102,-0.620805403257891,0.4229817795379417,-0.6570881507621099,-0.0626274397840146,-0.45880304116579995,1.8202652466782654,0.7848485410044981
1771888907443193600,2.0571937561035156,-0.8082480430603027,-0.717868447303772,0.48763784766197205,0.8726273775100708,0.4367274045944214,0.21861118078231812,0.0575026273727417,0.118967205286026,0.09443819522857666,-0.6213250285760126,0.4234164743760488,-0.6557622114243989,-0.06818866525921821,-0.45195759048163403,1.816264958221657,0.7916220630926313
1771888907453224704,2.0672247409820557,-0.981869637966156,-0.7287818789482117,0.450577050447464,0.8762530088424683,0.43063563108444214,0.21618026494979858,0.03236222267150879,0.043775469064712524,0.04111340641975403,-0.62162036488333,0.42441546272055886,-0.654187778414171,-0.07414917402827374,-0.4451969296323058,1.8126760125291004,0.8000757376129437
1771888907463255552,2.0772557258605957,-1.1167794466018677,-0.7025148868560791,0.4219038486480713,0.8796693682670593,0.4245331287384033,0.21436776220798492,0.037490665912628174,0.04674986004829407,-0.0045136213302612305,-0.6215602391327586,0.4260003162009159,-0.6524627295803316,-0.08049240432495339,-0.4384461788145573,1.809828628755827,0.8102912758042907
1771888907473285632,2.0872857570648193,-1.1305710077285767,-0.6810262799263,0.3938724994659424,0.8828752636909485,0.4184950888156891,0.21305586397647858,0.028852462768554688,0.03598785400390625,-0.007199570536613464,-0.6212169895003512,0.42791829911164386,-0.650702592527769,-0.08695612744532372,-0.4317876850487134,1.8075894857460055,0.8214404221647268
1771888907483316736,2.0973167419433594,-0.9761739373207092,-0.6241491436958313,0.38382598757743835,0.8858776688575745,0.4127897024154663,0.2117195427417755,0.011750936508178711,0.08113723993301392,-0.011570021510124207,-0.6208749142366381,0.42967391559115814,-0.649030123468022,-0.09302943253820892,-0.4255147703410954,1.8053899852062498,0.8318476511489494
1771888907493347584,2.1073477268218994,-0.8745495676994324,-0.583207905292511,0.3896593749523163,0.8887524008750916,0.40738287568092346,0.21013906598091125,0.010097086429595947,0.07934197783470154,0.022938966751098633,-0.6206631258518662,0.4309802400268123,-0.6475535259275572,-0.09852792971303312,-0.4195865146740793,1.8029751096794735,0.8406892213354572
1771888907503378688,2.1173787117004395,-0.8560991883277893,-0.5882729887962341,0.4008108079433441,0.8915795087814331,0.40202221274375916,0.2084808051586151,0.00171583890914917,0.08482480049133301,0.030853301286697388,-0.6204714697305356,0.4320689413405587,-0.6461863773372254,-0.10380184689732325,-0.41372433775269624,1.8005021729753352,0.8488613435705358
1771888907513408768,2.127408742904663,-0.9210092425346375,-0.6381040811538696,0.4150629937648773,0.8945000767707825,0.3965274691581726,0.20648466050624847,-0.01156538724899292,0.08258333802223206,0.00871005654335022,-0.6203403339080605,0.4331439700529147,-0.6446926649242208,-0.10925042248668179,-0.40773111052076777,1.7976605292293844,0.8571955456143349
1771888907523439616,2.137439727783203,-1.051561951637268,-0.6774131655693054,0.41335004568099976,0.8974728584289551,0.3907814025878906,0.20452949404716492,-0.024181842803955078,0.050045013427734375,0.006026506423950195,-0.6200582579256587,0.43454119390100204,-0.6429919905150313,-0.11516497627317182,-0.40148033799640404,1.7948644784704855,0.8667694460748648
1771888907533470720,2.147470712661743,-1.1860020160675049,-0.6578142642974854,0.4210548400878906,0.9004502892494202,0.38476189970970154,0.20284801721572876,-0.03947323560714722,0.016315311193466187,0.03470072150230408,-0.6195203571851552,0.4363068901784537,-0.6411398477582826,-0.12153362862957082,-0.39494984624122337,1.7923715235508215,0.8777049415684146
1771888907543501568,2.157501697540283,-1.0033347606658936,-0.6224400401115417,0.4569302797317505,0.9034152030944824,0.37853097915649414,0.20138347148895264,-0.03154325485229492,0.08139944076538086,-0.025861620903015137,-0.6188331678182507,0.4379799621189942,-0.6394257511902854,-0.12788199394886568,-0.3882086549092646,1.7901239512140712,0.8885213556236444
1771888907553532672,2.1675326824188232,-0.6564081311225891,-0.6264827251434326,0.49241238832473755,0.9064587354660034,0.37255826592445374,0.19882848858833313,0.0023699402809143066,0.14833098649978638,-0.07019700109958649,-0.618704936411921,0.4386152766696123,-0.6379897219195114,-0.13337880167939872,-0.38176422483697775,1.786723152677638,0.8961506274312896
1771888907563562752,2.177562713623047,-0.33826664090156555,-0.6185592412948608,0.5017549991607666,0.9095250368118286,0.3670731484889984,0.19499166309833527,0.0032711029052734375,0.19600671529769897,-0.06973215937614441,-0.6192763800331171,0.43812261394065616,-0.636823684046302,-0.13784414743281964,-0.37586054511764944,1.7819878855552926,0.9001668189292182
1771888907573593600,2.187593698501587,-0.2633790671825409,-0.6356606483459473,0.5109671354293823,0.9125691652297974,0.36191490292549133,0.19035537540912628,0.0013254880905151367,0.10614845156669617,-0.07472419738769531,-0.6202816804722965,0.43695861191473595,-0.6358025296819184,-0.1416791635185812,-0.3703212281101274,1.7764403862919105,0.9020297544040289
1771888907583624704,2.197624683380127,-0.36521756649017334,-0.6213933229446411,0.5095359683036804,0.9155914783477783,0.35666418075561523,0.18569651246070862,0.011685192584991455,0.05324795842170715,-0.02512824535369873,-0.6212432909312662,0.4358502407623042,-0.6347305122440766,-0.14563179642050814,-0.36469480329858284,1.7708980179027336,0.9041969395354917
1771888907593655808,2.207655906677246,-0.49653854966163635,-0.6213605403900146,0.48617658019065857,0.9184832572937012,0.35131555795669556,0.18156574666500092,0.013920366764068604,0.01892372965812683,-0.03285360336303711,-0.6218893437299061,0.43517548541225076,-0.6335654405462463,-0.1499027868194492,-0.3589758433314883,1.7659601008753187,0.9077264713904715
1771888907603686912,2.217686891555786,-0.5266570448875427,-0.6468296051025391,0.4763069152832031,0.9213001132011414,0.34595468640327454,0.17754365503787994,0.02743053436279297,-0.00022098422050476074,-0.046516403555870056,-0.6224020319423381,0.4347772866427117,-0.6322503762159932,-0.15441497926292508,-0.3532561000252353,1.7611724560551394,0.9121558374707743
1771888907613715456,2.227715492248535,-0.6335581541061401,-0.6668219566345215,0.46782606840133667,0.9240747094154358,0.34059497714042664,0.17343801259994507,0.017194092273712158,0.009304285049438477,-0.05135251581668854,-0.6228617700268451,0.43456717716640986,-0.630769669853026,-0.1591354134301133,-0.34754963886637785,1.7563261857599284,0.9172480709546688
1771888907623746304,2.237746477127075,-0.5231613516807556,-0.7397528886795044,0.5097444653511047,0.9269507527351379,0.3349892199039459,0.1689504235982895,0.038732051849365234,-0.005368947982788086,-0.03082790970802307,-0.6233800483513575,0.43429306719186683,-0.6291778312433718,-0.16407923752275222,-0.34159379839442805,1.7510820431761445,0.9225081053670313
1771888907633777408,2.2477774620056152,-0.4197622835636139,-0.7667158842086792,0.49445343017578125,0.929860532283783,0.3295717239379883,0.16352824866771698,0.0012152791023254395,0.08934298157691956,0.06919880211353302,-0.624301937588741,0.4335873715274389,-0.6275078621514274,-0.16876851857893657,-0.33584992369777905,1.7448794209661287,0.9265534897668959
1771888907643808256,2.2578084468841553,-0.4554518461227417,-0.8191875219345093,0.48792362213134766,0.9327258467674255,0.32437780499458313,0.15748552978038788,0.014082133769989014,0.04325222969055176,0.0836644321680069,-0.6254774194073839,0.4326795604712664,-0.6257245083297799,-0.17330692447294652,-0.3303538969712061,1.7380631200988848,0.9300019348611008
1771888907653838336,2.267838478088379,-0.6523841619491577,-0.8605748414993286,0.4891201853752136,0.935581386089325,0.3190050721168518,0.15140379965305328,0.015727758407592773,0.007410913705825806,0.07242737710475922,-0.6264840632579065,0.43216202919502394,-0.6236488427893434,-0.17836975404918948,-0.32467952032631037,1.7312340040437668,0.9349380549691108
1771888907663869440,2.277869462966919,-0.7811698317527771,-0.8744298815727234,0.5058901309967041,0.9384396076202393,0.3132907748222351,0.14553312957286835,-0.007272064685821533,0.003039151430130005,-0.01102699339389801,-0.6271798898904193,0.43210645200711395,-0.6213296858575872,-0.18406183713309482,-0.3186562975821782,1.7246506640475547,0.941675777914835
1771888907673900288,2.287900447845459,-0.7979949712753296,-0.8529613614082336,0.5517041683197021,0.9413237571716309,0.3071433901786804,0.1399022489786148,-0.02402639389038086,-0.02664107084274292,-0.05773365497589111,-0.6276247606289638,0.4321737015401265,-0.6190129395533369,-0.19009491894458705,-0.31218988343527304,1.718339196011144,0.9492076292398377
1771888907683931392,2.297931432723999,-0.5753608345985413,-0.8219608664512634,0.5769887566566467,0.9442031979560852,0.3008134961128235,0.13413284718990326,-0.013218700885772705,0.07192817330360413,-0.08321429789066315,-0.6281481835365473,0.4318129263973348,-0.6169311310993967,-0.19586588568627175,-0.30554553341866714,1.711911413253228,0.9556515447248469
1771888907693962240,2.307962417602539,-0.2421732097864151,-0.7732118368148804,0.6079933047294617,0.9470293521881104,0.29462119936943054,0.12780308723449707,-0.000801384449005127,0.11484840512275696,-0.06045079231262207,-0.6291334695884718,0.430460263421332,-0.6153092785554963,-0.20072241152410913,-0.2990590934727004,1.704937484466634,0.9590222337008137
1771888907703992320,2.3179924488067627,-0.1043117418885231,-0.7533084154129028,0.5935307145118713,0.9497238993644714,0.28873786330223083,0.12105755507946014,0.02316117286682129,0.058155447244644165,-0.004877209663391113,-0.6305162738130113,0.428361387151448,-0.6140320032929308,-0.2047448565195233,-0.2929082895557808,1.6975786917343298,0.9598987642462883
1771888907714023424,2.3280234336853027,-0.31371814012527466,-0.7274726033210754,0.5607038140296936,0.9522441625595093,0.2830382287502289,0.11454430967569351,0.06458628177642822,-0.026782125234603882,0.09495890140533447,-0.631782809580434,0.4264512394116521,-0.6127083267282533,-0.20875420898447575,-0.2869604100862104,1.6905099427101042,0.9612034252242033
1771888907724054272,2.3380544185638428,-0.45353570580482483,-0.6809729933738708,0.5170471668243408,0.9545535445213318,0.2774355113506317,0.10889066010713577,0.06451994180679321,-0.019165247678756714,0.12421786785125732,-0.6325432844533534,0.42528696553935313,-0.6112089056600404,-0.21317531788351807,-0.2811238151865059,1.684380293285453,0.96460673156129
1771888907734085376,2.348085403442383,-0.40883302688598633,-0.5726280212402344,0.4523025155067444,0.9565446376800537,0.27236440777778625,0.10411563515663147,-0.005662679672241211,0.06760141253471375,0.04046142101287842,-0.6329904280726061,0.42456653137522304,-0.6097549330662652,-0.2174059463211061,-0.2758494847269163,1.679215070494815,0.9687043492720623
1771888907744116224,2.358116388320923,-0.25723952054977417,-0.4805516302585602,0.4314725995063782,0.9582628011703491,0.267821729183197,0.10001946985721588,-0.026866376399993896,0.06080678105354309,-0.08679009228944778,-0.6333918872887392,0.4237136984483626,-0.6086677555870424,-0.22091847799545922,-0.27113145583031395,1.674795574707607,0.9716660173045479
1771888907754146304,2.3681464195251465,0.02071763202548027,-0.3973645567893982,0.4419263005256653,0.9598549604415894,0.2634817361831665,0.09620674699544907,0.00907808542251587,0.028602004051208496,-0.11264050006866455,-0.6339406251013526,0.42232668178136024,-0.6080654144005012,-0.22364233234492398,-0.26662971596878454,1.6706931954936042,0.9726062683799087
1771888907764177408,2.3781774044036865,0.31284669041633606,-0.3082861006259918,0.3529018759727478,0.9612265825271606,0.259821355342865,0.0923919677734375,0.02853471040725708,0.11826089024543762,-0.0626525953412056,-0.6349151465299928,0.42019504846765604,-0.6079737695749652,-0.22513721909853715,-0.26283719881423157,1.6666207685168781,0.9704852221194448
1771888907774208256,2.3882083892822266,0.3925067186355591,-0.30807557702064514,0.3423086404800415,0.962387204170227,0.25685909390449524,0.08851253986358643,0.09097284078598022,-0.01738762855529785,-0.008861660957336426,-0.6362438824736906,0.4175915187356886,-0.6081723395211743,-0.22569343393391306,-0.2597708437872124,1.6625101729238867,0.9661986930230194
1771888907784239360,2.3982393741607666,-0.09329274296760559,-0.34321677684783936,0.3166496157646179,0.9634894728660583,0.2539157569408417,0.08494123071432114,0.12328726053237915,-0.12681004405021667,0.11182081699371338,-0.637224942172409,0.4157070472839148,-0.6079952851698184,-0.22687844136847807,-0.25672655218761925,1.6587289889983363,0.9641537927507895
1771888907794270208,2.4082703590393066,-0.36919665336608887,-0.3702099323272705,0.33446696400642395,0.9646068811416626,0.25055980682373047,0.08218083530664444,0.06731462478637695,-0.03153508901596069,0.10756219178438187,-0.6373937951675713,0.4151324217118072,-0.6072524099146965,-0.2294316518537541,-0.2532584702480281,1.6557872844515404,0.9665080552393635
1771888907804300288,2.4183003902435303,-0.4118748903274536,-0.3583924174308777,0.3370712697505951,0.9657255411148071,0.24703553318977356,0.0796746239066124,-0.003002643585205078,0.10113957524299622,0.04828561097383499,-0.6372852097175399,0.41497224724944254,-0.6063294049010542,-0.23244445549254092,-0.24961977276454103,1.653112251357603,0.9703048575666566
1771888907814331392,2.4283313751220703,-0.3805181384086609,-0.3444724678993225,0.37872442603111267,0.9668395519256592,0.24339784681797028,0.07732345163822174,-0.01330256462097168,0.07201659679412842,-0.0014872550964355469,-0.6370944899398728,0.4148094173638831,-0.6054707874340908,-0.23547605338943925,-0.24586751843072743,1.6506019435855481,0.9741570433884542
1771888907824362240,2.4383623600006104,-0.3264314532279968,-0.3597851097583771,0.4065416753292084,0.9680617451667786,0.23930247128009796,0.07477249950170517,0.009279072284698486,-0.0013111084699630737,-0.011860482394695282,-0.6369643211831035,0.4143046679306131,-0.6047626730608884,-0.23851679776125106,-0.24164738500983163,1.6478826620277334,0.9774127664352035
1771888907834393344,2.4483933448791504,-0.32123979926109314,-0.3418685495853424,0.36046233773231506,0.9692060351371765,0.23543940484523773,0.07216771692037582,0.012895464897155762,0.038776323199272156,0.02234519273042679,-0.6368933561230418,0.4137972106581889,-0.6040328867877294,-0.24141895535274582,-0.23767066436075143,1.645119827654242,0.9804789165192811
1771888907844423168,2.458423376083374,-0.3123278021812439,-0.338723361492157,0.32934248447418213,0.970245361328125,0.23189318180084229,0.06963761150836945,0.023498475551605225,-0.002156883478164673,0.033389680087566376,-0.6368439330116031,0.41335364803295654,-0.6032889572205924,-0.24415359616262172,-0.2340234739085081,1.6424466546775758,0.9834412391891901
1771888907854454272,2.468454360961914,-0.39225706458091736,-0.3283957540988922,0.308242529630661,0.9711768627166748,0.22866664826869965,0.06728532165288925,0.02476435899734497,-0.019453391432762146,0.03490281105041504,-0.6367143954919215,0.41316418495825413,-0.6024433728005689,-0.24688504391392627,-0.23070782463708758,1.6399680476749434,0.9868832702354735
1771888907864485376,2.478485345840454,-0.36593836545944214,-0.3186131417751312,0.2689444124698639,0.9720430374145508,0.22562648355960846,0.06499860435724258,0.026369929313659668,-0.00042207539081573486,0.023715965449810028,-0.6365543715782375,0.41309408163921857,-0.6015418373430689,-0.24959793164563288,-0.22758606097189643,1.6375649625700783,0.9905314782381301
1771888907874516224,2.488516330718994,-0.4394204318523407,-0.28603604435920715,0.261916846036911,0.972812831401825,0.22285065054893494,0.06303006410598755,0.010432958602905273,0.00983060896396637,0.035785794258117676,-0.6362813092636296,0.41323600369314123,-0.6006255385446916,-0.25225204242050614,-0.22473768698107144,1.6354974525041925,0.9945110177297039
1771888907884547328,2.498547315597534,-0.3732243478298187,-0.2758534550666809,0.29192987084388733,0.973582923412323,0.21995528042316437,0.06128697097301483,0.011524498462677002,0.00621052086353302,-0.01175689697265625,-0.6358990917316812,0.4134000922105574,-0.5997865025352759,-0.25492922164242154,-0.22176862124658764,1.6336632969342009,0.9985952109180366
1771888907894577152,2.508577346801758,-0.27034854888916016,-0.2815811336040497,0.329537957906723,0.9744213223457336,0.2167474329471588,0.05936114490032196,0.008946657180786133,0.04216371476650238,-0.007282853126525879,-0.6356370284262118,0.4131723716612977,-0.599140353833822,-0.257458781289552,-0.2184814535868845,1.631640516698832,1.001765301841363
1771888907904608256,2.518608331680298,-0.13778093457221985,-0.2859175503253937,0.33358705043792725,0.9753033518791199,0.21337497234344482,0.0570477731525898,-0.014167547225952148,0.08258448541164398,0.001790165901184082,-0.6356392775964959,0.412434375672163,-0.5986833653197939,-0.25968986090316526,-0.2150281985017914,1.6292220913220365,1.0035736379815634
1771888907914639360,2.528639316558838,-0.1705971211194992,-0.27609020471572876,0.3033100962638855,0.9761098027229309,0.21028243005275726,0.05468984693288803,-0.030629515647888184,0.07968033850193024,0.027585625648498535,-0.6357437651387414,0.4116427525330587,-0.5982434013108711,-0.26169632905975904,-0.21186383275175596,1.6267661831075544,1.0049649855502476
1771888907924670464,2.538670539855957,-0.18334487080574036,-0.2812386453151703,0.27771899104118347,0.9768584370613098,0.20739015936851501,0.05231646075844765,0.0057923197746276855,0.04856078326702118,0.07341599464416504,-0.6358556839982188,0.41095183005465824,-0.5977263793656327,-0.2636841617153615,-0.20890635361865637,1.6243010408298266,1.0065180763684085
1771888907934701568,2.548701524734497,-0.3790135979652405,-0.2697125971317291,0.24872994422912598,0.9775139689445496,0.20478443801403046,0.05029730126261711,0.0048010945320129395,0.0067023783922195435,0.09435606002807617,-0.6357301031059809,0.41076102136190024,-0.5970125918236469,-0.2658920907324572,-0.2062434753979347,1.6222052957628814,1.0093188126809922
1771888907944731136,2.5587313175201416,-0.3551096022129059,-0.2744980454444885,0.2630460262298584,0.9781684279441833,0.20209050178527832,0.04843268170952797,-0.0001259446144104004,-0.008487030863761902,0.046415917575359344,-0.6354186679361643,0.4108284418645611,-0.5961848133482212,-0.26837787619640296,-0.20349198924660125,1.6202695638231648,1.0130116805858165
1771888907954762496,2.5687625408172607,-0.24386610090732574,-0.2677903473377228,0.2884150445461273,0.9788263440132141,0.199349507689476,0.046462610363960266,-0.023366808891296387,-0.002770528197288513,-0.013717293739318848,-0.6352227274633392,0.4106473803634309,-0.5954830258808417,-0.2706673188352292,-0.20069406204924276,1.6182283977619936,1.0159774724500783
1771888907964793344,2.578793525695801,-0.13021595776081085,-0.266580194234848,0.28730395436286926,0.9795091152191162,0.19648301601409912,0.044229187071323395,-0.005113422870635986,0.032383546233177185,-0.02221072092652321,-0.6352478347897842,0.41002726899591524,-0.5949724638559359,-0.27266376122755365,-0.19776971429943413,1.6159201190729073,1.017724143909579
1771888907974824448,2.588824510574341,-0.026447925716638565,-0.24214528501033783,0.2575271725654602,0.980148196220398,0.19378966093063354,0.04189483821392059,-0.02647387981414795,0.07476501166820526,0.015081524848937988,-0.6354732448143064,0.4091174697511131,-0.5946177889063753,-0.27427429076790244,-0.19502357934026296,1.6135136954013019,1.0183861333075017
1771888907984855296,2.598855495452881,-0.039512597024440765,-0.2299565225839615,0.22390209138393402,0.9806931018829346,0.19148273766040802,0.03969039395451546,-0.032008469104766846,0.051498204469680786,0.026105519384145737,-0.6357980563867126,0.40815236345071043,-0.5943541418282086,-0.27552783426378485,-0.19267261827254006,1.6112460317913109,1.0184322323878918
1771888907994885376,2.6088855266571045,-0.21856233477592468,-0.2688731551170349,0.23477818071842194,0.9812064170837402,0.18926739692687988,0.03757376968860626,0.013987064361572266,-0.0013249069452285767,0.061562538146972656,-0.6359410123724258,0.4075832901134544,-0.593854145974669,-0.2771138868499216,-0.1904160067935511,1.6090710676086006,1.0196879093840174
1771888908004916480,2.6189165115356445,-0.40531837940216064,-0.26312604546546936,0.24044431746006012,0.9817388653755188,0.18688443303108215,0.03553704917430878,0.009014248847961426,0.02708953619003296,0.1137702465057373,-0.6357779334056638,0.407514979821497,-0.593043055593803,-0.2793166822657545,-0.18798973498941401,1.6069785969118544,1.022766458662912
1771888908014947328,2.6289474964141846,-0.4915342926979065,-0.2549351155757904,0.26664474606513977,0.9822952151298523,0.18424272537231445,0.033920302987098694,-0.02070164680480957,0.04207561910152435,0.1085968017578125,-0.6352270102143481,0.40788301024722323,-0.5921077624606889,-0.2820043169284323,-0.1853013367951638,1.6053142913907452,1.0273817029554628
1771888908024978432,2.6389784812927246,-0.4536955654621124,-0.2758989930152893,0.27976348996162415,0.9828674793243408,0.18145734071731567,0.032323215156793594,-0.0007965564727783203,0.037063777446746826,0.018900513648986816,-0.6346063829192685,0.40827502748929956,-0.5911625075431658,-0.28480370291643947,-0.1824681856387701,1.6036711264274564,1.0322231850886183
1771888908035009280,2.6490094661712646,-0.26379525661468506,-0.32169216871261597,0.2363654226064682,0.9834205508232117,0.1788364052772522,0.030024565756320953,0.005806684494018555,0.10129967331886292,-0.029520990327000618,-0.6343949800092971,0.40822840936616883,-0.590221863895772,-0.2872815476394518,-0.1798036641379433,1.6013175945016644,1.035777465378597
1771888908045039360,2.6590394973754883,-0.16354186832904816,-0.281531423330307,0.20418564975261688,0.9838933944702148,0.17663590610027313,0.027446307241916656,-0.04128187894821167,0.10531593859195709,0.03998231142759323,-0.6345524950959589,0.4077906279244478,-0.5894318940380461,-0.289170996774798,-0.17756755877747016,1.598684705612391,1.0377444703885477
1771888908055070464,2.6690704822540283,-0.19574160873889923,-0.242601215839386,0.17386369407176971,0.9842807054519653,0.17479678988456726,0.025247858837246895,-0.021237552165985107,0.06136350333690643,0.09874498844146729,-0.6346711482534295,0.4074615124565491,-0.5887266306350233,-0.29080674418605285,-0.17569936945291617,1.596441778889495,1.0395449332195819
1771888908065101312,2.6791014671325684,-0.2250579595565796,-0.21364706754684448,0.1480342298746109,0.9846049547195435,0.1732167750597,0.02342984825372696,0.008513271808624268,0.0276498943567276,0.08812713623046875,-0.6346793247534951,0.407327757669845,-0.5880467855345739,-0.29234768940061506,-0.17409488370549797,1.5945880290314491,1.0415701206053558
1771888908075132416,2.6891324520111084,-0.26444292068481445,-0.22084665298461914,0.1377893090248108,0.9848926067352295,0.17179210484027863,0.021773887798190117,0.020554780960083008,0.01647084951400757,0.0406498908996582,-0.6345847487493504,0.4074112702252547,-0.5872844293110439,-0.2939647640501381,-0.17264852620968077,1.5929006066807223,1.0441063197850176
1771888908085162496,2.699162483215332,-0.23116353154182434,-0.2100382149219513,0.15834039449691772,0.985179603099823,0.170330211520195,0.020211489871144295,-0.01569730043411255,0.0342748761177063,0.005881069228053093,-0.6344472303018227,0.4075068590890503,-0.5865525591891921,-0.2955856064026798,-0.17116476467586458,1.5913089871932,1.0466805497904004
1771888908095193344,2.709193468093872,-0.1667536348104477,-0.137844055891037,0.11060163378715515,0.9854257702827454,0.1690504550933838,0.018926966935396194,-0.03913658857345581,0.1255357414484024,0.01197207160294056,-0.6343268856534893,0.4075469309685646,-0.5859769474728274,-0.29692763434421104,-0.1698661767249803,1.5900008592488426,1.0487489047712966
1771888908105224448,2.719224452972412,-0.05300896614789963,-0.09252903610467911,0.06757640093564987,0.9855919480323792,0.16817471385002136,0.01805409975349903,-0.017513275146484375,0.11324313282966614,0.01360785961151123,-0.6343305301114706,0.40739871654501675,-0.585707551368023,-0.297653817589242,-0.16897771301040768,1.5891123057068546,1.0495640520796583
1771888908115255296,2.729255437850952,-0.11368411779403687,-0.10019214451313019,0.04488866776227951,0.9856869578361511,0.16768990457057953,0.017365211620926857,0.020981252193450928,0.03615230321884155,0.009886981919407845,-0.6343302274849351,0.4074093923174785,-0.5854060069499991,-0.29823257082669913,-0.16848592671818313,1.5884118745966178,1.050439083022394
1771888908125286400,2.739286422729492,-0.18518519401550293,-0.08055798709392548,0.010455592535436153,0.9857426285743713,0.16742514073848724,0.01674192026257515,0.006536364555358887,0.08042337000370026,0.03645026683807373,-0.6342332225096762,0.4077103534880618,-0.584930105254652,-0.2989603065500633,-0.16821735713716077,1.5877787628156501,1.0520541790121787
1771888908135316480,2.749316453933716,-0.26089993119239807,-0.06596799939870834,-0.025495748966932297,0.985724151134491,0.16756244003772736,0.016456183046102524,-0.007742583751678467,0.10259443521499634,0.0341724157333374,-0.6340134296779052,0.40834326005574517,-0.5843662153783388,-0.2996646433978573,-0.1683566235002253,1.587489288170766,1.0542307698456364
1771888908145347328,2.759347438812256,-0.35416385531425476,-0.09728491306304932,0.05251250043511391,0.9857301115989685,0.16754749417304993,0.016242804005742073,0.020068109035491943,-0.011129677295684814,0.03537774085998535,-0.6335857637729614,0.4092567144563954,-0.5836354540426488,-0.30074506524032935,-0.1683414653185067,1.5872727772527186,1.057485123574542
1771888908155378432,2.769378423690796,-0.31574007868766785,-0.11303883790969849,0.0454399436712265,0.9858406186103821,0.16694432497024536,0.015734838321805,-0.005875527858734131,0.027254238724708557,0.03358149528503418,-0.6331200623281904,0.4100139469489783,-0.5828859088805951,-0.30214471083441397,-0.1677296803555238,1.5867558061708982,1.060949738130794
1771888908165409280,2.779409408569336,-0.18573656678199768,-0.08237306773662567,-0.004571560304611921,0.9858810901641846,0.16675594449043274,0.015194134786725044,-0.027736008167266846,0.15056580305099487,0.06857657432556152,-0.6328582657791717,0.4106311875600737,-0.5822191125210552,-0.3031390807544898,-0.1675386290637414,1.5862068381733132,1.0635418771353649
1771888908175440384,2.789440393447876,-0.11558552086353302,-0.06989961862564087,-0.054486919194459915,0.9858371615409851,0.16705644130706787,0.014742895029485226,0.026690304279327393,0.14767135679721832,0.09183967113494873,-0.6328117236827011,0.41108400017197244,-0.5817055888767072,-0.30360814769886063,-0.16784339146526822,1.585749908081545,1.0650366022746158
1771888908185470464,2.7994704246520996,-0.03889847174286842,-0.06845671683549881,-0.08438783138990402,0.9857160449028015,0.1678123027086258,0.014238187111914158,0.050950706005096436,0.15364457666873932,0.08125126361846924,-0.6329536909525488,0.41146515099201586,-0.5812189976974993,-0.30372757273470613,-0.16861007912001064,1.5852398346599967,1.0658595458151179
1771888908195501312,2.8095014095306396,-0.03952750936150551,-0.08527098596096039,-0.08886886388063431,0.9855777621269226,0.1686800718307495,0.013548136688768864,0.011690914630889893,0.06899084150791168,0.07022261619567871,-0.6332535376587709,0.41168592035645046,-0.5807656769405034,-0.3036707167384879,-0.16949039905539853,1.5845418519063488,1.0661177550415806
1771888908205532416,2.8195323944091797,-0.15709036588668823,-0.08429013937711716,-0.09448307752609253,0.985348641872406,0.17004463076591492,0.013146496377885342,-0.03483295440673828,0.05320671200752258,0.04874312877655029,-0.6334132222292308,0.412348610797085,-0.5801222899669767,-0.30366830003008044,-0.17087495374933687,1.5841375092858552,1.067248698522091
1771888908215563264,2.8295633792877197,-0.14059332013130188,-0.09017732739448547,-0.07769157737493515,0.9851151704788208,0.17142245173454285,0.012749256566166878,-0.032981932163238525,0.03968292474746704,0.016898514702916145,-0.6334912694739004,0.41317231654112346,-0.5793645356138845,-0.3038325939410608,-0.1722733115898576,1.5837374985957493,1.068921801015917
1771888908225594368,2.8395943641662598,-0.03673269972205162,-0.06549568474292755,-0.06775399297475815,0.9850142598152161,0.1720307618379593,0.012333503924310207,-0.022886693477630615,0.04751266539096832,0.016017315909266472,-0.6335621969160885,0.41356333228232234,-0.5789059700245913,-0.3040264221127391,-0.17289079845557648,1.5833168152629409,1.069883915846349
1771888908235624192,2.8496243953704834,0.002245502546429634,-0.050656285136938095,-0.039279207587242126,0.9848945736885071,0.17274262011051178,0.011948494240641594,-0.02671891450881958,-0.020170003175735474,0.0019980669021606445,-0.6337735133191584,0.4137353988143508,-0.5786166839451189,-0.3039027935204957,-0.1736134735945405,1.5829274816219037,1.0699702573886574
1771888908245655296,2.8596553802490234,0.01660313829779625,-0.03095368854701519,-0.061406344175338745,0.9847146272659302,0.17377299070358276,0.011833501979708672,-0.02829378843307495,-0.016531169414520264,0.028052926063537598,-0.63396677276338,0.41401915994081384,-0.5783639739324928,-0.30359411059154096,-0.1746596632139887,1.5828129376974625,1.0699791531877338
1771888908255686400,2.8696863651275635,0.09584912657737732,0.01613912172615528,-0.09430491179227829,0.9844717979431152,0.17512376606464386,0.01211024820804596,-0.02840203046798706,0.06584297120571136,0.040227413177490234,-0.6341632107418403,0.4143254283454339,-0.5782642677403659,-0.3029550224761391,-0.17603146870507166,1.5830969708478764,1.069535824060183
1771888908265717248,2.8797173500061035,0.042280714958906174,0.02726075053215027,-0.10446619987487793,0.9841904640197754,0.17666871845722198,0.012543867342174053,0.01046895980834961,0.0035375654697418213,0.026289820671081543,-0.6343897937880216,0.41462337910673525,-0.5782381749543296,-0.30212200700832936,-0.17760090302962342,1.5835410016772467,1.0687864580245126
1771888908275748352,2.8897483348846436,0.006766661070287228,0.035006020218133926,-0.11434652656316757,0.9839506149291992,0.17795753479003906,0.013118427246809006,0.01055610179901123,0.01405903697013855,0.022083638235926628,-0.6344406095904052,0.4150478793727408,-0.5781820398813949,-0.30153905445162543,-0.17891045762742194,1.5841279405343713,1.0686575548618151
1771888908285778176,2.899778366088867,-0.045627035200595856,0.05047579109668732,-0.12399249523878098,0.9836795330047607,0.17939871549606323,0.01380083430558443,-0.005835413932800293,0.04101446270942688,0.014534709975123405,-0.6344390333876367,0.41561751904228145,-0.5780678982155345,-0.3009760990615548,-0.18037521333210263,1.5848252132190561,1.0688222390145645
1771888908295809280,2.9098093509674072,-0.09923212230205536,0.03676610440015793,-0.10173086822032928,0.9834381341934204,0.18066824972629547,0.014436185359954834,0.008077919483184814,0.011806100606918335,0.02091848850250244,-0.6343329880104276,0.4163058775361752,-0.5778473059858739,-0.30067185908321337,-0.1816658445693623,1.585474574502116,1.0695961954237412
1771888908305840128,2.9198403358459473,-0.08308351039886475,0.03484010323882103,-0.06469108909368515,0.9832420945167542,0.18168364465236664,0.01503748632967472,-0.0036278367042541504,0.00035372376441955566,0.0186082124710083,-0.6341597739150695,0.4169878365634223,-0.577615691890104,-0.30053735457252057,-0.18269831669848788,1.5860889126412039,1.0706220454752031
1771888908315871232,2.9298713207244873,-0.04667454585433006,0.031783197075128555,-0.06705278158187866,0.9831364750862122,0.1822182685136795,0.015462927520275116,0.007311463356018066,0.046129509806632996,0.03649318218231201,-0.6340175135430545,0.41740008504766213,-0.5775020629492187,-0.3004834756976833,-0.18324202615153298,1.5865231892890577,1.0712891903132382
1771888908325902336,2.9399025440216064,-0.07483348250389099,0.02435191161930561,-0.06791351735591888,0.9830247759819031,0.1827722042798996,0.01602187752723694,0.023322880268096924,0.026364758610725403,0.04391467571258545,-0.6338490269760306,0.41781926616834325,-0.5774409059220351,-0.30037399378200097,-0.18380542191451127,1.587093433052565,1.071890947112756
1771888908335932160,2.949932336807251,-0.09742827713489532,0.006692357361316681,-0.08003409951925278,0.9827781319618225,0.1840379536151886,0.01664518192410469,0.027567267417907715,0.004224956035614014,0.048891305923461914,-0.6337153416228808,0.4185628429353553,-0.5771721906645582,-0.3001369855459424,-0.18509300132776704,1.5877315745350686,1.0728710432589936
1771888908345963264,2.959963321685791,-0.08011613041162491,0.008656438440084457,-0.06984643638134003,0.9826380610466003,0.18471737205982208,0.017369471490383148,0.004971683025360107,-0.006387919187545776,0.03930163383483887,-0.6334560452826004,0.4191620484103528,-0.5770510489807035,-0.3000809828737696,-0.18578428104280656,1.5884708539015382,1.0738850900653227
1771888908355994112,2.969994306564331,-0.11979589611291885,0.005181013606488705,-0.08225623518228531,0.9824848771095276,0.18546997010707855,0.018004968762397766,0.0013712048530578613,-0.007155776023864746,0.026962755247950554,-0.6332312249393243,0.41977455496143573,-0.5768811033369379,-0.30002607385377034,-0.1865501049236517,1.5891202256746464,1.0749200273962447
1771888908366025472,2.98002552986145,-0.13283739984035492,-0.0007162909023463726,-0.06423462182283401,0.9821867346763611,0.18699395656585693,0.01850327104330063,-0.0031523704528808594,0.010500505566596985,0.019826767966151237,-0.6331100977887473,0.4206969625069763,-0.5764249311624631,-0.29986647865830757,-0.18810123614940033,1.5896329513862142,1.0763333092791874
1771888908376056320,2.9900565147399902,-0.1299542486667633,0.011785652488470078,-0.06332621723413467,0.9820483326911926,0.1876554936170578,0.019143400713801384,-0.007362663745880127,0.038327157497406006,0.03838229179382324,-0.6328146836794044,0.4213897038810547,-0.5761965097468507,-0.29995642045921983,-0.18877469544840234,1.5902871972402755,1.0777377704863065
1771888908386086144,3.0000863075256348,-0.07415730506181717,0.026997895911335945,-0.04947857931256294,0.9819542169570923,0.18807339668273926,0.019856736063957214,-0.013707756996154785,0.03536103665828705,0.030253171920776367,-0.6324995917444843,0.42194713276019485,-0.5760980688899343,-0.3000265096857818,-0.18920016442238313,1.5910152219053235,1.0788776371331774
1771888908396117504,3.010117530822754,0.005153140984475613,0.03844336047768593,-0.04981813207268715,0.9816641807556152,0.18945041298866272,0.021066855639219284,-0.01520305871963501,0.028368785977363586,-0.0009099263697862625,-0.6322817920915145,0.4226760355938133,-0.5760888789518129,-0.29947663285134907,-0.1906023868730089,1.592253380680234,1.0793940027201445
1771888908406148352,3.020148515701294,0.026721283793449402,0.05554724857211113,-0.06596940755844116,0.9814432263374329,0.19040547311306,0.02269526571035385,-0.012815237045288086,0.028405606746673584,0.007929088547825813,-0.6319442990994409,0.42321436360839276,-0.5764002390598021,-0.2988291118544276,-0.19157515174961354,1.5939165862884666,1.0794503300943878
1771888908416179456,3.030179500579834,0.024764567613601685,0.07652589678764343,-0.08202960342168808,0.9813237190246582,0.19078217446804047,0.024608189240098,-0.01934880018234253,-0.007447883486747742,0.0007823649793863297,-0.6314521310123621,0.4235914612644442,-0.5769526567865947,-0.2982682227498608,-0.19195889510777062,1.5958675972798626,1.0793743893177776
1771888908426210304,3.040210485458374,-0.05721844732761383,0.06380105018615723,-0.07499433308839798,0.9811848402023315,0.19130973517894745,0.02601657621562481,0.005265295505523682,-0.06812554597854614,-0.0003513116389513016,-0.6310587530118115,0.42407566708743455,-0.5772071697839742,-0.2979204004784128,-0.19249636090800898,1.5973055841603767,1.079787746033332
1771888908436240384,3.0502405166625977,-0.05567638948559761,0.07208681106567383,-0.10373570024967194,0.9810449481010437,0.19187073409557343,0.02713722363114357,-0.006664454936981201,-0.004874289035797119,0.012001512572169304,-0.6307149035974031,0.4246032707712481,-0.5773046635653855,-0.29770804119876215,-0.19306794949977185,1.598450825828068,1.0804703876894315
1771888908446271488,3.0602715015411377,-0.08178574591875076,0.08383188396692276,-0.10154764354228973,0.9807915091514587,0.19299359619617462,0.028309635818004608,-0.019060611724853516,0.012969538569450378,0.02564549446105957,-0.6304254140217177,0.4253342002045147,-0.5772743161645376,-0.2973364435015066,-0.19421218856201675,1.5996523858839917,1.0812749394945522
1771888908456302336,3.0703024864196777,-0.045916344970464706,0.09674302488565445,-0.0964900329709053,0.980465292930603,0.19442972540855408,0.02974516525864601,-0.010464131832122803,0.03591693937778473,0.02666652202606201,-0.630113501929382,0.4261820808984318,-0.5772706611006765,-0.29679009975261894,-0.19567605490891998,1.6011248282455894,1.0820388183706382
1771888908466333440,3.0803334712982178,0.0258965902030468,0.10625024139881134,-0.07901543378829956,0.9801603555679321,0.1957581639289856,0.03105601854622364,-0.014233231544494629,0.0454222708940506,0.02057969570159912,-0.6299037661612077,0.42681945775009184,-0.5773674394346485,-0.2961304873304924,-0.1970305142297663,1.6024703613056206,1.0822479863297116
1771888908476363520,3.0903635025024414,0.005191667936742306,0.10225323587656021,-0.08334892988204956,0.9798867702484131,0.19699953496456146,0.03182806447148323,-0.013212025165557861,0.019232749938964844,0.005952712148427963,-0.6299088432099926,0.42721342969653203,-0.5774103542019219,-0.2954670837358893,-0.19829652828545402,1.6032662788941903,1.0819837844299836
1771888908486394368,3.1003944873809814,-0.01033828966319561,0.09557455778121948,-0.07081689685583115,0.9796411991119385,0.19806323945522308,0.03277546912431717,-0.0028955936431884766,-0.0007213056087493896,0.022522330284118652,-0.6297837451772609,0.4276817744548237,-0.5774738388952596,-0.29493181451188094,-0.19938162588158903,1.604240458067875,1.0820624766440448
1771888908496425472,3.1104254722595215,0.031202495098114014,0.08997752517461777,-0.05925744026899338,0.9795204997062683,0.19851991534233093,0.033603910356760025,-0.014447987079620361,-0.002063065767288208,0.002300020307302475,-0.629625803275567,0.4279063817178691,-0.5776660663524424,-0.29456627018068526,-0.1998475542278722,1.6050893688446608,1.0819584042374095
1771888908506456320,3.1204564571380615,0.027947314083576202,0.07023711502552032,-0.040280021727085114,0.9795930981636047,0.19803935289382935,0.03431975841522217,-0.010507404804229736,-0.037165939807891846,-0.008105158805847168,-0.6293776606344577,0.4278032505323445,-0.5780521247122455,-0.2944892408796674,-0.19935725333128979,1.6058167131456087,1.0817023629004956
1771888908516487424,3.1304874420166016,0.035194043070077896,0.07782591879367828,-0.053227510303258896,0.9795032739639282,0.19835370779037476,0.035060446709394455,-0.008464455604553223,-0.01617904007434845,0.020618915557861328,-0.6292539032589933,0.4279137627570913,-0.5782906144870688,-0.29412469067196645,-0.19967797518109043,1.6065751607489784,1.081390404921301
1771888908526517504,3.140517473220825,0.05139138922095299,0.08860107511281967,-0.05277157947421074,0.979327917098999,0.1990376114845276,0.0360674224793911,-0.0028569698333740234,-0.005357816815376282,0.025654315948486328,-0.6291226378945354,0.4281417498734286,-0.5785571308081606,-0.29354898698477383,-0.20037578882180354,1.6076084390160728,1.0809839824904726
1771888908536548352,3.1505484580993652,0.030906442552804947,0.09389756619930267,-0.046246036887168884,0.9791013598442078,0.19995427131652832,0.03713392838835716,0.006006062030792236,-0.02310490608215332,0.006689310073852539,-0.6289954526910575,0.4284723095564344,-0.5787732233777415,-0.29291264926808736,-0.20131125033347036,1.6087046987385298,1.0806741773457547
1771888908546579456,3.1605794429779053,0.03056022897362709,0.10338747501373291,-0.052932966500520706,0.978830099105835,0.20108023285865784,0.038188498467206955,-0.003152608871459961,0.007583692669868469,-0.006389141082763672,-0.6289042287823902,0.42885919266156897,-0.5789421744876587,-0.29220749827838005,-0.20246055096644416,1.6097909782303175,1.0803613715363565
1771888908556610304,3.1706104278564453,-0.03112754598259926,0.10541266947984695,-0.03395821154117584,0.9786459803581238,0.2017759531736374,0.03922610729932785,0.013358473777770996,-0.03191511332988739,0.004887104034423828,-0.6287099659579265,0.4292021836453117,-0.5791360287791953,-0.29173752757005084,-0.20317083290298893,1.6108569045301615,1.0803293899188295
1771888908566641408,3.1806414127349854,-0.04132372513413429,0.10738047957420349,-0.028120294213294983,0.9785493612289429,0.20197397470474243,0.040593065321445465,0.008572220802307129,-0.013085424900054932,0.0013686418533325195,-0.628256929938106,0.42961933696368226,-0.5794167398926031,-0.2915420370967635,-0.20337301946275457,1.6122554575092647,1.0808724592298402
1771888908576672256,3.1906723976135254,0.0359858013689518,0.11082728207111359,-0.009138082154095173,0.9784793853759766,0.20210449397563934,0.041611649096012115,-0.004114329814910889,-0.002580612897872925,-0.022873885929584503,-0.6279738419606182,0.42981115936782516,-0.5797138875888509,-0.29127803139746766,-0.2035062798517648,1.6132975687453721,1.080883173875404
1771888908586702336,3.200702428817749,0.0479002520442009,0.11692778766155243,-0.01931348815560341,0.9786187410354614,0.2012861669063568,0.04229983687400818,-0.0019189119338989258,0.006080761551856995,-0.014650944620370865,-0.6277277184380731,0.42951272941442054,-0.5802316202900966,-0.2912181218810043,-0.20267078467513291,1.613993458800533,1.080300703106013
1771888908596733440,3.210733413696289,0.031033560633659363,0.10830699652433395,-0.0002532443031668663,0.9786176681518555,0.2009890377521515,0.04371489956974983,0.011906623840332031,-0.022842660546302795,-0.00990140438079834,-0.6272979059540227,0.4295671539089434,-0.5808007483314465,-0.29092947665750724,-0.20236745635363837,1.6154366977433758,1.0800532614873286
1771888908606765056,3.2207651138305664,0.036477863788604736,0.10817064344882965,-0.00429485784843564,0.9785822033882141,0.20085638761520386,0.045094288885593414,0.013651013374328613,-0.018758028745651245,-0.005619768053293228,-0.6269140540430165,0.4296418404013879,-0.5813389997572819,-0.2905710984904576,-0.2022320507161062,1.6168449978559416,1.0797341812218226
1771888908616795904,3.2307960987091064,-0.022674493491649628,0.08159908652305603,-0.0046983263455331326,0.9786468744277954,0.20032888650894165,0.04602765664458275,0.021490395069122314,-0.04403311014175415,0.013222213834524155,-0.6265626781271619,0.42961517108186187,-0.5817599444538705,-0.2905259988733127,-0.20169360055340105,1.6177936288976802,1.079679427945042
1771888908626825984,3.24082612991333,-0.06522088497877121,0.07170571386814117,0.014268173836171627,0.9785968065261841,0.20046496391296387,0.04649835079908371,0.018809199333190918,-0.05025742948055267,0.018946528434753418,-0.6263833225303965,0.4298449365987971,-0.5817924944829703,-0.29050772933249225,-0.2018324978226859,1.6182759498240762,1.0800967801368975
1771888908636857088,3.25085711479187,-0.043359000235795975,0.060523901134729385,0.0061924047768116,0.9787330627441406,0.1996210813522339,0.04725528508424759,0.002315521240234375,-0.011831164360046387,0.009812593460083008,-0.625944122583046,0.4298843826019817,-0.5820885331988458,-0.290802946221168,-0.20097120705998056,1.6190409585622139,1.0806662719333429
1771888908646887936,3.26088809967041,0.023194726556539536,0.05363136902451515,0.016870349645614624,0.9787900447845459,0.19922778010368347,0.04773412644863129,0.002853691577911377,0.005514711141586304,-0.008808963000774384,-0.6257251287788587,0.4298749630229202,-0.5823011068455358,-0.2908627127149025,-0.2005698343230396,1.6195262212039097,1.080771557154884
1771888908656919040,3.27091908454895,0.03956739604473114,0.05585617572069168,0.02556397020816803,0.9788215160369873,0.19911602139472961,0.047552965581417084,-0.004135847091674805,0.00899861752986908,-0.023672938346862793,-0.6258264061484244,0.4296865595844522,-0.5823623808454161,-0.2908003500112034,-0.2004557978111626,1.6193400141859684,1.0803253447224568
1771888908666949888,3.2809500694274902,0.09679153561592102,0.07276006042957306,0.050024040043354034,0.9788538217544556,0.19894622266292572,0.04759972542524338,-0.014635682106018066,0.006147176027297974,-0.01399993896484375,-0.6259019365392798,0.42941328166429926,-0.5825839813497671,-0.29059757976525935,-0.20028252804679386,1.6193860723206586,1.0795280771712643
1771888908676980992,3.2909810543060303,0.1731763333082199,0.12523964047431946,0.06728585064411163,0.9790281057357788,0.197993665933609,0.04798676818609238,-0.023019134998321533,0.013828873634338379,0.022279977798461914,-0.6258457566143834,0.42878508164886375,-0.5832124292737977,-0.29038560562908083,-0.1993106336563132,1.619771831849347,1.0781002855011972
1771888908687011072,3.301011085510254,0.2109798938035965,0.130537211894989,0.0623273141682148,0.9791784286499023,0.1970815509557724,0.04866545647382736,-0.01184755563735962,-0.0021963119506835938,0.004892945289611816,-0.6258182601685303,0.4279901269733482,-0.5840866201696794,-0.28985984974958506,-0.1983801942066554,1.6204557597804155,1.0759162392942294
1771888908697041920,3.311042070388794,0.25212520360946655,0.11709077656269073,0.06288337707519531,0.9794047474861145,0.19570392370224,0.049661681056022644,0.0034137964248657227,-0.014902561902999878,-0.01452065259218216,-0.6256422420884185,0.4270700441204759,-0.5851854566950045,-0.2893802214027529,-0.19697520484052886,1.6214589231310212,1.0735995831218663
1771888908707073024,3.321073055267334,0.321277916431427,0.11387154459953308,0.05136574059724808,0.9796317219734192,0.1943361461162567,0.050546854734420776,-0.01033252477645874,0.0045163631439208984,-0.03537965565919876,-0.6255836786649726,0.42596492279813836,-0.5863678977220601,-0.28874130249620344,-0.19558064808043282,1.6223484228750813,1.070704059851491
1771888908717103872,3.331104040145874,0.32074466347694397,0.11541324853897095,0.032167281955480576,0.979668378829956,0.19399471580982208,0.0511476956307888,-0.016182661056518555,0.0064599961042404175,-0.0307009220123291,-0.6258285438498291,0.4249839405594214,-0.587335082262345,-0.2876887948007408,-0.19523259595575446,1.6229581630251344,1.067389879063225
1771888908727134976,3.341135025024414,0.25800830125808716,0.09388931095600128,0.03334732726216316,0.9796433448791504,0.1940557062625885,0.051393236964941025,-0.005980074405670166,-0.026117488741874695,-0.01509261503815651,-0.6262058061090379,0.4241336548320792,-0.5880537912326658,-0.2866525256473611,-0.1952947654493209,1.6232094487414679,1.0643147873351937
1771888908737165056,3.3511650562286377,0.14535561203956604,0.07473252713680267,0.03117285668849945,0.9796364307403564,0.19412055611610413,0.05127938091754913,0.00952976942062378,-0.032346904277801514,5.360692739486694e-06,-0.626561197807988,0.42349591523632546,-0.5884648675568194,-0.28597430607265384,-0.19536086850018353,1.623093915957386,1.0621404027124237
1771888908747195904,3.3611960411071777,0.0456942655146122,0.048635680228471756,0.046051669865846634,0.9796411395072937,0.19407005608081818,0.05138365551829338,-0.0004082322120666504,-0.015252247452735901,-0.004829041659832001,-0.6266628349127752,0.42320717267961033,-0.5887168384388387,-0.2856605550449308,-0.19530939355355548,1.6231998130161334,1.0611565205144917
1771888908757227008,3.3712270259857178,0.013471346348524094,0.03305751830339432,0.05445873737335205,0.9796225428581238,0.19397780299186707,0.05207961052656174,-0.0018240809440612793,-0.0026630908250808716,-0.02363717555999756,-0.6264757772872165,0.42320743347189904,-0.5890121167627284,-0.285461539188197,-0.19521535172220594,1.6239092633873042,1.060901924069464
1771888908767257856,3.381258010864258,0.04154638946056366,0.018552878871560097,0.06256992369890213,0.9797101020812988,0.19347432255744934,0.05230524390935898,0.007167339324951172,0.016349300742149353,-0.025251388549804688,-0.6263683217895075,0.42301934174323524,-0.589242953146195,-0.2854998092993559,-0.19470215765724525,1.624134176971709,1.060637863979964
1771888908777288960,3.391288995742798,0.07382141798734665,0.013104315847158432,0.05898771062493324,0.9798804521560669,0.19268091022968292,0.05204520374536514,0.006554603576660156,0.02632853388786316,-0.017194144427776337,-0.6264265846516827,0.42254549388603063,-0.5894725666492165,-0.2855998447046922,-0.19389352739868565,1.6238602950498309,1.0599244187918093
1771888908787319040,3.4013190269470215,0.0692700743675232,0.00834151916205883,0.06320269405841827,0.9799957871437073,0.19227449595928192,0.05137089267373085,0.011856138706207275,-0.00366055965423584,-0.0011236593127250671,-0.6266919954726372,0.4220734985508778,-0.5895247307158583,-0.2856077534841371,-0.1934793671108817,1.623167896463636,1.0590488814604777
1771888908797349888,3.4113500118255615,0.06915636360645294,0.005306448321789503,0.06465597450733185,0.9801039099693298,0.19188722968101501,0.05075179785490036,0.001936495304107666,-0.01718933880329132,-0.005616307258605957,-0.6269426982055714,0.4216171764621086,-0.5895887172769099,-0.28559941530538635,-0.19308475551796583,1.6225321766198522,1.0581810610173619
1771888908807380992,3.4213809967041016,0.044857144355773926,4.484085366129875e-05,0.07839549332857132,0.9803200960159302,0.1908634603023529,0.050435375422239304,-0.0027657747268676758,-0.02844889461994171,-0.010197997093200684,-0.6269768535005564,0.4210810707678025,-0.5898376210700407,-0.28580129178352004,-0.19204170361741763,1.6221988702131656,1.0575088251372737
1771888908817411840,3.4314119815826416,0.06799744069576263,0.006304601207375526,0.08547604084014893,0.980572521686554,0.18958266079425812,0.050359223037958145,-0.008511364459991455,0.009910762310028076,-0.009282588958740234,-0.6268896909013459,0.4205263273387893,-0.5902009988217328,-0.2860589737897316,-0.19073707524073544,1.6221082053241263,1.056904076109522
1771888908827442944,3.4414429664611816,0.13069570064544678,0.009769373573362827,0.09949012100696564,0.9807748794555664,0.18857114017009735,0.0502152256667614,-0.012085914611816406,0.024731457233428955,-0.01934671774506569,-0.626934449415613,0.4198933871345134,-0.5905905153672187,-0.28608664436377207,-0.18970698151930246,1.621951204236941,1.055808716055701
1771888908837473024,3.4514729976654053,0.1609087437391281,0.011057544499635696,0.10408966988325119,0.9809657335281372,0.18771643936634064,0.04968825727701187,-0.007027745246887207,0.01620204746723175,-0.018361926078796387,-0.6271867671244233,0.41910854480228305,-0.590924831847596,-0.28599426639537356,-0.18883673777164942,1.621405462943332,1.0542381161613272
1771888908847503872,3.4615039825439453,0.20228707790374756,0.0157681442797184,0.08900685608386993,0.9810914397239685,0.18721044063568115,0.049107875674963,-0.009350836277008057,0.02676352858543396,-0.01544702798128128,-0.6275684268640968,0.41829119552387,-0.5912583312279227,-0.285663837206651,-0.18832161415239698,1.6208089183287557,1.052247835492758
1771888908857534976,3.4715349674224854,0.18100744485855103,0.015723802149295807,0.09084763377904892,0.9811744093894958,0.18688923120498657,0.04867606610059738,-0.0014685392379760742,-0.0020595043897628784,-0.010132431983947754,-0.6279452056584819,0.41752393381046415,-0.5916179489661519,-0.2852136821187217,-0.18799463304247457,1.6203656919915472,1.0501766218538502
1771888908867565824,3.4815659523010254,0.10765146464109421,0.0025400896556675434,0.08722013980150223,0.9813390374183655,0.1860637366771698,0.04851789399981499,0.002272963523864746,-0.024168014526367188,-0.012293465435504913,-0.628078739787684,0.41682481972671737,-0.5920439311295582,-0.2850581337013187,-0.18715439588649513,1.6201966037898603,1.0486905871902004
1771888908877596928,3.4915969371795654,0.08568819612264633,-0.0006696851924061775,0.08058834075927734,0.9815357327461243,0.1850765496492386,0.048314470797777176,-0.006651699542999268,-0.004732921719551086,-0.014973998069763184,-0.6281391770998527,0.41620152874937155,-0.5923964237727354,-0.28510335704268264,-0.18614976085333093,1.6199799744175667,1.0476408488043185
1771888908887627008,3.501626968383789,0.12427899986505508,0.00564919738098979,0.09132327139377594,0.9817646145820618,0.18393051624298096,0.04803820326924324,-0.018294215202331543,0.01931653916835785,-0.03473258763551712,-0.62820854024782,0.41549862685540595,-0.5927731379792184,-0.2851926301196604,-0.18498369948291912,1.6196878045329663,1.046513117980027
1771888908897657856,3.511657953262329,0.15032142400741577,0.00822447333484888,0.09364289045333862,0.9818836450576782,0.18337436020374298,0.04773101583123207,-0.007945716381072998,0.02312283217906952,-0.03766024485230446,-0.6284244087117028,0.41486219353139764,-0.593089258992771,-0.2849863648507087,-0.18441791853867082,1.6193697724041023,1.0450552559292088
1771888908907688960,3.521688938140869,0.14131595194339752,0.01513590943068266,0.08521930873394012,0.9819656610488892,0.18304362893104553,0.04731264337897301,-0.00367891788482666,0.008133739233016968,-0.022410273551940918,-0.6287271146986116,0.41423452224238627,-0.5933515670439109,-0.2846856214458592,-0.18408150370279305,1.6189406604185292,1.0434639660578955
1771888908917720064,3.5317201614379883,0.11273127049207687,0.02120831608772278,0.07749854028224945,0.982059895992279,0.18261657655239105,0.047006260603666306,0.0006976723670959473,0.006180435419082642,-0.01125490665435791,-0.628950206732079,0.41365984913265574,-0.593623331686706,-0.28446179654181547,-0.1836471257509804,1.6186247877317068,1.0420906264846272
1771888908927751168,3.5417511463165283,0.11339838802814484,0.02289489656686783,0.07668840885162354,0.982108473777771,0.18240146338939667,0.04682375118136406,0.003899097442626953,0.005937740206718445,-0.010629896074533463,-0.6291461483812916,0.41320929181631527,-0.5938602162238956,-0.2841885998817409,-0.18342833664681396,1.618437012157906,1.0408702576721536
1771888908937780736,3.551780939102173,0.08094049245119095,0.030052542686462402,0.06942570209503174,0.9822235107421875,0.1817854940891266,0.046809036284685135,0.0085296630859375,0.006492704153060913,-0.012751460075378418,-0.6292089936344281,0.4127126862340596,-0.5941992564527998,-0.28406260036517134,-0.1828018973268502,1.618416493715874,1.0398023258782834
1771888908947812096,3.561812162399292,-0.03409980982542038,0.024827152490615845,0.055094968527555466,0.982389509677887,0.18087776005268097,0.04684163257479668,0.016557633876800537,0.007171541452407837,-0.02192401885986328,-0.6291157563190924,0.4123425846739628,-0.5944698557289613,-0.2842403726609021,-0.181878866590526,1.6184415651132025,1.0394203698363593
1771888908957842944,3.571843147277832,-0.13540220260620117,0.01303906925022602,0.06888001412153244,0.9824976921081543,0.1802537739276886,0.04697718098759651,0.014084279537200928,-0.020341649651527405,-0.02541649341583252,-0.6288614858420893,0.41243026768755464,-0.5944660332251251,-0.2846834245989769,-0.1812444406774714,1.61857397544816,1.0402536699447482
1771888908967874048,3.581874132156372,-0.14701704680919647,0.007519668433815241,0.06515425443649292,0.9825676083564758,0.17990045249462128,0.04687292128801346,-0.0035178065299987793,-0.003127351403236389,-0.03338408097624779,-0.6286445445742865,0.412719858371347,-0.5942211535127441,-0.2852538294461568,-0.1808852549397063,1.6184647140151955,1.0416213316353102
1771888908977905152,3.591905117034912,-0.17385824024677277,0.017800668254494667,0.05380333214998245,0.9826181530952454,0.17966002225875854,0.046729572117328644,-0.012601792812347412,0.0033233463764190674,-0.037589553743600845,-0.6284385473669041,0.413072091852075,-0.5939160157511668,-0.2858323575299122,-0.18064083775914283,1.6183167114174557,1.0431099388535674
1771888908987934976,3.6019351482391357,-0.1640186607837677,-0.00035756267607212067,0.05914909765124321,0.9827027916908264,0.1791822910308838,0.04678729176521301,0.003488004207611084,0.0007035732269287109,-0.029239654541015625,-0.6281118676131651,0.4134336677532131,-0.5936886798566348,-0.28649939353713966,-0.1801552295842907,1.6183712274255204,1.044762252153077
1771888908997966080,3.611966133117676,-0.12073829770088196,0.013487013056874275,0.04327825456857681,0.9827675223350525,0.17878200113773346,0.04695848375558853,-0.0018867850303649902,0.035512447357177734,-0.015418648719787598,-0.6277945658874607,0.41376661251291913,-0.5935287962888157,-0.28704492886276994,-0.17974836631354185,1.6185418963669913,1.046187448479008
1771888909007996928,3.621997117996216,-0.07050096243619919,-0.0008485168218612671,0.046847954392433167,0.9828320741653442,0.178400456905365,0.047060221433639526,0.013414323329925537,0.026616662740707397,-0.030931711196899414,-0.6275746183375588,0.41394214068236596,-0.5934492519998306,-0.28743713899161843,-0.17936058417316736,1.6186420442641736,1.0470982957722195
1771888909018028032,3.632028102874756,0.019830264151096344,-0.018188225105404854,0.03345971181988716,0.9829010367393494,0.17809292674064636,0.04678462818264961,0.024163901805877686,0.05461890995502472,-0.01860165223479271,-0.6275761372127986,0.41388475402717256,-0.5933731747419781,-0.28767348852328484,-0.17904805566467102,1.6183589425944265,1.0473385115855225
1771888909028058880,3.642059087753296,0.12493324279785156,-0.03723568469285965,0.04098820313811302,0.9829772710800171,0.1778607964515686,0.04605831950902939,0.017083823680877686,0.04906792938709259,-0.0100475512444973,-0.6278892393983132,0.41344459243968834,-0.5933740202129392,-0.287621310393381,-0.17881215630106945,1.617618014910981,1.0464378908578633
1771888909038089984,3.652090072631836,0.09888504445552826,-0.04671986773610115,0.03452977165579796,0.983122706413269,0.17730167508125305,0.04509934410452843,0.010453343391418457,0.026265844702720642,0.0023859739303588867,-0.6282732009988727,0.4127717660215727,-0.5934384063084365,-0.2876163664473671,-0.17824401260775555,1.6166377554272058,1.045185011541877
1771888909048120064,3.6621201038360596,-0.0687020868062973,-0.04940566420555115,-0.03359069302678108,0.9831750392913818,0.17724063992500305,0.044191423803567886,0.005289435386657715,0.08128905296325684,0.027189139276742935,-0.6285957892997206,0.4125019339049744,-0.5932435134104701,-0.2877008396766496,-0.17818199274438734,1.615713759660534,1.0447824921287767
1771888909058150912,3.6721510887145996,-0.17571428418159485,-0.03883052244782448,-0.024004381150007248,0.9831249117851257,0.1775951385498047,0.04387597739696503,-0.015778839588165283,0.12190435826778412,0.054848428815603256,-0.62853678430016,0.41298673226657284,-0.5927730995790168,-0.28810312937454874,-0.17854219893912263,1.6153958281584802,1.0462289106889868
1771888909068182016,3.6821820735931396,-0.17353075742721558,-0.04624902084469795,0.03467384725809097,0.983157753944397,0.1774696409702301,0.043652936816215515,-0.010425090789794922,0.013097420334815979,-0.021100517362356186,-0.6283478659605926,0.4134048998421786,-0.5923874216897516,-0.2887084751699868,-0.178414672593504,1.6151679297045207,1.0478727296317607
1771888909078212864,3.6922130584716797,-0.22045131027698517,-0.09707079082727432,0.02666332572698593,0.9832203984260559,0.17722457647323608,0.043234359472990036,0.028498351573944092,-0.00837080180644989,-0.01849985122680664,-0.6281395186375263,0.4138806085910551,-0.5918783848271919,-0.28952312734402663,-0.17816566116206425,1.6147402147582106,1.0499254222941952
1771888909088243968,3.7022440433502197,-0.19002896547317505,-0.08754386007785797,0.0018535824492573738,0.9832705855369568,0.17711259424686432,0.04254477843642235,-0.011850357055664062,0.030879929661750793,0.0025143586099147797,-0.6280298674343697,0.4143584632138609,-0.5912524453227463,-0.29035514578855304,-0.1780518923822274,1.614037992965758,1.0519935005233787
1771888909098274048,3.7122740745544434,-0.1762133687734604,-0.07749669253826141,-0.008378814905881882,0.9832606911659241,0.1772947758436203,0.04200991615653038,-0.009704232215881348,0.015835702419281006,0.026074767112731934,-0.6279495385959933,0.41487891507728847,-0.5906610228418069,-0.29098861435086815,-0.1782370017775783,1.6134954617995172,1.053845200748163
1771888909108304896,3.7223050594329834,-0.11078695207834244,-0.0650583952665329,-0.03365780785679817,0.9832194447517395,0.17763487994670868,0.041536811739206314,-0.0029491186141967773,0.03760558366775513,0.002713676542043686,-0.6279205507001627,0.4153598080417585,-0.5901225593914741,-0.2914572823052121,-0.17858258986759548,1.6130169386748705,1.0553806448173917
1771888909118336000,3.7323360443115234,-0.0620691254734993,-0.05600697547197342,-0.044922709465026855,0.9831520915031433,0.1781078279018402,0.04110114276409149,-0.02166539430618286,0.01883731782436371,-0.03344118967652321,-0.6280040569780407,0.4156743790823083,-0.589716357438391,-0.29165085668979446,-0.17906320097324016,1.6125774753592625,1.056205552341148
1771888909128366848,3.7423670291900635,-0.0864892527461052,-0.059714093804359436,-0.03634919598698616,0.9830362200737,0.17881932854652405,0.040786921977996826,-0.008167386054992676,-0.028215080499649048,-0.012649774551391602,-0.6280923305759519,0.41606659323657996,-0.5893064154640277,-0.29173036298947874,-0.17978630153319147,1.6122633066001535,1.0570013572894348
1771888909138397952,3.7523980140686035,-0.10469257831573486,-0.043618083000183105,-0.05397586151957512,0.9828615784645081,0.17978622019290924,0.0407443530857563,-0.014905035495758057,0.01470230519771576,0.005962848663330078,-0.6280986753406261,0.416652670564653,-0.5888741188189054,-0.2917531528116194,-0.1807691251928957,1.6122274265505825,1.0580703244282472
1771888909148428032,3.762428045272827,-0.08753196895122528,-0.04736142233014107,-0.05150284990668297,0.9827807545661926,0.1803065985441208,0.040392447263002396,-0.004936516284942627,0.02210123836994171,-0.0005518198013305664,-0.6281428026153361,0.4170356846254042,-0.5884534494590312,-0.291959647897962,-0.18129815481737468,1.611873369309396,1.0590418799701913
1771888909158458880,3.772459030151367,-0.06343594938516617,-0.04544740915298462,-0.04934302344918251,0.9827265739440918,0.18068499863147736,0.040015146136283875,-0.010451912879943848,0.02477458119392395,0.0022059641778469086,-0.6281951173929414,0.417328051329321,-0.5880857674993105,-0.29216987526661914,-0.18168286750950402,1.6114923376012584,1.0598573354770215
1771888909168489984,3.7824900150299072,-0.03764297068119049,-0.06613830476999283,-0.04229843243956566,0.9826360940933228,0.181270033121109,0.039591141045093536,0.007643997669219971,0.02187022566795349,0.0017296075820922852,-0.6283341676232368,0.4175905592080573,-0.5877190616161889,-0.29223383788597007,-0.1822777315555451,1.6110652908696579,1.0603940562072085
1771888909178520832,3.7925209999084473,-0.010980643332004547,-0.08534795045852661,-0.03893459215760231,0.9825669527053833,0.18175697326660156,0.03907410800457001,0.01725006103515625,0.019094496965408325,0.012592080980539322,-0.6285234962091225,0.41773512256417294,-0.5873963063957731,-0.29226920196716677,-0.18277289816972087,1.61054275546547,1.0606725567948179
1771888909188551936,3.8025519847869873,-0.06457515805959702,-0.1025189459323883,-0.035539064556360245,0.982513427734375,0.1822281926870346,0.038210149854421616,0.02111804485321045,0.005546405911445618,0.03603910654783249,-0.6288073324441199,0.41783629718143706,-0.5869564743623594,-0.2923972025330746,-0.18325211372539496,1.6096669436942477,1.0609942942323638
1771888909198582016,3.812582015991211,-0.08869514614343643,-0.12279678881168365,-0.0204077810049057,0.9824953079223633,0.18255551159381866,0.0370982401072979,0.017855525016784668,-0.011428236961364746,0.041789643466472626,-0.6290644712397412,0.41801623551643974,-0.5863544554954152,-0.29279458240002254,-0.18358501364206445,1.6085376022083682,1.0618520382947974
1771888909208612864,3.822613000869751,-0.09785348922014236,-0.1237717717885971,-0.028070494532585144,0.9825335741043091,0.1825704723596573,0.03599674999713898,0.0037334561347961426,0.023911461234092712,0.03108084201812744,-0.6292553571814742,0.41813626403727633,-0.5857989761090737,-0.2933246021674076,-0.18360022595868927,1.6074166104165581,1.0628076708013086
1771888909218643968,3.832643985748291,-0.0676269680261612,-0.1278529316186905,-0.013341083191335201,0.9824938774108887,0.18295922875404358,0.03509475663304329,0.004185140132904053,0.022225692868232727,0.006546497344970703,-0.6294555116190873,0.4183700834628546,-0.5852468292039481,-0.293663686515271,-0.18399564816719283,1.606501221730402,1.063685362565261
1771888909228674816,3.842674970626831,-0.037962280213832855,-0.12533146142959595,-0.0024109375663101673,0.9824704527854919,0.18328838050365448,0.034016288816928864,-0.0012388229370117188,-0.004501163959503174,-0.010670308023691177,-0.629748826355489,0.4184600237058412,-0.5847216030308025,-0.29395274138363336,-0.18433046415719992,1.6054057208448465,1.064221099450444
1771888909238705920,3.852705955505371,-0.018344106152653694,-0.10432231426239014,-0.005256791599094868,0.9824361205101013,0.18364618718624115,0.03306702896952629,-0.007445275783538818,-0.00351618230342865,-0.0019849538803100586,-0.6300461531193673,0.41850124809621775,-0.5842860767232779,-0.29412305540596256,-0.18469445190102088,1.6044418219591572,1.064496744795642
1771888909248736000,3.8627359867095947,-0.03407379984855652,-0.08767782151699066,-0.010751691646873951,0.9824034571647644,0.18395645916461945,0.03230287507176399,-0.0013243556022644043,-0.017772987484931946,0.0077972412109375,-0.6302743718426057,0.41856916763436397,-0.5839103443211391,-0.29428351892694526,-0.1850100954246528,1.6036659607024337,1.064815927830065
1771888909258766848,3.8727669715881348,-0.05690579116344452,-0.07702424377202988,-0.01649293303489685,0.9823643565177917,0.18424706161022186,0.03183373063802719,0.001293480396270752,-0.02624228596687317,-0.0010720491409301758,-0.6303858547245079,0.41872695316054936,-0.583596268714206,-0.2944433043339277,-0.18530576152758696,1.6031902101228457,1.0653113614155314
1771888909268797952,3.882797956466675,-0.06827535480260849,-0.07742238789796829,-0.017108656466007233,0.9823394417762756,0.18438668549060822,0.031790390610694885,0.00456845760345459,-0.02813670039176941,0.0011380873620510101,-0.6302983215435617,0.4190021628724422,-0.5833801361348714,-0.2946672419405954,-0.18544781485899856,1.6031469567024264,1.0661394252415175
1771888909278828800,3.892828941345215,-0.040918126702308655,-0.05595903843641281,-0.027408700436353683,0.9823370575904846,0.18438255786895752,0.03188904747366905,-0.009619832038879395,0.0035293996334075928,0.0024584494531154633,-0.6301655220099839,0.4192193707856761,-0.5832663569816748,-0.2948675357816648,-0.18544361479842733,1.603247360864491,1.066837482023182
1771888909288860160,3.902860164642334,-0.03810209780931473,-0.05022764950990677,-0.022713813930749893,0.9822363257408142,0.184910848736763,0.03193475306034088,-0.011228024959564209,-0.004094183444976807,-0.0043315887451171875,-0.6301630207542418,0.4195180628465434,-0.5830711541967247,-0.2948342477911713,-0.18598114637649493,1.6032971672773078,1.0673183483378474
1771888909298891008,3.912891149520874,-0.07753747701644897,-0.0427582822740078,-0.018688976764678955,0.9821653962135315,0.18532893061637878,0.03169654682278633,-0.009173333644866943,-0.013820096850395203,0.002635721117258072,-0.6302103842963852,0.4197767057342159,-0.582782798972619,-0.2949352204113798,-0.1864065820021609,1.603057236686364,1.0679169180723385
1771888909308920832,3.9229209423065186,-0.1075611561536789,-0.04874134063720703,-0.0006977259181439877,0.9821789264678955,0.18532036244869232,0.03132029250264168,-0.005463838577270508,-0.017122745513916016,-0.004037622362375259,-0.6301841345497325,0.4199870017774846,-0.5824697970243266,-0.29530967194026037,-0.18639786050357224,1.602674106321789,1.0688411240555202
1771888909318952192,3.9329521656036377,-0.1276828497648239,-0.0411812923848629,0.012491579167544842,0.9822142124176025,0.18517056107521057,0.03109816089272499,-0.003530740737915039,-0.007008954882621765,0.011519670486450195,-0.6300443088376797,0.42026998676532556,-0.5821702657050939,-0.2957956447156981,-0.18624542966379462,1.6024470353496978,1.070075395485968
1771888909328983040,3.9429831504821777,-0.10897201299667358,-0.04576938599348068,0.014012777246534824,0.9822942018508911,0.18475787341594696,0.03102491796016693,-0.00043696165084838867,0.013469025492668152,0.017848966643214226,-0.6298196174463047,0.4204987910942819,-0.5819735610758939,-0.29633554880149937,-0.1858254813111689,1.6023699710622963,1.071306132933237
1771888909339014144,3.9530141353607178,-0.04470629617571831,-0.04815224930644035,0.0176922008395195,0.9824017882347107,0.18423348665237427,0.030735772103071213,0.005757331848144531,0.01623646914958954,0.003535507246851921,-0.6297090370390555,0.4205295214631305,-0.5818271287956035,-0.29681410214328935,-0.18529194228689339,1.6020724811380023,1.072078508679624
1771888909349044992,3.963045120239258,0.005582976154983044,-0.05652043595910072,0.01961873099207878,0.982513427734375,0.1837165355682373,0.030263109132647514,-0.0009307265281677246,0.009383469820022583,0.0014447011053562164,-0.6297475920006622,0.4203508088456848,-0.5817531709310568,-0.29713055536015726,-0.18476601261292314,1.601588315822901,1.0722194658586874
1771888909359075072,3.9730751514434814,-0.009713688865303993,-0.06445212662220001,0.024914957582950592,0.9825472831726074,0.1836220771074295,0.029732441529631615,-0.004428267478942871,-0.019559532403945923,0.012427572160959244,-0.6298935094694191,0.4202364188242304,-0.5816077486735561,-0.29726762881015023,-0.1846699166560784,1.6010476672676135,1.0721952209835017
1771888909369106176,3.9831061363220215,-0.04512068256735802,-0.06245289370417595,0.02768677845597267,0.9826201796531677,0.183326855301857,0.029137128964066505,-0.010772645473480225,-0.022758617997169495,0.020560741424560547,-0.6299865370585305,0.4201340730426156,-0.5814257688869889,-0.29757088842566864,-0.18436960035007385,1.6004401243035127,1.0724443411438187
1771888909379137024,3.9931371212005615,-0.039255425333976746,-0.05622921884059906,0.02780235931277275,0.9827107191085815,0.18290755152702332,0.028713099658489227,-0.018217921257019043,0.0010066479444503784,0.012729763984680176,-0.6299737714624122,0.42009154004024263,-0.581274158829759,-0.2979538588463387,-0.18394308034305612,1.6000062780651145,1.0729329384556339
1771888909389168128,4.003168106079102,-0.012247242964804173,-0.05123871937394142,0.033169958740472794,0.9828107953071594,0.1824444979429245,0.02823510952293873,-0.017722785472869873,0.009297475218772888,-5.2090734243392944e-05,-0.6300033625879411,0.4199631876965376,-0.581161316208336,-0.2982923396929329,-0.1834721124253964,1.5995173641291975,1.0731981284084722
1771888909399198976,4.013199090957642,0.040257953107357025,-0.042164396494627,0.0294916033744812,0.9828839302062988,0.18209785223007202,0.027920210734009743,-0.013386249542236328,0.011444613337516785,-0.012386798858642578,-0.6300676863476944,0.41976632138664,-0.5811680827736833,-0.2984201481809371,-0.18311956237470062,1.5991951065551817,1.0730274560021988
1771888909409229056,4.023229122161865,0.05211727321147919,-0.054490573704242706,0.03381843864917755,0.982914388179779,0.18197782337665558,0.02762814424932003,0.0004839897155761719,0.004835501313209534,-0.004190685227513313,-0.6301928901128935,0.41957535627894893,-0.5811803446360034,-0.2984004764153582,-0.18299749303723975,1.598897321194495,1.0726414838078946
1771888909419259904,4.033260107040405,0.013713073916733265,-0.048855457454919815,0.016819749027490616,0.9829354882240295,0.18194137513637543,0.027115633711218834,0.008183896541595459,0.009937912225723267,0.025939106941223145,-0.6303967875829342,0.41937404704138365,-0.5811051760979317,-0.2983992717056503,-0.1829604263412147,1.5983757142155468,1.072252491608981
1771888909429291008,4.043291091918945,-0.0438237227499485,-0.062159810215234756,0.028556566685438156,0.9829636216163635,0.1818510890007019,0.026699109002947807,0.024711549282073975,-0.00962512195110321,0.033847808837890625,-0.63047672722886,0.4193414745113214,-0.580949465985729,-0.2985793126823417,-0.1828686095598364,1.5979514983215592,1.0724473686511045
1771888909439322112,4.053322076797485,-0.04601648077368736,-0.06351549178361893,0.02490111067891121,0.983056366443634,0.1813962161540985,0.02637907862663269,0.007544338703155518,0.02180512249469757,0.03103971853852272,-0.6304228783480247,0.41931262095277083,-0.5808325621883401,-0.2989607930360043,-0.18240603167630198,1.5976236296215323,1.0729655516826717
1771888909449352960,4.063353061676025,0.006727957166731358,-0.06150001287460327,0.02911876142024994,0.9831517338752747,0.18091297149658203,0.026139535009860992,-0.009549438953399658,0.03274059295654297,0.009443998336791992,-0.6303748010319177,0.41922141696418763,-0.5807952921748789,-0.2992622909162855,-0.18191466503246362,1.5973775527762284,1.0732551523484082
1771888909459384064,4.073384046554565,0.08393130451440811,-0.05965430662035942,0.041057709604501724,0.9832191467285156,0.18061847984790802,0.025627601891756058,-0.007236659526824951,0.02024814486503601,-0.0103383120149374,-0.6305505307943892,0.41892167313591916,-0.5807912129163573,-0.2993193353493704,-0.1816152442533514,1.59685542227347,1.0727825803544941
1771888909469413888,4.083414077758789,0.11853083223104477,-0.05309787020087242,0.033843472599983215,0.9832668900489807,0.1804567128419876,0.0249360129237175,-0.0010432600975036621,0.014153912663459778,-0.0007965527474880219,-0.6308796512415621,0.41847883095068555,-0.5808127705629663,-0.2992038569500476,-0.1814507701760422,1.5961512630827626,1.0717805174266666
1771888909479444992,4.093445062637329,0.08062756806612015,-0.04694583639502525,0.02418684959411621,0.9833049178123474,0.1803572177886963,0.02414477989077568,0.004839062690734863,-0.021650537848472595,-0.003545403480529785,-0.6312721288510794,0.417991407720293,-0.5808231853293974,-0.2990371566741041,-0.18134961872403163,1.595346116217004,1.0706151619626139
1771888909489475840,4.103476047515869,0.026714272797107697,-0.057255201041698456,0.033597130328416824,0.9833534359931946,0.18017150461673737,0.023546921089291573,0.02107173204421997,-0.04595518112182617,0.01690411940217018,-0.6314977013702806,0.4176956084859028,-0.5807786493814718,-0.29906068629229365,-0.18116081221600389,1.5947372843928818,1.070093819826498
1771888909499506944,4.113507032394409,0.009279264137148857,-0.03675658255815506,0.017954256385564804,0.98338383436203,0.18002718687057495,0.023378761485219002,0.0013421177864074707,0.012996509671211243,0.041516900062561035,-0.6315408830757169,0.4175973327718006,-0.5807769355427855,-0.2991100108192205,-0.18101408839361183,1.5945656408309996,1.0699866296726905
1771888909509538048,4.123538017272949,0.043992772698402405,-0.03217115253210068,0.026454534381628036,0.9834475517272949,0.179670512676239,0.023447563871741295,0.004467606544494629,0.023683398962020874,0.016271118074655533,-0.6314900628001637,0.4174565144466617,-0.5809077731854442,-0.29916002195920555,-0.18065150725005916,1.5946340219037285,1.0698197496718396
1771888909519567872,4.133568048477173,0.08442532271146774,-0.028553780168294907,0.02220093086361885,0.9834491610527039,0.17967012524604797,0.023379305377602577,0.007014214992523193,0.039629220962524414,-0.0038938503712415695,-0.6315981460765403,0.4172750131460109,-0.5810087920509107,-0.2989887008426149,-0.18065110561788392,1.594564614789953,1.0692309616791023
1771888909529598976,4.143599033355713,0.11556912958621979,-0.030416928231716156,0.035353220999240875,0.9834248423576355,0.1798461526632309,0.02304709143936634,0.0033306479454040527,0.020532310009002686,-0.014395354315638542,-0.6318770393904248,0.41697710144019506,-0.5810797216248381,-0.2986770550256385,-0.18083005163478433,1.5942275772661718,1.0682045672623228
1771888909539629824,4.153630018234253,0.11330854892730713,-0.027175195515155792,0.04242151603102684,0.9834601283073425,0.17972874641418457,0.02244524471461773,-0.006119370460510254,0.010884061455726624,-0.004912851378321648,-0.6322128779446025,0.4165087013941088,-0.5811567117421009,-0.2984699096072094,-0.18071070130738723,1.593615093957823,1.0670234293674954
1771888909549660928,4.163661003112793,0.09325467795133591,-0.018832044675946236,0.04248596355319023,0.9835139513015747,0.17948195338249207,0.022053489461541176,-0.0030452609062194824,0.003119945526123047,0.0004990082234144211,-0.6324489510920129,0.41606889964953886,-0.5813032042846945,-0.2982976251456331,-0.18045982222125323,1.5932157286556818,1.0659596225083137
1771888909559692032,4.173691987991333,0.07861901074647903,-0.027175195515155792,0.03864062577486038,0.9836370944976807,0.17885525524616241,0.021655535325407982,0.008947193622589111,-0.00806361436843872,0.002544879913330078,-0.632604756613121,0.4155638316405495,-0.5814933101174042,-0.29830099440543806,-0.17982281456941013,1.592808549112064,1.0650526840272205
1771888909569721856,4.183722019195557,0.0588516965508461,-0.030007733032107353,0.03014487773180008,0.9837870001792908,0.1780509650707245,0.021473584696650505,-0.0045999884605407715,-0.008083298802375793,0.008387923240661621,-0.6326306969367015,0.41511501101847353,-0.5817356097489791,-0.2983984658294459,-0.17900541669112563,1.5926203347571823,1.064403592127257
1771888909579752960,4.193753004074097,0.05569816380739212,-0.03046153485774994,0.03472205251455307,0.9838232398033142,0.17784395813941956,0.02152692899107933,0.003435671329498291,-0.012820154428482056,0.004458783194422722,-0.6326576871703072,0.41491724452474704,-0.5818996001671344,-0.29829648257481434,-0.17879504939531216,1.5926737271324014,1.0639016833668729
1771888909589783808,4.203783988952637,0.04293017089366913,-0.02895205467939377,0.02353251352906227,0.983832597732544,0.17781582474708557,0.021328305825591087,0.005272567272186279,-0.0007681101560592651,0.011706946417689323,-0.6327771019406262,0.414752069468029,-0.5819320177860723,-0.29820957594995845,-0.17876645755614873,1.5924717265155106,1.0634653946169543
1771888909599814912,4.213814973831177,0.052156247198581696,-0.02132582850754261,0.02189866453409195,0.9838101267814636,0.1779859960079193,0.02094895765185356,-0.0031428933143615723,0.012657329440116882,0.009736420586705208,-0.6329929678866455,0.41459305322344076,-0.5818823581919111,-0.29806967683438773,-0.1789393931081724,1.5920868089565974,1.0629473422074145
1771888909609847296,4.223847389221191,0.06598550826311111,-0.011834854260087013,0.011970131658017635,0.9838087558746338,0.1780410259962082,0.020537203177809715,0.003129720687866211,0.01914830505847931,0.002442479133605957,-0.633216706030375,0.414364027587253,-0.581868588662962,-0.2979396255665013,-0.17899531518915146,1.5916684945600656,1.0623196769686192
1771888909619878400,4.2338783740997314,0.07449164241552353,-0.00697152316570282,0.016824010759592056,0.9838154911994934,0.17803308367729187,0.020283030346035957,0.002344787120819092,0.019812390208244324,0.0011098384857177734,-0.6333995041177178,0.4141106008163019,-0.5819397957681853,-0.2977643188009889,-0.17898724043656886,1.5914101091987558,1.0615888140002638
1771888909629908224,4.243908405303955,0.023392777889966965,0.002647282090038061,0.02558208256959915,0.9838306903839111,0.17795506119728088,0.02023203857243061,0.0004374980926513672,-0.007773756980895996,0.002549290657043457,-0.6334750935845748,0.41393846192220063,-0.5820403496818611,-0.29764633523350675,-0.17890794730237364,1.5913579816416745,1.0611014406381107
1771888909639939328,4.253939390182495,-0.02128947526216507,-0.0016951351426541805,0.013374683447182178,0.9838845729827881,0.17765310406684875,0.02026073820888996,0.011552989482879639,-0.006892010569572449,-0.0012788791209459305,-0.6334266565567678,0.41384220905280467,-0.5821211172988893,-0.297725212701868,-0.17860110706552693,1.5913860133652042,1.0610562434392201
1771888909649970176,4.263970375061035,-0.06804606318473816,-0.005983623676002026,0.024024665355682373,0.9839259386062622,0.1774015575647354,0.020455222576856613,0.013968348503112793,-0.011279135942459106,0.010230183601379395,-0.6332503576666294,0.41395496624875383,-0.5821244685195565,-0.29793688204039903,-0.17834550295267076,1.5915827238987246,1.0615928071790601
1771888909660001280,4.274001359939575,-0.028132643550634384,-0.000871686264872551,0.012467610649764538,0.9839861989021301,0.17705805599689484,0.020536020398139954,0.008781135082244873,0.018437564373016357,0.023058414459228516,-0.6330972434979137,0.414016405820602,-0.582115474643129,-0.29819447596319326,-0.17799646764951912,1.5916635290758414,1.0621036296657598
1771888909670032384,4.284032344818115,0.04724706709384918,0.005707386881113052,0.008685389533638954,0.9840012192726135,0.17695359885692596,0.020715223625302315,0.008018434047698975,0.03355664014816284,0.02214670181274414,-0.6330381408819125,0.4139936120805965,-0.5822086400601636,-0.2981696499740571,-0.17789033932886109,1.5918452474101035,1.0620359018529562
1771888909680062208,4.294062376022339,0.13631559908390045,0.0020545953884720802,-0.0012860181741416454,0.983977198600769,0.177089124917984,0.02069828286767006,0.010529637336730957,0.036274537444114685,-0.00017523765563964844,-0.6332042969767951,0.4137564055517489,-0.5823699668434857,-0.2978309020665666,-0.1780280364293583,1.5918285523118292,1.0610952176556059
1771888909690093312,4.304093360900879,0.1300656944513321,0.0022569955326616764,-0.008039794862270355,0.9839302897453308,0.1773741990327835,0.02048490010201931,0.006380319595336914,0.014062553644180298,0.00121307373046875,-0.6335245603812243,0.41338961926093876,-0.5825388168326235,-0.29732847014629554,-0.17831770261558547,1.5916127828624407,1.059662965420207
1771888909700124160,4.314124345779419,0.09530229866504669,-0.002976515330374241,0.006961791776120663,0.9838886260986328,0.17762422561645508,0.020311512053012848,0.009336352348327637,-0.013592272996902466,0.0072611551731824875,-0.6337765880190023,0.41311781770135364,-0.5826572103700598,-0.29693666427026505,-0.1785717585726254,1.5914375116110349,1.058570896357312
1771888909710155264,4.324155330657959,0.056264616549015045,0.006262256298214197,-0.0008649725932627916,0.9839128255844116,0.1775040179491043,0.020191233605146408,0.003208637237548828,0.005342006683349609,0.018398283049464226,-0.6339123168875495,0.41283196189814203,-0.5828081915636002,-0.29674815136455224,-0.17844961667028594,1.5913148114455202,1.0577716992454003
1771888909720186112,4.334186315536499,0.04528697952628136,0.008059224113821983,-0.0049997963942587376,0.9839256405830383,0.17743685841560364,0.02015950344502926,-0.0006493330001831055,0.011070206761360168,0.015576599165797234,-0.6339836904089258,0.41266567711844077,-0.5829123350546956,-0.2966224408091373,-0.17838136785250938,1.5912823087323271,1.0572844055182384
1771888909730216192,4.344216346740723,0.06879736483097076,0.013427624478936195,-0.01017112284898758,0.9839385747909546,0.17734932899475098,0.020293036475777626,-0.005499422550201416,0.016666144132614136,0.006409760564565659,-0.6340134914689531,0.4124974583336204,-0.5830886428328448,-0.29644599456335696,-0.178292420868204,1.5914176959556354,1.0567253255024378
1771888909740247296,4.354247331619263,0.08863906562328339,0.020000837743282318,-0.01847246289253235,0.983875036239624,0.17767398059368134,0.020549409091472626,-0.012286782264709473,0.016448363661766052,0.0016216058284044266,-0.6340969791698501,0.41241495215793,-0.5832568999564265,-0.2960515067996816,-0.17862232031719186,1.5916794884008347,1.0559872765864766
1771888909750278144,4.364278316497803,0.0891093760728836,0.01741943694651127,-0.020914312452077866,0.9837746620178223,0.17819726467132568,0.020812414586544037,-0.007135927677154541,0.0032297372817993164,0.009888291358947754,-0.6342269831526391,0.4123544414363118,-0.5834123942020104,-0.29555024838663635,-0.1791540945463794,1.5919488431727313,1.0551235836442825
1771888909760309248,4.374309301376343,0.07561825215816498,0.02500465139746666,-0.015818621963262558,0.9836740493774414,0.1787479817867279,0.020847653970122337,-0.005417764186859131,-0.002020701766014099,0.016856789588928223,-0.6344161691622461,0.4122919746322616,-0.5834716396275976,-0.29511408882664814,-0.17971379760411418,1.5919868148014213,1.0543435398100987
1771888909770340096,4.384340286254883,0.09330271184444427,0.03324899822473526,-0.01823757216334343,0.9836159944534302,0.17905384302139282,0.020965466275811195,-0.010440826416015625,0.022713154554367065,0.0147858876734972,-0.6345550649230841,0.4121471874221413,-0.5836243904085624,-0.29471551372447724,-0.18002467169439743,1.5921077867214326,1.0534826113798805
1771888909780371200,4.394371271133423,0.10100234299898148,0.021220965310931206,-0.011935200542211533,0.9836123585700989,0.17905327677726746,0.021136440336704254,-0.006515800952911377,0.010674521327018738,-0.0014067888259887695,-0.6346492695256781,0.41188511867003436,-0.5838825813669727,-0.29436732692405404,-0.18002408571821515,1.5922816072410129,1.0524975536307164
1771888909790401280,4.4044013023376465,0.10490840673446655,0.027722805738449097,-0.01866873726248741,0.9835829138755798,0.17918367683887482,0.02139362134039402,-0.01272726058959961,0.014923349022865295,0.0014640074223279953,-0.6347339147005526,0.4116812657724741,-0.5841364105279572,-0.29396596396356844,-0.18015663628614706,1.59254360169815,1.05153798136677
1771888909800432128,4.4144322872161865,0.1135597750544548,0.029816582798957825,-0.019104961305856705,0.9835212826728821,0.17949451506137848,0.02162482962012291,-0.013581156730651855,0.022989630699157715,0.00538325309753418,-0.6348768210320219,0.41147964941713144,-0.5843773722035344,-0.29346043283592177,-0.18047259223932954,1.5927799346561617,1.0504207027760646
1771888909810463232,4.424463272094727,0.10412020236253738,0.030254140496253967,-0.02280302718281746,0.9834484457969666,0.1798720806837082,0.02179596573114395,-0.004642963409423828,0.006025716662406921,0.013756988570094109,-0.6350422310127447,0.41129834983090774,-0.5845781815805553,-0.2929561593003698,-0.18085641442972247,1.5929554939990875,1.049337647008797
1771888909820494080,4.434494256973267,0.10596355050802231,0.05665099248290062,-0.03472014144062996,0.9833570122718811,0.1803431659936905,0.022022832185029984,-0.01378321647644043,0.011490285396575928,0.025096293538808823,-0.6352024110278175,0.411157365802293,-0.5847743466027108,-0.29241462342212965,-0.18133531985575185,1.593188144740654,1.0482716354023207
1771888909830525184,4.444525241851807,0.07642883062362671,0.08230229467153549,-0.04093755781650543,0.9832617044448853,0.1807846575975418,0.022654179483652115,-0.008789777755737305,0.004273906350135803,0.045232176780700684,-0.6352198121020498,0.41110306608247454,-0.5850823524109818,-0.291836672827565,-0.18178418903420984,1.5938320788196423,1.04732679314066
1771888909840555264,4.45455527305603,0.010020333342254162,0.11207536607980728,-0.04539542272686958,0.9831546545028687,0.1812283843755722,0.023730671033263206,-0.011108815670013428,-0.0224912166595459,0.06744062900543213,-0.6350287040248704,0.4112673813311588,-0.5854267476923454,-0.2913300439812811,-0.18223537515269125,1.5949289130342914,1.046902371749657
1771888909850586112,4.46458625793457,-0.042581357061862946,0.1447259932756424,-0.054780133068561554,0.9829960465431213,0.18189887702465057,0.025131963193416595,-0.016260206699371338,-0.017500683665275574,0.0745232105255127,-0.6346806429152848,0.41173495524034637,-0.5856964297909303,-0.29088579271702475,-0.18291719518197497,1.5963574551426085,1.0471259983831511
1771888909860617216,4.47461724281311,-0.07760521024465561,0.1309172362089157,-0.06161034479737282,0.9828370213508606,0.18255449831485748,0.026556164026260376,-0.008929550647735596,-0.011808663606643677,0.01999843120574951,-0.6342615430204748,0.41232559691972964,-0.5858887981363086,-0.29057565389010787,-0.18358398530999478,1.5978096593923194,1.0477742024152814
1771888909870648064,4.48464822769165,-0.08581626415252686,0.09410250186920166,-0.05668908730149269,0.9826797842979431,0.18321889638900757,0.027776425704360008,0.013368308544158936,-0.010825052857398987,-0.025182481855154037,-0.6338711227389888,0.41295596983903654,-0.5859655109170433,-0.29037787317290714,-0.184259776676956,1.599054801739176,1.0486534091115045
1771888909880679168,4.49467921257019,-0.06494640558958054,0.07470935583114624,-0.05648642033338547,0.9825248718261719,0.18390363454818726,0.028707819059491158,-0.006435513496398926,0.0049696266651153564,-0.02034604921936989,-0.6335819370922801,0.41352482155435577,-0.5859617152459462,-0.29020673688202847,-0.18495636233861953,1.6000064307107669,1.0494487376635955
1771888909890710016,4.5047101974487305,-0.043519146740436554,0.07237935811281204,-0.05716872215270996,0.9823906421661377,0.18448331952095032,0.029572952538728714,-0.023558855056762695,0.011546328663825989,-0.0013594627380371094,-0.6333347852140466,0.4139764785803432,-0.5860119035160728,-0.2900010095578002,-0.18554613405097842,1.600890285843675,1.049982153477825
1771888909900740096,4.514740228652954,-0.055448420345783234,0.06152058765292168,-0.0628947913646698,0.982247531414032,0.18510258197784424,0.030441787093877792,-0.014123260974884033,0.005540698766708374,-0.003830438479781151,-0.6330967334629576,0.4144313237520863,-0.5860610646595646,-0.28977156126789105,-0.1861762402714391,1.6017783816447333,1.0504860290055775
1771888909910771200,4.524771213531494,-0.06824251264333725,0.03251636400818825,-0.04796776920557022,0.9821271896362305,0.1855984777212143,0.03129631653428078,0.011082649230957031,-0.0110684335231781,-0.020554184913635254,-0.6328113855722156,0.41491490076020676,-0.5860834265764694,-0.28965780011510556,-0.18668088372414013,1.6026513948017471,1.0512175324050963
1771888909920802048,4.534802198410034,-0.047617487609386444,0.024075740948319435,-0.04319405183196068,0.9820492267608643,0.18588371574878693,0.03203963860869408,0.009207427501678467,0.017454877495765686,-0.025783542543649673,-0.6325312438376701,0.4153127113233575,-0.586118734241511,-0.28962802028669454,-0.18697117517810008,1.6034100455830524,1.0519200011960514
1771888909930833152,4.544833183288574,-0.0191927682608366,0.015176257118582726,-0.03809010609984398,0.9819737672805786,0.18617050349712372,0.0326777808368206,0.005727529525756836,0.025606170296669006,-0.028603680431842804,-0.6323235052321508,0.41561284677220756,-0.5861781738178787,-0.28953060343890086,-0.18726305908334923,1.6040617019587664,1.0523407054519796
1771888909940864256,4.554864406585693,0.051060888916254044,0.01242893934249878,-0.029812466353178024,0.9819145202636719,0.18645384907722473,0.0328437015414238,-0.00539785623550415,0.03540891408920288,-0.03850472345948219,-0.6323355145951658,0.4156819251361864,-0.5861999551842227,-0.2893611898427311,-0.18755146045797622,1.6042324957760163,1.0522142559271679
1771888909950894080,4.564894199371338,0.14147122204303741,0.010734902694821358,-0.024109043180942535,0.9818795323371887,0.18667057156562805,0.03266148641705513,-0.00942164659500122,0.03221675753593445,-0.05667877197265625,-0.6325672103177891,0.41542515094047344,-0.5863042615455517,-0.289012123809519,-0.18777205638318417,1.6040483165725459,1.0512166471717106
1771888909960925184,4.574925184249878,0.22239890694618225,0.018986307084560394,-0.02444060519337654,0.9818328619003296,0.18696923553943634,0.032353390008211136,-0.0020813345909118652,0.021160662174224854,-0.04875659942626953,-0.6329756807496397,0.41491540164738655,-0.5865338042909947,-0.28838362393842276,-0.18807606015846928,1.6037364393547227,1.049338683666004
1771888909970956288,4.584956407546997,0.21510957181453705,0.01089589111506939,-0.029807142913341522,0.9817641377449036,0.1873825639486313,0.03204541280865669,0.00760042667388916,0.0032149404287338257,-0.03470039740204811,-0.6334542533075799,0.41432968173758916,-0.5868165137402565,-0.2875986210764009,-0.18849682503433302,1.6034253849607134,1.0470889311893643
1771888909980987392,4.594987392425537,0.21001040935516357,0.009022756479680538,-0.02448641136288643,0.9817092418670654,0.18772679567337036,0.03171498700976372,0.011775374412536621,-0.024610280990600586,-0.0227581225335598,-0.6339171618371449,0.41374321790522084,-0.587089468138611,-0.28686517928017335,-0.1888472880985996,1.603090982622139,1.0449163543668565
1771888909991018240,4.605018377304077,0.21125411987304688,0.012399910017848015,-0.023132726550102234,0.981674075126648,0.18797209858894348,0.0313495472073555,-0.0049436092376708984,-0.013609841465950012,-0.010048266500234604,-0.6343719221038051,0.41312867556214866,-0.5873665567038715,-0.2861776590185548,-0.18909702376811008,1.602720260135697,1.0427633206513285
1771888910001049344,4.615049362182617,0.20821358263492584,0.011119995266199112,-0.030362676829099655,0.9816049933433533,0.1884043961763382,0.030910439789295197,-0.0007242560386657715,-0.005161583423614502,-0.017528533935546875,-0.6348774043061655,0.41255436769197357,-0.5875832825347034,-0.285439105412423,-0.189537195865407,1.6022756179944673,1.040599466389977
1771888910011079424,4.625079393386841,0.17768576741218567,0.010672850534319878,-0.021101534366607666,0.9815096259117126,0.1889951229095459,0.030327796936035156,0.008740007877349854,-0.0157010555267334,-0.006249427795410156,-0.6354269545987742,0.4120501412095214,-0.587689186540477,-0.2847256843515294,-0.1901387243866862,1.6016856332344171,1.0385886123699328
1771888910021110272,4.635110378265381,0.14361408352851868,0.02626539207994938,-0.023087985813617706,0.9814015030860901,0.18964475393295288,0.029765021055936813,-0.005342543125152588,-0.001519128680229187,0.008122563362121582,-0.6359325692593574,0.41166091152575723,-0.5877225570581165,-0.28409017741675385,-0.1908003191940338,1.6011161292706348,1.036900202267446
1771888910031141376,4.645141363143921,0.12981703877449036,0.021188875660300255,-0.03104444593191147,0.9812920093536377,0.19031397998332977,0.02909194678068161,-0.002837538719177246,-0.0019137710332870483,-0.0051051415503025055,-0.6364543663100091,0.4113010739790694,-0.5876881828063883,-0.283513225117462,-0.19148196673160145,1.6004342209502975,1.0353456441628517
1771888910041172224,4.655172348022461,0.11013858765363693,0.011070728302001953,-0.02173137292265892,0.9812094569206238,0.19082720577716827,0.02850967086851597,0.02167433500289917,-0.01602254807949066,-0.005117896944284439,-0.6368826998831519,0.4109975616505723,-0.587652822445369,-0.28306446955951664,-0.1920047676679789,1.5998437968260848,1.034091384958265
1771888910051203328,4.665203332901001,0.12669040262699127,0.0022221081890165806,-0.028494469821453094,0.9811734557151794,0.19109131395816803,0.027975190430879593,0.024609506130218506,0.007532298564910889,-0.0033322609961032867,-0.6372604777266688,0.410626412751443,-0.5876849024353924,-0.28268604938791636,-0.19227383579876822,1.5993005776254996,1.0328291874838824
1771888910061233408,4.675233364105225,0.1486869603395462,0.003149553667753935,-0.028324559330940247,0.9811727404594421,0.191160649061203,0.027524825185537338,0.01568394899368286,0.020127788186073303,-0.002210499718785286,-0.6376107511735415,0.4101550471130926,-0.5878224645860054,-0.28229431976717223,-0.19234446643924,1.5988419576506798,1.0313772631840836
1771888910071264256,4.685264348983765,0.1555909365415573,-0.003963483031839132,-0.022017929702997208,0.9811570644378662,0.19129259884357452,0.027161290869116783,0.01955997943878174,0.011389866471290588,-0.00013792887330055237,-0.6379638860784629,0.40967274690909067,-0.5880041548478739,-0.28181793406715056,-0.19247890048344152,1.5984721767120527,1.029783586338678
1771888910081295360,4.695295333862305,0.15744316577911377,-0.00016075512394309044,-0.01673368364572525,0.9811378717422485,0.19145652651786804,0.026696546003222466,0.012361764907836914,0.01020359992980957,-0.004769686609506607,-0.638355171069124,0.4091780033866584,-0.5881510301514453,-0.28134377893190676,-0.19264590613116228,1.5979993943860993,1.0281654172331578
1771888910091326208,4.705326318740845,0.15867461264133453,0.01077604852616787,-0.02774878591299057,0.9811363816261292,0.1915038377046585,0.02641671523451805,-0.00782400369644165,0.014260947704315186,-0.009235382080078125,-0.6386772141711716,0.40866810112999163,-0.5883865571867825,-0.28086141908783496,-0.19269411818900933,1.5977144341721226,1.0265213730417462
1771888910101357312,4.715357303619385,0.15182816982269287,0.012294849380850792,-0.023030195385217667,0.9810858368873596,0.19176726043224335,0.0263859573751688,-0.002493739128112793,-0.0010933727025985718,-0.013782138004899025,-0.6389431416023369,0.40828338304012646,-0.5886405169259906,-0.2802835203418477,-0.1929625129713143,1.597684492570885,1.0249678410633307
1771888910111388160,4.725388288497925,0.13289415836334229,0.018632905557751656,-0.03759662061929703,0.9810333251953125,0.1920570731163025,0.026227453723549843,0.0027008056640625,-0.008753225207328796,-0.021176815032958984,-0.6392452213100942,0.40789943942054296,-0.5888393453199331,-0.27973543600373213,-0.19325781257366956,1.5975244795146908,1.0234529906047858
1771888910121418240,4.735418319702148,0.08085563033819199,0.014343883842229843,-0.030179183930158615,0.9810022115707397,0.19222392141819,0.026170950382947922,0.008332014083862305,-0.02607092261314392,-0.008882757276296616,-0.6394246857700324,0.40764929467404604,-0.5889885632407943,-0.2793756428911478,-0.19342783495820326,1.597467769100792,1.0224654150805699
1771888910131449344,4.7454493045806885,0.07575833797454834,0.01656389608979225,-0.035111892968416214,0.9809379577636719,0.1925571858882904,0.026128292083740234,-0.0035513639450073242,-0.02204015851020813,0.013529304414987564,-0.6395997308906308,0.40750099425935155,-0.5890730734836606,-0.2790128157757598,-0.19376743052631573,1.597426059808507,1.021651959969425
1771888910141480192,4.7554802894592285,0.09334132820367813,0.02428453229367733,-0.051241859793663025,0.9808177351951599,0.19315902888774872,0.026193857192993164,-0.012220382690429688,0.009996503591537476,0.009832143783569336,-0.6397845303091441,0.40743950272235135,-0.5891434289969798,-0.27852975761921034,-0.19438079557250817,1.5974961207319824,1.0208145586683748
1771888910151511296,4.7655112743377686,0.1299283504486084,0.010756740346550941,-0.042215339839458466,0.9807187914848328,0.1936691254377365,0.02613271027803421,-0.002310037612915039,-0.0026901215314865112,-0.011240126565098763,-0.6400381154099215,0.40723921028001325,-0.5892559549440236,-0.27800152582315185,-0.1949007083724928,1.5974365091038316,1.019658156061892
1771888910161542144,4.775542259216309,0.12671685218811035,0.0012042480520904064,-0.034212544560432434,0.9806277751922607,0.19416038691997528,0.025897378101944923,-0.004187464714050293,-0.0005111396312713623,-0.0038636960089206696,-0.6403612299018229,0.4069654119122523,-0.5893452656569267,-0.27746837745747166,-0.19540148387081901,1.5971991675837227,1.0183545263664606
1771888910171572224,4.785572290420532,0.12481722980737686,-0.0010130996815860271,-0.029835104942321777,0.980535626411438,0.19466997683048248,0.025564881041646004,-0.01633274555206299,0.0004289001226425171,-0.011511564254760742,-0.6407197792457332,0.40667498287425086,-0.5894046990703772,-0.27693995913548913,-0.19592098613095624,1.5968627862887195,1.01702278119383
1771888910181603072,4.795603275299072,0.09328193962574005,-0.008189253509044647,-0.014668135903775692,0.9805057048797607,0.1948733925819397,0.02515619434416294,-0.013861477375030518,-0.02305944263935089,-0.014429213479161263,-0.6410359780417084,0.40632772869015316,-0.5894708426220577,-0.2765768586137407,-0.1961283720455093,1.5964470461637408,1.015838210621798
1771888910191634176,4.805634260177612,0.05196458846330643,-0.009100320748984814,-0.0044847410172224045,0.9805173873901367,0.1948653608560562,0.024766258895397186,-0.010699212551116943,-0.017390325665473938,0.004805330187082291,-0.6412528473560334,0.4060556223620242,-0.5894929691936492,-0.2764267858553494,-0.19612017122217784,1.5960493144216907,1.0151096468273801
1771888910201665280,4.815665245056152,0.07395218312740326,-0.0070715248584747314,-0.002458341885358095,0.980577290058136,0.19459906220436096,0.024481438100337982,-0.006822466850280762,0.0001793503761291504,0.01140725426375866,-0.6413865386679046,0.405752695408554,-0.5895807568349527,-0.27637398772001903,-0.195848683476313,1.5957574926078342,1.0144826742872908
1771888910211696128,4.825696229934692,0.09281454980373383,-0.012996526435017586,0.002077287994325161,0.9806260466575623,0.19436466693878174,0.024396885186433792,-0.0014847517013549805,-0.009611234068870544,0.011781692504882812,-0.6414950543495761,0.40542265973433267,-0.5897719131038512,-0.27619880053648793,-0.19560972918476063,1.5956700834063744,1.0136367665576052
1771888910221727232,4.835727214813232,0.12049341201782227,-0.01783708855509758,-0.002573656616732478,0.9806024432182312,0.19451025128364563,0.02417472004890442,0.004321753978729248,-0.013480037450790405,-0.0013322867453098297,-0.6417307785170712,0.40511774185852323,-0.5898872560890439,-0.27585168882861155,-0.19575814554740745,1.5954442600774497,1.0125639684940946
1771888910231757056,4.845757246017456,0.10688385367393494,-0.02728704735636711,-0.00013526622205972672,0.980611264705658,0.19453009963035583,0.02365369163453579,0.006952762603759766,-0.026530861854553223,0.0007450543344020844,-0.642056197635957,0.40469553049330664,-0.5899562468601546,-0.2755665716098527,-0.1957783822961778,1.5949130247068195,1.0113611714968966
1771888910241788160,4.855788230895996,0.06245069578289986,-0.03411605954170227,-0.0044602397829294205,0.9806094169616699,0.19459646940231323,0.023181915283203125,0.011105060577392578,-0.021348193287849426,0.016597747802734375,-0.6423306873545448,0.4043853417545204,-0.589969027113579,-0.2753549274702134,-0.19584604063535674,1.594432239066996,1.0104682755343843
1771888910251819008,4.865819215774536,0.056900400668382645,-0.030783645808696747,0.0015635639429092407,0.9806088805198669,0.19465871155261993,0.022679176181554794,0.013699650764465332,-0.009981587529182434,0.01182103157043457,-0.6425718662139263,0.40415950670616824,-0.5899107399969834,-0.2752487169834899,-0.19590949057234525,1.593919852013567,1.0098799841848096
1771888910261850112,4.875850200653076,0.06332643330097198,-0.041545748710632324,0.011197282932698727,0.9806670546531677,0.19443081319332123,0.02211313508450985,0.018722712993621826,-0.0034517794847488403,-0.008548138663172722,-0.6427958773738681,0.4038278408911466,-0.5898979931653479,-0.2752399018320276,-0.1956771542926779,1.593341580780345,1.009251877478129
1771888910271881216,4.885881185531616,0.0971139594912529,-0.033896349370479584,0.021676555275917053,0.9807306528091431,0.1941596269607544,0.021658355370163918,0.010297000408172607,0.00235825777053833,-0.012472633272409439,-0.6430044024709759,0.403446780014816,-0.5899659934702286,-0.27516542656054066,-0.19540069768409685,1.592876635104417,1.0084463395779633
1771888910281911040,4.89591121673584,0.12659549713134766,-0.025134282186627388,0.028354432433843613,0.9807699918746948,0.19400161504745483,0.021292291581630707,-0.001628875732421875,-0.0002608299255371094,-0.01245749182999134,-0.6432417790003752,0.4030274255706969,-0.5900974838593985,-0.274943164589134,-0.1952396293000545,1.5925026887866691,1.0073564053038817
1771888910291942144,4.90594220161438,0.1204337552189827,-0.01719672977924347,0.04326573759317398,0.980862021446228,0.19357097148895264,0.02097567729651928,0.0016056299209594727,-0.01556195318698883,0.0008290987461805344,-0.6434492814135753,0.4024830435385538,-0.5903348524938127,-0.2747456570571563,-0.194800667498102,1.5921780094127407,1.0060915617472335
1771888910301972992,4.91597318649292,0.10337504744529724,-0.008223608136177063,0.044375743716955185,0.9809746742248535,0.1930326223373413,0.02065792679786682,-0.0003840327262878418,-0.016915738582611084,0.016085263341665268,-0.6436188041869784,0.40195549666885716,-0.590559685168125,-0.27463744394042217,-0.1942519696080604,1.5918517865241217,1.0049921583577648
1771888910312004352,4.926004409790039,0.08095309138298035,-0.0016714332159608603,0.04728098586201668,0.9811126589775085,0.1923517882823944,0.020472900941967964,-0.0009337067604064941,-0.023208051919937134,0.016102435067296028,-0.6437047322139339,0.40145505762159717,-0.590821705270257,-0.27460505288487097,-0.1935581286262454,1.5916603234933606,1.004064861242175
1771888910322035200,4.936035394668579,0.09448381513357162,-0.002611396135762334,0.03419048339128494,0.9812278747558594,0.19176219403743744,0.020476076751947403,0.0079079270362854,-0.02176399528980255,0.002351045608520508,-0.6437430716096418,0.4010156616949731,-0.5911213724799164,-0.2745120777832908,-0.1929573501902635,1.5916611077853822,1.0031643722500154
1771888910332066304,4.946066379547119,0.08250625431537628,-0.0009301425889134407,0.025888346135616302,0.9813016057014465,0.19138991832733154,0.020418813452124596,0.007238984107971191,-0.012587428092956543,0.009000062942504883,-0.6438301841628452,0.400632706411568,-0.5913567798408614,-0.2743596998647491,-0.19257805046923168,1.59160121116831,1.0022672671790533
1771888910342096384,4.956096410751343,0.07067827135324478,0.006370780058205128,0.025075282901525497,0.9813544154167175,0.19113874435424805,0.020239874720573425,0.0026238560676574707,-0.0003885924816131592,0.0029230117797851562,-0.6439537247578813,0.40030633845541,-0.5915021321429702,-0.274232974478318,-0.1923221421625793,1.5914178319842973,1.0014988279070614
1771888910352127232,4.966127395629883,0.08153650909662247,0.013261710293591022,0.03298886492848396,0.9814009070396423,0.19092009961605072,0.020053651183843613,-0.004044771194458008,0.005201175808906555,-0.018131012097001076,-0.6440948563128807,0.3999652889629026,-0.591654116169553,-0.27407150776766265,-0.1920994023439513,1.59122718257327,1.0006519977579387
1771888910362158336,4.976158380508423,-0.06020393967628479,0.028010293841362,0.003707408905029297,0.9814830422401428,0.1904676854610443,0.020325863733887672,-0.005347788333892822,-0.01717361807823181,0.012938380241394043,-0.6439554565411444,0.39985407015017843,-0.5918442821975392,-0.27415043946056816,-0.19163852627158062,1.5915027043502445,1.0005987858390082
1771888910372189184,4.986189365386963,0.022672567516565323,0.0015547201037406921,0.03391324728727341,0.9815853238105774,0.18993434309959412,0.02037999778985977,-0.003954648971557617,-0.004097551107406616,-0.024820327758789062,-0.643897604748429,0.3996296773318678,-0.5920186816846896,-0.27423698857893036,-0.19109527191938386,1.591555673178023,1.0003469846710324
1771888910382220288,4.996220350265503,-0.04339797422289848,0.021019764244556427,0.028066810220479965,0.9816374182701111,0.1896301805973053,0.020697997882962227,-0.016244351863861084,-0.0040223002433776855,0.027901289984583855,-0.6437398535697902,0.3996240663518679,-0.5921567401144173,-0.27431731685592753,-0.19078547834714535,1.5918783803517609,1.0004811688822952
1771888910392250368,5.006250381469727,-0.005079345777630806,0.014952284283936024,0.03424268215894699,0.9817167520523071,0.18917414546012878,0.021102581173181534,0.008899033069610596,-0.012202724814414978,0.004410145804286003,-0.6435090691413646,0.39964017531988993,-0.592316655801678,-0.2744900156752785,-0.19032103009467363,1.5922886070251625,1.0007990900927317
1771888910402281216,5.016281366348267,0.030536796897649765,0.007852297276258469,0.04056209698319435,0.9818238019943237,0.1886085569858551,0.02118697389960289,7.927417755126953e-05,0.005208596587181091,-0.0174332857131958,-0.6434311053419931,0.39942403385936415,-0.5924980405427974,-0.274595966999382,-0.189745074005642,1.5923721799101311,1.0005930377875993
1771888910412312320,5.026312351226807,0.07040644437074661,0.008238455280661583,0.04187130555510521,0.9819129705429077,0.18813711404800415,0.021247997879981995,-0.015085577964782715,0.01008981466293335,-0.0014878511428833008,-0.643415686488163,0.3991416649458465,-0.5927140375039358,-0.27457667274779846,-0.18926505007551095,1.5924323396544644,1.000080903854487
1771888910422343168,5.036343336105347,0.059431202709674835,0.010443152859807014,0.04645087942481041,0.9819865226745605,0.187750443816185,0.021270371973514557,-0.008399426937103271,-0.0010744184255599976,0.007614493370056152,-0.6434481530154511,0.39882662805658786,-0.5929354994302625,-0.27448017163476396,-0.18887135330479904,1.5924534938899553,0.9993926151052859
1771888910432374272,5.046374320983887,0.019101358950138092,0.0018627145327627659,0.04878513887524605,0.9820616841316223,0.18738076090812683,0.02106000855565071,0.003289937973022461,-0.012621819972991943,0.007351875305175781,-0.6435253231405509,0.39854452036190474,-0.5930364821537198,-0.2744908866051183,-0.18849499763503172,1.5922377301896622,0.9989084892570201
1771888910442405120,5.056405305862427,0.012434134259819984,-0.012584401294589043,0.0623808391392231,0.9821915626525879,0.1866956353187561,0.02109243907034397,-0.003217935562133789,-0.015644535422325134,-0.0065050069242715836,-0.643440248974153,0.39829804069379476,-0.5932157194921551,-0.27466091972934836,-0.1877975574021991,1.5922678987921015,0.9987445340176586
1771888910452435200,5.06643533706665,0.011962754651904106,-0.012648050673305988,0.061477500945329666,0.9823115468025208,0.18610946834087372,0.020676972344517708,-0.014278590679168701,0.0029469579458236694,-0.0034192781895399094,-0.6435013320386717,0.3980248198834058,-0.5932240122553428,-0.27489576138883204,-0.18720094056053185,1.5918425201347406,0.9986030948732381
1771888910462466304,5.07646632194519,-0.0027650585398077965,-0.004627542104572058,0.05910062417387962,0.9824208617210388,0.18551479279994965,0.020823242142796516,-0.014967858791351318,0.004319816827774048,0.007573366165161133,-0.6433773776626648,0.3978581321179165,-0.5933974447654661,-0.27505262662205293,-0.18659572215516324,1.591989000311434,0.998564446004703
1771888910472497152,5.0864973068237305,-0.04199528694152832,-0.008076069876551628,0.050700217485427856,0.9825409054756165,0.18487532436847687,0.020849348977208138,-0.0012480616569519043,-0.007705509662628174,0.008661152794957161,-0.6432494925023645,0.39773440688952677,-0.5934913785362047,-0.27532799327122687,-0.18594500427399982,1.5920129716980753,0.998772030673285
1771888910482528256,5.0965282917022705,-0.03656962886452675,-0.015977934002876282,0.060551781207323074,0.982631266117096,0.18441730737686157,0.020644914358854294,0.0023693442344665527,-0.024322092533111572,0.0042879581451416016,-0.6431899906697152,0.39769023124408726,-0.5934348638252985,-0.27565236875232363,-0.18547896087663696,1.5918030662824467,0.9991758406445684
1771888910492559104,5.1065592765808105,-0.04709870368242264,-0.0016642424743622541,0.04935771971940994,0.9827041625976562,0.18402978777885437,0.02063528634607792,-0.0078505277633667,-0.014489352703094482,0.007990242913365364,-0.6430806862584085,0.39769644833491863,-0.5934266411398191,-0.2759161743104517,-0.18508470524208784,1.5917917137746462,0.9995873477309727
1771888910502589184,5.116589307785034,-0.056899841874837875,-0.017761453986167908,0.013638603501021862,0.9827672839164734,0.18368153274059296,0.020725807175040245,-0.007898509502410889,0.01266855001449585,-0.012531876564025879,-0.6429343678358919,0.39775446973069045,-0.5934258886404913,-0.27617475401549985,-0.18473041243546703,1.5918824328759884,1.0000867077423452
1771888910512620288,5.126620292663574,-0.13609692454338074,-0.04023347422480583,-0.09569135308265686,0.9826971292495728,0.18406951427459717,0.02061322145164013,-0.02133232355117798,0.17110933363437653,-0.05345010757446289,-0.642875072727404,0.39817326416063126,-0.5930975148222934,-0.27641476578007546,-0.18512511384532934,1.5917694192511143,1.0011656358531413
1771888910522651136,5.136651277542114,0.07357871532440186,0.004486461170017719,-0.04634670168161392,0.9825581312179565,0.18482443690299988,0.0204858910292387,-0.05195498466491699,0.1884208619594574,-0.08118534088134766,-0.6429633542657937,0.3985039543297828,-0.5928216800123898,-0.27632461752316717,-0.18589321186121724,1.5916428532095392,1.0015895167872901
1771888910532682240,5.146682262420654,-0.012275473214685917,0.014092748984694481,-0.002707879990339279,0.9825244545936584,0.18499918282032013,0.020516857504844666,0.004169821739196777,-0.01542825996875763,-0.02350759692490101,-0.643055383519324,0.3983960085577585,-0.5929072854429132,-0.2760821310312357,-0.18607103038365205,1.5916750698465714,1.0010365026470938
1771888910542713088,5.156713247299194,-0.11623018980026245,-0.00964986439794302,0.002844810951501131,0.9825314283370972,0.18494702875614166,0.020651856437325478,0.03783899545669556,-0.040110617876052856,-0.003439905121922493,-0.6429009234451811,0.3986275871152406,-0.5928085486312719,-0.2763194487169143,-0.186017957145732,1.5918122615345918,1.0018056424859074
1771888910552744192,5.166744232177734,-0.11917751282453537,-0.004373609554022551,0.0024530598893761635,0.9825390577316284,0.18488825857639313,0.0208126287907362,0.008564949035644531,-0.008710324764251709,0.024505969136953354,-0.6426780104996287,0.3989885686130001,-0.5926334759368893,-0.2766921786090528,-0.18595816476763136,1.5919756555709592,1.0030058260726258
1771888910562774272,5.176774263381958,-0.1305145025253296,0.00037374114617705345,0.0016469210386276245,0.9825420379638672,0.18484511971473694,0.021052028983831406,0.010408222675323486,-0.01136799156665802,0.048055049031972885,-0.6424158442269434,0.39940282982985276,-0.5924553943551922,-0.27708440077154367,-0.18591426055400753,1.592219133983145,1.0043331731047571
1771888910572805120,5.186805248260498,0.0064188530668616295,0.0025119930505752563,-0.006406744476407766,0.9825401902198792,0.1848384141921997,0.021201591938734055,-0.0038567781448364258,0.005728602409362793,0.009987352415919304,-0.6422719972981338,0.39963108707562445,-0.5923645754278635,-0.277283035340216,-0.18590744469072296,1.5923713241546087,1.005039309483343
1771888910582836224,5.196836233139038,0.10666485130786896,0.013485681265592575,-0.026050221174955368,0.9825128316879272,0.18499113619327545,0.02114272117614746,-0.024474501609802246,0.0070101916790008545,0.006017923355102539,-0.6423964400298339,0.3994869296953118,-0.5924369616346833,-0.2770478900590532,-0.18606284928153474,1.5923120344292006,1.0044286930115598
1771888910592867072,5.206867218017578,0.08925656974315643,0.020333999767899513,-0.011957570910453796,0.9824472069740295,0.18534588813781738,0.02108435519039631,-0.004847049713134766,-0.0349399596452713,0.013888837769627571,-0.6426142445625372,0.39926416008725524,-0.5925624930769081,-0.27659512032944406,-0.18642383443668795,1.5922540892356243,1.0033513303679042
1771888910602898176,5.216898202896118,0.049175016582012177,0.0034378408454358578,-0.0025576776824891567,0.982400119304657,0.18560513854026794,0.021001465618610382,0.009390830993652344,-0.039273276925086975,-0.0024925414472818375,-0.6427752874641759,0.3991173412838302,-0.5926264262259174,-0.2762958017108866,-0.186687667609767,1.5921707822936468,1.0026370931055173
1771888910612928000,5.226927995681763,0.020039767026901245,0.0021866881288588047,0.0021286867558956146,0.9824011921882629,0.18560349941253662,0.02095508947968483,0.0007683038711547852,0.004093736410140991,0.0008649807423353195,-0.6428329045749945,0.3990159319381227,-0.5926751480228203,-0.2762032856137991,-0.18668599268203015,1.5921235736206358,1.002318317021459
1771888910622958848,5.236958980560303,0.009303499013185501,0.0030387663282454014,0.024207625538110733,0.9824347496032715,0.18542835116386414,0.02093549631536007,0.00483936071395874,0.00550486147403717,-0.0013583917170763016,-0.642835320455237,0.39891510644240485,-0.5927347514705438,-0.2762155309234647,-0.18650775651857496,1.5921029093223176,1.0021618623232045
1771888910632989952,5.246989965438843,0.004189165309071541,-0.0044375257566571236,0.03754393756389618,0.9824955463409424,0.18510663509368896,0.020932599902153015,0.012560606002807617,-0.011736273765563965,-0.004880309104919434,-0.6427967216056804,0.3988053206464273,-0.5928074026229146,-0.2763080081190461,-0.18618037664486603,1.5920986472293042,1.0021131965336771
1771888910643020800,5.257020950317383,0.004692059010267258,-0.013002251274883747,0.044913701713085175,0.9825789332389832,0.18466779589653015,0.020888883620500565,0.0037949085235595703,-0.006857141852378845,-0.007720591500401497,-0.6427507743876312,0.398661104646936,-0.592885963146651,-0.27645422965676725,-0.18573384117637376,1.592052367167451,1.0020843000871569
1771888910653051904,5.267051935195923,-0.011169461533427238,-0.02062821388244629,0.03472498059272766,0.9826595187187195,0.18425562977790833,0.020736785605549812,0.002142667770385742,-0.008352309465408325,-0.0093079824000597,-0.6427406374354167,0.3985111408687548,-0.5929226454056159,-0.27661533023520546,-0.18531446419894235,1.591895911589903,1.0020610828745227
1771888910663083008,5.277083158493042,-0.0548769049346447,-0.03205357491970062,0.02105790376663208,0.9827108383178711,0.18400143086910248,0.020563824102282524,0.009324073791503906,-0.018214687705039978,-0.005152463912963867,-0.6427100552857118,0.398510780739582,-0.5928499555462433,-0.2768426784073107,-0.18505585247963582,1.5917188838454555,1.0023951897572234
1771888910673112832,5.2871129512786865,-0.06684888154268265,-0.03954637795686722,0.015049279667437077,0.9827582240104675,0.1837741881608963,0.020331934094429016,0.01512080430984497,-0.021130740642547607,-0.008567452430725098,-0.6426615139973786,0.3985945882396282,-0.5926958079989904,-0.27716462405932957,-0.1848246588079158,1.5914820182711549,1.0030145887038944
1771888910683143936,5.297143936157227,-0.0623338483273983,-0.03611196577548981,0.015974726527929306,0.9828750491142273,0.18317869305610657,0.02005668729543686,-0.006343066692352295,0.0008270293474197388,-0.003546716645359993,-0.6425649402777243,0.39858026941012537,-0.5925893283598965,-0.27763639023148934,-0.18421888372606754,1.5911996361673888,1.0036905907559206
1771888910693175040,5.307175159454346,-0.031141038984060287,-0.023834258317947388,0.0238821841776371,0.982901394367218,0.18305572867393494,0.019891805946826935,-0.014837920665740967,0.007023051381111145,-0.000742075964808464,-0.6425215355088449,0.3986816235487516,-0.5924515724954859,-0.2778854367970224,-0.18409380873163295,1.5910314082921904,1.004233968570837
1771888910703206144,5.317206144332886,-0.02739858813583851,-0.024197380989789963,0.027833785861730576,0.9829404950141907,0.1828647255897522,0.019707264378666878,0.0018922090530395508,-0.014590814709663391,-0.008919240906834602,-0.6425141233125036,0.3986745084054374,-0.5923784843940585,-0.2780682404070446,-0.18389951818228548,1.590842936347833,1.0044882518623752
1771888910713236992,5.327237129211426,-0.023837942630052567,-0.02443253993988037,0.03441125899553299,0.9830237030982971,0.18244054913520813,0.01948993280529976,0.005013406276702881,-0.0011966526508331299,-0.01117396354675293,-0.6424785803562898,0.3986032962085361,-0.5923346844595068,-0.2783456876154568,-0.1834680912721936,1.590620242463458,1.0047744499162647
1771888910723267072,5.337267160415649,-0.02296832948923111,-0.01943298801779747,0.03262268006801605,0.983095109462738,0.18208125233650208,0.019240116700530052,0.0003642439842224121,-0.003065168857574463,-0.005568267777562141,-0.6424796908940206,0.39850898094707365,-0.5922927071150235,-0.27856715996907766,-0.18310268026377738,1.5903647914075731,1.00493349371043
1771888910733298176,5.3472981452941895,-0.016799118369817734,-0.025109514594078064,0.04095970839262009,0.9831823706626892,0.18163718283176422,0.018986951559782028,0.002016603946685791,-0.004757285118103027,0.0007121562957763672,-0.6424578835071157,0.39841418921691435,-0.5922496174222213,-0.27884483864783016,-0.18265106569236142,1.5901056554778241,1.0051774965234577
1771888910743329024,5.3573291301727295,0.005622833035886288,-0.022487765178084373,0.03515667840838432,0.9832887053489685,0.18108755350112915,0.01872977986931801,0.0019255280494689941,0.0048255473375320435,-0.004417061805725098,-0.642453641123177,0.398220126602435,-0.5922715769819775,-0.27908513121879164,-0.18209218086872092,1.5898421224106756,1.005193478364055
1771888910753360128,5.3673601150512695,0.010014652274549007,-0.024121347814798355,0.037637945264577866,0.9834009408950806,0.18050965666770935,0.018410593271255493,0.0023320913314819336,-0.006376340985298157,0.010642170906066895,-0.6424813900938489,0.39797172438902084,-0.5923038095990438,-0.27930699911337253,-0.1815045925983239,1.5895154896705908,1.0050840671221861
1771888910763390976,5.37739109992981,-0.0018526590429246426,-0.022562067955732346,0.03632181137800217,0.9834598302841187,0.18021397292613983,0.01815955527126789,-0.0030368566513061523,-0.015434280037879944,0.012525796890258789,-0.6425245607376713,0.39782676103644454,-0.5922952355130316,-0.27943240256830454,-0.18120397682784412,1.5892591976720707,1.0050099808137398
1771888910773422080,5.38742208480835,-0.0030124657787382603,-0.019382519647479057,0.04048752784729004,0.9835149049758911,0.1799345314502716,0.017952602356672287,0.0047054290771484375,-0.019534096121788025,0.007407547906041145,-0.6425458562576128,0.39771609920099715,-0.5922822013111988,-0.27956869761438885,-0.18091990037943068,1.5890478141582727,1.0050144957314375
1771888910783452160,5.397452116012573,0.03491414338350296,-0.020281735807657242,0.03460220992565155,0.9836092591285706,0.17944645881652832,0.017660606652498245,0.007052421569824219,0.007397443056106567,0.0015196818858385086,-0.6425732814771068,0.3975086837176894,-0.5922981932394175,-0.27976655864398664,-0.180423753143454,1.5887492985413503,1.0049413169279002
1771888910793483008,5.407483100891113,0.08724366128444672,-0.007235442288219929,0.03688134253025055,0.9836702942848206,0.17915068566799164,0.017268246039748192,-0.003857553005218506,0.018481209874153137,-0.0016889553517103195,-0.6427410025370655,0.39716996383083475,-0.592359808764051,-0.27973214450356476,-0.180123098969604,1.588349436925139,1.0042814120759576
1771888910803514112,5.417514085769653,0.05948207527399063,0.029621107503771782,0.023491766303777695,0.9837172627449036,0.17889711260795593,0.017211146652698517,-0.014066994190216064,-0.0013458579778671265,0.014115214347839355,-0.6428328981017563,0.3968506456866027,-0.5925496923449647,-0.2795716497517223,-0.1798653642427651,1.5882905710844986,1.0034838940732147
1771888910813544960,5.427545070648193,0.08197087049484253,0.07014749199151993,0.018984898924827576,0.9837517738342285,0.1786704808473587,0.01758454367518425,-0.01623779535293579,-0.025075525045394897,0.03576016426086426,-0.6427863780988827,0.396627168836268,-0.5928567789305533,-0.2793445349757225,-0.17963502198202785,1.5886694026146118,1.002777031833853
1771888910823576064,5.437576055526733,0.022996585816144943,0.12198405712842941,0.019115660339593887,0.9837501049041748,0.17859835922718048,0.018387630581855774,-0.01365751028060913,-0.05967138707637787,0.038436051458120346,-0.6426083349922677,0.39656154474988536,-0.5932392070150756,-0.2790351271102481,-0.17956171561325623,1.5894855139725022,1.0022432945840953
1771888910833606912,5.447607040405273,0.04915095865726471,0.1412259340286255,-0.0019182527903467417,0.9837576746940613,0.17841723561286926,0.019693035632371902,0.0018531084060668945,-0.07197196781635284,0.04178464040160179,-0.6422260177759781,0.3966129015690368,-0.5937547679246575,-0.278745566686693,-0.17937763633883352,1.590811831061743,1.0019732794497838
1771888910843636992,5.457637071609497,0.24930191040039062,0.18602190911769867,-0.030906226485967636,0.983708918094635,0.17852210998535156,0.02112755924463272,-0.0069786906242370605,0.02338215708732605,0.005651591345667839,-0.6419994071509503,0.39643830906971184,-0.5944749336099082,-0.27797993562229184,-0.17948422864541638,1.5922704757748019,1.000597932718906
1771888910853668096,5.467668056488037,0.45429232716560364,0.2143222540616989,-0.061166394501924515,0.9835999011993408,0.17896151542663574,0.02244674041867256,0.008022904396057129,0.03777429461479187,-0.020966650918126106,-0.6421704479691,0.3956664569341472,-0.5955429664540224,-0.2763940721453577,-0.17993082999046933,1.5936133728689856,0.9969421607103428
1771888910863698944,5.477699041366577,0.5255510210990906,0.25851568579673767,-0.05403551459312439,0.9834257364273071,0.1797349452972412,0.023850752040743828,0.023028552532196045,0.011793330311775208,-0.03985727205872536,-0.6425493977845821,0.39458957721661214,-0.5968454087103789,-0.27423487465990887,-0.18071699537732133,1.5950442964544318,0.9919027957566423
1771888910873730048,5.487730026245117,0.5514066219329834,0.2800779640674591,-0.05914319306612015,0.9832568168640137,0.18043430149555206,0.025480953976511955,0.015354514122009277,0.057083964347839355,-0.07581973075866699,-0.6429181928763007,0.39334973015129293,-0.5983447727135026,-0.27187426966015665,-0.18142797964291646,1.5967053793162733,0.9863027937100262
1771888910883760896,5.497761011123657,0.5593547821044922,0.3471944332122803,-0.025060057640075684,0.9830943942070007,0.18100272119045258,0.027628669515252113,0.0013110637664794922,0.06351935863494873,-0.04200243949890137,-0.6430853405029306,0.3921732621984109,-0.6000120559678097,-0.2694937766472751,-0.1820059180274019,1.5988927117411302,0.9808268024015817
1771888910893790976,5.507791042327881,0.6412227749824524,0.4227256774902344,-0.05790908262133598,0.9829232692718506,0.18149664998054504,0.030344367027282715,-0.014554738998413086,0.08980458974838257,-0.003244759514927864,-0.6431494447538654,0.390841258344251,-0.6020093802501869,-0.2668081534154319,-0.18250816946275367,1.6016580765307413,0.9746742508655006
1771888910903821824,5.517822027206421,0.6801881194114685,0.4616975784301758,-0.07646146416664124,0.9826646447181702,0.18232488632202148,0.03358132764697075,0.02598702907562256,0.029970616102218628,-0.024609211832284927,-0.6431763594260168,0.38946666496757254,-0.6042403330640764,-0.26369193926716383,-0.1833504616498108,1.604956773595389,0.9678525812816027
1771888910913852928,5.527853012084961,0.5536669492721558,0.5021269917488098,-0.07719756662845612,0.9823377132415771,0.18338543176651,0.03717705234885216,0.0595322847366333,-0.017476648092269897,0.010354038327932358,-0.6430362752050622,0.38836535457642707,-0.6064329124372304,-0.26060639993742934,-0.18442918193642932,1.6086237634704923,0.961589046510742
1771888910923884032,5.537883996963501,0.6363224983215332,0.5662180185317993,-0.025659799575805664,0.9820436239242554,0.18407301604747772,0.04132015258073807,0.023754656314849854,-0.03975541889667511,0.046906109899282455,-0.642638532439547,0.3872645716454636,-0.6088400670901903,-0.25759577632822384,-0.18512867618583587,1.6128472021726097,0.9554956485181986
1771888910933914880,5.547914981842041,0.5724255442619324,0.6122126579284668,-0.010511208325624466,0.9817443490028381,0.18454179167747498,0.04606857895851135,0.00310361385345459,-0.0032216310501098633,0.04623186215758324,-0.6420170121319078,0.3861403881985109,-0.6114980703860649,-0.25451887386075744,-0.18560563067712327,1.6176871584458186,0.9493256184772618
1771888910943945984,5.557945966720581,0.480733186006546,0.6811231374740601,0.017857316881418228,0.9814334511756897,0.18477769196033478,0.05143651366233826,0.010174214839935303,-0.029366910457611084,0.062104105949401855,-0.6410517386079527,0.3852592618920235,-0.6142422630051106,-0.2516633683822668,-0.1858456477442928,1.6231579994206138,0.9439637553739751
1771888910953975808,5.567975997924805,0.48791226744651794,0.7795687317848206,-0.009280028752982616,0.981042206287384,0.18499860167503357,0.057721979916095734,0.009070098400115967,0.06169024109840393,0.07246601581573486,-0.6397227879576244,0.38461689211399497,-0.6171959464643589,-0.24878466856738526,-0.1860704408675343,1.6295659803894502,0.9390615805715005
1771888910964006912,5.578006982803345,0.2846819758415222,0.8726675510406494,-0.07082488387823105,0.9804337620735168,0.18575610220432281,0.06514856964349747,-0.011531174182891846,0.018955782055854797,-0.004494912922382355,-0.6379733163770244,0.3845469777945413,-0.6202401993834703,-0.2457961656391139,-0.18684129459231327,1.6371475042301973,0.935085763037378
1771888910974037760,5.588037967681885,0.05799371749162674,0.8073641657829285,-0.10514131188392639,0.9797025322914124,0.18662992119789124,0.07315877825021744,0.034701764583587646,-0.04273955523967743,-0.07085466384887695,-0.6357557016094884,0.38528064599697215,-0.6230073927787747,-0.2433829997359408,-0.1877306696744126,1.6453324662672926,0.9334026835399571
1771888910984068864,5.598068952560425,-0.301582396030426,0.7989649176597595,-0.167671799659729,0.9788231253623962,0.1879182904958725,0.08119113743305206,0.01930004358291626,0.012185469269752502,0.030091166496276855,-0.6332065822806265,0.3870700715554175,-0.6251178507686245,-0.24177228629249603,-0.18904224624805274,1.6535545826070996,0.9347386763991208
1771888910994099968,5.608099937438965,-0.43021678924560547,0.7536411285400391,-0.21915364265441895,0.9778018593788147,0.18940535187721252,0.08960660547018051,0.06281715631484985,0.07232870161533356,0.129067063331604,-0.6302222850122566,0.3898172944892143,-0.6267741053124447,-0.24086648063007643,-0.1905564951992627,1.6621819382205778,0.9388148518621391
1771888911004131072,5.618131160736084,-0.40226098895072937,0.7015993595123291,-0.2418709248304367,0.976666271686554,0.1913299560546875,0.0975496768951416,0.03753972053527832,0.1553955227136612,0.0936429500579834,-0.6273786876611525,0.39279644503377625,-0.6280810376615276,-0.2400440901544343,-0.19251695431617066,1.6703464191019441,0.9434179524326389
1771888911014160896,5.6281609535217285,-0.36145469546318054,0.6733200550079346,-0.3210488557815552,0.9754468202590942,0.19359317421913147,0.10500039160251617,0.009050190448760986,0.22533684968948364,0.11397849768400192,-0.6247941792065236,0.3956539662172655,-0.6292520434485526,-0.2390229921928622,-0.1948232967309692,1.6780268132718503,0.947525258218688
1771888911024191744,5.6381919384002686,-0.40275391936302185,0.7264364361763,-0.35757729411125183,0.9740118980407715,0.1965762823820114,0.11250974237918854,-0.026181817054748535,0.1832912266254425,0.08681581914424896,-0.6222714195613339,0.3987555491901669,-0.6302768310522044,-0.2377463836512954,-0.19786484833061055,1.6857983185180496,0.9517445755928534
1771888911034223104,5.648223161697388,-0.45123490691185,0.7786982655525208,-0.41279712319374084,0.9723836779594421,0.19973711669445038,0.12072696536779404,-0.009096384048461914,0.11337319016456604,0.03833065927028656,-0.6194638699299057,0.40218954842242527,-0.6313533484429804,-0.23643390658593705,-0.20108961817747206,1.6943199160375497,0.956604993327518
1771888911044253952,5.658254146575928,-0.3741905391216278,0.8901772499084473,-0.43218281865119934,0.9704515337944031,0.2034665197134018,0.12971192598342896,-0.013099849224090576,0.1287478357553482,-0.06042182445526123,-0.6164758570354542,0.40588083628172006,-0.6325477925504808,-0.23473716399162817,-0.20489721186523532,1.7036701994175456,0.9615011198467395
1771888911054285056,5.668285131454468,-0.02057441510260105,0.8886461853981018,-0.45851269364356995,0.9683387279510498,0.20749646425247192,0.13880038261413574,0.044951796531677246,0.13761161267757416,-0.16762422025203705,-0.6137325469118575,0.4089965383596946,-0.6341309210773108,-0.23223320083211543,-0.20901502945105302,1.713165248719279,0.9643094658032672
1771888911064316160,5.678316116333008,0.26949408650398254,0.9377877712249756,-0.47840356826782227,0.9660457372665405,0.21224729716777802,0.14733287692070007,0.010135412216186523,0.26237738132476807,-0.07834790647029877,-0.611672918882763,0.41108664818625823,-0.6361400829711679,-0.22845113177150583,-0.21387408014127599,1.7221413867703645,0.9635149053769984
1771888911074345984,5.6883461475372314,0.3174765110015869,0.9727271199226379,-0.5278110504150391,0.9635266661643982,0.21754573285579681,0.15585362911224365,0.010624945163726807,0.24066044390201569,0.09876978397369385,-0.609852315566199,0.41278628851214777,-0.6383841260072329,-0.223949500512364,-0.21929927667814325,1.7311606666397676,0.9610952456072427
1771888911084377088,5.6983771324157715,0.10568463057279587,1.0143394470214844,-0.5927975177764893,0.9606825113296509,0.22329455614089966,0.16501116752624512,0.009745955467224121,0.12202709913253784,0.20060467720031738,-0.6077344204775513,0.41499309371069837,-0.640535957453522,-0.21943859655812392,-0.22519305979135806,1.7409009324836442,0.9597298721262546
1771888911094407936,5.7084081172943115,-0.2421732097864151,0.9958634376525879,-0.6836866736412048,0.9575138688087463,0.22933165729045868,0.1748548001050949,0.06798356771469116,0.02547486126422882,0.17605149745941162,-0.6050496005648275,0.4183583687189856,-0.6421866337662081,-0.21560980524981452,-0.23139098478734568,1.7514194212294363,0.9615760287828301
1771888911104439040,5.718439102172852,-0.458428293466568,1.000313639640808,-0.7741127014160156,0.9540263414382935,0.23568683862686157,0.1851629912853241,0.04345589876174927,-0.00337180495262146,0.07658623158931732,-0.6019078556539417,0.422812346504809,-0.6432815988619404,-0.21242742201510675,-0.23792525977693507,1.7624987629746998,0.9664603342113215
1771888911114469888,5.728470087051392,-0.4793090522289276,0.9831247925758362,-0.7667073011398315,0.9502725601196289,0.2420673966407776,0.1959216296672821,0.026060938835144043,0.01597394049167633,-0.09191778302192688,-0.5984182727678764,0.42786929294886644,-0.6441185297526993,-0.20960599390181914,-0.2444960540928179,1.7741214519956305,0.9731212766285453
1771888911124499968,5.738500118255615,-0.2562039792537689,1.013343334197998,-0.7851907014846802,0.9463468790054321,0.24875234067440033,0.20627672970294952,0.024356365203857422,0.17406874895095825,-0.05349048972129822,-0.5952330403661686,0.43251361404586236,-0.6450351470807317,-0.20629918188748508,-0.2513918921051039,1.785411045080978,0.9784682532353469
1771888911134531072,5.748531103134155,-0.04415936768054962,0.9575906991958618,-0.7539976239204407,0.9423114061355591,0.25563114881515503,0.21610677242279053,0.1281842589378357,0.19653254747390747,0.025104165077209473,-0.5924473978617641,0.43646446045228127,-0.6461827636950156,-0.20236790778089317,-0.2585004981401139,1.7962348441981253,0.9817714419596185
1771888911144561920,5.758562088012695,-0.006187574937939644,0.9818074703216553,-0.7619287371635437,0.9382055401802063,0.2628290355205536,0.2251478135585785,0.04092055559158325,0.2053259015083313,0.1403612196445465,-0.5901077690757139,0.4398906574993806,-0.6473562531671843,-0.19798739763237388,-0.2659531523852005,1.8063196322572752,0.9835457891995923
1771888911154593024,5.768593072891235,-0.18056364357471466,0.9832770228385925,-0.742993175983429,0.9339543581008911,0.2695798873901367,0.23464003205299377,0.06880748271942139,0.06998923420906067,0.10674476623535156,-0.5874299409206148,0.44354857048248875,-0.6485250045174858,-0.19392278281127898,-0.27295672685051137,1.8169349994413417,0.9863425768737546
1771888911164623872,5.778624057769775,-0.20576734840869904,1.0449882745742798,-0.7560298442840576,0.9294643402099609,0.2761008143424988,0.24467238783836365,0.09847456216812134,0.0814889669418335,0.04718247056007385,-0.5843941078347994,0.4475750480233708,-0.6496250994415236,-0.1901247634878928,-0.2797348395748901,1.8281970173927977,0.9903773968311862
1771888911174654976,5.788655042648315,-0.10153894871473312,1.1201483011245728,-0.8319429755210876,0.9245096445083618,0.2830691337585449,0.255252867937088,0.12076324224472046,0.14004188776016235,0.005535155534744263,-0.5812175036750895,0.45168840822750705,-0.6508486939162026,-0.18590287106848585,-0.28699262377213713,1.8401806563239624,0.994250330045323
1771888911184685056,5.798685073852539,0.009654771536588669,1.161435842514038,-0.7969770431518555,0.9191379547119141,0.29061374068260193,0.26594892144203186,0.11064708232879639,0.048329710960388184,-0.05075421929359436,-0.5781453204102335,0.4555712613476056,-0.6522494101970864,-0.18103431724557772,-0.2948681909586773,1.8524504224720797,0.9970415687794877
1771888911194715904,5.808716058731079,0.2526906132698059,1.1744978427886963,-0.7980085015296936,0.9136441946029663,0.29822981357574463,0.2762488126754761,0.09236776828765869,0.13719502091407776,0.012401700019836426,-0.5753333711187311,0.4588595030830184,-0.6538901818780494,-0.1756904869796367,-0.3028375209018471,1.8644162197309366,0.9981983096831007
1771888911204747008,5.818747043609619,0.31253305077552795,1.2400147914886475,-0.7589899897575378,0.9078577160835266,0.30626538395881653,0.2863496243953705,0.12793952226638794,0.17853689193725586,0.16544786095619202,-0.572768232278828,0.4615500954263352,-0.6558554176500624,-0.16959306895112472,-0.31126742071271307,1.8763323464105388,0.9974003501810232
1771888911214777856,5.828778028488159,0.1711956411600113,1.288529872894287,-0.7956598401069641,0.9018041491508484,0.31384995579719543,0.2970651686191559,0.20602983236312866,0.16469624638557434,0.08785310387611389,-0.569790643429482,0.46444880341421846,-0.657890483435132,-0.16372574624075262,-0.3192451538712229,1.8890135930779506,0.997544699049731
1771888911224808960,5.838809013366699,0.054656509310007095,1.2649797201156616,-0.874046802520752,0.8952446579933167,0.3217628300189972,0.3082299828529358,0.13751596212387085,0.0791618824005127,0.060925960540771484,-0.5665163829439657,0.4678960389639003,-0.6596880226483871,-0.15793732312242445,-0.32759073390046545,1.902381453001082,0.9991349606359493
1771888911234839808,5.848839998245239,-0.1421007513999939,1.2023028135299683,-0.9509181380271912,0.8883638381958008,0.3297729790210724,0.3194674253463745,0.18113988637924194,-0.07850652933120728,0.0809536874294281,-0.5630090608761182,0.4720280069135241,-0.6610017236405038,-0.1526010542504863,-0.33606308250198613,1.9160095075113315,1.0028586392117311
1771888911244869888,5.858870029449463,-0.10396233946084976,1.1780773401260376,-1.079469919204712,0.8811133503913879,0.3383612334728241,0.33038032054901123,0.1274774670600891,0.02974185347557068,0.05333247780799866,-0.5595521199427242,0.47662979056952065,-0.6618264141685042,-0.14734769809360787,-0.3451748532214467,1.9295299951211138,1.0078203121133413
1771888911254900992,5.868901014328003,0.011383695527911186,1.1380343437194824,-1.117024540901184,0.8733963370323181,0.34782445430755615,0.3408765494823456,0.1464705467224121,0.04980430006980896,-0.050227195024490356,-0.5563140562793509,0.4813242478529385,-0.6623935740334396,-0.1416910122741812,-0.35524967081195463,1.9429027933520884,1.012705540467506
1771888911264931840,5.878931999206543,0.10977435857057571,1.1606476306915283,-1.1539108753204346,0.8653777837753296,0.3580547869205475,0.35059690475463867,0.10170900821685791,0.10561403632164001,-0.07448911666870117,-0.5534815825603556,0.48572871024793035,-0.6628469408970767,-0.13549809924252218,-0.36618372450428555,1.9557236260290756,1.0165415444452288
1771888911274962944,5.888962984085083,0.14312219619750977,1.2064058780670166,-1.1641284227371216,0.8569813966751099,0.3684532940387726,0.36031198501586914,0.09081816673278809,0.14895689487457275,0.020333707332611084,-0.5506368286797291,0.4899907238103081,-0.663374012970036,-0.12900760405065334,-0.3773447118131371,1.9688009869870116,1.0200162906245183
1771888911284993792,5.898993968963623,0.19374915957450867,1.3344435691833496,-1.162532091140747,0.8479505777359009,0.3790729343891144,0.3705180883407593,0.05787217617034912,0.18997308611869812,0.05718576908111572,-0.5475738610719091,0.494199120895566,-0.6640980905485693,-0.12208144960195035,-0.388794246175456,1.9827510512793174,1.023267184544655
1771888911295024896,5.909024953842163,0.36882323026657104,1.3787055015563965,-1.1404632329940796,0.8383435010910034,0.38986051082611084,0.3810369670391083,0.07794690132141113,0.15580910444259644,-0.11847895383834839,-0.5443681216000035,0.49816353439728694,-0.6650951631142045,-0.11465138991986898,-0.4004801286507093,1.9973958844890447,1.0258235232434558
1771888911305054976,5.919054985046387,0.5186734199523926,1.4154819250106812,-1.1773877143859863,0.8283378481864929,0.40137961506843567,0.39083367586135864,0.05285722017288208,0.13124367594718933,-0.13097655773162842,-0.5415316071826084,0.5015335396087922,-0.6662439097023767,-0.10642717241142441,-0.41302262656849575,2.01165408737438,1.026499079159863
1771888911315085824,5.929085969924927,0.5888072848320007,1.3866236209869385,-1.1632583141326904,0.8180014491081238,0.41316598653793335,0.40020951628685,0.06020301580429077,0.042827725410461426,-0.04220777750015259,-0.5388036602136155,0.5046827585887984,-0.6673829975360811,-0.09790768895757024,-0.42592792669874147,2.025809275227078,1.026671406936848
1771888911325116928,5.939116954803467,0.5584943294525146,1.4018338918685913,-1.2561179399490356,0.8072450757026672,0.4253889322280884,0.4091454744338989,0.0070250630378723145,0.1151689887046814,0.07922738790512085,-0.5361736012327285,0.5078016289777646,-0.6683638605257496,-0.0891361267758709,-0.4393915881504696,2.039902335155383,1.026816059003905
1771888911335147776,5.949147939682007,0.43831896781921387,1.320563554763794,-1.336259126663208,0.7960123419761658,0.4378756284713745,0.4178864061832428,0.05345958471298218,-0.018106430768966675,0.11281421780586243,-0.5334530939893884,0.5113885233767427,-0.6688983375253131,-0.08052640958103005,-0.4532343522593866,2.054223570383602,1.0285019025085993
1771888911345179136,5.959179162979126,0.2842786908149719,1.255738377571106,-1.47141432762146,0.7843477129936218,0.4504171907901764,0.4265238642692566,0.03469818830490112,-0.020378857851028442,0.07703128457069397,-0.530571977834003,0.5156432166941376,-0.6688602230472093,-0.07232787637854787,-0.4672325724341336,2.0688626222375848,1.0324518984781073
1771888911355209984,5.969210147857666,0.21329480409622192,1.2549092769622803,-1.593583583831787,0.7718655467033386,0.46353358030319214,0.43515563011169434,0.029907643795013428,0.017743945121765137,0.07032233476638794,-0.5275532600065894,0.5205350487084699,-0.6682971488828681,-0.0641079602019558,-0.4819789510852411,2.0841509804801572,1.0382775990359203
1771888911365239808,5.9792399406433105,0.1485951691865921,1.1765025854110718,-1.6510261297225952,0.7588168978691101,0.47677990794181824,0.44370901584625244,0.07306170463562012,0.048824310302734375,-0.03909173607826233,-0.5244100767573304,0.5258861830679209,-0.6673067027962529,-0.05603129886775791,-0.49698779003669274,2.0999181322535074,1.0457557873970829
1771888911375271168,5.98927116394043,0.1790018081665039,1.117138385772705,-1.632223129272461,0.7457078099250793,0.4899330139160156,0.45153647661209106,0.007740616798400879,0.0214957594871521,-0.10948032140731812,-0.5214539214605229,0.5312586774291769,-0.6659823261567462,-0.048140041753911914,-0.5120129036791885,2.1152603352262096,1.0537899854928412
1771888911385302016,5.99930214881897,0.1485489159822464,1.1369727849960327,-1.5819059610366821,0.7325035333633423,0.5025840997695923,0.45918166637420654,-0.030889153480529785,0.07724988460540771,-0.03146260976791382,-0.5184371876677578,0.5365023274015048,-0.664647341369982,-0.04039843616052796,-0.5265852038615235,2.1307364850913326,1.062090228180473
1771888911395333120,6.00933313369751,0.2094050794839859,1.181428074836731,-1.5931886434555054,0.7190864682197571,0.5149450898170471,0.4666329026222229,-0.00564652681350708,0.10857480764389038,-0.017185211181640625,-0.5153860162815559,0.5414966105085686,-0.6633987274090606,-0.03257050371037601,-0.5409436045012413,2.1464151720802644,1.0701761362376
1771888911405363968,6.01936411857605,0.27907595038414,1.185354471206665,-1.593958854675293,0.705250084400177,0.5274014472961426,0.4737827181816101,0.024486243724822998,0.07753324508666992,0.029223203659057617,-0.5123571430528295,0.5463062548528317,-0.6621486497857101,-0.02447062976715155,-0.5555391354055357,2.162340162237131,1.0780597830002965
1771888911415395072,6.02939510345459,0.20944572985172272,1.1799373626708984,-1.6525242328643799,0.6907832026481628,0.5400728583335876,0.4807697832584381,0.04440039396286011,0.0533413290977478,0.13068035244941711,-0.5092681957951994,0.5512009866265867,-0.6607286624917915,-0.0161529198975865,-0.5705236897659798,2.1788177391162447,1.086516516720682
1771888911425425152,6.0394251346588135,0.18801191449165344,1.0574370622634888,-1.7043527364730835,0.6762099266052246,0.5524615049362183,0.48736700415611267,0.052031099796295166,-0.0033891797065734863,0.021422088146209717,-0.5062113780889828,0.5563048729986101,-0.6589449049202943,-0.008160186444104336,-0.5853144145421185,2.195302146563909,1.0961910011302232
1771888911435456000,6.0494561195373535,0.16360750794410706,0.9662762880325317,-1.7986270189285278,0.6613702178001404,0.5650935769081116,0.4932127892971039,0.06229311227798462,0.03611797094345093,0.03397834300994873,-0.5033821404092843,0.561673185782509,-0.6566046167024417,-0.00028852910775344185,-0.6005467022765131,2.211567956064754,1.1070361309780459
1771888911445487104,6.0594871044158936,0.21628962457180023,0.8518522381782532,-1.7594013214111328,0.6466779112815857,0.5776717662811279,0.498099148273468,0.07013410329818726,0.01606285572052002,-0.0705479085445404,-0.5008951540023466,0.5670125634591396,-0.6538702669240193,0.007374594542520056,-0.6158734915517872,2.2271275832723503,1.1182971363927532
1771888911455517952,6.069518089294434,0.060926396399736404,0.8955469727516174,-1.7952531576156616,0.6318421363830566,0.5898306965827942,0.5028670430183411,-0.11092233657836914,0.003629446029663086,0.02296602725982666,-0.49834503408260306,0.5724726659311391,-0.6509290060144672,0.014788759867878433,-0.6308491548743698,2.2430166432742302,1.1305840508565166
1771888911465549056,6.079549074172974,-0.0572790764272213,0.937557578086853,-1.75034499168396,0.6166589260101318,0.6008619666099548,0.5086224675178528,-0.07048583030700684,-0.08854806423187256,0.08726370334625244,-0.4951900736569278,0.5781553383159624,-0.6481108226746274,0.021808290553065806,-0.6445789789217153,2.2604794599961315,1.1445164153300538
1771888911475579904,6.089580059051514,0.014845450408756733,1.0692609548568726,-1.8213698863983154,0.6007686853408813,0.6116207838058472,0.5147782564163208,-0.0457913875579834,0.09623432159423828,0.04100775718688965,-0.49169751814424206,0.5838075567485607,-0.6454129339177547,0.029056845680002826,-0.6581076098195364,2.279262972896386,1.1590195172408597
1771888911485609984,6.099610090255737,-0.04652274399995804,1.148537516593933,-1.7827812433242798,0.5837896466255188,0.622330367565155,0.5214352607727051,0.0280267596244812,-0.02601689100265503,0.10937833786010742,-0.4877820837450084,0.5894776637960168,-0.6428325686145231,0.03675691596162937,-0.6717163343049192,2.2998363943286835,1.174246176451148
1771888911495641088,6.109641075134277,-0.0885239988565445,1.2481962442398071,-1.862494945526123,0.5659842491149902,0.6323838829994202,0.52891606092453,0.03637164831161499,0.026398956775665283,0.22982710599899292,-0.4832803200891039,0.5952681299439067,-0.6404013569765887,0.0445198563027583,-0.6846267267515547,2.322352139724377,1.190779308760921
1771888911505671936,6.119672060012817,-0.1349002867937088,1.196373462677002,-1.9966450929641724,0.5470462441444397,0.6426107287406921,0.5364624857902527,0.08218050003051758,0.009961962699890137,0.14768058061599731,-0.47854720788779737,0.6014031608351409,-0.6376092030942042,0.05254875779801101,-0.6979008492715871,2.346426800135954,1.2091283016467649
1771888911515703040,6.129703044891357,-0.16247199475765228,1.114976406097412,-2.010688066482544,0.5276883840560913,0.6526563763618469,0.5436771512031555,0.02913534641265869,-0.04917120933532715,-0.014517605304718018,-0.4738299061339798,0.6078633261076323,-0.6343033681734325,0.060388088844342894,-0.7110852270016116,2.3711171123480153,1.2293356866453933
1771888911525733888,6.1397340297698975,-0.2533057630062103,1.0060054063796997,-2.119654655456543,0.5084649324417114,0.6623327732086182,0.550253689289093,-0.14359670877456665,-0.004862010478973389,-0.15230435132980347,-0.46932544837129886,0.6144304977407038,-0.6305569147750756,0.06787416204708081,-0.7239281491072456,2.3956451364633513,1.25071176557373
1771888911535764992,6.1497650146484375,-0.4266069829463959,1.07529878616333,-2.0884435176849365,0.4885365962982178,0.6710566282272339,0.5576874613761902,-0.187572181224823,-0.19663023948669434,0.06831979751586914,-0.4642540075363438,0.6215099829518608,-0.62655332761884,0.07499733223692626,-0.7356330764016532,2.422194140071046,1.2748867336411311
1771888911545795072,6.159795045852661,-0.5792702436447144,1.1237671375274658,-2.070619821548462,0.4683130979537964,0.6781355738639832,0.5664053559303284,-0.128347247838974,-0.15053248405456543,0.15850913524627686,-0.4584043591769147,0.6287758009857659,-0.622770963014744,0.08162586787073454,-0.7452228077603967,2.4507129238376586,1.300901281565035
1771888911555825920,6.169826030731201,-0.5532599687576294,1.1680469512939453,-2.0440897941589355,0.44767671823501587,0.6843113899230957,0.5755892992019653,-0.03619304299354553,-0.0004126429557800293,0.17834734916687012,-0.4521388693373128,0.6360064676971691,-0.6191045369694794,0.08817971578826539,-0.753658964313786,2.4805536657309353,1.3278163633546944
1771888911565857024,6.179857015609741,-0.43973350524902344,1.259390115737915,-2.0453951358795166,0.4264713227748871,0.6905010342597961,0.5842350125312805,0.09328877925872803,0.11853528022766113,0.2224360704421997,-0.44589092512159423,0.6428786423109906,-0.6154872612722051,0.0952038403778253,-0.7621814622989256,2.51103749479626,1.3544296466977912
1771888911575887872,6.189888000488281,-0.21961206197738647,1.1194732189178467,-2.0048668384552,0.40531402826309204,0.6967465877532959,0.5918316841125488,0.11842864751815796,0.1886446475982666,-0.14336061477661133,-0.43997246122646094,0.6492428738183087,-0.6118819575054731,0.10251048331428113,-0.7708519370784894,2.5411091948182802,1.3801165336875985
1771888911585918976,6.199918985366821,-0.11843226850032806,1.1158344745635986,-2.183830976486206,0.38395655155181885,0.7043209671974182,0.5970838665962219,-0.14933744072914124,0.1589449644088745,-0.020622193813323975,-0.435071615570169,0.6554011947873366,-0.6074464685735204,0.11032087511665215,-0.7814661450653236,2.570116615396766,1.405857091384558
1771888911595949824,6.209949970245361,-0.533431887626648,1.0118966102600098,-2.093973159790039,0.3623555898666382,0.7104175686836243,0.6033290028572083,-0.020695984363555908,-0.23513662815093994,0.07287967205047607,-0.42955613523309033,0.6619347547242853,-0.6029153309693325,0.11754659613701011,-0.790091341669228,2.6007367370858865,1.4338913758586247
1771888911605979904,6.219980001449585,-0.6101300120353699,0.9621604084968567,-2.1409389972686768,0.34133315086364746,0.7144055366516113,0.6108326315879822,-0.14415907859802246,-0.17210811376571655,0.05023914575576782,-0.4234496744976363,0.6689408455441963,-0.598276230815551,0.12358835586382995,-0.7957741523225602,2.6320184545662433,1.4641418633977377
1771888911616010496,6.230010509490967,-0.7845255136489868,1.1152186393737793,-2.189401865005493,0.31928735971450806,0.7173166871070862,0.6192838549613953,-0.23733243346214294,-0.21574503183364868,0.23916035890579224,-0.41660504291631184,0.6762396654558779,-0.5935838888652473,0.12960843940472902,-0.7999434237250984,2.6655627160123427,1.4963776980764805
1771888911626041344,6.240041494369507,-0.7248510122299194,1.0686324834823608,-2.2481961250305176,0.2964799106121063,0.7192383408546448,0.6283276677131653,-0.01947188377380371,-0.15145885944366455,0.17697006464004517,-0.40920618212361076,0.6837077258253376,-0.5888188066497227,0.13559645952661067,-0.8027054195962173,2.700713039539912,1.5300305949835435
1771888911636072448,6.250072479248047,-0.7124135494232178,1.1804919242858887,-2.3380260467529297,0.27286407351493835,0.7215388417243958,0.6363386511802673,-0.022803038358688354,0.007327735424041748,0.3089890480041504,-0.4020452212769674,0.6910805797057235,-0.5835897260367536,0.14209258883449558,-0.8060223077030044,2.736505070297223,1.564391280288328
1771888911646103296,6.260103464126587,-0.5779523849487305,1.1143423318862915,-2.319227695465088,0.2484377920627594,0.7234664559364319,0.6441079378128052,0.1105252206325531,0.059507787227630615,0.035259127616882324,-0.39466590147315767,0.6983120184195342,-0.5782856467277006,0.14894592130721288,-0.808810438586229,2.7734670601931177,1.5992623319658985
1771888911656134400,6.270134449005127,-0.4954651892185211,1.0744538307189941,-2.4338889122009277,0.22415702044963837,0.7258220911026001,0.6503351330757141,-0.04695670306682587,0.23253661394119263,-0.11607921123504639,-0.38795028149801686,0.7053065876319965,-0.572459778080893,0.15597107125878756,-0.8122287707339632,2.809665791055973,1.634176197054562
1771888911666164480,6.280164480209351,-0.7981537580490112,1.0463327169418335,-2.3804399967193604,0.1994151473045349,0.7268136143684387,0.6572483777999878,-0.0970897376537323,-0.1796334981918335,0.05674082040786743,-0.380679752740148,0.7126039735365435,-0.5664095459566867,0.16266127575355244,-0.8136712482110721,2.8470111790393977,1.670733660075606
1771888911676195328,6.290195465087891,-1.0699785947799683,0.9278439879417419,-2.293100595474243,0.17604200541973114,0.7249123454093933,0.6659666299819946,-0.08186472952365875,-0.26264727115631104,0.0056490302085876465,-0.37259497406458647,0.7201121813044737,-0.5607332353194969,0.16789798780529894,-0.8109071036506227,2.883163184399276,1.706955587269774
1771888911686226432,6.300226449966431,-1.01234769821167,1.057080626487732,-2.384719133377075,0.15240195393562317,0.7217680811882019,0.675147533416748,-0.18662743270397186,-0.01725459098815918,0.17006725072860718,-0.3640510229286765,0.7277483668194601,-0.5549379132679009,0.1728959407327079,-0.8063534875369577,2.919582230672895,1.7436180399703096
1771888911696257280,6.310257434844971,-1.0993566513061523,1.0326088666915894,-2.3435044288635254,0.1280418336391449,0.7177711129188538,0.6844046115875244,0.05916823446750641,-0.16941606998443604,0.2604042887687683,-0.3550757164965051,0.7353060851212808,-0.5491149725902782,0.17809790817453483,-0.8005958927199068,2.9566456367852885,1.7802699977637848
1771888911706288640,6.32028865814209,-1.1819807291030884,1.118927240371704,-2.3168909549713135,0.10400737076997757,0.7126786708831787,0.6937373280525208,0.11770283430814743,-0.03387618064880371,0.378238320350647,-0.34588495861887786,0.7427279376106862,-0.5433450898363092,0.18301615213375927,-0.793309421752934,2.992777752534226,1.8159850366945538
1771888911716319488,6.33031964302063,-0.9813637733459473,1.2349853515625,-2.148573160171509,0.07977190613746643,0.7070314884185791,0.7026685476303101,0.2650766968727112,0.0638120174407959,0.19315969944000244,-0.33646350601117836,0.7495638719058918,-0.5380411554195949,0.18830318077977687,-0.7852917033433278,3.028549572171373,1.8495817615498802
1771888911726349312,6.340349435806274,-0.7538245320320129,1.2798842191696167,-2.02822208404541,0.056050319224596024,0.7025609016418457,0.7094128727912903,0.14002512395381927,0.2026515007019043,-0.128495454788208,-0.3279403262490828,0.7553947112134874,-0.5329964897948829,0.19429032478430758,-0.778989803779959,3.062746998118799,1.8802841371609396
1771888911736380672,6.3503806591033936,-0.5169874429702759,1.2741482257843018,-1.9541945457458496,0.032971080392599106,0.6989243626594543,0.7144351601600647,-0.025738410651683807,0.30200642347335815,-0.24657022953033447,-0.32016530746044053,0.7604380689684231,-0.5281586272887497,0.20069027945461282,-0.7738924388042496,3.095475518470101,1.9086863279052488
1771888911746411520,6.360411643981934,-0.585335910320282,1.3565467596054077,-1.9160687923431396,0.00986416544765234,0.6953732967376709,0.7185810208320618,-0.06981594860553741,0.026092708110809326,-0.04939156770706177,-0.3125825634046115,0.7651084718390214,-0.5233541221291543,0.20736836175565823,-0.7689392295213242,3.127866232263701,1.936189722594248
1771888911756442624,6.370442628860474,-0.835200846195221,1.386353611946106,-1.8570743799209595,-0.012995303608477116,0.690252959728241,0.7234513759613037,0.06562285125255585,-0.30638766288757324,0.1563551425933838,-0.3043335796475022,0.7696436798085073,-0.519012798456833,0.21367118196191473,-0.7618386346069919,-3.1236316583557744,1.962173416825367
1771888911766473472,6.380473613739014,-0.8385714292526245,1.4522185325622559,-1.9706674814224243,-0.03662875294685364,0.6836240291595459,0.7289144396781921,0.13304905593395233,-0.15397632122039795,0.2787300944328308,-0.29527257392212264,0.7743322002944338,-0.5146521660935536,0.21990180311994725,-0.7527166739449734,-3.0913837826166755,1.9882419575985963
1771888911776504576,6.390504598617554,-1.0017619132995605,1.4125866889953613,-1.967473030090332,-0.06058800593018532,0.6759271621704102,0.7344738841056824,0.24698935449123383,-0.22881406545639038,0.3352892994880676,-0.2858139224190284,0.7791392437464663,-0.5100774363076905,0.22599456587730224,-0.7422220291128484,-3.0592873036845294,2.014337204661419
1771888911786534656,6.400534629821777,-0.8833373188972473,1.4201549291610718,-2.010768175125122,-0.08442641794681549,0.6672406792640686,0.7400421500205994,0.2774653136730194,-0.0038036108016967773,0.3037201762199402,-0.27609238765409255,0.7839492310612558,-0.5054153566568078,0.23184478427893387,-0.7304980127943075,-3.028000503749893,2.039784523320447
1771888911796565504,6.410565614700317,-0.9682628512382507,1.442110300064087,-1.8905905485153198,-0.10815172642469406,0.6587799787521362,0.7445217370986938,0.18786361813545227,0.009417831897735596,0.18199211359024048,-0.2666862149194739,0.7884094151811671,-0.5006710166422705,0.237944803025509,-0.7191959617752528,-2.9973383060675034,2.0643330806036717
1771888911806596608,6.420596599578857,-0.6328690052032471,1.3230044841766357,-1.777454137802124,-0.13050436973571777,0.6501351594924927,0.7485269904136658,0.22982382774353027,0.36503201723098755,-0.3093181252479553,-0.2575498218657863,0.79233227781381,-0.49646053447257144,0.2437304536137438,-0.7077623295479346,-2.968979448418205,2.086027521954658
1771888911816627456,6.4306275844573975,-0.31625398993492126,1.4029818773269653,-1.8292632102966309,-0.15252619981765747,0.6442081332206726,0.7494876384735107,-0.02879399061203003,0.3557766079902649,-0.09314608573913574,-0.25019453762118904,0.7957983104415131,-0.49137446337029655,0.25031757511860464,-0.6999874768233995,-2.9408269888573133,2.1087711273439966
1771888911826658560,6.4406585693359375,-0.5359843373298645,1.271091103553772,-1.617409110069275,-0.17355279624462128,0.6381319761276245,0.7501110434532166,0.22331172227859497,-0.181451678276062,0.016322314739227295,-0.24299445773626946,0.7988139996574685,-0.48677686050731006,0.2567061601539788,-0.6920695976225687,-2.9142239933709106,2.1293088754508376
1771888911836689408,6.4506895542144775,-0.4907510578632355,1.399726152420044,-1.6892465353012085,-0.19403532147407532,0.6313154697418213,0.7508599758148193,0.1757705956697464,-0.00503385066986084,0.2002354860305786,-0.23561741157172295,0.8017100462099858,-0.48238054547683135,0.26278193041305586,-0.6832482767955796,-2.8887075148334196,2.1486087487167143
1771888911846719488,6.460719585418701,-0.9259718060493469,1.5279453992843628,-1.648941159248352,-0.2156786322593689,0.6228461861610413,0.7520277500152588,0.2970079183578491,-0.16474676132202148,0.35475343465805054,-0.22714426588965886,0.804548201363117,-0.47824269615181075,0.2690570968892931,-0.6723755031593603,-2.8622931089309547,2.1671368106801627
1771888911856750592,6.470750570297241,-1.167994737625122,1.6117023229599,-1.513396143913269,-0.2372446209192276,0.6112411022186279,0.755049467086792,0.326813668012619,-0.29617756605148315,0.28711068630218506,-0.21696402119590802,0.8073595251356576,-0.47507402049449116,0.27459424464470283,-0.6576278161862374,-2.8371500423479175,2.182446596888823
1771888911866781440,6.480781555175781,-0.8992738127708435,1.7405321598052979,-1.505784034729004,-0.2590671479701996,0.5994686484336853,0.7573117613792419,0.21895185112953186,0.15292686223983765,-0.01517021656036377,-0.2066086631587883,0.8097349650284598,-0.4722130636159543,0.2804582901443045,-0.6428370916964776,-2.811983848429236,2.196327066583078
1771888911876812544,6.490812540054321,-0.7994939684867859,1.8522447347640991,-1.3381340503692627,-0.2813948392868042,0.5893467664718628,0.7572893500328064,0.16100305318832397,0.09290409088134766,-0.08326292037963867,-0.19697379869124915,0.811411379387376,-0.4693146460906372,0.28732663751856097,-0.6302500190509416,-2.78582224232131,2.2099135122561044
1771888911886843392,6.500843524932861,-0.5334941148757935,1.804877758026123,-1.2925831079483032,-0.3028426766395569,0.5803884863853455,0.7559336423873901,0.205537348985672,0.3129678964614868,-0.2740457057952881,-0.18801905837285565,0.8124282969287231,-0.46682661354705574,0.2944181535182856,-0.6192056413751371,-2.7605512938110293,2.221747154779092
1771888911896874496,6.510874509811401,-0.42343762516975403,1.7892189025878906,-1.2850871086120605,-0.3241442143917084,0.5730761885643005,0.7526716589927673,0.1924912929534912,0.18025028705596924,-0.06007510423660278,-0.1801172519141739,0.8131779748165943,-0.46376440710630534,0.3020299173924594,-0.6102547116548117,-2.7349392631000766,2.2346796800912943
1771888911906905344,6.520905494689941,-0.7464937567710876,1.7739213705062866,-1.2197197675704956,-0.3444754481315613,0.5644721984863281,0.7501384019851685,0.31058570742607117,-0.1644478440284729,0.2429797649383545,-0.17171219252061679,0.8138507796165152,-0.4612115690429671,0.3089428361075681,-0.5997937354148467,-2.7111013175448915,2.245446932403479
1771888911916935424,6.530935525894165,-0.807824969291687,1.7267767190933228,-1.2586450576782227,-0.3646891713142395,0.5540960431098938,0.7483176589012146,0.3258097767829895,-0.0631902813911438,0.20538711547851562,-0.16247210653444177,0.8146338486445615,-0.4588360409590802,0.31534736785570067,-0.5872766622831578,-2.688119874097851,2.25498096151809
1771888911926966528,6.540966510772705,-0.9298326969146729,1.7193282842636108,-1.2547740936279297,-0.38456058502197266,0.5428570508956909,0.7466052770614624,0.24424076080322266,-0.10668456554412842,0.1353832483291626,-0.1529763546302792,0.8154890975357467,-0.4563772150313177,0.3213963464167868,-0.573835327379966,-2.6659548532026105,2.2639751145150053
1771888911936997376,6.550997495651245,-0.9537854194641113,1.760258436203003,-1.2458178997039795,-0.40429842472076416,0.5307077169418335,0.7449108362197876,0.18289339542388916,-0.1258920431137085,0.0448383092880249,-0.142995473664912,0.8161778137547981,-0.45421272604573043,0.3272565978910862,-0.5594353244742403,-2.644334709645259,2.271531343432268
1771888911947028480,6.561028480529785,-1.0004297494888306,1.8290574550628662,-1.1775236129760742,-0.424062579870224,0.5184333920478821,0.7425615787506104,0.09915721416473389,0.013777852058410645,-0.07305175065994263,-0.13296918147163048,0.8166753902726498,-0.45202003014754766,0.3332242276338622,-0.5450178649020291,-2.6227088340806315,2.278638474869331
1771888911957059328,6.571059465408325,-0.7238756418228149,1.775343656539917,-1.1073492765426636,-0.4433510899543762,0.5068931579589844,0.7392556071281433,0.21633091568946838,0.32326120138168335,-0.34660130739212036,-0.12328669099311222,0.8167144144520642,-0.45011707160919323,0.33937076193264903,-0.5315767953753081,-2.601374371565806,2.284632279805219
1771888911967090432,6.581090450286865,-0.561543345451355,1.861820936203003,-1.1269426345825195,-0.46242424845695496,0.49736061692237854,0.7340273857116699,0.17059993743896484,0.2885585427284241,-0.0576205849647522,-0.11484623414097551,0.8165226978408877,-0.44755378169161014,0.3461165060575828,-0.5205537497126738,-2.5794186201692977,2.2922795393439035
1771888911977120512,6.591120481491089,-0.824099063873291,1.8483195304870605,-0.9875422120094299,-0.4813191592693329,0.4870251417160034,0.7287923097610474,0.2803456783294678,0.0026141107082366943,0.16663914918899536,-0.10582272871458194,0.8159988627420538,-0.4455805251927775,0.35271142689123436,-0.5086803882245634,-2.5579174510592395,2.297854931849895
1771888911987151360,6.601151466369629,-0.8463754057884216,1.7231965065002441,-1.0065335035324097,-0.49901291728019714,0.47602972388267517,0.7241422533988953,0.28505411744117737,0.054365843534469604,0.07857686281204224,-0.09667549405001384,0.8154875999986757,-0.44390439942227383,0.35858439695738153,-0.49613455246170957,-2.5382136008829828,2.301927461799525
1771888911997182464,6.611182451248169,-0.9599911570549011,1.762589454650879,-1.0119391679763794,-0.5164215564727783,0.4643731713294983,0.7194904685020447,0.17225950956344604,0.009870052337646484,0.18607288599014282,-0.08728434138136691,0.8149788374981998,-0.4422157007736807,0.3641926254288165,-0.48292671592857545,-2.519046333907906,2.3054233579429053
1771888912007213312,6.621213436126709,-1.0936092138290405,1.7673139572143555,-0.9802166223526001,-0.5337361693382263,0.451608270406723,0.7149657011032104,0.24149978160858154,-0.04949334263801575,0.14080828428268433,-0.07728176883558764,0.8143825138333018,-0.4407538709522029,0.36951963173906954,-0.4685670617096421,-2.500322489242533,2.3076386395571946
1771888912017244672,6.631244659423828,-0.9572804570198059,1.799167513847351,-0.9541418552398682,-0.5507034063339233,0.43897849321365356,0.7099461555480957,0.15237277746200562,0.08099523186683655,-0.12463432550430298,-0.06733296164265368,0.8135548965235319,-0.4394331703306514,0.37482418693137787,-0.4544614402290296,-2.481846992503311,2.309114833594914
1771888912027275520,6.641275644302368,-0.6870387196540833,1.8914756774902344,-0.9782685041427612,-0.5679960250854492,0.42772844433784485,0.7031562328338623,0.084017813205719,0.2890988886356354,-0.20724564790725708,-0.058088988448352794,0.812441744724266,-0.437626002972079,0.3808510098146836,-0.4419782423989274,-2.462125360183952,2.3118822352113426
1771888912037305344,6.651305437088013,-0.8026694655418396,1.9815893173217773,-0.9278612732887268,-0.5855550765991211,0.41700851917266846,0.6951470971107483,0.14643752574920654,0.1578511893749237,0.04412609338760376,-0.04902471959798491,0.8110323199819157,-0.43566057414325465,0.3873282011036493,-0.43015151225402465,-2.4415583520539177,2.314872713661345
1771888912047336704,6.661336660385132,-0.7775397896766663,1.9865155220031738,-0.89191073179245,-0.6031274795532227,0.4061060845851898,0.6865239143371582,0.21778202056884766,0.17851915955543518,0.1207575798034668,-0.03967510626654825,0.8092781857370962,-0.43397092186314906,0.3939085235796526,-0.4181888960736249,-2.4207704434294253,2.316752485714178
1771888912057367552,6.671367645263672,-0.7732243537902832,1.9220914840698242,-0.8820232152938843,-0.6200510859489441,0.39542388916015625,0.6776258945465088,0.20484411716461182,0.10515600442886353,0.11187916994094849,-0.030559682581789736,0.8074486535585358,-0.43224948039493033,0.40031642908458376,-0.4065293040030611,-2.400532981196513,2.318371733096324
1771888912067398656,6.681398630142212,-0.8013506531715393,1.9490114450454712,-0.9096777439117432,-0.6366082429885864,0.38451749086380005,0.6684880256652832,0.13470089435577393,0.09192293882369995,0.2487940788269043,-0.021420558506125696,0.8055842282300366,-0.4304393943122155,0.40656751705485406,-0.394685058450909,-2.3806167869036665,2.3197506494531215
1771888912077429504,6.691429615020752,-0.7894934415817261,1.9487743377685547,-0.9272871017456055,-0.6530858874320984,0.3732410669326782,0.6589159369468689,0.1712590456008911,0.041080862283706665,0.0659986138343811,-0.012073889009304882,0.8035973725487908,-0.42858982350166397,0.41279092132175377,-0.38250010534883716,-2.3606380829375135,2.320723149958497
1771888912087460608,6.701460599899292,-0.7528369426727295,2.0027453899383545,-0.9279118776321411,-0.6694039106369019,0.36213332414627075,0.6486583352088928,0.07515043020248413,0.10264936089515686,-0.07860523462295532,-0.002892405128303098,0.8015239759570171,-0.4264838516437786,0.4191209738556254,-0.37055553712070677,-2.340456342110329,2.3220181287574846
1771888912097491456,6.711491584777832,-0.7630767822265625,2.037799119949341,-0.9145033955574036,-0.6857324838638306,0.3510165810585022,0.6376193761825562,0.029238343238830566,0.1458706259727478,-0.13107335567474365,0.00639910141718175,0.7991950531354115,-0.4243783323070753,0.4256165097735,-0.3586565539329646,-2.3198535047856907,2.3229274507097717
1771888912107521536,6.721521615982056,-0.7168775200843811,2.117246150970459,-0.9401435256004333,-0.7020871043205261,0.33987823128700256,0.6257448792457581,0.05198639631271362,0.16939911246299744,0.014864921569824219,0.015736976388374423,0.7966779744274932,-0.4221097369505202,0.43229616373024404,-0.34678742189041484,-2.298763786475294,2.323839377804828
1771888912117552640,6.731552600860596,-0.7933632135391235,2.110473871231079,-0.9003007411956787,-0.7183312177658081,0.328523725271225,0.6132474541664124,0.1075066328048706,0.056913286447525024,0.07027006149291992,0.02528387398578044,0.7939291826259592,-0.4198811378992522,0.43901822003965546,-0.33474012353623306,-2.277441029048444,2.3241531809392404
1771888912127583488,6.741583585739136,-0.8960390686988831,2.0834128856658936,-0.9023202061653137,-0.7340462803840637,0.31674858927726746,0.6007046103477478,0.09000343084335327,0.05846497416496277,0.15938127040863037,0.03508994771090368,0.7910400333334721,-0.41786118685408824,0.445439422630804,-0.32229959587728524,-2.256624804402386,2.3233649084773913
1771888912137614592,6.751614570617676,-0.9062331318855286,2.0817461013793945,-0.9079855680465698,-0.7492331862449646,0.3046555519104004,0.5880767703056335,0.10410696268081665,0.10014480352401733,0.19669783115386963,0.045037959505227994,0.7880714938156752,-0.41591069066959474,0.4515895212905441,-0.30957677246700027,-2.2362648922903148,2.3218647962259107
1771888912147645440,6.761645555496216,-0.9211986660957336,2.0952625274658203,-0.9052547812461853,-0.7641685605049133,0.29235127568244934,0.5749588012695312,0.0906912088394165,0.11594346165657043,0.2412034273147583,0.05510864458927254,0.784968693671296,-0.4138883226184961,0.457693988555945,-0.2966846075050504,-2.215830302946127,2.3200255256248643
1771888912157676544,6.771676540374756,-0.6804430484771729,2.2546629905700684,-0.8396866917610168,-0.779085636138916,0.28104597330093384,0.5603919625282288,0.10681372880935669,0.15627095103263855,0.037630558013916016,0.06480920752271688,0.7814679209561523,-0.4117084928103604,0.46433169304090105,-0.28488383436028225,-2.1943545630132792,2.318558623160443
1771888912167706368,6.7817065715789795,-0.30763494968414307,2.27877140045166,-0.7585782408714294,-0.7938474416732788,0.2719605267047882,0.5439149141311646,0.04601430892944336,0.08294358849525452,-0.3869020938873291,0.07329558395741705,0.7776332382116133,-0.4089547787623105,0.4718794377961741,-0.27542977439682464,-2.1714950489654044,2.319122766224407
1771888912177737472,6.7917375564575195,-0.09596450626850128,2.231904983520508,-0.7567915320396423,-0.8078966736793518,0.2649775445461273,0.526392936706543,-0.09902453422546387,0.1349705457687378,-0.25356584787368774,0.08033495272016797,0.77376653612556,-0.40556356298681867,0.47994763406722507,-0.268180638815974,-2.148267201417557,2.3220097062826133
1771888912187768576,6.80176854133606,-0.13793540000915527,2.1970248222351074,-0.7386865615844727,-0.8214190602302551,0.2583829164505005,0.5084378719329834,0.03395873308181763,-0.01930820941925049,0.0016787052154541016,0.08702126059135222,0.7698352205091548,-0.4019610361140965,0.48806595365246475,-0.2613479156916214,-2.1250513528504635,2.325357541742596
1771888912197799424,6.8117995262146,-0.34618818759918213,2.1394858360290527,-0.8389689326286316,-0.8342630863189697,0.250536173582077,0.4911583662033081,0.11153066158294678,-0.11928007006645203,0.11843019723892212,0.09431248281490512,0.7659623564029497,-0.39859861415917935,0.49550571517857517,-0.2532340380220352,-2.1028902129122233,2.3272378262220066
1771888912207830528,6.82183051109314,-0.4704945981502533,2.193207025527954,-0.9294708967208862,-0.8469656705856323,0.24105368554592133,0.47385895252227783,0.016414523124694824,-0.10926352441310883,0.18176543712615967,0.10242151760174795,0.7621028766309347,-0.39513121487582475,0.5025737498935804,-0.2434514066469251,-2.0808874301598412,2.3281781774625134
1771888912217861376,6.83186149597168,-0.47559377551078796,2.2543559074401855,-0.9181732535362244,-0.8595330715179443,0.23088271915912628,0.45595628023147583,0.026540517807006836,-0.024583891034126282,0.039557576179504395,0.11100855659643377,0.7580159499167887,-0.3916503116781359,0.5096066768959135,-0.23298481189879652,-2.0585215799809315,2.328341053826596
1771888912227891456,6.841891527175903,-0.5279057025909424,2.2653095722198486,-0.9823601841926575,-0.8718113899230957,0.2204025834798813,0.43745577335357666,0.028000354766845703,0.00892174243927002,0.04539334774017334,0.11972787153964387,0.7537924221512804,-0.387975346595713,0.5166597812357842,-0.22222719179034345,-2.0358653234873474,2.328395348448841
1771888912237922304,6.851922512054443,-0.5742439031600952,2.291141986846924,-0.8997193574905396,-0.8836963176727295,0.2097010612487793,0.41845703125,0.08483767509460449,-0.006835460662841797,-0.076141357421875,0.12875626597813294,0.7492717866744261,-0.3844740678201227,0.5236347115301719,-0.21126921209763522,-2.013044886627626,2.327414494743704
1771888912247953408,6.861953496932983,-0.2767506241798401,2.1683316230773926,-0.8979861736297607,-0.894670307636261,0.20002999901771545,0.39944061636924744,0.03798097372055054,0.011594131588935852,-0.2654837965965271,0.13693834428973486,0.7448271581718143,-0.38072668595821285,0.5305916426383998,-0.20138853925625144,-1.9907081839123737,2.327410965085836
1771888912257984512,6.871984481811523,-0.1259363442659378,2.151350736618042,-0.8728331923484802,-0.9049130082130432,0.19106796383857727,0.3802962005138397,0.014028728008270264,0.11442823708057404,-0.024522364139556885,0.14429274038802417,0.7405578511483465,-0.37646005879412475,0.5376164022402731,-0.1922500373721442,-1.9686429397804293,2.3289503364806214
1771888912268015360,6.8820154666900635,-0.16582348942756653,2.1442301273345947,-0.9303726553916931,-0.9145128130912781,0.18249312043190002,0.36105749011039734,0.12960076332092285,-0.030301958322525024,0.08146259188652039,0.15117159871346458,0.7363424062243079,-0.3719255447799859,0.5446268082794132,-0.18352156660083643,-1.9468193508222085,2.3311957027487464
1771888912278046464,6.8920464515686035,-0.2346198707818985,2.2254281044006348,-0.9885448813438416,-0.9239679574966431,0.17288008332252502,0.3411678671836853,0.026827573776245117,-0.10684005916118622,0.09176978468894958,0.15863084776488906,0.7319437688055311,-0.367208739922923,0.551590645101479,-0.17375304244945525,-1.9245094601351218,2.3328148120261267
1771888912288077312,6.9020774364471436,-0.3796994686126709,2.259871482849121,-1.0563409328460693,-0.9331182837486267,0.16231204569339752,0.32085075974464417,0.04986327886581421,-0.06529666483402252,0.06972849369049072,0.16671928538659828,0.7273313754007601,-0.36251131919097695,0.5583720593815055,-0.16303332411396043,-1.9019799620012932,2.3333083466665667
1771888912298107392,6.912107467651367,-0.45473936200141907,2.2828593254089355,-1.082586407661438,-0.9418885707855225,0.15094344317913055,0.30010342597961426,0.05210280418395996,-0.08043259382247925,0.05699801445007324,0.1753732637871093,0.7224903139457427,-0.3578539624038822,0.5649712706816602,-0.15152258521046888,-1.879245882558351,2.332670192361939
1771888912308138496,6.922138452529907,-0.4867895245552063,2.282198429107666,-1.1098889112472534,-0.9501240253448486,0.13912449777126312,0.27912139892578125,0.06464123725891113,-0.009028047323226929,0.01239776611328125,0.1842937021954659,0.7175162515517627,-0.3531729475508836,0.5713800451388251,-0.13957725836554818,-1.8565311284465509,2.331336749941497
1771888912318169344,6.932169437408447,-0.3794524073600769,2.2465927600860596,-1.0744017362594604,-0.9576802849769592,0.12752759456634521,0.25804057717323303,0.10828465223312378,0.03117905557155609,-0.04280009865760803,0.19298335660688154,0.7124933120274797,-0.34838710280314844,0.5776997739133711,-0.12787582344892895,-1.8339892655145982,2.3300610327993256
1771888912328200704,6.942200660705566,-0.20054179430007935,2.161440372467041,-1.0825706720352173,-0.9644790887832642,0.11636435985565186,0.2371487021446228,0.10722506046295166,0.16281044483184814,-0.03591573238372803,0.20105249939804076,0.7076308369527503,-0.3432680424751073,0.5839551135458293,-0.11662858222796782,-1.81189612492133,2.3297530953523102
1771888912338231552,6.9522316455841064,-0.08005877584218979,2.1527771949768066,-1.0467948913574219,-0.9705723524093628,0.10574738681316376,0.2163482904434204,0.14406490325927734,0.11864835768938065,0.004309028387069702,0.20832382772957664,0.7029614853206627,-0.3376674385352245,0.5902769992660357,-0.10594547530180118,-1.7901186431894167,2.3309420218748333
1771888912348262656,6.9622626304626465,-0.1897602528333664,2.130429983139038,-1.086091160774231,-0.9760624766349792,0.09515760838985443,0.1955680549144745,0.1002996563911438,0.06431199610233307,0.07458874583244324,0.2155259825410484,0.698223552846575,-0.3320661058126305,0.5964599180776319,-0.09530180658600518,-1.7685421332742792,2.331858416256185
1771888912358292480,6.97229266166687,-0.2894071936607361,2.1085190773010254,-1.0622811317443848,-0.9809713363647461,0.08414861559867859,0.1749693900346756,0.1106863021850586,0.013095639646053314,0.13592839241027832,0.22307285484221,0.6933783951050482,-0.32666664605088863,0.6022904697227822,-0.08424824626213907,-1.747303588186173,2.3315952603746806
1771888912368323584,6.98232364654541,-0.4498644471168518,2.125666379928589,-1.0740916728973389,-0.9853060245513916,0.07303430140018463,0.1543964296579361,0.14631664752960205,-0.02182581275701523,0.10452999174594879,0.2310228963168472,0.6882704369862301,-0.3216862091792189,0.6078077793175088,-0.07309938522090972,-1.7262312949717555,2.329705799694328
1771888912378354432,6.99235463142395,-0.4372921884059906,2.135833978652954,-1.0761125087738037,-0.9891093373298645,0.06174551695585251,0.13360388576984406,0.11201900243759155,-0.01902090013027191,0.02389727532863617,0.23928899657530803,0.6829278748302094,-0.3168776785906592,0.613138434858081,-0.061784817666664237,-1.7050586586903564,2.326728748483481
1771888912388385536,7.00238561630249,-0.40407440066337585,2.142500400543213,-1.0526748895645142,-0.9923490881919861,0.05064614117145538,0.11259742081165314,0.10839223861694336,0.050428081303834915,-0.07226848602294922,0.24737675924700472,0.6774943084449622,-0.3119297553309889,0.6184707105045414,-0.05066781847430562,-1.6837786514110449,2.3238731189510142
1771888912398416640,7.01241660118103,-0.362669974565506,2.109509229660034,-0.966473400592804,-0.9949868321418762,0.040148038417100906,0.09159331768751144,0.14469081163406372,0.010923124849796295,-0.22818994522094727,0.2551279997398386,0.6719668915110689,-0.3070132798630326,0.6237892643973815,-0.04015883153347815,-1.662592414769191,2.3210916978583764
1771888912408447488,7.02244758605957,-0.30896350741386414,2.0691540241241455,-0.9042055010795593,-0.9970189929008484,0.030535303056240082,0.0708586573600769,0.11307722330093384,0.10197199136018753,-0.07833551615476608,0.26239336468661834,0.666395436578213,-0.3022357561054608,0.6290632013287619,-0.030540050154553012,-1.6417475496418277,2.3184549011156514
1771888912418478592,7.03247857093811,-0.19107389450073242,2.0030548572540283,-0.8628053069114685,-0.9984923005104065,0.021566104143857956,0.05047992989420891,0.17372411489486694,0.16608648002147675,0.06664658337831497,0.26905312783719804,0.660931700327312,-0.29733693427417573,0.6343268250605235,-0.02156777653432134,-1.621309474717482,2.3165970594180907
1771888912428508416,7.042508602142334,-0.27124977111816406,1.974057912826538,-0.8130604028701782,-0.9994427561759949,0.013102438300848007,0.030704371631145477,0.21811634302139282,0.022755689918994904,0.07868587970733643,0.2753996603929533,0.6555401039004973,-0.2926078566131845,0.6393770251910214,-0.013102812761416798,-1.6015081572117786,2.314651181765742
1771888912438539520,7.052539587020874,-0.2800384759902954,1.9076756238937378,-0.8288595676422119,-0.9999247789382935,0.004878006409853697,0.011258681304752827,0.13153183460235596,0.02750113606452942,0.12748944759368896,0.28181853049657135,0.6500609624695864,-0.2881841176747213,0.6441653687291293,-0.004878025840425062,-1.5820553793021046,2.311848496983152
1771888912448570368,7.062570571899414,-0.10227566957473755,1.8724526166915894,-0.8629968166351318,-0.9999634027481079,-0.003615200985223055,-0.007758229970932007,0.1634155511856079,0.08114509284496307,0.04259401559829712,0.2879174638834376,0.6448460094256242,-0.2833628577676488,0.648831778984777,0.003615208926139862,-1.5630379685517628,2.3098955956053753
1771888912458601472,7.072601556777954,-0.11686393618583679,1.846605896949768,-0.9146011471748352,-0.9995741844177246,-0.012480037286877632,-0.026377569884061813,0.1788649559020996,0.015455511398613453,0.026453852653503418,0.2937045056872273,0.6399041657956572,-0.27808968600870615,0.6533961060451559,0.01248036145206252,-1.5444136422196086,2.3088644192900185
1771888912468632576,7.082632541656494,-0.09906203299760818,1.8016678094863892,-0.8914529085159302,-0.9987654685974121,-0.02148095890879631,-0.044791512191295624,0.20962655544281006,-0.02124367281794548,-0.12503880262374878,0.29961572538999587,0.6349278482425734,-0.2728935167745363,0.6577433230967417,0.02148261083521973,-1.525979480283211,2.307262609317281
1771888912478663424,7.092663526535034,0.06949448585510254,1.8764197826385498,-0.9601379632949829,-0.9975641369819641,-0.030471989884972572,-0.06274966895580292,0.21945732831954956,-0.005355676636099815,-0.2281286120414734,0.3050190055064883,0.6302076048841129,-0.2673266548702137,0.662071285022057,0.030476707713792104,-1.5079762031367034,2.3067733248756785
1771888912488694528,7.102694511413574,0.09355295449495316,1.6130902767181396,-0.7583371996879578,-0.9961068630218506,-0.03844037279486656,-0.07933180034160614,0.20065093040466309,0.008685722947120667,-0.11544662714004517,0.3094659337762933,0.6259038176602809,-0.26187498921647445,0.66625577016692,0.038449846799506734,-1.4913222127616454,2.307434085420971
1771888912498724352,7.112724542617798,0.1544961929321289,1.4336237907409668,-0.7607969045639038,-0.9944449067115784,-0.04417192190885544,-0.09554167091846466,0.27101045846939087,0.09402240812778473,-0.030984215438365936,0.3130177697672345,0.6213961334277542,-0.25709143955772334,0.6706643763855158,0.04418630071850976,-1.4750149230941705,2.3083834681978397
1771888912508755456,7.122755527496338,0.22080430388450623,1.3187493085861206,-0.5551071166992188,-0.9926197528839111,-0.051836758852005005,-0.10963153839111328,0.11273694038391113,-0.029065333306789398,0.04592609405517578,0.31695832471494684,0.6177840042634651,-0.2520459410040836,0.6740572890578882,0.051860001403516424,-1.4607955010577283,2.3089526426473377
1771888912518786304,7.132786512374878,0.0991004928946495,1.222347378730774,-0.5856695771217346,-0.9908701777458191,-0.057217296212911606,-0.12207607179880142,0.1664072871208191,0.007931403815746307,0.03401762247085571,0.3052708759425564,0.6195800553800866,-0.23469665317941985,0.6839939814955244,0.05724856186924972,-1.448213168143268,2.352667885943079
1771888912528817408,7.142817497253418,0.3531719148159027,1.0695503950119019,-0.4606996774673462,-0.9890375137329102,-0.06306403130292892,-0.1335192620754242,0.15261191129684448,-0.001099124550819397,-0.1039532721042633,0.2972557917336131,0.6200402480066343,-0.22088563111059947,0.6916635474855304,0.06310590793932086,-1.43660840360045,2.384949227267253
1771888912538848512,7.152848482131958,0.020258944481611252,1.0744620561599731,-0.514965832233429,-0.9871969223022461,-0.06829743087291718,-0.14414407312870026,0.14404213428497314,-0.12948696315288544,-0.14327047765254974,0.2886720696272587,0.6204330106364738,-0.20734233646000777,0.6990996942255665,0.0683506422278879,-1.4258074287990503,2.4175052389824834
1771888912548879360,7.162879467010498,-0.11741858720779419,0.9470759630203247,-0.48228326439857483,-0.9853111505508423,-0.07315779477357864,-0.1543048769235611,0.16605150699615479,-0.02524615079164505,-0.1696239709854126,0.28071610534359176,0.6203792766283197,-0.194877184285347,0.7059397818496173,0.07322321000924782,-1.4154528465682839,2.4472930588711326
1771888912558909440,7.172909498214722,-0.09290817379951477,0.7827312350273132,-0.39771220088005066,-0.9836035966873169,-0.07739655673503876,-0.16289153695106506,0.19730299711227417,-0.07552701979875565,-0.2892264127731323,0.27243780559995384,0.62052606319258,-0.18303452257846745,0.7121961427662689,0.07747403552521605,-1.406678954146472,2.476585555325883
1771888912568940288,7.182940483093262,0.005994788371026516,0.6450990438461304,-0.32710567116737366,-0.9821215271949768,-0.0808970183134079,-0.1699795126914978,0.1574602723121643,-0.0686086043715477,-0.2630191445350647,0.2635317485989734,0.6209456102240968,-0.17157154484696105,0.7180116830974501,0.08098551448275998,-1.3994202251883368,2.506246681908321
1771888912578971392,7.192971467971802,0.19413672387599945,0.6605222225189209,-0.33697080612182617,-0.9807271361351013,-0.08428508788347244,-0.17626714706420898,0.04577547311782837,0.13605818152427673,0.09490729868412018,0.2539515299708281,0.6215333007522181,-0.15988364329942875,0.7236311674925808,0.08438520396999924,-1.3929638738359924,2.537150886841154
1771888912589002496,7.203002452850342,0.2610056698322296,0.7153147459030151,-0.29388299584388733,-0.9792142510414124,-0.08777979016304016,-0.18285007774829865,-0.06317466497421265,0.16399744153022766,0.05945223569869995,0.2440904461830692,0.6218409458232724,-0.14794864430308696,0.7292769653384427,0.08789291197876659,-1.3861909525853726,2.568643331347708
1771888912599033344,7.213033437728882,0.11298692971467972,0.6485764980316162,-0.26185742020606995,-0.9776911735534668,-0.09095464646816254,-0.18933357298374176,0.1465754508972168,-0.11123955994844437,-0.13569390773773193,0.23408315977843103,0.6219105182875015,-0.13623699270068407,0.734759728011392,0.09108052368391262,-1.37951029581683,2.5999067595495524
1771888912609064704,7.223064661026001,0.07769595831632614,0.549744725227356,-0.2107851803302765,-0.9763322472572327,-0.09330181032419205,-0.19511516392230988,0.09702938795089722,-0.05556291341781616,-0.14492693543434143,0.2243500046430521,0.6218401054563609,-0.12552807899708127,0.7397462584731148,0.09343770950870135,-1.3735497565050785,2.6292972179231042
1771888912619094528,7.233094692230225,0.1668788343667984,0.431803435087204,-0.19919084012508392,-0.9751482009887695,-0.09559006989002228,-0.1998717039823532,0.06755530834197998,0.0017637461423873901,-0.18916639685630798,0.2142558000318334,0.621995491978688,-0.1148292501056596,0.7443321998694646,0.09573624376179343,-1.368630876309794,2.6591709654694533
1771888912629124608,7.243124723434448,0.13513492047786713,0.2912965416908264,-0.19674260914325714,-0.9742367267608643,-0.09783879667520523,-0.20320022106170654,0.09970980882644653,-0.10124262422323227,-0.24752914905548096,0.20401714907766216,0.6225048029930751,-0.1043439374367074,0.7483161936570154,0.09799556293499931,-1.3651705202758537,2.6889471612907934
1771888912639155712,7.253155708312988,0.0018756771460175514,0.25834205746650696,-0.24489282071590424,-0.9735180735588074,-0.09999135881662369,-0.20558229088783264,0.060264408588409424,-0.030349180102348328,-0.07128843665122986,0.19400769311893556,0.6231486602382496,-0.09431121025536582,0.7517659256491738,0.1001587371687888,-1.3626794117836822,2.717715052464755
1771888912649186560,7.263186693191528,-0.10783945769071579,0.3101702332496643,-0.24760392308235168,-0.9726977348327637,-0.10227964073419571,-0.2083217352628708,-0.07223939895629883,0.1419830173254013,0.03565329313278198,0.18482845662672714,0.6234055262234073,-0.08488040630747412,0.7549829835549908,0.10245880913594718,-1.3598145599279494,2.744277792851403
1771888912659217664,7.273217678070068,-0.04273875057697296,0.3462131917476654,-0.21753044426441193,-0.9717404246330261,-0.10438976436853409,-0.2117152214050293,0.010711371898651123,0.08749829977750778,-0.013901233673095703,0.17568381158655497,0.6232435016191495,-0.0755640380209181,0.7582828009338272,0.10458029591719686,-1.3562764884441656,2.7705291763031026
1771888912669248512,7.283248662948608,0.1357147991657257,0.3472978472709656,-0.18665561079978943,-0.9707953333854675,-0.10642260313034058,-0.21501296758651733,0.046234846115112305,0.07056445628404617,-0.14433149993419647,0.16606764730382198,0.6230083314835985,-0.06598587660982312,0.7615300175670721,0.10662452130011942,-1.3528335917688272,2.7977952204632572
1771888912679279616,7.293279647827148,0.28047144412994385,0.2742422819137573,-0.11289670318365097,-0.9699565768241882,-0.10831691324710846,-0.2178342342376709,0.06895560026168823,0.05663537234067917,-0.1081545352935791,0.15573720530436516,0.622851091613791,-0.05603034753660985,0.7646326426048352,0.10852984303848615,-1.3498803193833653,2.826627603003081
1771888912689310464,7.3033106327056885,0.3637752830982208,0.19343161582946777,-0.08264399319887161,-0.9693376421928406,-0.10998205095529556,-0.21974685788154602,0.06926733255386353,0.046429164707660675,-0.10953781008720398,0.14495476763076684,0.6229046760991612,-0.046003657857188976,0.7673732285342579,0.11020499469030795,-1.347866340837739,2.8562480270668584
1771888912699340544,7.313340663909912,0.23353420197963715,0.07325594127178192,-0.03817266225814819,-0.9689913988113403,-0.11121777445077896,-0.2206501066684723,0.10761737823486328,-0.03703665733337402,-0.1531597077846527,0.1341044706862539,0.6231812961760105,-0.036332077858460966,0.7696370226851577,0.11144833969828544,-1.3469029129791397,2.885525673631779
1771888912709371648,7.323371648788452,0.16643114387989044,-0.05405528098344803,0.013256439007818699,-0.9689515829086304,-0.11177550256252289,-0.22054260969161987,0.07544267177581787,-0.06501282006502151,-0.08980590105056763,0.12352514821156248,0.6236799973819768,-0.027421852821058502,0.7713707206879593,0.11200956727712527,-1.3469994908932197,2.913428403761954
1771888912719402496,7.333402633666992,0.13880884647369385,-0.11494871973991394,0.02105257660150528,-0.9691603779792786,-0.11193107813596725,-0.21954429149627686,0.038618385791778564,0.009437784552574158,-0.09028542041778564,0.11298834784839024,0.6243969759422938,-0.0188750734066139,0.7726615166379805,0.1121661300069413,-1.3480256931574206,2.940818729330294
1771888912729433600,7.343433618545532,0.199037566781044,-0.2353089600801468,0.07327289879322052,-0.9696031212806702,-0.1117778867483139,-0.21765896677970886,0.08737045526504517,0.0568004846572876,-0.046913206577301025,0.10242624825297361,0.6253472238248166,-0.010553044783000638,0.7735232861938832,0.11201197108469443,-1.34997446501623,2.9679824951861358
1771888912739464448,7.353464603424072,0.2734558880329132,-0.3283880352973938,0.11348823457956314,-0.9703208804130554,-0.11132513731718063,-0.21467247605323792,0.09886091947555542,0.02601323276758194,-0.10254251956939697,0.09151352887717977,0.6266251198372483,-0.0021734712350841615,0.7739261101584847,0.1115563790706073,-1.3530648748622538,2.995800402817248
1771888912749495552,7.363495588302612,0.3176182806491852,-0.39333879947662354,0.16589178144931793,-0.971250593662262,-0.11053504794836044,-0.21084225177764893,0.08549302816390991,0.06245458126068115,-0.12315741181373596,0.08037599025565983,0.6281247536621447,0.006178080707829375,0.7739256427717427,0.11076138109317037,-1.357029795064225,3.023953450616878
1771888912759526400,7.373526573181152,0.3239526152610779,-0.4584357738494873,0.2535020709037781,-0.9723673462867737,-0.10915540903806686,-0.2063661366701126,0.11825662851333618,0.023721426725387573,-0.18801254034042358,0.06898360760365457,0.6297696237481903,0.01439274301352783,0.7735789493344751,0.1093733404558317,-1.3616686691545266,3.0523413134462207
1771888912769556480,7.383556604385376,0.25968068838119507,-0.5521217584609985,0.31712204217910767,-0.9737058281898499,-0.10689811408519745,-0.2011709213256836,0.11634498834609985,-0.02846260368824005,-0.1487588882446289,0.05759205836282748,0.6316062643715022,0.022092204021505146,0.7728315410458709,0.1071027590712948,-1.3670594907060658,3.0800909329961703
1771888912779587584,7.393587589263916,0.33497199416160583,-0.6834660768508911,0.39168497920036316,-0.9753050208091736,-0.10399051755666733,-0.19484922289848328,0.09723800420761108,-0.03529171645641327,-0.16861510276794434,0.04598045179443846,0.6337965735001507,0.02961907894876993,0.7715636596807551,0.10417885952473603,-1.373609561313517,3.1079954682345905
1771888912789618432,7.403618574142456,0.29693013429641724,-0.8084815144538879,0.43836113810539246,-0.977167010307312,-0.10051073133945465,-0.18719571828842163,0.1321810483932495,-0.06555066257715225,-0.14779573678970337,0.034200349849188016,0.6364213199295887,0.03701412618840441,0.7696935548808305,0.10068073972001429,-1.3815196808791952,3.1360300359048647
1771888912799649536,7.413649559020996,0.30379602313041687,-0.8828234076499939,0.4724080562591553,-0.979182779788971,-0.09654351323843002,-0.17855075001716614,0.09305912256240845,0.00343438982963562,-0.06755828857421875,0.02255753621065839,0.6393579239529636,0.044114324211769924,0.7673112124163192,0.09669411748519681,-1.3904312758404704,-3.1196962428201163
1771888912809680640,7.423680782318115,0.3282940983772278,-0.9383506178855896,0.47343361377716064,-0.9812102913856506,-0.09249986708164215,-0.16932207345962524,0.07785958051681519,0.07699695974588394,-0.05881206691265106,0.010931200108982934,0.6424223547071026,0.05130773350716594,0.7645531056569581,0.09263228740246005,-1.3999147587841956,-3.0921531264869064
1771888912819711744,7.433711767196655,0.2989005148410797,-1.0188381671905518,0.49787771701812744,-0.9832623600959778,-0.08822636306285858,-0.15940916538238525,0.13086062669754028,-0.0025939568877220154,-0.11662232875823975,-0.0005988407848485933,0.6456620465799613,0.058446039729783725,0.7613831308886664,0.0883412200733686,-1.4100720254395165,-3.0648336008680346
1771888912829742592,7.443742752075195,0.322648286819458,-1.1163947582244873,0.5353558659553528,-0.9853528738021851,-0.08358517289161682,-0.14863809943199158,0.13774240016937256,-0.031649209558963776,-0.1256539225578308,-0.011993335575170641,0.64915333391364,0.06542860014379846,0.7577435351905519,0.08368280496843533,-1.421077558782347,-3.037922805994924
1771888912839772672,7.453772783279419,0.3974868357181549,-1.2138813734054565,0.5459703803062439,-0.9874551296234131,-0.07872600853443146,-0.1368740350008011,0.13477879762649536,-0.03264787793159485,-0.1512119024991989,-0.02346074886129061,0.6529148847775172,0.0725612374348834,0.7535824846786143,0.07880755970670482,-1.4330610575116862,-3.010702288756976
1771888912849803776,7.463803768157959,0.46484076976776123,-1.3575834035873413,0.5826394557952881,-0.9895640015602112,-0.0736994668841362,-0.12382058054208755,0.15483194589614868,-0.0716710314154625,-0.16840046644210815,-0.03503647482760954,0.657036350343526,0.0799558817650543,0.7487875545161227,0.07376634465642146,-1.4463168806474465,-2.982961023400818
1771888912859834624,7.473834753036499,0.5283541679382324,-1.4806584119796753,0.617455005645752,-0.9916539788246155,-0.06827177107334137,-0.1093679666519165,0.15950065851211548,-0.06566987931728363,-0.1612924337387085,-0.04669000053188603,0.6615612775935609,0.0874796773195605,0.7433061434860929,0.06832491809031879,-1.4609518233059606,-2.954921118763504
1771888912869865728,7.483865737915039,0.42083796858787537,-1.4711984395980835,0.5737210512161255,-0.9935567378997803,-0.06280945241451263,-0.09434091299772263,0.08784067630767822,0.05830807983875275,0.09244881570339203,-0.05811277451323209,0.6661744298714651,0.09508507124774652,0.7374235316742235,0.06285082021992637,-1.4761274343923434,-2.9271385262238616
1771888912879896576,7.493896722793579,0.3486953377723694,-1.478107213973999,0.5944820046424866,-0.995191216468811,-0.05733209475874901,-0.07941881567239761,0.04630821943283081,0.057591505348682404,0.03034657984972,-0.06886134043640177,0.6706846279919372,0.10233632076492119,0.7314147141182323,0.057363551293411356,-1.4911625230402297,-2.900879447991993
1771888912889927680,7.503927707672119,0.29031074047088623,-1.5439703464508057,0.6090966463088989,-0.9966098070144653,-0.05153275653719902,-0.06413377076387405,0.1451236605644226,-0.026103947311639786,-0.06912123411893845,-0.07927511804528124,0.6752581719099658,0.10935957105885344,0.7251084571964255,0.05155559303556786,-1.506533001159646,-2.875454526379878
1771888912899958528,7.513958692550659,0.3549520671367645,-1.588987112045288,0.637480616569519,-0.9977942705154419,-0.04550176113843918,-0.048331618309020996,0.13851094245910645,0.0011597461998462677,-0.10025846213102341,-0.08951221699547801,0.6799190008930283,0.11638016391164031,0.7184380550906493,0.045517478796445514,-1.5223956951343462,-2.8503177628777783
1771888912909988608,7.523988723754883,0.48532843589782715,-1.648694396018982,0.7006979584693909,-0.9987305402755737,-0.0389350987970829,-0.03196002542972565,0.13129889965057373,0.0047554075717926025,-0.13571882247924805,-0.10003725544041457,0.6846384432969489,0.12365350215862125,0.7113175003626666,0.0389449424015013,-1.5388065927071655,-2.8244333081847666
1771888912920019712,7.534019708633423,0.558783233165741,-1.7256182432174683,0.7712194919586182,-0.9993857741355896,-0.031715456396341324,-0.014904852025210857,0.15392684936523438,-0.04911034181714058,-0.14935600757598877,-0.11086611764530412,0.6894523113204124,0.13116052943988907,0.7036768534385626,0.03172077453395355,-1.5558834201133014,-2.7978052630283723
1771888912930050560,7.544050693511963,0.5379504561424255,-1.8026456832885742,0.8333500027656555,-0.9997154474258423,-0.023667527362704277,0.0029753835406154394,0.14531481266021729,-0.037565991282463074,-0.09277331829071045,-0.1217590839905981,0.6944627838982003,0.1385970184995879,0.695476118560791,0.023669738199931276,-1.573772548392198,-2.7712193950852813
1771888912940081664,7.554081678390503,0.46116942167282104,-1.8427014350891113,0.835561215877533,-0.9996570348739624,-0.01522622350603342,0.02130991779267788,0.1185535192489624,0.06738075613975525,0.08228194713592529,-0.13227918047720374,0.6995694128463196,0.14579984654680583,0.6869114254490155,0.015226812004270306,-1.5921103274594244,-2.745553547078934
1771888912950112512,7.564112663269043,0.3688606917858124,-1.8673945665359497,0.8404643535614014,-0.9991813898086548,-0.006663145963102579,0.03990275040268898,0.07784044742584229,0.05436212196946144,0.09998977184295654,-0.1422688846848112,0.7047083014302268,0.15276643795280603,0.6780915918644472,0.006663195350053295,-1.6107105585969432,-2.7210419061245736
1771888912960143616,7.574143648147583,0.41308489441871643,-1.9217984676361084,0.854020357131958,-0.9982619285583496,0.0020323495846241713,0.05889727175235748,0.10348659753799438,0.016293473541736603,0.0043199025094509125,-0.15190851155490095,0.709892695037359,0.15969031577458342,0.6689357917844726,-0.002032351086765454,-1.6297278287865553,-2.6971430652919284
1771888912970174464,7.584174633026123,0.5027742385864258,-2.010077476501465,0.8807854056358337,-0.996847927570343,0.011025520041584969,0.07856544852256775,0.1706761121749878,-0.004952511750161648,-0.09100139886140823,-0.16151996604497443,0.7151527944401531,0.16685084729580793,0.659263628087146,-0.011025743667702051,-1.649447620326067,-2.672985905074961
1771888912980204544,7.594204664230347,0.6199328303337097,-2.1013216972351074,0.9349794387817383,-0.9948769807815552,0.020563574507832527,0.09898049384355545,0.16888821125030518,-0.02378319762647152,-0.12521040439605713,-0.17132624590807286,0.7204777508212227,0.1743618617472153,0.6489662342661481,-0.020565024511708788,-1.669960187048713,-2.648085280719137
1771888912990235648,7.604235649108887,0.5690593123435974,-2.1885411739349365,1.0036972761154175,-0.9922717809677124,0.030924862250685692,0.12016778439283371,0.19022411108016968,-0.039713919162750244,-0.08243275433778763,-0.1811467333687902,0.7259525404445256,0.1818702861709528,0.6380454046791384,-0.030929793159228138,-1.6913131424911905,-2.6232340053321637
1771888913000266496,7.614266633987427,0.5394222736358643,-2.2635622024536133,1.0395492315292358,-0.9889696836471558,0.04178962484002113,0.14210082590579987,0.21107661724090576,-0.04371223598718643,-0.05642271041870117,-0.19049667116325364,0.7316422129239574,0.18907692715818025,0.6266263951227554,-0.041801798503373656,-1.7135052941367108,-2.599576265843914
1771888913010297600,7.624297618865967,0.5344036817550659,-2.24904203414917,1.0337568521499634,-0.9850013852119446,0.05289418622851372,0.16423934698104858,0.15779191255569458,0.007240705192089081,0.01380014419555664,-0.1995696876669009,0.7372847207862385,0.19629293559388858,0.614859564449873,-0.0529188807475745,-1.7360165766193925,-2.576360355513419
1771888913020328448,7.634328603744507,0.5599446892738342,-2.194254159927368,0.9924493432044983,-0.9804952144622803,0.0638703852891922,0.1858750879764557,0.09066379070281982,0.0340300053358078,0.106681689620018,-0.2083567732343209,0.7426130079284983,0.20362579975617404,0.6030338822431662,-0.0639138927531886,-1.7581457915240184,-2.55340317873414
1771888913030359552,7.644359588623047,0.5597566366195679,-2.153886079788208,0.9717523455619812,-0.9755419492721558,0.07459501177072525,0.20676852762699127,0.07823377847671509,0.023793645203113556,0.054263561964035034,-0.21684553539496784,0.7475485382121236,0.2110816182384722,0.5912644521021464,-0.07466436470101319,-1.7796577912158147,-2.5306841746601334
1771888913040390400,7.654390573501587,0.6223779320716858,-2.1865174770355225,0.9881235957145691,-0.9700453281402588,0.08539296686649323,0.2274211347103119,0.13468754291534424,-0.04172232747077942,-0.08220323920249939,-0.2251242660043534,0.7522700785963556,0.2186327874640983,0.5793173484254285,-0.08549708749152454,-1.8010811560596147,-2.5081281294543394
1771888913050420480,7.6644206047058105,0.6928758025169373,-2.195064067840576,1.0222586393356323,-0.9639052748680115,0.09670519828796387,0.24806171655654907,0.15465545654296875,-0.06852221488952637,-0.11764480173587799,-0.23342906337295985,0.7568446764182781,0.22631171767188396,0.5669920462884935,-0.09685656743423893,-1.8226812554285394,-2.4853677950450095
1771888913060451584,7.674451589584351,0.6733607053756714,-2.2885026931762695,1.1086348295211792,-0.9570214748382568,0.10871829092502594,0.268868088722229,0.1649531126022339,-0.12799014151096344,-0.1816793978214264,-0.24162653881199805,0.7614075642051449,0.2338644285807942,0.5542404611887709,-0.10893360743306554,-1.8446788896871011,-2.4630086383111482
1771888913070482432,7.684482574462891,0.5801866054534912,-2.440279960632324,1.1995333433151245,-0.9490528106689453,0.12150002270936966,0.29075121879577637,0.15510761737823486,-0.06357766687870026,-0.07413747906684875,-0.2493666781786109,0.7663387572749117,0.24104049713415776,0.540777751682906,-0.12180096351635984,-1.8680771414073283,-2.4419925204163984
1771888913080513536,7.694513559341431,0.7156112790107727,-2.5746190547943115,1.2134933471679688,-0.9398823976516724,0.13489899039268494,0.3137247860431671,0.14514368772506714,0.01930631697177887,-0.032917290925979614,-0.2567908887612669,0.7715321696045028,0.2481945023112126,0.5264940743923794,-0.13531152353192974,-1.892959214462547,-2.4215652527409826
1771888913090544640,7.70454478263855,0.7834203243255615,-2.608107566833496,1.1848198175430298,-0.9296736121177673,0.1486123949289322,0.3370775580406189,0.11799758672714233,0.10361538827419281,0.017872333526611328,-0.2642036045160863,0.776584211653684,0.2558432012248551,0.5115248209677218,-0.1491649431994614,-1.9186307053466864,-2.400413376233666
1771888913100575744,7.71457576751709,0.5184956789016724,-2.503101348876953,1.1594418287277222,-0.9188950657844543,0.16167622804641724,0.3598514795303345,-0.04008948802947998,0.05168740451335907,0.20054283738136292,-0.270784737821116,0.7814289680865669,0.26323848808367395,0.49673939576172926,-0.16238898557373307,-1.944051900528799,-2.3808022046265105
1771888913110606592,7.72460675239563,0.298250287771225,-2.39162278175354,1.1940357685089111,-0.907844066619873,0.17396321892738342,0.38151815533638,-0.07843828201293945,0.014009818434715271,0.04830670356750488,-0.2762549583232016,0.7861246174300139,0.2697539021901552,0.4826221758183806,-0.17485283297032744,-1.9686337233010975,-2.3641350132714596
1771888913120636672,7.7346367835998535,0.269562691450119,-2.4077718257904053,1.2358505725860596,-0.896274983882904,0.18599174916744232,0.40261438488960266,0.08234065771102905,-0.037111759185791016,-0.15043234825134277,-0.2810673133681101,0.7907353388555757,0.27576225082247974,0.46871529737473144,-0.18708112178824285,-1.9929918810778409,-2.349229382549624
1771888913130667776,7.7446677684783936,0.22212931513786316,-2.4731764793395996,1.2732272148132324,-0.8837181925773621,0.19820871949195862,0.4239759147167206,0.12894219160079956,-0.08816233277320862,-0.11431407928466797,-0.28546539152239414,0.7954255537634563,0.2815779561156852,0.45444647347666123,-0.19953003913190162,-2.0181242339643526,-2.335301181389359
1771888913140698624,7.754698753356934,0.25253966450691223,-2.5227131843566895,1.2822809219360352,-0.870202362537384,0.21052581071853638,0.44545117020606995,0.08037692308425903,-0.03581267595291138,-0.06378304958343506,-0.289488185910094,0.8001210459351923,0.2872836482530813,0.43985338518396966,-0.21211279289814924,-2.043913620822687,-2.3221495106167795
1771888913150729728,7.764729738235474,0.3770822286605835,-2.5720865726470947,1.2759919166564941,-0.8557442426681519,0.22298307716846466,0.4668831527233124,0.08451944589614868,0.08286404609680176,-0.029703736305236816,-0.2933559330881695,0.8046634980404717,0.29318634649075387,0.4248535842174781,-0.22487353424873305,-2.0702453228537516,-2.308932443098292
1771888913160760576,7.774760723114014,0.6035507917404175,-2.5675573348999023,1.2628651857376099,-0.840481162071228,0.23615719377994537,0.4876696765422821,0.0827752947807312,0.12054756283760071,0.011460661888122559,-0.2976065802355123,0.8087782129415533,0.2995206922706405,0.4093844753354032,-0.23840927355278124,-2.0965498128621904,-2.294500457228645
1771888913170791680,7.784791707992554,0.7103015184402466,-2.509084701538086,1.2539989948272705,-0.8247500061988831,0.24999701976776123,0.5072367191314697,0.03199487924575806,0.13379205763339996,0.03777670860290527,-0.30227224482704834,0.8123277345521803,0.30617316553832474,0.393717130539729,-0.2526771726086842,-2.12218589900045,-2.278949954719062
1771888913180822528,7.794822692871094,0.4914003908634186,-2.4541854858398438,1.237536907196045,-0.8086163997650146,0.26346108317375183,0.5260495543479919,-0.016060233116149902,0.03933432698249817,0.10043066740036011,-0.3064398061751121,0.8156773431778278,0.3125623974076711,0.3782459410668293,-0.2666083109591546,-2.1475617044626376,-2.2644990015697433
1771888913190852608,7.804852724075317,0.014880691654980183,-2.3691184520721436,1.2459460496902466,-0.7923195362091064,0.2746771275997162,0.5447772741317749,-0.07518839836120605,-0.16748416423797607,0.1389843225479126,-0.3088558982949915,0.8192445925217884,0.31816180361147756,0.36361987150162545,-0.27825391203371824,-2.1731330338812667,-2.253681685817633
1771888913200883712,7.814883708953857,-0.20724079012870789,-2.4041519165039062,1.2684342861175537,-0.7755746841430664,0.28401175141334534,0.5637562870979309,0.03393661975860596,-0.20693963766098022,-0.09830218553543091,-0.3096341061691003,0.8231916181026253,0.32285242784549406,0.34964061805713215,-0.287975584714052,-2.199341204180656,-2.246626852005004
1771888913210914560,7.8249146938323975,-0.13006362318992615,-2.4122397899627686,1.2802563905715942,-0.7580539584159851,0.2926963269710541,0.5828233361244202,0.10275006294250488,-0.048128485679626465,-0.09103256464004517,-0.30973054807954276,0.8272070468892337,0.32732271162084764,0.33564164662948626,-0.297045434007939,-2.2262473235248863,-2.2408809967884102
1771888913220945664,7.8349456787109375,0.11576131731271744,-2.4294371604919434,1.253072738647461,-0.7398988604545593,0.3021572232246399,0.6010416150093079,0.10562145709991455,0.082257479429245,-0.06257420778274536,-0.31026015011263225,0.830809800876937,0.3320781483759886,0.3212754676018923,-0.30695484403036,-2.2530101584105866,-2.234076424720531
1771888913230976512,7.8449766635894775,0.26129651069641113,-2.4326672554016113,1.23649263381958,-0.7211532592773438,0.31257614493370056,0.6182512044906616,0.10198193788528442,0.1268160343170166,0.02534937858581543,-0.3113708070488681,0.8338923440761725,0.33726718002400813,0.3064681911719663,-0.31790385837247576,-2.2795183677249,-2.225746333177065
1771888913241007616,7.855007648468018,0.3066895604133606,-2.3866794109344482,1.2014116048812866,-0.7021143436431885,0.3230377733707428,0.6345723867416382,0.05868172645568848,0.14525443315505981,0.038447022438049316,-0.3124745421625761,0.8366342679423686,0.342533630369262,0.29167361408548037,-0.3289376058209464,-2.305708022082913,-2.217244957954665
1771888913251038464,7.865038633346558,0.33229860663414,-2.3762900829315186,1.199586033821106,-0.6828334927558899,0.3335294723510742,0.6499974131584167,0.03677636384963989,0.08897113800048828,0.05067086219787598,-0.3135654681183274,0.8390375253943719,0.34787174431042034,0.2769079713122294,-0.34004495235956816,-2.331563150892351,-2.208581849968672
1771888913261068544,7.875068664550781,0.15447135269641876,-2.358915090560913,1.1981796026229858,-0.6632297039031982,0.343212753534317,0.6650802493095398,0.07973355054855347,0.06520399451255798,0.030262887477874756,-0.314015606942243,0.8414134562312723,0.35293556063330433,0.26240083228014965,-0.3503352837615902,-2.3575876111138645,-2.201195289288051
1771888913271099648,7.885099649429321,-0.260172963142395,-2.3720200061798096,1.2876346111297607,-0.6429334878921509,0.351057231426239,0.6807318925857544,0.03892934322357178,-0.22802555561065674,0.03925424814224243,-0.31305688554527195,0.8441520823522205,0.3574537810940083,0.24825309603091353,-0.3586999550288441,-2.384742602761727,-2.196568715422667
1771888913281130496,7.895130634307861,-0.6091616153717041,-2.3547823429107666,1.2648382186889648,-0.6220346689224243,0.3559930920600891,0.697382390499115,0.060678958892822266,-0.10271236300468445,0.08498162031173706,-0.31005791681004996,0.8475633589291242,0.3610090782963117,0.2348893463431899,-0.3639765577914477,-2.413239382455892,-2.1962007805013433
1771888913291161600,7.905161619186401,-0.38654714822769165,-2.323011875152588,1.2091779708862305,-0.6010371446609497,0.3598348796367645,0.7136340737342834,0.09835153818130493,0.08846837282180786,0.032230913639068604,-0.30655049113493954,0.8507898753786286,0.3646554805012068,0.22183298598765894,-0.3680909130539139,-2.4416324352564587,-2.196062459626098
1771888913301192448,7.915192604064941,-0.014352560043334961,-2.2869153022766113,1.1796208620071411,-0.5800521373748779,0.3655291795730591,0.7279614806175232,0.1110885739326477,0.05454522371292114,-0.03242009878158569,-0.304266580102236,0.8532463033331878,0.368715977611954,0.20842530166721449,-0.374201273971513,-2.4687955180802628,-2.193588709438489
1771888913311223552,7.9252235889434814,0.07333335280418396,-2.2208566665649414,1.15296471118927,-0.5591086745262146,0.3725091814994812,0.7406988143920898,0.11350619792938232,0.10338196158409119,0.04714304208755493,-0.3027993741074673,0.8551175085904815,0.37299257491795906,0.19484155842028295,-0.3817113369897056,-2.4950014882218907,-2.189686054668113
1771888913321254400,7.9352545738220215,0.1996193826198578,-2.1716644763946533,1.1056991815567017,-0.5383286476135254,0.3797661066055298,0.7523166537284851,0.08730924129486084,0.13404318690299988,0.06828588247299194,-0.30156873409858365,0.8566039172595583,0.3773434331734814,0.18137827268918402,-0.3895434601404625,-2.520499082993515,-2.185270120851472
1771888913331284480,7.945284605026245,0.11586172133684158,-2.132176399230957,1.1118860244750977,-0.5178123116493225,0.38691943883895874,0.7629965543746948,0.04219585657119751,0.03254464268684387,0.061298489570617676,-0.3003654569129729,0.8577914636354271,0.3816963137594587,0.168173485893727,-0.3972884930689921,-2.5453354677448776,-2.1807013379293303
1771888913341315584,7.955315589904785,-0.16728129982948303,-2.171553373336792,1.1916767358779907,-0.4967949688434601,0.3925458788871765,0.7740170359611511,0.07691887021064758,-0.1533796489238739,0.0290987491607666,-0.2981150139073522,0.8592568640549727,0.38559845167861884,0.1553025611211732,-0.4033980395556469,-2.5709753494423064,-2.1781427622049927
1771888913351346432,7.965346574783325,-0.3113346993923187,-2.258634090423584,1.231997013092041,-0.47462671995162964,0.3964632749557495,0.785841166973114,0.11947840452194214,-0.09368312358856201,-0.01830887794494629,-0.2945688389882235,0.8611550994962439,0.3890147596823002,0.14250827732609606,-0.4076611908664103,-2.598257081665705,-2.1779712878122703
1771888913361377536,7.975377559661865,-0.22584402561187744,-2.2868094444274902,1.1811140775680542,-0.4517514407634735,0.3998830020427704,0.7975050806999207,0.1329648196697235,0.06587624549865723,-0.01688063144683838,-0.2906150715100476,0.8629790401819214,0.39245344784899816,0.12957768942985276,-0.41138920196150525,-2.626203212832511,-2.17810396292306
1771888913371408640,7.985408782958984,-0.17106512188911438,-2.306011438369751,1.1904699802398682,-0.42843908071517944,0.40358808636665344,0.8084287047386169,0.12239348888397217,0.048957109451293945,0.007336854934692383,-0.28675914469950653,0.8645017424258705,0.3960442942852662,0.11642569000078766,-0.4154351444976483,-2.654261245957627,-2.177728007291867
1771888913381439744,7.995439767837524,-0.17656613886356354,-2.2464661598205566,1.0973528623580933,-0.40502017736434937,0.40709638595581055,0.8186765313148499,0.08809506893157959,0.17276814579963684,0.21982145309448242,-0.28281007750107146,0.8657885895514208,0.3996853557556192,0.10334514418791778,-0.41927285228422767,-2.6821735112030827,-2.177183081210561
1771888913391470592,8.005470752716064,-0.11532711237668991,-1.9956251382827759,0.961764931678772,-0.38333162665367126,0.40969547629356384,0.8277718424797058,-0.09959372878074646,0.23805531859397888,0.2938253879547119,-0.27888434124144434,0.866640021805808,0.40351083092244366,0.09131006438438802,-0.4221201966656757,-2.7079077963374454,-2.175753016028123
1771888913401501696,8.015501737594604,0.03361044079065323,-2.024970531463623,1.0248528718948364,-0.36274680495262146,0.41319552063941956,0.835274875164032,-0.00985756516456604,-0.035693079233169556,-0.07772183418273926,-0.2757119684315554,0.8670128338715993,0.4073403805866011,0.07965831749084105,-0.42596037626381206,-2.731884438329022,-2.173361279259763
1771888913411531776,8.025531768798828,-0.22342607378959656,-2.0702850818634033,1.0855412483215332,-0.3410334289073944,0.4161967635154724,0.8428975939750671,0.2265162169933319,-0.10548201203346252,-0.013078927993774414,-0.27194952503604525,0.8675937531482837,0.41076742333624744,0.0677836883232005,-0.42925857303312004,-2.7571300632410223,-2.172412343429072
1771888913421562624,8.035562753677368,-0.18668510019779205,-2.087217330932617,1.0888025760650635,-0.31882554292678833,0.4180901050567627,0.8506180644035339,0.10236439108848572,-0.09722831845283508,-0.07602083683013916,-0.2674880155795575,0.8682641271737489,0.41403674513637406,0.0560462070976164,-0.4313418455654936,-2.7829829938376633,-2.1722951489658757
1771888913431593728,8.045593738555908,-0.33505725860595703,-2.167970657348633,1.1152743101119995,-0.29589447379112244,0.4192487597465515,0.8582990169525146,0.15397244691848755,-0.016004711389541626,0.018791556358337402,-0.26247278869341784,0.8689875570158675,0.41714522365046247,0.04425605411683745,-0.4326177006523288,-2.809606826872127,-2.172897301774977
1771888913441624576,8.055624723434448,-0.3731044828891754,-2.1013057231903076,1.0667401552200317,-0.2727503478527069,0.41910606622695923,0.8660011291503906,0.08961424231529236,0.11461597681045532,0.13341933488845825,-0.256765332731902,0.869696598551027,0.4202718000482305,0.03272858417295846,-0.4324605248022996,-2.8364738690005287,-2.173770680290956
1771888913451655680,8.065655708312988,-0.13093207776546478,-2.0747978687286377,1.0770478248596191,-0.25007158517837524,0.41971805691719055,0.8725255131721497,0.04232320189476013,0.06921929121017456,-0.06351989507675171,-0.25156081575177974,0.8700963607780101,0.4233144002881276,0.021315419947063874,-0.4331346643414783,-2.8624682209504595,-2.174195998017008
1771888913461686528,8.075686693191528,-0.15292704105377197,-2.021075963973999,1.0543420314788818,-0.22754602134227753,0.4212663769721985,0.8779277205467224,0.0800241082906723,0.11453065276145935,0.20201289653778076,-0.24685974806404215,0.8701970849410223,0.42628731976057077,0.009813677040903298,-0.4348411879292534,-2.887987779814606,-2.1742519005064165
1771888913471717632,8.085717678070068,-0.2259828746318817,-1.8775936365127563,1.0404506921768188,-0.20588581264019012,0.42163804173469543,0.8830811381340027,-0.05465799570083618,0.09563493728637695,0.24141526222229004,-0.2417820443415149,0.8703061403915116,0.4290778530440896,-0.000919690757954179,-0.43525102322015313,-2.912539489344967,-2.174635856235734
1771888913481747712,8.095747709274292,-0.2837630808353424,-1.8385018110275269,1.0835355520248413,-0.18484479188919067,0.4217281937599182,0.8876811861991882,0.029693424701690674,-0.018377333879470825,0.06141555309295654,-0.23671379722622685,0.8703236298276401,0.43171444757254496,-0.011226133686173307,-0.4353504528466999,-2.9362931231518625,-2.175084768955194
1771888913491778560,8.105778694152832,-0.30556178092956543,-1.8648332357406616,1.1413253545761108,-0.16360662877559662,0.4208665192127228,0.8922464847564697,0.1727619618177414,-0.13116323947906494,-0.16959047317504883,-0.2311405225658463,0.8705630113686663,0.4338701217764131,-0.021229542736876373,-0.4344003349199422,-2.9602424067343134,-2.1767676839680385
1771888913501809664,8.115809679031372,-0.28574439883232117,-1.9549002647399902,1.135789155960083,-0.141682431101799,0.4200286269187927,0.8963829278945923,0.21548916399478912,-0.04101550579071045,-0.14340734481811523,-0.22542323169249776,0.8707003409730978,0.43597290184514753,-0.03151165428618227,-0.43347686119016116,-2.984829382985264,-2.178567240493886
1771888913511840512,8.125840663909912,-0.29111528396606445,-1.9698524475097656,1.1348084211349487,-0.11915406584739685,0.41882961988449097,0.9002136588096619,0.20406919717788696,0.053155362606048584,0.06260097026824951,-0.2193946328958879,0.8707694035245593,0.4380267983991831,-0.04194416672843731,-0.4321560475558355,-3.009995628210187,-2.180522793264758
1771888913521871616,8.135871648788452,-0.1786944568157196,-1.954637050628662,1.0887316465377808,-0.09671960771083832,0.41796252131462097,0.9033011198043823,0.07409080117940903,0.0817018449306488,0.12100625038146973,-0.21326467686655906,0.8682324318656519,0.444772971677555,-0.053550822480665825,-0.43120140240440746,-3.0349255561051267,-2.1713738338775537
1771888913531902464,8.145902633666992,-0.1642368584871292,-1.9178235530853271,1.091457486152649,-0.07463133335113525,0.4172380566596985,0.9057278037071228,0.07853758335113525,0.07449167966842651,0.12796366214752197,-0.20751829737201485,0.8679315763823271,0.4467199184600128,-0.0638148107676921,-0.4304040764700931,-3.059379087813247,-2.1729437424878553
1771888913541933568,8.155933618545532,0.003166511654853821,-1.9139324426651,1.0560760498046875,-0.05272524803876877,0.4172588288784027,0.9072568416595459,0.07662052661180496,0.0693439245223999,-0.043685734272003174,-0.20216222656702576,0.8673753465171814,0.448651783295727,-0.07417529079579084,-0.4304269150932917,-3.0835429251905166,-2.1741918167152874
1771888913551964416,8.165964603424072,0.08831477910280228,-1.887427568435669,1.0550997257232666,-0.030947770923376083,0.4182123839855194,0.9078217148780823,0.16357716917991638,0.011673420667648315,0.0730588436126709,-0.19727097338027558,0.8665839274948446,0.45049212978233355,-0.0846947802688712,-0.4314764319686523,-3.107515708501532,-2.1753243066934496
1771888913561994496,8.175994634628296,0.19196635484695435,-1.8555469512939453,1.0641741752624512,-0.00953495129942894,0.41960427165031433,0.9076569676399231,0.08292973041534424,-0.030810415744781494,-0.0044741034507751465,-0.19267547297666415,0.8656914229791468,0.45211373656486364,-0.09511905784638548,-0.43300931399825815,-3.131088023667748,-2.1766929532332773
1771888913572025600,8.186025619506836,0.1361444592475891,-1.8544193506240845,1.1690278053283691,0.01200116891413927,0.42118582129478455,0.9068949818611145,0.0996168777346611,-0.14101919531822205,-0.027775168418884277,-0.1881587121458948,0.8647970594501642,0.45340219336814735,-0.10558795971230268,-0.43475237747678785,3.1283601757182864,-2.178738914070427
1771888913582056448,8.196056604385376,0.07996533066034317,-1.905319094657898,1.2491713762283325,0.034204114228487015,0.42172423005104065,0.906079113483429,0.13481749594211578,-0.10016041994094849,0.030475139617919922,-0.18305121422232132,0.8641748818150993,0.4541380022719905,-0.11598644195760864,-0.4353460791262244,3.103860980367712,-2.1822357804748784
1771888913592087552,8.206087589263916,0.22101671993732452,-1.9530458450317383,1.1931904554367065,0.057013802230358124,0.42261576652526855,0.9045140147209167,0.15165013074874878,0.19298484921455383,0.09928548336029053,-0.1779736890649894,0.8633886124335388,0.45477148105798904,-0.12676129504012346,-0.43632954896668175,3.0786434081816396,-2.1859502214752515
1771888913602118400,8.216118574142456,0.4329494833946228,-1.9199925661087036,1.1446689367294312,0.07929953932762146,0.4244200587272644,0.901986300945282,0.09901466965675354,0.23363053798675537,0.1325138807296753,-0.17340188037195048,0.8622082968375676,0.4556204566651225,-0.1376178049059605,-0.4383212946042333,3.0539015537751415,-2.1888658163359556
1771888913612149504,8.226149559020996,0.4637315571308136,-1.9045475721359253,1.0486774444580078,0.10121900588274002,0.42751166224479675,0.8983256816864014,0.032600581645965576,0.00774538516998291,-0.0007576942443847656,-0.16950698738749084,0.8607370204793189,0.4563930510222304,-0.14867643814072704,-0.4417384265722463,3.029390704154657,-2.1917265259310246
1771888913622180352,8.236180543899536,0.2609187960624695,-1.9108723402023315,1.1230885982513428,0.12316925078630447,0.4298713207244873,0.8944495916366577,0.06709259748458862,0.004775315523147583,0.10359728336334229,-0.16523313142987842,0.8591835591280472,0.4571962581600996,-0.159603374229804,-0.4443502418846501,3.0047493237980625,-2.194514015896716
1771888913632210432,8.24621057510376,-0.18881908059120178,-1.7867573499679565,1.274674654006958,0.14475926756858826,0.4284256398677826,0.8919059038162231,-0.05921851098537445,-0.2753037214279175,0.18232804536819458,-0.1593247679291577,0.8582028682158515,0.4576470102542489,-0.16930045686373954,-0.44274969349011667,2.980692397377956,-2.1980761113894616
1771888913642241536,8.2562415599823,-0.2986505329608917,-1.733758807182312,1.3048352003097534,0.16600288450717926,0.42392832040786743,0.8903524279594421,-0.017504364252090454,-0.1579524576663971,0.02854686975479126,-0.1521553929850807,0.857714070164547,0.4577147497875103,-0.17796747690922976,-0.43777829162561466,2.9572628493097874,-2.2023083020293224
1771888913652272384,8.26627254486084,0.03739674389362335,-1.7727986574172974,1.3298691511154175,0.187254399061203,0.42036548256874084,0.8878224492073059,0.0971541553735733,0.12243539094924927,-0.009480774402618408,-0.1454642432687037,0.8570755144969768,0.457528986027155,-0.18689287490488254,-0.4338480988603565,2.933724987920834,-2.206881330054462
1771888913662303488,8.27630352973938,0.37336570024490356,-1.744564175605774,1.3292598724365234,0.20841537415981293,0.4196171462535858,0.8834506273269653,0.08578938245773315,0.17977869510650635,0.04681694507598877,-0.14019761990946897,0.8561738469587684,0.4568278051592083,-0.19651833470029512,-0.4330234993495571,2.909917909173863,-2.2124882928484277
1771888913672334336,8.28633451461792,0.5979207754135132,-1.683576226234436,1.264574646949768,0.22898632287979126,0.421113520860672,0.8776266574859619,0.030947133898735046,0.19018405675888062,0.02590721845626831,-0.13616261853889086,0.85498963800795,0.45585750069108927,-0.2065100058026037,-0.4346726623598317,2.8863673374454275,-2.21858017443609
1771888913682365440,8.29636549949646,0.49010324478149414,-1.6282410621643066,1.1867780685424805,0.24872736632823944,0.42308005690574646,0.8712852001190186,0.013494908809661865,0.11724892258644104,0.07596516609191895,-0.13251417709243932,0.8535971074803925,0.45498854695365093,-0.21632702072680643,-0.43684192281374745,2.863517174391086,-2.2242612989977895
1771888913692396288,8.306396484375,0.22200803458690643,-1.5362743139266968,1.2723020315170288,0.26767557859420776,0.4230317771434784,0.8656754493713379,-0.024053752422332764,-0.2308473289012909,0.1520094871520996,-0.12808277695254322,0.8523279964398832,0.454284820238843,-0.22529337090943694,-0.43678863987493566,2.8417078028093163,-2.2292409342782604
1771888913702426368,8.316426515579224,0.15183427929878235,-1.529272437095642,1.199737548828125,0.2861449420452118,0.420955091714859,0.8607661128044128,0.048129379749298096,-0.08733686804771423,-0.050249576568603516,-0.12283618578872167,0.8512790731373847,0.4535493271737689,-0.2335130084840199,-0.4344979834793524,2.8206548384739834,-2.233956438516451
1771888913712457472,8.326457500457764,0.22657935321331024,-1.593311071395874,1.1994435787200928,0.3046679198741913,0.41897836327552795,0.8553564548492432,0.12144902348518372,-0.049898773431777954,-0.021402597427368164,-0.11758204632701132,0.8500295070424574,0.4529106743936695,-0.2418599897176039,-0.4323198685698843,2.7994155901518174,-2.2383256327317973
1771888913722488320,8.336488485336304,0.36983612179756165,-1.6192233562469482,1.146252989768982,0.3233690559864044,0.4178745448589325,0.8490070104598999,0.1127881109714508,-0.005933105945587158,0.11115211248397827,-0.11268301959959073,0.8485355031231598,0.4522068326167311,-0.2505971198113336,-0.43110454894108297,2.777677685725578,-2.2428401349990383
1771888913732519424,8.346519470214844,0.5336459875106812,-1.6122863292694092,1.0484641790390015,0.34173837304115295,0.4179767966270447,0.8417304754257202,0.09162649512290955,0.11109116673469543,0.12494426965713501,-0.10952095112801748,0.8487189508632526,0.4478184671686831,-0.2591136719489999,-0.4312170919194961,2.755928885694503,-2.256039218792319
1771888913742550272,8.356550455093384,0.5377233028411865,-1.6104297637939453,0.978267252445221,0.35946446657180786,0.4191379249095917,0.8337317705154419,0.03445640206336975,0.10191917419433594,0.04485398530960083,-0.10698084972359563,0.8485432320696947,0.4436668342901867,-0.26774839897170233,-0.4324956046740644,2.7345234141773274,-2.268681154353824
1771888913752581376,8.366581439971924,0.4578014016151428,-1.6340031623840332,0.9689493775367737,0.3770049214363098,0.41962480545043945,0.8257009387016296,0.0558411180973053,0.02880042791366577,0.060498833656311035,-0.10415321322166751,0.8482230299044345,0.43973648027886214,-0.27622737564989835,-0.4330319447247942,2.713273911779547,-2.2806508288358156
1771888913762612224,8.376612424850464,0.5509026050567627,-1.6027660369873047,0.9775902628898621,0.39446553587913513,0.41987159848213196,0.817376971244812,0.07341477274894714,0.1663101315498352,0.01892685890197754,-0.10129798626877194,0.8478324159886904,0.43573924281569393,-0.2846933764671771,-0.43330382483418317,2.6919622872433626,-2.2926935901537795
1771888913772643328,8.386643409729004,0.679785430431366,-1.4562016725540161,1.0858509540557861,0.4112613797187805,0.4208121597766876,0.8085678219795227,-0.009390562772750854,0.11426788568496704,0.054698407649993896,-0.09912880234653133,0.8475192689640629,0.431271373760079,-0.29306956673588336,-0.43434043444288045,2.6710653645781997,-2.3058490349338268
1771888913782673408,8.396673440933228,0.7022476196289062,-1.385911464691162,1.1363763809204102,0.4273817539215088,0.42163893580436707,0.7997281551361084,0.016847282648086548,0.04453223943710327,-0.0026396512985229492,-0.09734194298035477,0.8474848904242009,0.4261847588716706,-0.30109861995051834,-0.43525201985843776,2.6507984179249737,-2.320339392901877
1771888913792704256,8.406704425811768,0.7565119862556458,-1.3886723518371582,1.1868129968643188,0.44336408376693726,0.42244213819503784,0.7905508279800415,0.09559151530265808,0.035824984312057495,-0.031288862228393555,-0.0957566939651329,0.8474824751102855,0.4207717565319327,-0.30911995934803455,-0.43613798917490737,2.6304732350660682,-2.3355745330810564
1771888913802735360,8.416735410690308,0.7190245389938354,-1.3909366130828857,1.1476328372955322,0.4593259394168854,0.42306676506996155,0.7810467481613159,0.10709553956985474,0.07324057817459106,0.1190844178199768,-0.0941824092043335,0.8473807706757481,0.4152941065595721,-0.31718488566548586,-0.43682722482239206,2.6099763703622165,-2.3509212688941274
1771888913812766208,8.426766395568848,0.5560191869735718,-1.380908489227295,1.0521392822265625,0.4748092293739319,0.4229124188423157,0.7718170285224915,0.06649637222290039,0.07366970181465149,0.14020085334777832,-0.09226782524973262,0.8471267831404159,0.4102252277213788,-0.32492798744759027,-0.43665689124906215,2.590083454993457,-2.36504286379101
1771888913822797312,8.436797380447388,0.32874399423599243,-1.3448199033737183,0.9112375974655151,0.4894750714302063,0.4215378761291504,0.7633610963821411,0.05918526649475098,0.027970880270004272,0.13442039489746094,-0.08972821402825226,0.846700025415596,0.4059305458551475,-0.33206678915529225,-0.43514056143837615,2.571421244543526,-2.3768812293868664
1771888913832828160,8.446828365325928,0.21438847482204437,-1.3099021911621094,0.7739079594612122,0.5031428337097168,0.419485867023468,0.7555658221244812,0.07124394178390503,-0.013464570045471191,0.06493014097213745,-0.08679475314440034,0.8460282719632021,0.40251592371426254,-0.33865023631502944,-0.4328788588251466,2.5541104313194234,-2.386268328698315
1771888913842859264,8.456859350204468,0.14487090706825256,-1.2391859292984009,0.7155889868736267,0.5159055590629578,0.4170130491256714,0.7482925057411194,0.09195876121520996,-0.08362376689910889,0.01077127456665039,-0.08369597368635569,0.8452583415067355,0.39960553514389807,-0.3447445027900803,-0.4301565136485047,2.5379866103604227,-2.394160106340528
1771888913852890368,8.466890573501587,0.28134673833847046,-1.1710668802261353,0.7206681966781616,0.5278463363647461,0.41467806696891785,0.7412290573120117,0.12866312265396118,-0.0004629194736480713,-0.019503533840179443,-0.08084760017221834,0.8445112881803438,0.39675584186538027,-0.35049848516809146,-0.42758898739986373,2.522776610956129,-2.4017785690164253
1771888913862920192,8.476920366287231,0.48707115650177,-1.118106484413147,0.763092577457428,0.539398729801178,0.4136626124382019,0.7334389090538025,0.1145167350769043,0.02955952286720276,-0.02114325761795044,-0.07895471637699329,0.8437904295921238,0.3933664383261294,-0.3564362675256646,-0.4264733341212385,2.507476618482185,-2.410981366807966
1771888913872951296,8.486951351165771,0.5135703682899475,-1.0321890115737915,0.8297198414802551,0.5505586266517639,0.41303160786628723,0.7254588603973389,0.08342891931533813,0.08034616708755493,0.12468475103378296,-0.07756275111334043,0.8432180386302874,0.3895032465330521,-0.3622909304454821,-0.42578037604448,2.492412955892912,-2.4213604496022008
1771888913882982400,8.49698257446289,0.4407326579093933,-0.9474015831947327,0.8667239546775818,0.5612621307373047,0.4117843508720398,0.7179267406463623,0.015947401523590088,0.11822974681854248,0.12457209825515747,-0.07612153171962946,0.8428707498220054,0.38539886350174585,-0.36775295176837114,-0.4244112808339613,2.478059484774534,-2.43203975528067
1771888913893013504,8.50701355934143,0.3674973249435425,-0.8886497616767883,0.8609765768051147,0.5713587403297424,0.40970420837402344,0.7111199498176575,0.02683156728744507,0.1534213423728943,0.10263127088546753,-0.0744423687031891,0.8427008309202622,0.3813335521363925,-0.372690660091233,-0.4221297724196587,2.4647435582949626,-2.442244547481638
1771888913903044352,8.51704454421997,0.2824743092060089,-0.8817894458770752,0.8382121324539185,0.5811061859130859,0.4071190655231476,0.7046772241592407,0.03379255533218384,0.08198621869087219,0.07907527685165405,-0.07254106242437455,0.8425287322669159,0.3774704667582934,-0.3773582866729213,-0.4192976843917994,2.4520058859761567,-2.451714504491814
1771888913913075456,8.52707552909851,0.2327079176902771,-0.8880029916763306,0.8332480192184448,0.5907363295555115,0.4039100110530853,0.6984890103340149,0.054069459438323975,0.0023094117641448975,0.09850788116455078,-0.0703199318313591,0.8423461314013878,0.3737613074543264,-0.3818513975063647,-0.4157869980911043,2.43958008632515,-2.460537392215919
1771888913923106304,8.53710651397705,0.30480527877807617,-0.9429128170013428,0.8120651841163635,0.6004281640052795,0.40089645981788635,0.6919305920600891,0.02731841802597046,0.02122265100479126,0.028223156929016113,-0.06817413389287136,0.8420179333287758,0.3700960763591914,-0.3865060986588012,-0.4124951817129725,2.426879191592285,-2.4692845540577086
1771888913933136384,8.547136545181274,0.31299617886543274,-1.0214842557907104,0.7856117486953735,0.6104202270507812,0.39828574657440186,0.684657096862793,0.012214601039886475,-0.001954019069671631,0.045903146266937256,-0.06615880408536924,0.8414555095743649,0.3664439766326528,-0.3915282744119425,-0.4096471925107617,2.4134541713051,-2.478140507587441
1771888913943167488,8.557167530059814,0.26351064443588257,-1.080310583114624,0.7827475070953369,0.6207538843154907,0.3953656256198883,0.6770159602165222,0.0018810033798217773,-0.03243535757064819,0.06901669502258301,-0.06388190963991598,0.8407265533437642,0.3628868258889135,-0.3967507003478617,-0.406465890545533,2.399520255861499,-2.4866482277898423
1771888913953198336,8.567198514938354,0.2170342355966568,-1.0852924585342407,0.7256972789764404,0.6310775279998779,0.3922719955444336,0.6692261099815369,-0.02783668041229248,0.03826990723609924,0.05736684799194336,-0.06142604990736149,0.8398384471404906,0.35956145231815095,-0.40201207334254563,-0.4031002728208735,2.3855243012947276,-2.494486119990788
1771888913963229440,8.577229499816895,0.1407703459262848,-1.070940375328064,0.6614618301391602,0.6410104632377625,0.3890674412250519,0.6616132855415344,-0.01973360776901245,0.05709955096244812,0.07163262367248535,-0.058835648850629724,0.838825546048944,0.3566207204479328,-0.4071016384184348,-0.3996190650350927,2.3720095456005206,-2.5012691976560055
1771888913973260288,8.587260484695435,0.10060953348875046,-1.0402311086654663,0.6127678155899048,0.6504721641540527,0.38573458790779114,0.6542896628379822,-0.050450801849365234,0.00952911376953125,0.0736004114151001,-0.05614331300539661,0.8377493575155773,0.354006829993748,-0.41195043013918653,-0.3960038887044226,2.3591202721991382,-2.5071175835936534
1771888913983291392,8.597291469573975,0.13813240826129913,-1.034356951713562,0.5785049200057983,0.6595062613487244,0.38260361552238464,0.6470441818237305,-0.05242002010345459,0.029231160879135132,0.028935492038726807,-0.05357190323125008,0.8366161341605326,0.35156158075254507,-0.41666297071864206,-0.39261269757736234,2.346656625476422,-2.512552770423289
1771888913993322496,8.607322454452515,0.20083093643188477,-1.0517075061798096,0.5917184352874756,0.6684737801551819,0.37981003522872925,0.6394429206848145,-0.031083643436431885,0.03380995988845825,0.03272199630737305,-0.05122398858391675,0.8354045450355723,0.34902822164986763,-0.42149102463514765,-0.3895909305628987,2.3340018482824063,-2.5182900242152613
1771888914003353344,8.617353439331055,0.24367853999137878,-1.0895675420761108,0.6056814193725586,0.6775923371315002,0.3772219717502594,0.6313254237174988,-0.053080737590789795,0.04297447204589844,0.0776282548904419,-0.04902496225877392,0.8341004522428109,0.34632232150540054,-0.4265368988790041,-0.38679483849545904,2.320861729954366,-2.5245037623507662
1771888914013383424,8.627383470535278,0.23548950254917145,-1.097797155380249,0.6570116877555847,0.686880886554718,0.37439316511154175,0.6229159235954285,-0.06461226940155029,0.030147820711135864,0.12558859586715698,-0.04676710925396255,0.8327793725243873,0.3434188101859984,-0.4316883321635145,-0.38374224496698106,2.3073974828229806,-2.5310612752080517
1771888914023414272,8.637414455413818,0.19164295494556427,-1.0507806539535522,0.6481580138206482,0.6960226893424988,0.37119579315185547,0.6146264672279358,-0.06316453218460083,0.10806745290756226,0.12629437446594238,-0.044393406422844596,0.8315026646801076,0.34046520820158765,-0.43671028992098093,-0.38029648800708055,2.2941703905062134,-2.537515707055979
1771888914033445376,8.647445440292358,0.1675708144903183,-0.9999680519104004,0.5883788466453552,0.7046098113059998,0.367931067943573,0.6067553758621216,-0.04939734935760498,0.11069142818450928,0.0673474669456482,-0.04202138143291371,0.8302558566775473,0.3377171852551782,-0.44142566643432307,-0.3767830237944882,2.2817122504030993,-2.5433506067728846
1771888914043476224,8.657476425170898,0.14316800236701965,-0.9815000891685486,0.5484287738800049,0.7127140760421753,0.3648781478404999,0.5990850925445557,-0.03221780061721802,0.02528911828994751,0.02400761842727661,-0.03976228717875039,0.8289717677088307,0.3351840793914885,-0.4459557348149934,-0.37350192867959064,2.2697894806698313,-2.548683020560164
1771888914053507328,8.667507410049438,0.10974133759737015,-0.9757056832313538,0.5006998777389526,0.7204252481460571,0.3617950975894928,0.5916857719421387,0.017596662044525146,-0.01169741153717041,0.053318560123443604,-0.03742551407010737,0.8276391997076961,0.3329507938380028,-0.4502849396109035,-0.3701927176897423,2.258391233991637,-2.553205314633207
1771888914063538432,8.677538394927979,0.17731477320194244,-1.0093797445297241,0.5210344195365906,0.7281034588813782,0.35892653465270996,0.5839841365814209,0.0021822452545166016,-0.06153270602226257,-0.007629096508026123,-0.0352008746899179,0.8262100053312043,0.3307099762643929,-0.4547185332314482,-0.36711754347360004,2.2467933380635223,-2.557807002103258
1771888914073569280,8.687569379806519,0.2749539911746979,-1.0668081045150757,0.5573413372039795,0.7360736131668091,0.35626450181007385,0.575562059879303,-0.009984076023101807,-0.047640204429626465,0.03805500268936157,-0.033184628081385247,0.8246910919447175,0.3281243951747379,-0.459475686003321,-0.3642670123528042,2.2344247966626303,-2.5633293089676394
1771888914083600384,8.697600364685059,0.3551497459411621,-1.1129108667373657,0.6048619747161865,0.7443956732749939,0.3538428246974945,0.5662779808044434,-0.010844588279724121,0.04972165822982788,0.12952286005020142,-0.03139083401390397,0.8230422270080507,0.3251776297268386,-0.46462431084289807,-0.36167656371257834,2.221124138585032,-2.56984000947358
1771888914093630208,8.707630395889282,0.3299260139465332,-1.1458221673965454,0.6293230652809143,0.7529301643371582,0.35115644335746765,0.55658358335495,-0.024475574493408203,0.05610060691833496,0.12285971641540527,-0.029548438228407595,0.8213528101051305,0.32198037102664206,-0.4699309307125836,-0.3588059303397699,2.2073646715452155,-2.576809246767794
1771888914103661312,8.717661380767822,0.24073591828346252,-1.116353154182434,0.6135907173156738,0.7613962888717651,0.34808167815208435,0.5469139218330383,-0.04205125570297241,0.08760249614715576,0.09609144926071167,-0.027465021648147316,0.8196113542016781,0.3188952551168458,-0.47517231201297855,-0.35552403653116194,2.1937014236111607,-2.583264947258261
1771888914113692160,8.727692365646362,0.1936030387878418,-1.0788971185684204,0.5883719325065613,0.7694734334945679,0.3446085453033447,0.5377320647239685,-0.01307988166809082,0.05100610852241516,0.027529776096343994,-0.025151470618572546,0.8179149532264858,0.31603982930938807,-0.48010565159089846,-0.35182175472863525,2.180737460792298,-2.588884175703083
1771888914123723264,8.737723350524902,0.14468955993652344,-1.0464565753936768,0.5750625133514404,0.7771490216255188,0.34101974964141846,0.5289093852043152,-0.0169561505317688,0.005736261606216431,-0.01984560489654541,-0.02276003698357552,0.8162344822407221,0.3133942574742247,-0.484796189996448,-0.3480014472534151,2.1683671221576977,-2.593858244894266
1771888914133754368,8.747754573822021,0.16683267056941986,-1.055864691734314,0.6070268154144287,0.784680962562561,0.33722081780433655,0.5201514959335327,0.006212472915649414,-0.04100200533866882,-0.059656620025634766,-0.020315357421720772,0.8145759716306157,0.31071168133720406,-0.48939905076330403,-0.34396322041187655,2.156174755182536,-2.5987526953405697
1771888914143785472,8.757785558700562,0.23180553317070007,-1.0573300123214722,0.632248044013977,0.7922426462173462,0.3333549499511719,0.5111032128334045,0.004678249359130859,-0.04575726389884949,-0.00660175085067749,-0.01796176505507546,0.8129064735592296,0.3077899556481649,-0.49409098663877626,-0.33985984374986383,2.1437436737718305,-2.6041490959189444
1771888914153816576,8.767816543579102,0.27386733889579773,-1.0675710439682007,0.6154178977012634,0.7997442483901978,0.3296032249927521,0.5017673373222351,0.005629777908325195,0.0037859976291656494,0.055620789527893066,-0.015799010684695747,0.8112119218517705,0.3046619202670596,-0.4988653187242083,-0.3358832834979732,2.1311266022262316,-2.610065056158727
1771888914163847424,8.777847528457642,0.18249720335006714,-1.0399622917175293,0.5819236040115356,0.8070144653320312,0.3259229362010956,0.49244457483291626,0.022117555141448975,0.03171253204345703,0.14679178595542908,-0.013637927933168788,0.8094494186754749,0.3016851474853271,-0.5035788205437919,-0.3319877970845971,2.118686029880834,-2.6155932673979256
1771888914173877504,8.787877559661865,0.11876873672008514,-1.0406934022903442,0.5156710743904114,0.8138564825057983,0.3221884071826935,0.4835619032382965,0.017625391483306885,0.007706582546234131,0.08061656355857849,-0.01128312975544486,0.8076411228561164,0.2991600989417898,-0.5080272410120897,-0.3280402475774433,2.1069115001148857,-2.619912692221722
1771888914183908352,8.797908544540405,0.04026594012975693,-1.0181390047073364,0.4828771948814392,0.8203977346420288,0.31850573420524597,0.4748706817626953,0.018286526203155518,-0.01976904273033142,0.05595219135284424,-0.00878635100045345,0.8057388272900816,0.2970189941244471,-0.5123354534799713,-0.32415270371593635,2.095504075867091,-2.6232534761264623
1771888914193939456,8.807939529418945,0.04126036912202835,-1.0133000612258911,0.4584035575389862,0.8266953229904175,0.3147580921649933,0.4663712978363037,0.023158133029937744,0.002868831157684326,0.0277235209941864,-0.0061853296255060496,0.8038137570329515,0.29507473571785636,-0.5165037089955092,-0.32020178633620927,2.084430199801185,-2.626010846639399
1771888914203970560,8.817970514297485,0.13014335930347443,-0.9967687726020813,0.4630603492259979,0.8327834010124207,0.3113216161727905,0.4577670991420746,-0.0033766627311706543,0.014453530311584473,-0.004214882850646973,-0.0038353098662975843,0.8018748419681361,0.2930533891130139,-0.5206743251027678,-0.3165834578455972,2.073396342509266,-2.629091077150935
1771888914214001408,8.828001499176025,0.14362899959087372,-0.9813192486763,0.5030466318130493,0.838784396648407,0.3079184591770172,0.44902893900871277,0.014990627765655518,0.0013161301612854004,0.028738945722579956,-0.0016716331103712018,0.7999746214203985,0.2907835629096301,-0.5248644840350837,-0.3130044118037821,2.0623091934069584,-2.6327651314366483
1771888914224032512,8.838032484054565,0.14706581830978394,-0.9636139869689941,0.5061303377151489,0.8446741700172424,0.3042988181114197,0.44037237763404846,0.02410024404525757,0.027564585208892822,0.046825528144836426,0.0004948602372639349,0.7981381124375716,0.2883777867826501,-0.5289741005333977,-0.3092022623609205,2.0513790833901826,-2.6366041117608807
1771888914234063360,8.848063468933105,0.13865484297275543,-0.935120165348053,0.47526055574417114,0.850304365158081,0.30078068375587463,0.4318719208240509,0.02992933988571167,0.03811699151992798,0.0464758574962616,0.0025971542187881815,0.7963095140373792,0.28605440000128673,-0.5329702213633949,-0.3055111308379103,2.0407461261004523,-2.6402549398632282
1771888914244093440,8.858093500137329,0.09897692501544952,-0.8932132124900818,0.43492990732192993,0.8556038737297058,0.29738470911979675,0.42367932200431824,0.057741403579711914,0.02329394221305847,0.07169720530509949,0.00464300748387226,0.7945144861081583,0.2838774273116598,-0.5367855392430961,-0.3019522755606246,2.030581823620684,-2.643574118777316
1771888914254124288,8.86812448501587,0.08579596877098083,-0.8613991141319275,0.3948325514793396,0.8605287671089172,0.2941971719264984,0.4158588647842407,0.06603080034255981,0.018379181623458862,0.04228633642196655,0.006646411663372246,0.7927359971794283,0.28195579470381354,-0.5403947584160242,-0.2986154027862199,2.020962232214187,-2.646346165458224
1771888914264155392,8.87815546989441,0.0939609557390213,-0.8392407894134521,0.3760375678539276,0.8651854395866394,0.29124802350997925,0.40820199251174927,0.041537582874298096,0.03780776262283325,0.021027803421020508,0.0085256742361169,0.7909633412754026,0.28013922541450237,-0.5438992338985659,-0.29553116470665947,2.011637590144909,-2.6489716832324337
1771888914274186496,8.88818645477295,0.10322315990924835,-0.8049466013908386,0.37271633744239807,0.8696209788322449,0.2883777916431427,0.4007461965084076,0.024727165699005127,0.0397014319896698,0.01258385181427002,0.010331561847197168,0.7892325046402451,0.27836153661302826,-0.547284316330444,-0.2925322279506211,2.002618715126601,-2.6515211148229874
1771888914284217344,8.89821743965149,0.09953548014163971,-0.7323240637779236,0.3539991080760956,0.873751699924469,0.28560224175453186,0.39368683099746704,-0.002291738986968994,0.05047258734703064,0.052693724632263184,0.011997608137767509,0.7876192461501844,0.27658514690558145,-0.5504658214727862,-0.2896347902567278,1.9941246878487475,-2.654106826002934
1771888914294248448,8.90824842453003,0.06589993834495544,-0.6765643954277039,0.33641931414604187,0.8774831891059875,0.28291431069374084,0.38727638125419617,0.008472740650177002,0.04096880555152893,0.06529933214187622,0.013571317524063297,0.7861635716252174,0.27492730507978624,-0.5533332699545349,-0.2868311866511404,1.9864328800349622,-2.6564358877181524
1771888914304279296,8.91827940940857,0.05429920554161072,-0.6987637281417847,0.30687421560287476,0.8810375332832336,0.28030073642730713,0.3810567259788513,0.015294194221496582,-0.011089950799942017,-0.0033712685108184814,0.01519658211405501,0.784692657211873,0.27346992194766817,-0.5560940988876151,-0.2841073806477608,1.979009999553776,-2.6582851472769495
1771888914314310400,8.92831039428711,0.0854998230934143,-0.7003165483474731,0.3052203953266144,0.8845579624176025,0.27788668870925903,0.37461456656455994,0.018930137157440186,-0.010918945074081421,0.05019006133079529,0.01671988287387137,0.7831458856347437,0.2720106770627021,-0.5589392638834874,-0.2815934389554579,1.9713998819563354,-2.6602454936845206
1771888914324340224,8.938340425491333,0.10594064742326736,-0.7163234949111938,0.29538479447364807,0.8880447745323181,0.27559101581573486,0.3680022358894348,0.01829659938812256,0.055768758058547974,0.052941858768463135,0.018148338004653226,0.7815563922768203,0.2705008772989659,-0.5618446281657923,-0.2792044884463769,1.9636511410867235,-2.6623902130720603
1771888914334371328,8.948371410369873,0.08794043213129044,-0.7250925898551941,0.30929768085479736,0.8915106058120728,0.27327796816825867,0.3612861931324005,-0.00337296724319458,0.07666704058647156,0.0065726637840271,0.019585769578595258,0.7799308465952917,0.26898137012293816,-0.5647771306925886,-0.2767990640613098,1.955821825816301,-2.664525846225266
1771888914344402432,8.958402395248413,0.09437090158462524,-0.6898422241210938,0.2891964018344879,0.8949099779129028,0.27093809843063354,0.35458266735076904,-0.02697467803955078,0.12571415305137634,-0.008437007665634155,0.021009183281456813,0.7783111902118324,0.267437894539091,-0.5676859531583979,-0.2743674568995865,1.9480412391986206,-2.6666855448118203
1771888914354433280,8.968433380126953,0.10888690501451492,-0.653868556022644,0.2942548096179962,0.8980511426925659,0.2686963677406311,0.34829026460647583,-0.018672049045562744,0.10018476843833923,-0.01455003023147583,0.02236959349624121,0.776782157913846,0.2659973782234412,-0.5703984198312586,-0.2720393701172956,1.9407666103109877,-2.6686421420424726
1771888914364464384,8.978464365005493,0.14228135347366333,-0.617714524269104,0.2908078730106354,0.901043176651001,0.26649418473243713,0.3422015309333801,0.016452491283416748,0.05310109257698059,-0.05158272385597229,0.023560700964277533,0.7753604051205698,0.26441824573826556,-0.5730131508591219,-0.2697538485231888,1.9337543369423478,-2.670973739676414
1771888914374495232,8.988495349884033,0.26860690116882324,-0.5843710899353027,0.27548298239707947,0.9038638472557068,0.2646060585975647,0.33617502450942993,0.030187606811523438,0.07220116257667542,-0.0664607584476471,0.024397995532220676,0.7740137749778866,0.26265983382183944,-0.5756015648982353,-0.2677953923473118,1.9268737017806554,-2.6739779699217334
1771888914384526592,8.998526573181152,0.3023856282234192,-0.5499042272567749,0.22284455597400665,0.9064252376556396,0.26332733035087585,0.33023035526275635,0.02785515785217285,0.09224823117256165,-0.05863916873931885,0.02473288732239561,0.772727130611269,0.26078336350297315,-0.5781635781351958,-0.2664696562500865,1.9201724808304736,-2.6777153635365516
1771888914394557440,9.008557558059692,0.29319149255752563,-0.5091444849967957,0.1927867829799652,0.9087309241294861,0.26247164607048035,0.3245258033275604,0.030417144298553467,0.02414947748184204,-0.029680222272872925,0.02482488580062003,0.7714764196951597,0.2590116470780681,-0.5806211499582644,-0.2655827722022051,1.913799812491576,-2.6814917668220533
1771888914404587264,9.018587350845337,0.2179952710866928,-0.5047670602798462,0.1505943238735199,0.9108234643936157,0.26172274351119995,0.31922122836112976,0.010151386260986328,0.012874454259872437,-0.01946231722831726,0.025016834887728105,0.7702421214223165,0.2575610271510077,-0.5828925275550525,-0.2648067470436987,1.9078945965357939,-2.684528273509947
1771888914414618368,9.028618574142456,0.17176325619220734,-0.46412256360054016,0.15779630839824677,0.9127700328826904,0.2609426975250244,0.3142610490322113,-0.014134049415588379,-0.004869669675827026,0.030023008584976196,0.025345995206253247,0.7690363122289663,0.25634679270150107,-0.5850018376321932,-0.2639986154114398,1.9023786447241526,-2.6869409184864885
1771888914424649472,9.038649559020996,0.1439952701330185,-0.43750375509262085,0.14636655151844025,0.9145868420600891,0.2600649297237396,0.3096723258495331,-0.018026292324066162,0.03137791156768799,0.040333718061447144,0.02576293494761726,0.7679089823996458,0.2552488090098877,-0.5869412495977874,-0.26308944765494746,1.8972727158864495,-2.6889922068548486
1771888914434680576,9.048680543899536,0.19875474274158478,-0.42678144574165344,0.13561643660068512,0.9163066744804382,0.25928255915641785,0.30521249771118164,-0.007233798503875732,0.07117703557014465,0.01252126693725586,0.026086226180277953,0.7668233860339295,0.2541419823299837,-0.5888236167590126,-0.26227926993796813,1.8923277897414597,-2.6911395082770184
1771888914444711424,9.058711528778076,0.1683851182460785,-0.44830912351608276,0.13349363207817078,0.9179719686508179,0.2586396336555481,0.30072057247161865,0.030331194400787354,0.03423753380775452,-0.00880470871925354,0.026317054949906212,0.7657246334735532,0.2530337284734673,-0.5907174289369427,-0.26161365085210586,1.8873710951063931,-2.6933912347194795
1771888914454742528,9.068742513656616,0.19161969423294067,-0.47546616196632385,0.11967688798904419,0.9197030067443848,0.25800076127052307,0.2959424555301666,0.04948943853378296,0.02448517084121704,0.010957568883895874,0.026604205628678004,0.7645192847763181,0.2519553342385132,-0.5927233436782087,-0.26095233255932876,1.8821135130183155,-2.6955572443150433
1771888914464773376,9.078773498535156,0.18234017491340637,-0.44122135639190674,0.11608640849590302,0.9213569760322571,0.257498562335968,0.29119715094566345,0.014113545417785645,0.042809635400772095,0.04950103163719177,0.02680359945590369,0.7633161435402344,0.2508924855341004,-0.5947125168551661,-0.2604325737098994,1.8769143293608728,-2.697785677194245
1771888914474804480,9.088804483413696,0.2688286304473877,-0.4312252104282379,0.12866079807281494,0.9229639172554016,0.25699007511138916,0.2865203022956848,0.00026923418045043945,0.04936066269874573,-0.011343330144882202,0.026866539282916286,0.7621838138373571,0.24967175987923548,-0.5966725138547467,-0.25990637288598795,1.871798819709021,-2.7004272885488736
1771888914484834560,9.09883451461792,0.289391428232193,-0.36900976300239563,0.12480346858501434,0.9244347810745239,0.2566305994987488,0.2820655107498169,-0.0277368426322937,0.05133751034736633,0.014489024877548218,0.026671729241896924,0.7611709420782629,0.24829729818975319,-0.598544759921379,-0.2595344310925049,1.8669456626087686,-2.703596065022195
1771888914494865408,9.10886549949646,0.30289703607559204,-0.33185482025146484,0.12935933470726013,0.9257455468177795,0.25629812479019165,0.2780396640300751,0.0008900165557861328,0.030811160802841187,-0.012063801288604736,0.0263610656209415,0.760306554787202,0.24688817589590029,-0.600237555893592,-0.2591904519271619,1.8625662410298978,-2.7068972737726757
1771888914504896512,9.118896484375,0.2729865312576294,-0.3134039044380188,0.12212540209293365,0.9269532561302185,0.2559606730937958,0.27430179715156555,0.012194514274597168,0.0054375529289245605,-0.02913886308670044,0.026018488927936897,0.7595274519083738,0.24549735089985053,-0.601807298800687,-0.25884136053758267,1.8585036171240845,-2.7101620766942474
1771888914514927360,9.12892746925354,0.28698280453681946,-0.3239155113697052,0.13240545988082886,0.9281561374664307,0.2555254101753235,0.27061548829078674,0.035451531410217285,-0.004625171422958374,-0.03209009766578674,0.02576208720968556,0.7587467919313227,0.24415373388701098,-0.6033477453052887,-0.25839111309109325,1.8544943856848013,-2.713233940938402
1771888914524958464,9.13895845413208,0.30901965498924255,-0.3105930685997009,0.10658904910087585,0.9293287396430969,0.25524139404296875,0.2668328881263733,0.0106583833694458,0.03900906443595886,0.007520169019699097,0.025360438317454558,0.7579525962382924,0.24274328162412412,-0.6049300546281069,-0.258097357564549,1.8503991050873352,-2.7165985738378615
1771888914534989312,9.14898943901062,0.32888472080230713,-0.31772780418395996,0.11094198375940323,0.9304407835006714,0.2550804913043976,0.2630855441093445,-0.0019892454147338867,0.03443977236747742,0.011008143424987793,0.02485396120469139,0.7571712475365955,0.24131819637174667,-0.6064977846087033,-0.25793094947189477,1.8463566680047954,-2.7201033567932464
1771888914545020416,9.15902042388916,0.3022051453590393,-0.30320507287979126,0.10302547365427017,0.9315335750579834,0.25491929054260254,0.2593476176261902,-0.024841129779815674,0.04102489352226257,0.02602216601371765,0.024348261003333163,0.7563855366084223,0.23990567631679155,-0.6080569578722398,-0.2577642311014014,1.8423293895489363,-2.7235809684865497
1771888914555050496,9.169050455093384,0.27635127305984497,-0.30043989419937134,0.09873085469007492,0.9325773119926453,0.2547208368778229,0.2557665705680847,-0.01546323299407959,0.03162550926208496,0.05445975065231323,0.023922961878053848,0.755614698137918,0.23859948617118193,-0.6095443099039602,-0.257559004812185,1.838472366656567,-2.726759535304064
1771888914565081344,9.179081439971924,0.19831877946853638,-0.3162132501602173,0.08754504472017288,0.9335912466049194,0.2544771134853363,0.25228747725486755,-0.002743959426879883,0.008950680494308472,0.030000120401382446,0.02366410358662805,0.7548132712042321,0.2374882486837928,-0.6109798267820975,-0.25730696338393055,1.834725635680696,-2.7293947504239555
1771888914575112448,9.189112424850464,0.20875215530395508,-0.3382129669189453,0.10048668086528778,0.934656023979187,0.2540947496891022,0.2487044632434845,0.011831343173980713,-0.00789421796798706,0.019529804587364197,0.0235926590956992,0.7539408507754581,0.23648556789870517,-0.6124468462401812,-0.2569116100869377,1.8308620930812542,-2.7316331609853255
1771888914585143296,9.199143409729004,0.23103375732898712,-0.35981839895248413,0.1020323783159256,0.9357770681381226,0.2537122666835785,0.24484965205192566,-0.005051970481872559,0.0010484755039215088,0.007835865020751953,0.023473417613719613,0.7530064657968754,0.23538497442885065,-0.6140229299614381,-0.2565161830844883,1.8267128682259897,-2.734124722251906
1771888914595174400,9.209174394607544,0.269447386264801,-0.37640443444252014,0.10937950760126114,0.9369434118270874,0.25333255529403687,0.24074767529964447,0.006888866424560547,-0.002142399549484253,0.019307821989059448,0.023295114809631336,0.7520193513120621,0.23418098928752923,-0.6156975137176545,-0.25612363702285246,1.8223054595060264,-2.736888164209134
1771888914605205248,9.219205379486084,0.32377585768699646,-0.37295615673065186,0.10020971298217773,0.9381148219108582,0.2530677318572998,0.2364267110824585,-0.0007672905921936035,0.03935176134109497,0.02088227868080139,0.025247291855998086,0.750127401796595,0.2356315693766474,-0.6173729365516549,-0.25584990259220575,1.8176782788074703,-2.7326661882377885
1771888914615237376,9.22923755645752,0.3127424716949463,-0.3766794204711914,0.08399718254804611,0.9392273426055908,0.25295722484588623,0.23208828270435333,0.0015991926193237305,0.04632869362831116,0.0010049641132354736,0.027089578195557445,0.7482310742751294,0.2370535900378333,-0.6190493804057537,-0.2557356767328925,1.8130489562070935,-2.728620283066921
1771888914625268736,9.239268779754639,0.2854064702987671,-0.3602098822593689,0.08377454429864883,0.9403044581413269,0.25284844636917114,0.2278049737215042,-0.0032011866569519043,0.02061954140663147,0.021996617317199707,0.0289729157363976,0.746331351945593,0.23852043324317482,-0.6206915789592077,-0.25562325222384114,1.8084839689534367,-2.72443611405099
1771888914635298560,9.249298572540283,0.23930856585502625,-0.3310477137565613,0.09030728042125702,0.9412983655929565,0.25262847542762756,0.22391150891780853,-0.014723658561706543,-0.0031777918338775635,0.025356054306030273,0.030959584985478905,0.7445270916416171,0.2400732401758303,-0.6221621977750712,-0.25539590328572853,1.8043312299382954,-2.719926195072057
1771888914645329408,9.259329557418823,0.12183253467082977,-0.3051290512084961,0.10461004823446274,0.9422542452812195,0.25214776396751404,0.22040587663650513,-0.012017309665679932,-0.03985217213630676,0.048591405153274536,0.03323971423374106,0.7427823074928935,0.24182097564563299,-0.6234519168774983,-0.25489908781948306,1.8005782965148787,-2.714675829597139
1771888914655360768,9.269360780715942,0.08184658735990524,-0.25923413038253784,0.09954605251550674,0.9431548714637756,0.2513723075389862,0.21741890907287598,-0.013635218143463135,-0.038100212812423706,0.06918692588806152,0.03582748411484207,0.7411362141362503,0.2437756411527622,-0.624505406551233,-0.25409784093953075,1.7973613909604431,-2.7086290971578455
1771888914665391616,9.279391765594482,0.025559082627296448,-0.1934841424226761,0.08462835103273392,0.9438793659210205,0.25061339139938354,0.21513888239860535,-0.019883394241333008,-0.044009387493133545,0.09209680557250977,0.03848297236374938,0.7396535370729117,0.24593105663090004,-0.6252596621370631,-0.25331382948774644,1.7948982896168184,-2.702066789730688
1771888914675422720,9.289422750473022,-0.03562473878264427,-0.1894828826189041,0.07085607945919037,0.944481372833252,0.24987614154815674,0.2133469134569168,0.015937328338623047,-0.04693424701690674,0.05157613754272461,0.04124288470302977,0.73825523467699,0.24829954159195125,-0.6257999747692506,-0.2525523379605377,1.7929557134621417,-2.6949516708893273
1771888914685453568,9.299453735351562,-0.12018383294343948,-0.20854231715202332,0.04554726928472519,0.9450485706329346,0.24917356669902802,0.21164914965629578,0.035725176334381104,-0.03733585774898529,0.034185126423835754,0.04420711684909242,0.7367858494741756,0.25094060994380063,-0.6262755125504618,-0.25182680751660386,1.7911167046651975,-2.6871103314249645
1771888914695484672,9.309484720230103,-0.18194901943206787,-0.2284703552722931,0.05247335135936737,0.9456267952919006,0.24839146435260773,0.20998071134090424,0.032126009464263916,-0.043404847383499146,0.03928688168525696,0.04744113030537022,0.7352287088600786,0.25382888278847354,-0.6267049470152337,-0.25101932903310464,1.7893054644975332,-2.6785106976998256
1771888914705515520,9.319515705108643,-0.1592993587255478,-0.2172912061214447,0.06513108313083649,0.9462473392486572,0.24743807315826416,0.20830418169498444,0.0012015104293823242,-0.009034708142280579,0.045678406953811646,0.050795165463844556,0.7336568283486669,0.2567094698646644,-0.627110712112819,-0.25003521249668,1.7874774473145265,-2.669764601827812
1771888914715545600,9.329545736312866,-0.1329835206270218,-0.1660812795162201,0.08159688115119934,0.946828305721283,0.24644561111927032,0.20683424174785614,-0.029286980628967285,0.0368337482213974,0.07414111495018005,0.05401977424292353,0.7321961041843836,0.25943396892442094,-0.6274269907242014,-0.24901102919901827,1.7858672959253648,-2.6614021358713087
1771888914725576704,9.339576721191406,-0.1653430461883545,-0.12836027145385742,0.09631377458572388,0.9473324418067932,0.24534422159194946,0.20583343505859375,-0.02716648578643799,-0.017179563641548157,0.057807907462120056,0.057211970251014994,0.7308984663148137,0.26211476218363733,-0.6275428756722335,-0.24787474964276457,1.7847477400658442,-2.6530852188676843
1771888914735607552,9.349607706069946,-0.08100233227014542,-0.10806538909673691,0.08776582032442093,0.9478122591972351,0.24414095282554626,0.20505349338054657,0.017885863780975342,0.016921624541282654,-0.000356823205947876,0.06038024089114323,0.7296902928583109,0.264724051500572,-0.627556708535892,-0.24663374516631714,1.7838567436405688,-2.644880743653337
1771888914745638656,9.359638690948486,0.08571447432041168,-0.10814474523067474,0.06936924159526825,0.9482115507125854,0.24341395497322083,0.20407022535800934,0.05760204792022705,0.04928015172481537,-0.06642067432403564,0.06292107034975676,0.7285509252977194,0.2669244520285346,-0.627698878896431,-0.24588412292737086,1.7827788660117947,-2.638157256794225
1771888914755669504,9.369669675827026,0.164931520819664,-0.11556151509284973,0.04748551547527313,0.9485817551612854,0.24314770102500916,0.20266146957874298,0.07958585023880005,0.04084885120391846,-0.08344462513923645,0.06492236029133026,0.7273909171741701,0.26876232640434766,-0.6280559653025745,-0.24560961948685708,1.781278723251219,-2.6327574002756964
1771888914765700608,9.379700660705566,0.18177734315395355,-0.11653516441583633,0.0516352541744709,0.9489234089851379,0.24308466911315918,0.20113256573677063,0.05528801679611206,0.030139222741127014,-0.05080294609069824,0.06673943547446011,0.7262160165792589,0.27051169868815306,-0.6284740406294135,-0.24554464235675744,1.779663737916695,-2.6277454463471472
1771888914775731456,9.389731645584106,0.30026519298553467,-0.1088763102889061,0.05704360082745552,0.949285626411438,0.24304388463497162,0.19946563243865967,0.02208888530731201,0.08131219446659088,-0.03837859630584717,0.06836760985021305,0.7250758399271514,0.2720254476491393,-0.6289619177893567,-0.245502605214371,1.777905201927684,-2.623375979698613
1771888914785762560,9.399762630462646,0.45346808433532715,-0.09833019226789474,0.06466050446033478,0.9496316313743591,0.24323509633541107,0.1975763440132141,-0.00044345855712890625,0.10497045516967773,-0.07155396044254303,0.06947605067346722,0.7240322258223936,0.27306685713949863,-0.6295910431078852,-0.2456997259640507,1.7759256904919198,-2.620470932491848
1771888914795792640,9.40979266166687,0.5360172390937805,-0.08033575117588043,0.08415031433105469,0.9499881267547607,0.2435191422700882,0.19550205767154694,0.004021883010864258,0.051936790347099304,-0.06339144706726074,0.07015239670091854,0.7230986317433603,0.2736409977436107,-0.630339299212374,-0.2459925813606065,1.7737569843518368,-2.6189098457190996
1771888914805823488,9.41982364654541,0.4916742146015167,-0.06528729200363159,0.05934910103678703,0.9503201842308044,0.24380742013454437,0.19351957738399506,-0.004214107990264893,0.003400266170501709,-0.017753571271896362,0.07074519132634743,0.7222242314882368,0.2741385588821604,-0.6310589906246961,-0.2462898163304451,1.7716857694802877,-2.6175701406587115
1771888914815854592,9.42985463142395,0.35220572352409363,-0.060400523245334625,0.04557177051901817,0.9505511522293091,0.2441750019788742,0.19191531836986542,-0.006535530090332031,-0.05163954198360443,0.030313760042190552,0.07157606815754523,0.7213246343307319,0.27504259482544535,-0.6316006590044476,-0.24666885615223982,1.7700171641030065,-2.6152062258878357
1771888914825885440,9.43988561630249,0.17196272313594818,-0.08135108649730682,0.035584382712841034,0.950793445110321,0.24427233636379242,0.19058561325073242,0.003765881061553955,-0.11181078851222992,0.07687044143676758,0.0729837703677999,0.7203243095158901,0.27645197207527916,-0.6319656497904104,-0.2467692217643505,1.768623590423654,-2.6112369757283034
1771888914835916544,9.44991660118103,0.15170921385288239,-0.11112216114997864,0.018808063119649887,0.9510464072227478,0.24429351091384888,0.18929186463356018,-0.023144185543060303,-0.04803496599197388,0.024224400520324707,0.07480039626890483,0.7191738101894017,0.27827138958769926,-0.6322649379579846,-0.24679106495028788,1.767264187035555,-2.606059362289733
1771888914845947392,9.45994758605957,0.15943743288516998,-0.12697727978229523,0.041671037673950195,0.951334536075592,0.2443392127752304,0.18777889013290405,-0.03728729486465454,-0.016739115118980408,0.018870949745178223,0.07661805331996205,0.7179530869482317,0.28005857663214734,-0.6326454122216072,-0.24683819082846326,1.7656759152117958,-2.6009558500180496
1771888914855978496,9.46997857093811,0.2099476456642151,-0.14963626861572266,0.06421788781881332,0.9517395496368408,0.24416287243366241,0.18594633042812347,-0.031588971614837646,0.00180874764919281,0.009656041860580444,0.07842560876543875,0.7167136227935119,0.2815932335885875,-0.6331478010024958,-0.24665634031220823,1.763741062423863,-2.596320382079226
1771888914866009600,9.48000979423523,0.20883631706237793,-0.14502473175525665,0.06521497666835785,0.9521604776382446,0.2439577579498291,0.18405090272426605,-0.02401423454284668,0.03466767072677612,0.02145443856716156,0.08018224660625939,0.7154861886127768,0.28302820493692515,-0.6336759683656469,-0.24644483927939312,1.7617396164005843,-2.591919064102517
1771888914876039424,9.490039587020874,0.20851033926010132,-0.1531725376844406,0.06425703316926956,0.9526001214981079,0.24371586740016937,0.18208648264408112,0.012640297412872314,0.020169615745544434,0.010143741965293884,0.0819380672741205,0.7142496085153129,0.2844129755397027,-0.634226208272683,-0.24619540805039924,1.7596649025608082,-2.5876064786543482
1771888914886070528,9.500070571899414,0.20620431005954742,-0.16598154604434967,0.05710405483841896,0.9530344605445862,0.24351735413074493,0.18006831407546997,0.02578634023666382,-0.001055195927619934,-0.021666884422302246,0.08372672353476399,0.7129689584613685,0.28584859778468935,-0.6347878973009975,-0.2459907312137433,1.7575370148226233,-2.5831688464757256
1771888914896101376,9.510101556777954,0.2171303629875183,-0.17129121720790863,0.05439695343375206,0.9534765481948853,0.24336548149585724,0.17792057991027832,0.021422743797302246,-0.007464602589607239,-0.03610539436340332,0.08546008903141025,0.7116627464636839,0.28722190959106764,-0.6354024491080756,-0.24583415606104692,1.7552765871419687,-2.578916370762376
1771888914906132736,9.520132780075073,0.28228700160980225,-0.17651714384555817,0.0667090117931366,0.9539345502853394,0.24320758879184723,0.17566737532615662,0.013686299324035645,0.002504691481590271,-0.035133957862854004,0.0871204520345926,0.7103616010787284,0.2884789191117405,-0.6360631702981397,-0.24567136273168594,1.752906439581745,-2.5749593789284293
1771888914916163584,9.530163764953613,0.350691556930542,-0.15452861785888672,0.06537237018346786,0.9543946385383606,0.24313342571258545,0.173254132270813,-0.017276108264923096,0.03459179401397705,-0.011480450630187988,0.08851343371479405,0.7091126745594016,0.28945860241520044,-0.6368188957114038,-0.2455949032252542,1.7503737683088691,-2.5718224226629487
1771888914926194688,9.540194749832153,0.3507016599178314,-0.14146262407302856,0.07382310926914215,0.9548166394233704,0.24308842420578003,0.17097677290439606,-0.027372300624847412,0.002715364098548889,0.021375522017478943,0.08975997040348731,0.707956484023113,0.29032052431457045,-0.6375380017054756,-0.24554851973973077,1.747986035614991,-2.569050784931032
1771888914936225536,9.550225734710693,0.2995574176311493,-0.11977197229862213,0.08654876053333282,0.9552472233772278,0.24284228682518005,0.16890932619571686,-0.025101959705352783,-0.023604005575180054,0.034017324447631836,0.09110161456963642,0.7068729097289214,0.29117924281040897,-0.6381581369719146,-0.24529476779803747,1.7458099171896884,-2.566135115143052
1771888914946255616,9.560255765914917,0.23243458569049835,-0.13776428997516632,0.0769115760922432,0.9556588530540466,0.24250100553035736,0.16706228256225586,-0.00723344087600708,-0.041573211550712585,-0.0029387325048446655,0.09267846962092552,0.7057683588424873,0.2922707072810815,-0.6386546016389169,-0.24494297411002766,1.7438612543172372,-2.5624997255555546
1771888914956286720,9.570286750793457,0.18577103316783905,-0.12116626650094986,0.07455307990312576,0.9560684561729431,0.2421126812696457,0.16527175903320312,-0.009809792041778564,-0.02891683578491211,0.03054429590702057,0.09443853924391502,0.7046078072288655,0.2935365681797973,-0.6390974541668817,-0.24454272793598997,1.74197068850766,-2.558326494306497
1771888914966317568,9.580317735671997,0.19584257900714874,-0.13079918920993805,0.0637451782822609,0.9564340710639954,0.24180160462856293,0.1636030375957489,0.006441295146942139,-0.008235305547714233,-0.0007917881011962891,0.09620719926795875,0.7034498850199297,0.29488943144912627,-0.6394862678540718,-0.24422211619767623,1.7402118826824349,-2.5539784937605376
1771888914976348672,9.590348720550537,0.21765927970409393,-0.11827008426189423,0.06489726155996323,0.9567813873291016,0.24156439304351807,0.16191376745700836,0.009344100952148438,-0.024492859840393066,0.019482731819152832,0.0978925762736802,0.7023002570348189,0.2961945912229222,-0.6398907476628009,-0.24397766607374677,1.738435640710306,-2.5498157832716997
1771888914986379520,9.600379705429077,0.2531200647354126,-0.10020346194505692,0.07061613351106644,0.9571201205253601,0.24129532277584076,0.16030508279800415,-0.008435428142547607,-0.02787064015865326,0.026157379150390625,0.09942177463320866,0.7012523666492312,0.29731743986128484,-0.6402833778015239,-0.24370038968457267,1.7367429640092171,-2.546146379243801
1771888914996410624,9.610410690307617,0.29292890429496765,-0.10202014446258545,0.08543209731578827,0.9574770927429199,0.24095787107944489,0.1586720496416092,0.008648335933685303,-0.027701064944267273,-0.015483632683753967,0.10084667306920864,0.7002666266935424,0.29826611316583634,-0.6406979839792861,-0.24335268605573973,1.73502270116246,-2.5429022226193054
1771888915006441472,9.620441675186157,0.26900598406791687,-0.08057796955108643,0.07970044016838074,0.9578123688697815,0.2406410276889801,0.15712229907512665,0.013165414333343506,6.636977195739746e-05,0.038419127464294434,0.10221863454213576,0.6993200721569532,0.2991865389250074,-0.6410851894247785,-0.24302623677928015,1.7333910481923938,-2.539761485040268
1771888915016472576,9.630472660064697,0.16699671745300293,-0.042268794029951096,0.0981963574886322,0.9581125378608704,0.2401731163263321,0.1560041308403015,0.01594752073287964,-0.0512540340423584,0.05359065532684326,0.10377824026752294,0.698444969133235,0.300294339418214,-0.6412706573158193,-0.24254418423364207,1.7322042965739404,-2.5360119912249184
1771888915026502656,9.640502691268921,0.12933562695980072,0.010398145765066147,0.1390380710363388,0.9584285616874695,0.23925912380218506,0.155466690659523,-0.020882785320281982,-0.08398567140102386,0.048863768577575684,0.1056566633649482,0.6977102408229959,0.30155226398826884,-0.6411734187299037,-0.24160273720710007,1.7316056830462272,-2.53152768397116
1771888915036533504,9.650533676147461,0.11219880729913712,0.060256779193878174,0.14560195803642273,0.9587211608886719,0.23807372152805328,0.1554822325706482,-0.036281585693359375,-0.07735289633274078,0.07390320301055908,0.10758473245635558,0.697179064987816,0.3027911309625407,-0.6408466456051866,-0.24038205626752707,1.7315732380492939,-2.5269448097592857
1771888915046564608,9.660564661026001,0.24443432688713074,0.07148813456296921,0.13352878391742706,0.958948016166687,0.23699666559696198,0.1557292491197586,0.002218484878540039,-0.034466713666915894,0.029176726937294006,0.10927198993067257,0.6967849462010979,0.3039002549047749,-0.6404647774660885,-0.23927326972784088,1.7317868367832405,-2.5228642611434178
1771888915056595456,9.670595645904541,0.39320430159568787,0.11443093419075012,0.12750844657421112,0.9591050148010254,0.23626020550727844,0.15588073432445526,0.03062582015991211,-0.013314038515090942,0.00969243049621582,0.10842583354822598,0.6974575458021768,0.3024786612304414,-0.6405493824148052,-0.23851528793409588,1.731914819666109,-2.5263261613746026
1771888915066626560,9.680626630783081,0.45447349548339844,0.15638132393360138,0.09783283621072769,0.9591882228851318,0.2357751429080963,0.1561034470796585,0.043314337730407715,-0.019893750548362732,0.019479408860206604,0.10707202839990942,0.6983053118717991,0.3007015339236407,-0.6406902373104242,-0.23801611995062283,1.7321272768326574,-2.531032794218796
1771888915076657408,9.690657615661621,0.3559214472770691,0.13723239302635193,0.06011635437607765,0.959128201007843,0.2357141077518463,0.15656225383281708,0.06978708505630493,-0.016018107533454895,-0.01770724356174469,0.10565645749247292,0.699106737279424,0.29921713503425235,-0.6407460416593833,-0.23795331510904927,1.73260317963154,-2.5353013665218707
1771888915086688512,9.700688600540161,0.17918184399604797,0.1249067485332489,0.05330106243491173,0.9590444564819336,0.23561592400074005,0.1572226583957672,0.0757761001586914,-0.03629036247730255,-0.010112643241882324,0.10472219733933394,0.6997455948243001,0.29827408781967596,-0.6406418276577622,-0.23785228327238014,1.7332877304808525,-2.5380162612595147
1771888915096719616,9.710719585418701,0.22670559585094452,0.12588053941726685,0.07063397765159607,0.9590093493461609,0.23528070747852325,0.15793637931346893,0.047750234603881836,0.06876590847969055,-0.009834542870521545,0.10407871705587574,0.7003357555245958,0.29748616422702107,-0.6404680998051713,-0.23750736839896974,1.7340182252230754,-2.540087061170239
1771888915106749440,9.720749616622925,0.4431833028793335,0.13134613633155823,0.08465392142534256,0.9589819312095642,0.23507797718048096,0.15840481221675873,0.03372436761856079,0.15637099742889404,0.007641315460205078,0.10298799158640957,0.7010269091646408,0.29624935356430376,-0.6404616137906288,-0.23729878663171966,1.7344983556741178,-2.5435135759119567
1771888915116780544,9.730780601501465,0.6296311616897583,0.12863290309906006,0.0988008975982666,0.958983302116394,0.2350974977016449,0.1583668291568756,0.057236671447753906,0.11631238460540771,0.024418219923973083,0.10116218760057219,0.7018523875579427,0.2942560747078837,-0.6407672927518177,-0.23731886910596595,1.734459560099346,-2.5492080881283634
1771888915126811392,9.740811586380005,0.8181451559066772,0.12427064776420593,0.16532452404499054,0.9591127038002014,0.23492148518562317,0.15784324705600739,0.030404388904571533,0.01219455897808075,0.019585952162742615,0.09886254999279145,0.7028183029014685,0.2914928116192103,-0.6413302187905021,-0.23713778464077304,1.733906423615761,-2.556846281750143
1771888915136842496,9.750842571258545,0.7403609156608582,0.19807231426239014,0.15788419544696808,0.9592569470405579,0.2345934361219406,0.1574559360742569,-0.02609032392501831,0.11262035369873047,0.10346938669681549,0.09634275902418968,0.7039531540971836,0.28840583141117787,-0.6418646573777527,-0.23680031784383315,1.7334891775473036,-2.56528294313623
1771888915146873600,9.760873794555664,0.5625653862953186,0.25542908906936646,0.15275095403194427,0.9592605233192444,0.2341260015964508,0.15812820196151733,-0.017579495906829834,0.059651508927345276,0.14193595945835114,0.09421080964428187,0.705226667146088,0.2858661328171293,-0.6419192520100904,-0.23631948210516596,1.7341709307603461,-2.572180756533071
1771888915156904704,9.770904779434204,0.47390756011009216,0.3076396584510803,0.1725102663040161,0.9591813683509827,0.23336437344551086,0.15972577035427094,-0.016859591007232666,-0.05971933901309967,0.17358720302581787,0.09255725929237801,0.7066159059370578,0.2838253780207897,-0.641537486200408,-0.23553616052399023,1.7358052234106645,-2.577522358881353
1771888915166935808,9.780935764312744,0.7171777486801147,0.2924996018409729,0.17161758244037628,0.9590973258018494,0.23263883590698242,0.16128112375736237,0.013574182987213135,0.011257648468017578,0.08290529251098633,0.09063740979902576,0.7080948518161799,0.28149998404843724,-0.6412053684627721,-0.23479008544303084,1.7373969333495336,-2.583679137435586
1771888915176966656,9.790966749191284,1.0575025081634521,0.26023513078689575,0.2149626612663269,0.9590920805931091,0.23226065933704376,0.16185519099235535,0.03803914785385132,0.059227943420410156,0.10576866567134857,0.08767535552697339,0.7096528176510306,0.27806558787104946,-0.6413932583975203,-0.2344012601588826,1.7379798592614335,-2.593117077573489
1771888915186996736,9.800996780395508,1.179620385169983,0.28011375665664673,0.21868042647838593,0.9591889381408691,0.2319350391626358,0.1617487370967865,0.005914151668548584,0.0680985152721405,0.14721117913722992,0.08396532583935293,0.7113125769158539,0.2736946916229261,-0.6419310183849888,-0.234066497529676,1.7378553751495385,-2.6051262759457976
1771888915197027584,9.811027765274048,0.711254894733429,0.40071848034858704,0.2626207172870636,0.9591607451438904,0.23130597174167633,0.16281314194202423,-0.012597084045410156,0.022737577557563782,0.192167267203331,0.08076589304225837,0.7131377982239588,0.26989080849373176,-0.6419270093574199,-0.23341984989891948,1.738939031433054,-2.615392899467598
1771888915207058688,9.821058750152588,0.2816672921180725,0.4724358022212982,0.22034543752670288,0.9590322375297546,0.2296888828277588,0.1658325493335724,0.023145616054534912,0.05546741187572479,0.1390686184167862,0.07928099604219224,0.7150455431591219,0.26763061068104055,-0.6409355316154797,-0.23175801420584535,1.7420197402489366,-2.6206825779316536
1771888915217089536,9.831089735031128,0.12342590093612671,0.577605664730072,0.1897720843553543,0.958591103553772,0.22808869183063507,0.170525461435318,-0.0004153251647949219,0.07325717806816101,0.1470252424478531,0.07854010529872107,0.7170941009920345,0.2665310069092017,-0.639193904414111,-0.23011418228788066,1.74684643639753,-2.6229204411016735
1771888915227120640,9.841120719909668,0.3027767539024353,0.5913880467414856,0.12160980701446533,0.957935094833374,0.22690236568450928,0.1757151335477829,0.026409387588500977,0.11065258085727692,0.027135252952575684,0.07759778639788414,0.7192442191807468,0.2656036946141547,-0.6372762984298651,-0.22889590041051947,1.7522107363401958,-2.6250795729937524
1771888915237151744,9.851151704788208,0.538881242275238,0.6048006415367126,0.10925327241420746,0.9571232199668884,0.22661568224430084,0.18044421076774597,0.056655287742614746,0.08264937996864319,0.13838812708854675,0.0755798613060771,0.7214626982021555,0.26403347793150034,-0.6356614040233383,-0.22860155406736,1.7571368555868834,-2.6297209247083173
1771888915247182592,9.861182689666748,0.600536584854126,0.5708991289138794,0.021038994193077087,0.9562298059463501,0.22695158421993256,0.18470855057239532,0.02355217933654785,0.05454251170158386,0.2028646320104599,0.07293753700155607,0.7236373368017001,0.26211310185986025,-0.6342915107432716,-0.2289464394245963,1.7616096194549316,-2.6357781244580107
1771888915257212672,9.871212720870972,0.2949940860271454,0.626102089881897,-0.04205635190010071,0.9550689458847046,0.22799193859100342,0.18937444686889648,-0.034887850284576416,0.09463982284069061,0.32911917567253113,0.07037568724255869,0.7256931642299433,0.26087670840805594,-0.6327399942017012,-0.23001481010437885,1.7665409032354178,-2.64054712182062
1771888915267243520,9.881243705749512,-0.0374634712934494,0.725615382194519,-0.10544358193874359,0.9536083936691284,0.2289002239704132,0.19553959369659424,-0.000971674919128418,0.1253325641155243,0.20330989360809326,0.0688506677744293,0.7277667732198531,0.26100827363828777,-0.6304679158332689,-0.2309477650153609,1.7730451105666223,-2.6415624141548597
1771888915277274624,9.891274690628052,-0.22567279636859894,0.9042805433273315,-0.16056862473487854,0.9516658186912537,0.22987371683120728,0.20369207859039307,-0.03719121217727661,0.2189483493566513,0.03712216019630432,0.06789008758767215,0.7301243432424188,0.2622298254762557,-0.6273316228878497,-0.23194791864780562,1.781652239860929,-2.6398201268605455
1771888915287305472,9.901305675506592,-0.25157150626182556,1.0985523462295532,-0.22060585021972656,0.9490912556648254,0.23128724098205566,0.213850200176239,-0.02652961015701294,0.15788815915584564,-0.02819657325744629,0.06686194115680072,0.7329157316726241,0.2641204874592483,-0.6233813659741645,-0.2334005943854283,1.7924162972682107,-2.6367947723157155
1771888915297336576,9.911336660385132,0.25161707401275635,1.1295647621154785,-0.1814802885055542,0.9461660385131836,0.23294700682163239,0.2247338593006134,0.14178550243377686,-0.002096831798553467,-0.1829552948474884,0.06493917048992476,0.7361914320393997,0.2653094457309823,-0.6192058730856518,-0.23510696803333722,1.8039955485356278,-2.6359334424667806
1771888915307367680,9.921367645263672,0.7978779673576355,1.101862907409668,-0.2840535342693329,0.9430426359176636,0.23651699721813202,0.2339448779821396,0.05843740701675415,0.2393435686826706,-0.039608970284461975,0.06061957320499259,0.739499982158697,0.2647871067684639,-0.6159162177003077,-0.2387795703009276,1.81396197807008,-2.6410409554807703
1771888915317398528,9.931398630142212,0.8183971047401428,0.995101273059845,-0.3039249777793884,0.9398401379585266,0.2412383258342743,0.2418767511844635,0.12153059244155884,0.19220279157161713,0.2281244695186615,0.05526407783549904,0.7425877821049334,0.2636318626743925,-0.6131944374675279,-0.243641660403307,1.8226894526269442,-2.648567162959296
1771888915327429632,9.941429615020752,0.3711828887462616,0.9920410513877869,-0.46169811487197876,0.9364637732505798,0.246437668800354,0.24960799515247345,-0.014649808406829834,0.233268141746521,0.41875743865966797,0.050370351919919724,0.7452884879843257,0.26334211211047104,-0.6104579243257119,-0.24900283561050188,1.8312833851264205,-2.654025284246556
1771888915337459456,9.951459646224976,-0.46732643246650696,1.0723127126693726,-0.5637168884277344,0.9325668811798096,0.2510548532009125,0.25940412282943726,-0.05193638801574707,0.037214189767837524,0.420756459236145,0.047721324620119805,0.7477198577014617,0.2657387221754739,-0.6066470427455953,-0.25376985900755844,1.8420992808260335,-2.6518933754968006
1771888915347490560,9.961490631103516,-0.8212481737136841,1.2695670127868652,-0.6745206117630005,0.9278706312179565,0.25510767102241516,0.27198538184165955,-0.08354085683822632,0.06427398324012756,0.12372073531150818,0.04678045075196056,0.750250050837821,0.2704025726991707,-0.6015137907291441,-0.25795906834748733,1.8559371905075777,-2.643412869362653
1771888915357521408,9.971521615982056,-0.5841085910797119,1.3983274698257446,-0.7037621140480042,0.9223546385765076,0.2594136893749237,0.28629812598228455,0.04480856657028198,-0.02212423086166382,-0.26684316992759705,0.04569842680959382,0.7531401967935565,0.2755520108070608,-0.5956195467316668,-0.2624150533145573,1.8717661495857285,-2.633927017407906
1771888915367552512,9.981552600860596,0.07103246450424194,1.408920407295227,-0.6625739336013794,0.9163541197776794,0.2648712992668152,0.3002307415008545,0.2120792269706726,0.0744841992855072,-0.3936907947063446,0.04278965323148188,0.7563623968868685,0.27934082288142104,-0.5899607927966519,-0.2680704501321338,1.887410690650623,-2.628842386647672
1771888915377583616,9.991583585739136,0.7898724675178528,1.2973148822784424,-0.7022646069526672,0.9103824496269226,0.27266067266464233,0.31122368574142456,0.19555938243865967,0.28684863448143005,-0.17596980929374695,0.037032913150056745,0.759451110861911,0.2807950427582736,-0.5856763841726533,-0.27615741128722376,1.9002014838536,-2.6313563818242267
1771888915387614464,10.001614570617676,0.7352715134620667,1.1714847087860107,-0.6933813691139221,0.9045557975769043,0.2814255952835083,0.3202787935733795,0.1519474983215332,0.3311995267868042,0.21792924404144287,0.030299148231075015,0.7622159136075077,0.2813650567997502,-0.582187758421542,-0.28527942891721214,1.9110950412687089,-2.636654575666632
1771888915397645824,10.011645793914795,0.4156883656978607,1.1789692640304565,-0.692043662071228,0.8987701535224915,0.2896505296230316,0.32911232113838196,0.029742419719696045,0.2640451490879059,0.40715479850769043,0.024352465708357206,0.7647051099988228,0.28245754092500175,-0.5786629742830837,-0.2938616973082626,1.9218127339781534,-2.640040265433679
1771888915407676672,10.021676778793335,0.259652704000473,1.2867602109909058,-0.7048755884170532,0.8925946950912476,0.29695072770118713,0.33925706148147583,0.025023221969604492,0.17321836948394775,0.27239158749580383,0.01939501497494869,0.7673082213672182,0.28437057203642857,-0.574452286680021,-0.30149776252978316,1.934012923668297,-2.640539044652043
1771888915417706496,10.03170657157898,0.38997882604599,1.4203777313232422,-0.6960509419441223,0.8857980966567993,0.30426517128944397,0.3504066467285156,0.11899334192276001,0.1512707769870758,-0.11128607392311096,0.014278253551298069,0.7702075143433379,0.28632796881578787,-0.569730611201102,-0.3091669413889953,1.9474891192688741,-2.6408286399757883
1771888915427737600,10.04173755645752,0.8632204532623291,1.5555174350738525,-0.6966147422790527,0.878314733505249,0.31275472044944763,0.3615906238555908,0.18055367469787598,0.15735331177711487,-0.3667480945587158,0.0077034276652430105,0.7734482400972452,0.28735542232963396,-0.5649295101070753,-0.31809185558782216,1.9613368187844649,-2.6441842548196637
1771888915437768704,10.051768779754639,1.4977110624313354,1.5965083837509155,-0.6115813255310059,0.870414674282074,0.32271143794059753,0.37180063128471375,0.2687302231788635,0.11480382084846497,-0.43021130561828613,-0.0009152951749149642,0.7770066684140017,0.2866373225477925,-0.5604452619159824,-0.3285928024488028,1.9744895455667868,-2.65283031690321
1771888915447799808,10.061799764633179,1.9927356243133545,1.6131067276000977,-0.5012518763542175,0.8624663352966309,0.3343191146850586,0.3799772560596466,0.23905038833618164,0.2624216079711914,-0.16501140594482422,-0.0117138298020206,0.7806480771025741,0.2838612405673056,-0.5566634800922786,-0.3408826977077941,1.985781085122643,-2.6676340848393907
1771888915457830656,10.071830749511719,2.182915687561035,1.6155612468719482,-0.44862863421440125,0.8547979593276978,0.3464016616344452,0.3864273726940155,0.1793663501739502,0.33562037348747253,0.027558743953704834,-0.0236363627727338,0.784282787237965,0.2794891623868686,-0.5533783232059778,-0.35373255714312496,1.995369210461103,-2.6866117971486303
1771888915467861760,10.081861734390259,1.1602940559387207,1.6333591938018799,-0.7023506760597229,0.846309244632721,0.35800808668136597,0.3944498300552368,0.024753868579864502,0.40685394406318665,0.4762776494026184,-0.03413789476037732,0.7877238322738406,0.2769766742749439,-0.5491899650210722,-0.3661337061230889,2.0069435818874335,-2.7002209887623367
1771888915477892608,10.091892719268799,0.8223952054977417,1.4501512050628662,-0.835946798324585,0.837375283241272,0.36817359924316406,0.40404340624809265,0.14432954788208008,-0.3288516700267792,0.20310384035110474,-0.042125624006397015,0.790741544504841,0.27703703105973937,-0.5442460957094735,-0.3770438782617203,2.0203557113312645,-2.706039197732121
1771888915487923712,10.101923704147339,0.8932973146438599,1.3276903629302979,-1.128096103668213,0.8280269503593445,0.37985050678253174,0.41241347789764404,0.14974093437194824,-0.13891425728797913,-0.08973589539527893,-0.05008881059195278,0.7929364790129825,0.27831364531989644,-0.539707655266801,-0.38963467797088686,2.0328968993314285,-2.7095960955942524
1771888915497953536,10.111953735351562,1.0088331699371338,1.258461833000183,-1.4247994422912598,0.8176810145378113,0.39437100291252136,0.4193679392337799,0.18544703722000122,0.03911593556404114,-0.19829857349395752,-0.05913970404086656,0.7943681204535749,0.28046971526046083,-0.53555447485507,-0.40538328896328174,2.0446906057067853,-2.7125940979218752
1771888915507984640,10.121984720230103,1.022042155265808,1.2169045209884644,-1.2501440048217773,0.80669105052948,0.4102841019630432,0.4253429174423218,0.10914146900177002,0.008279740810394287,-0.2965739965438843,-0.06892244354175484,0.7954296749852545,0.2827774524023143,-0.5315809194723049,-0.4227655789587377,2.0560201387062502,-2.715913371535081
1771888915518015744,10.132015705108643,1.4919179677963257,1.2089521884918213,-1.3281018733978271,0.7961549758911133,0.4261476993560791,0.42957621812820435,0.03613579273223877,0.14422592520713806,-0.3053695559501648,-0.07908355692451331,0.7962534918396071,0.28419795872598347,-0.5281645398428295,-0.4402301527716556,2.065591630232741,-2.7213905555809954
1771888915528046592,10.142046689987183,1.4240195751190186,1.2017419338226318,-1.3013110160827637,0.7852011919021606,0.44293949007987976,0.4327397346496582,0.02430802583694458,0.15335872769355774,0.1670069396495819,-0.09017593496567579,0.7969506830577269,0.2850253872208876,-0.5248794381105898,-0.45887467534877485,2.0744986684019153,-2.728835643272924
1771888915538077696,10.152077674865723,1.2092264890670776,1.181306004524231,-1.2452504634857178,0.7742280960083008,0.4586853086948395,0.4360949993133545,0.05122673511505127,0.0557343065738678,0.3213360905647278,-0.10052406542986293,0.7976229186976661,0.2860859657221375,-0.521389962877637,-0.47651511111965106,2.083766135278218,-2.734843143055603
1771888915548108544,10.162108659744263,0.9940630197525024,1.2997658252716064,-1.2281864881515503,0.7629842162132263,0.4731411635875702,0.44044628739356995,0.20523184537887573,0.10043683648109436,0.261275053024292,-0.1099663449051862,0.7984646818463605,0.2875366071705385,-0.5173822726910074,-0.4928528941514136,2.094333308478012,-2.7387393458462985
1771888915558139648,10.172139644622803,1.18549382686615,1.4289121627807617,-1.239351749420166,0.7509539127349854,0.48721110820770264,0.4457506239414215,0.3622357249259949,0.17758381366729736,-0.13946092128753662,-0.11937609511566963,0.7996125354154229,0.2889552081279551,-0.5127124637158005,-0.5088933408973679,2.1064812751292923,-2.7420647116400594
1771888915568170496,10.182170629501343,1.4950459003448486,1.570224642753601,-1.2399663925170898,0.738050639629364,0.5025402903556824,0.45026063919067383,0.27720820903778076,0.0895770788192749,-0.23888057470321655,-0.13011509532239932,0.8007931009751434,0.28958717449728705,-0.5078777313997904,-0.5265345487483577,2.118585469338144,-2.747912765942049
1771888915578200576,10.192200660705566,1.4107410907745361,1.8137109279632568,-1.276620626449585,0.7238613367080688,0.518521249294281,0.4551487863063812,0.17225682735443115,-0.011258065700531006,0.1326807737350464,-0.14172966959955652,0.8022542487398661,0.2897628454379765,-0.5023328502629422,-0.5451206423714063,2.1321084729898274,-2.754814472724463
1771888915588231680,10.202231645584106,1.221056580543518,1.9299249649047852,-1.3862134218215942,0.7083485126495361,0.5340964198112488,0.4615013003349304,0.19944262504577637,-0.03542393445968628,0.14880454540252686,-0.1531077102039748,0.8040244458803932,0.2903365878791416,-0.4957896685621292,-0.5634386258131353,2.148237445373909,-2.7597169675519564
1771888915598262528,10.212262630462646,0.7979047298431396,1.9203195571899414,-1.6064597368240356,0.6911493539810181,0.5492266416549683,0.46974700689315796,0.2443057894706726,-0.07626533508300781,0.11266553401947021,-0.16362573143403922,0.8058354819748477,0.2924084205690029,-0.4882140585477617,-0.5814385274455834,2.1677409060227966,-2.759621505032619
1771888915608293632,10.222293615341187,0.39432185888290405,1.8475533723831177,-1.8327642679214478,0.6725177764892578,0.5638734102249146,0.4793398678302765,0.2510204315185547,-0.25735485553741455,0.0695950984954834,-0.17301758387505586,0.8073693005872304,0.2963524075808394,-0.47999481159146956,-0.5990684746142382,2.190030957979389,-2.753616199155573
1771888915618324224,10.232324361801147,0.16570180654525757,1.7248976230621338,-1.9792423248291016,0.6529991626739502,0.5778667330741882,0.489552766084671,0.21398991346359253,-0.20204287767410278,-0.05321246385574341,-0.1813810569136771,0.8085296982760491,0.30175503791888286,-0.4715129502800944,-0.6161124182745584,2.21410470988961,-2.742799708178717
1771888915628355328,10.242355346679688,0.03340315446257591,1.6259604692459106,-2.131423234939575,0.6324766874313354,0.5915972590446472,0.49998605251312256,0.16401684284210205,-0.14338552951812744,-0.04731881618499756,-0.1891047446667874,0.8092309254140065,0.3084450403611378,-0.4628675739219711,-0.6330385049340844,2.2397305852252924,-2.7278388555436757
1771888915638386176,10.252386331558228,0.05547720938920975,1.5611687898635864,-2.1534080505371094,0.6116265058517456,0.6051440238952637,0.5096215009689331,0.11548537015914917,-0.1342119574546814,-0.01024705171585083,-0.19667353818307476,0.8094942609019645,0.3154834098056959,-0.4544324770768065,-0.6499467528067255,2.265469700725464,-2.7114037116311964
1771888915648416256,10.262416362762451,0.07947149127721786,1.6035457849502563,-2.2115044593811035,0.590047299861908,0.6186822652816772,0.5187255144119263,0.08433002233505249,0.028473377227783203,0.08356928825378418,-0.20441834715151197,0.8094918845807438,0.32262309384426974,-0.44592632427740064,-0.6670642971238385,2.291958022500175,-2.694017361827304
1771888915658447360,10.272447347640991,0.22042123973369598,1.5805524587631226,-2.149016857147217,0.56796795129776,0.6321221590042114,0.5270993709564209,0.09226453304290771,-0.00024050474166870117,-0.09727460145950317,-0.2124365264164608,0.8092959516129399,0.3295295774213318,-0.43740251668587765,-0.6842889159529977,2.3188911967831,-2.6764993302169398
1771888915668478208,10.282478332519531,0.2820020318031311,1.5689650774002075,-2.0525214672088623,0.5460872054100037,0.6452339887619019,0.5342863202095032,0.05123335123062134,0.027602314949035645,-0.1480100154876709,-0.22071715841176678,0.8089715479687318,0.33572039401639797,-0.4291162731141893,-0.7013294946445837,2.3452719318869435,-2.6601791921942612
1771888915678509312,10.292509317398071,0.18819496035575867,1.5607417821884155,-2.0500495433807373,0.5243372321128845,0.6575042009353638,0.5410717129707336,0.02168327569961548,0.13656318187713623,-0.12453734874725342,-0.22871616934082897,0.8085644084767597,0.341700834156829,-0.42089550655712926,-0.7175014608517258,2.3719002980873314,-2.6433771618411894
1771888915688540160,10.302540302276611,0.15863174200057983,1.4794176816940308,-2.1040749549865723,0.5021317005157471,0.6692736744880676,0.5476645827293396,-0.061076462268829346,-0.0791705846786499,0.0135079026222229,-0.23649310839097135,0.8079361244941647,0.34795331666789114,-0.41259994409641637,-0.7332308391305299,2.3995404119760404,-2.624840011500433
1771888915698571264,10.312571287155151,-0.07934372127056122,1.3884837627410889,-2.17050838470459,0.4798765480518341,0.6800002455711365,0.5543628931045532,-0.030657798051834106,-0.268608033657074,0.027302145957946777,-0.24353204373984907,0.8070398423770813,0.35477898201491936,-0.40436456982023783,-0.7477629419033918,2.42809074950343,-2.603627622548412
1771888915708602112,10.322602272033691,-0.12679512798786163,1.4973812103271484,-2.2840802669525146,0.4564390182495117,0.6898460388183594,0.5619394779205322,-0.10306072235107422,-0.09962081909179688,0.19036459922790527,-0.250154200244792,0.8060723002426947,0.3622391226833153,-0.3955416314410335,-0.7612763806342929,2.459422744258085,-2.5790905717693513
1771888915718633216,10.332633256912231,-0.16853085160255432,1.5321277379989624,-2.2572600841522217,0.4320260286331177,0.6991908550262451,0.5696367025375366,-0.03883752226829529,-0.13017529249191284,0.12688130140304565,-0.2568357028419019,0.8050472323500314,0.3697530264110983,-0.38628639744136223,-0.7742651197060606,2.4927220671629198,-2.55302127007138
1771888915728663296,10.342663288116455,-0.05817238986492157,1.6043012142181396,-2.2865259647369385,0.40700000524520874,0.708109438419342,0.5770029425621033,0.0005165040493011475,0.007054805755615234,0.07691258192062378,-0.2636560267786435,0.8039250208246982,0.37710215732108454,-0.37680785737977157,-0.7868171803821289,2.5272723910441637,-2.5261829342422284
1771888915738694144,10.352694272994995,-0.0281736571341753,1.626531720161438,-2.2868759632110596,0.381089448928833,0.7168673276901245,0.5838425159454346,0.07005190849304199,0.07681858539581299,0.04210352897644043,-0.2708302469313728,0.8026536197661219,0.3842764800730091,-0.36705549414073313,-0.7992987409120653,2.5633031397957002,-2.4985637109358465
1771888915748725248,10.362725257873535,0.09373094141483307,1.4547150135040283,-2.2449021339416504,0.3556657135486603,0.7254499197006226,0.5892571210861206,0.06292861700057983,0.02100992202758789,-0.22779172658920288,-0.2781180476662814,0.8010327653276285,0.3911202857623519,-0.3578011868913989,-0.8116878942930933,2.5985425886312443,-2.471278546312835
1771888915758756096,10.372756242752075,0.061996713280677795,1.3920893669128418,-2.3781278133392334,0.3304033577442169,0.7339627742767334,0.593407392501831,-0.2218218445777893,-0.0298154354095459,-0.06946635246276855,-0.28537503976762,0.7988145609436421,0.3982448982458735,-0.34908081397645563,-0.8241382758606965,2.6335512660959304,-2.4426246174068678
1771888915768787200,10.382787227630615,-0.1996423453092575,1.2312394380569458,-2.4076507091522217,0.30479535460472107,0.7412778735160828,0.5980027318000793,-0.09210309386253357,-0.2304745316505432,0.025700390338897705,-0.29196565685912845,0.7963419446044456,0.40600598733762105,-0.3402275716036261,-0.8349722110804401,2.6702239761529607,-2.4108571267203107
1771888915778818304,10.392818450927734,-0.4499714970588684,1.265506625175476,-2.5484697818756104,0.27901506423950195,0.7466292381286621,0.603900134563446,-0.07393696904182434,-0.11186367273330688,0.09785157442092896,-0.2973912239549116,0.7937769412910346,0.4145699387666065,-0.33107159647841095,-0.8429806092656777,2.708786425226119,-2.375481487668391
1771888915788849408,10.402849435806274,-0.5621057748794556,1.3255808353424072,-2.5343551635742188,0.2518611550331116,0.7503330111503601,0.6112005710601807,-0.10885581374168396,-0.22359973192214966,0.28798454999923706,-0.3022981333512282,0.7913123275283233,0.4235859697503839,-0.3209602771117182,-0.8485657009334486,2.7507193680226347,-2.3369985286151884
1771888915798880256,10.412880420684814,-0.526096522808075,1.2906299829483032,-2.5636327266693115,0.22464247047901154,0.7529730200767517,0.6185205578804016,-0.03213755786418915,-0.11663562059402466,0.19677191972732544,-0.3069095509575784,0.7887585449641061,0.432573950409968,-0.3107190563776139,-0.8525683620932556,2.79321308812215,-2.2978191169924775
1771888915808910336,10.422910451889038,-0.4342305362224579,1.329480767250061,-2.622417688369751,0.19679705798625946,0.7556272149085999,0.6247389912605286,-0.09128256142139435,-0.02558577060699463,0.1582356095314026,-0.3119611289061354,0.7857654343282764,0.44152257923689664,-0.3005176899604402,-0.8566111992855073,2.8364256064300264,-2.257915864390197
1771888915818941440,10.432941436767578,-0.47718676924705505,1.2952131032943726,-2.4946064949035645,0.16894277930259705,0.7573466300964355,0.6307810544967651,-0.08743034303188324,-0.026008009910583496,-0.04839879274368286,-0.3168787380710256,0.7827568773850644,0.4502023967514852,-0.2901679481918771,-0.8592402188546936,2.879903457074782,-2.2181382011460262
1771888915828972288,10.442972421646118,-0.33138537406921387,1.266167163848877,-2.5733561515808105,0.14177867770195007,0.7587670087814331,0.6357446312904358,-0.08872389793395996,0.31210994720458984,-0.07588440179824829,-0.32181180387815866,0.7794531782785102,0.45861208492371286,-0.2802940968455476,-0.8614180460019445,2.922171208181449,-2.179074131656333
1771888915839003392,10.453003406524658,-0.2880735993385315,1.2119660377502441,-2.5159711837768555,0.1143002137541771,0.7603832483291626,0.6393374800682068,-0.08678862452507019,-0.041877567768096924,0.018621444702148438,-0.32722620186492135,0.7756653521879452,0.46691754479338937,-0.2706550740458047,-0.8639030183767932,2.9646824892648023,-2.1395981865547746
1771888915849034240,10.463034391403198,-0.6088289618492126,1.2620431184768677,-2.5083186626434326,0.08723173290491104,0.7599281072616577,0.644127368927002,-0.005902379751205444,-0.14670777320861816,0.16440540552139282,-0.33168003506124877,0.7721514113462888,0.4752324526210068,-0.2606237335627865,-0.8632025346159354,3.0069853595119214,-2.1002342799813114
1771888915859065344,10.473065376281738,-0.4933057427406311,1.235691785812378,-2.4813811779022217,0.060173794627189636,0.7581965327262878,0.6492433547973633,0.013419345021247864,-0.18947100639343262,0.25041472911834717,-0.3357454022834685,0.768689590695609,0.4834645700173454,-0.25030637285813284,-0.8605426823329339,3.049173723974558,-2.0611677033879574
1771888915869096192,10.483096361160278,-0.6070597767829895,1.2805513143539429,-2.4481871128082275,0.03310704603791237,0.7558809518814087,0.653871476650238,-0.01340794563293457,-0.22209805250167847,0.33155637979507446,-0.3398272337090241,0.7650723684890333,0.4915282362578653,-0.23996188059478624,-0.8569986098848069,3.091003508131902,-2.0225934160544274
1771888915879127296,10.493127346038818,-0.5691770315170288,1.3111958503723145,-2.3311173915863037,0.006631265394389629,0.7522807121276855,0.6588096022605896,0.046515095978975296,-0.16982203722000122,0.07181185483932495,-0.3434611939592689,0.7617458327833897,0.4991473711199761,-0.22941167138097734,-0.8515169955354699,3.1315274677362446,-1.9860186301363862
1771888915889157376,10.503157377243042,-0.25238385796546936,1.341339349746704,-2.2703256607055664,-0.019519571214914322,0.7493695616722107,0.6618642807006836,-0.06248116493225098,0.03752619028091431,-0.1820821762084961,-0.34782586263479426,0.7581860002609662,0.506049535442893,-0.21928303948120662,-0.847109457156695,-3.1121093964722744,-1.951213293507679
1771888915899188224,10.513188362121582,-0.12089870870113373,1.360339641571045,-2.2403082847595215,-0.0453457273542881,0.7472584247589111,0.6629845499992371,-0.1102328896522522,0.09409582614898682,-0.07179802656173706,-0.352895983649059,0.7542554711527671,0.5124362939027279,-0.20969532528522242,-0.8439269178986124,-3.073302652627732,-1.917402020175098
1771888915909219328,10.523219347000122,-0.14018452167510986,1.3599278926849365,-2.262554883956909,-0.07118931412696838,0.7453262209892273,0.6628883481025696,-0.009972169995307922,-0.036387622356414795,0.06927406787872314,-0.3583602965579271,0.7499997676876856,0.5185986274189323,-0.20033406238565643,-0.8410240097692155,-3.034610065383876,-1.8837653297837151
1771888915919250176,10.533250331878662,-0.39402079582214355,1.3662782907485962,-2.178166627883911,-0.09689320623874664,0.7417268753051758,0.6636665463447571,0.11375413835048676,-0.28802192211151123,0.22866743803024292,-0.3631494115894617,0.7459846908750165,0.5247286094603698,-0.19049758384684373,-0.8356414224628067,-2.996620071044309,-1.851126209805418
1771888915929281280,10.543281316757202,-0.6020815372467041,1.3579293489456177,-2.1602916717529297,-0.12212403118610382,0.735912561416626,0.6659721732139587,0.13756591081619263,-0.22452950477600098,0.3244151473045349,-0.36686837928215044,0.7424326240113944,0.5308294377893986,-0.18006013442246044,-0.8270134705544949,-2.9602305554608614,-1.8204064382650385
1771888915939312128,10.553312301635742,-0.5865176320075989,1.3363958597183228,-2.036914348602295,-0.14653751254081726,0.7289350628852844,0.66871577501297,0.20873229205608368,-0.1463543176651001,0.17848283052444458,-0.3700037660114653,0.7391431892494663,0.536679824898308,-0.16952709960302725,-0.8167650779711549,-2.925869735684153,-1.7919159216572351
1771888915949343232,10.563343286514282,-0.5994967818260193,1.424826741218567,-1.9554851055145264,-0.17014332115650177,0.7219887375831604,0.670659065246582,0.045524805784225464,-0.17752456665039062,0.07670116424560547,-0.37321782203683873,0.7358754073867341,0.5420488048602651,-0.15930768901397707,-0.8066722914675358,-2.893138703762633,-1.7653766388999872
1771888915959373312,10.573373317718506,-0.4155655801296234,1.4324795007705688,-1.7972848415374756,-0.19329549372196198,0.7149015665054321,0.6719772219657898,0.008679315447807312,-0.05547749996185303,-0.15801513195037842,-0.37658868082205965,0.7329610711319728,0.5465863854599122,-0.1489717532921173,-0.7964832977749974,-2.8615025656426902,-1.7415979827339587
1771888915969404160,10.583404302597046,-0.05772382393479347,1.5318268537521362,-1.9618703126907349,-0.2166004627943039,0.7094917297363281,0.6706013083457947,-0.09928704798221588,0.3162347674369812,-0.12447386980056763,-0.38113729512568106,0.7292632070142308,0.5508864053625311,-0.13940525952653832,-0.7887767138800338,-2.829175837047225,-1.7167880158938933
1771888915979435264,10.593435287475586,-0.22069844603538513,1.548406720161438,-1.8523228168487549,-0.24069277942180634,0.7043903470039368,0.6677582263946533,0.03613351285457611,-0.11428725719451904,0.013805985450744629,-0.38637618542195246,0.7251664060547881,0.5549890084787621,-0.12974697210727368,-0.7815638858358203,-2.795639651740953,-1.691403602161907
1771888915989466112,10.603466272354126,-0.5316195487976074,1.5949534177780151,-1.823717474937439,-0.26414453983306885,0.6971302628517151,0.6665109395980835,0.11225861310958862,-0.25169575214385986,0.21076256036758423,-0.39050618432609296,0.7217706844565253,0.5588403508293184,-0.11937079636724235,-0.7713869393636914,-2.7642718694575485,-1.6691557945733428
1771888915999497216,10.613497257232666,-0.6084818840026855,1.5788674354553223,-1.7961732149124146,-0.28739649057388306,0.6882264614105225,0.6661436557769775,0.16422760486602783,-0.17067891359329224,0.2750336527824402,-0.39392438521786777,0.7187343444810295,0.562576906453104,-0.10840516320245935,-0.759041608681994,-2.7342856683120975,-1.648976287361003
1771888916009528064,10.623528242111206,-0.6189374327659607,1.4919219017028809,-1.74861478805542,-0.30977773666381836,0.678665816783905,0.6659209132194519,0.24457693099975586,-0.10527104139328003,0.15323197841644287,-0.396888080346767,0.7157885466848464,0.566221884144864,-0.09756770562132432,-0.7459445356722963,-2.706181261219007,-1.630393942816484
1771888916019559168,10.633559226989746,-0.42831698060035706,1.5080718994140625,-1.7940595149993896,-0.33158817887306213,0.6695972681045532,0.6645968556404114,0.13049256801605225,-0.04708433151245117,0.15972870588302612,-0.4001007358803688,0.7124534770458653,0.5698319788444383,-0.08729847679328342,-0.7336663923700192,-2.6788003759391863,-1.611767744515179
1771888916029590272,10.643590450286865,-0.5593474507331848,1.6178737878799438,-1.5045241117477417,-0.3533211946487427,0.6605055928230286,0.6624927520751953,0.1623726785182953,-0.08083945512771606,-0.1309375762939453,-0.4035501946737962,0.7093354923828378,0.5727909940514583,-0.0768174166454925,-0.7214919589447356,-2.651645034747497,-1.5949262678682052
1771888916039621376,10.653621435165405,-0.2704620957374573,1.5889397859573364,-1.7343266010284424,-0.3740885853767395,0.651871383190155,0.6596373319625854,0.005619347095489502,0.41175776720046997,-0.26152026653289795,-0.407079059755367,0.7061821254142588,0.5754350349551673,-0.06684289754666711,-0.7100496217097513,-2.6257062400762234,-1.579133609369212
1771888916049651200,10.66365122795105,-0.28608232736587524,1.7123538255691528,-1.7140567302703857,-0.3967638909816742,0.6436693072319031,0.6544222235679626,-0.02445504069328308,0.041511356830596924,0.0011716485023498535,-0.4118040842368507,0.7020096354860096,0.5782677389884565,-0.05662468884881318,-0.6992832637812432,-2.5965674255013838,-1.5604051911396573
1771888916059682304,10.673682451248169,-0.517463743686676,1.6433873176574707,-1.6490732431411743,-0.41829049587249756,0.6340576410293579,0.6503871083259583,0.2689528167247772,-0.11878377199172974,0.22832053899765015,-0.4155532500353857,0.6985365176427979,0.5807239370658392,-0.046062700787443144,-0.6867893003350074,-2.5700544977659003,-1.5451239180801262
1771888916069713408,10.683713436126709,-0.44190236926078796,1.566465973854065,-1.6753908395767212,-0.43930312991142273,0.6237686276435852,0.6464713215827942,0.282732754945755,0.08869469165802002,0.26945263147354126,-0.41892885075598946,0.6950027823389096,0.583272494373788,-0.03553670626674741,-0.673555073171577,-2.5447306169133066,-1.5305907795424611
1771888916079744256,10.693744421005249,-0.614318311214447,1.5309185981750488,-1.6573468446731567,-0.45968320965766907,0.6128551959991455,0.6427284479141235,0.3233153820037842,-0.03300595283508301,0.25299298763275146,-0.4219076380015675,0.6914431114750117,0.5858930449689083,-0.025094113649317427,-0.6596688257400245,-2.5207341192038224,-1.5169184872378163
1771888916089775360,10.703775405883789,-0.8497942090034485,1.5132660865783691,-1.4993884563446045,-0.4790648818016052,0.6006686091423035,0.6400734782218933,0.23715201020240784,-0.33693569898605347,0.17186188697814941,-0.4239790911677171,0.6885066797872503,0.5882136487122388,-0.014317722378696912,-0.6443371612113415,-2.4990824021536655,-1.5063273731726563
1771888916099806208,10.713806390762329,-0.8888397812843323,1.6099269390106201,-1.3307403326034546,-0.49748870730400085,0.5879727602005005,0.6378030776977539,0.10300329327583313,0.046991169452667236,-0.14354044198989868,-0.4255439627013692,0.6863087637383272,0.589815069846161,-0.0032753262309879747,-0.628550341617334,-2.479164100034324,-1.4991061874537126
1771888916109837312,10.72383737564087,-0.36407533288002014,1.6147677898406982,-1.4029724597930908,-0.5154967904090881,0.5770764350891113,0.6334400773048401,0.018472135066986084,0.4721637964248657,-0.26498597860336304,-0.42805566170647447,0.6836786515477423,0.5910190779739859,0.006961369010369619,-0.6151443669670222,-2.4584904496450655,-1.4910364439282975
1771888916119867392,10.733867406845093,-0.07070674002170563,1.7658147811889648,-1.445773720741272,-0.5345961451530457,0.5682626962661743,0.6255276203155518,0.06422865390777588,0.2666829824447632,-0.03487509489059448,-0.4323947578672243,0.6796642039964252,0.5923009262332518,0.016464394507748937,-0.6043930156360743,-2.434415413509195,-1.4788258867920208
1771888916129898240,10.743898391723633,-0.2510506808757782,1.7892857789993286,-1.429410696029663,-0.5537341833114624,0.559446394443512,0.6167640686035156,0.26058244705200195,-0.02892887592315674,0.1728324294090271,-0.4369624567492342,0.6756018020197597,0.5932488854243959,0.026109483593231397,-0.5937177520696252,-2.409991275115471,-1.4671430034524209
1771888916139929344,10.753929376602173,-0.14559811353683472,1.7568309307098389,-1.5116299390792847,-0.5728581547737122,0.5498822331428528,0.6078346967697144,0.26220452785491943,0.13604605197906494,0.15812593698501587,-0.44134896704071064,0.6713873255475006,0.5942696357733078,0.03596848990007333,-0.5822232452054455,-2.385809558918057,-1.4557368127789114
1771888916149960192,10.763960361480713,-0.09778957068920135,1.6681430339813232,-1.514909029006958,-0.5915447473526001,0.5403643846511841,0.5983986258506775,0.2757794260978699,0.10293090343475342,0.22205108404159546,-0.44580019007505545,0.666734415796417,0.5955371825414401,0.045418072939536855,-0.5708700688437488,-2.3619542559216904,-1.4435206144245252
1771888916159991296,10.773991346359253,-0.3340788185596466,1.6843223571777344,-1.4115984439849854,-0.6093470454216003,0.5302002429962158,0.5895624756813049,0.21489208936691284,-0.09537053108215332,0.2153233289718628,-0.44966932823156136,0.6624161171733912,0.5966457342066553,0.054920520870160965,-0.5588367058839316,-2.3396938583800866,-1.4331036852106802
1771888916170022144,10.784022331237793,-0.2733997404575348,1.620841145515442,-1.3746381998062134,-0.6263514757156372,0.5196064710617065,0.581113338470459,0.16959500312805176,0.06344705820083618,-0.16021496057510376,-0.45307389668639947,0.6585413928286507,0.5973942490096038,0.06455480158974623,-0.5463903268783625,-2.3187465745542535,-1.424782958119065
1771888916180053248,10.794053316116333,0.06769765913486481,1.6963797807693481,-1.365688443183899,-0.643000066280365,0.5101222395896912,0.5712496638298035,0.053858280181884766,0.23879438638687134,-0.30473971366882324,-0.4571250061742549,0.6542088781630366,0.5980264083208049,0.07356551922306225,-0.5353268935679072,-2.297172806793886,-1.415307838667896
1771888916190084096,10.804084300994873,0.6931388974189758,1.8383861780166626,-1.4340496063232422,-0.6600512266159058,0.5030449032783508,0.5579231977462769,0.01921260356903076,0.17920607328414917,-0.15626609325408936,-0.4630417254925926,0.6484812079151636,0.5986933391645658,0.08142966386359815,-0.5271183297425827,-2.272539466037293,-1.401424279441026
1771888916200114176,10.814114332199097,1.4042989015579224,2.0351128578186035,-1.4635307788848877,-0.6780887842178345,0.4994834363460541,0.5391773581504822,0.14908170700073242,0.2049843668937683,-0.10981017351150513,-0.4719163792659649,0.6406822484264874,0.5992619840331004,0.08778585778258642,-0.5230024052737805,-2.2425684752497825,-1.3807647121496605
1771888916210145280,10.824145317077637,0.0971824899315834,1.9071121215820312,-1.4754801988601685,-0.6954835653305054,0.4928077459335327,0.5229180455207825,0.2189210057258606,0.28783196210861206,0.43136662244796753,-0.4789986405608918,0.6338616217531288,0.5997320074899143,0.09540090788635842,-0.5153136064709966,-2.2154976008699037,-1.3644994970445494
1771888916220176128,10.834176301956177,-0.4068946838378906,1.847603440284729,-1.3617842197418213,-0.7124001383781433,0.4821930527687073,0.5098784565925598,0.18145525455474854,-0.3094330430030823,0.2746978998184204,-0.48373331209884846,0.6287894416672271,0.59963576976948,0.10518029730693935,-0.5031563018342925,-2.1919943660860186,-1.355544338696543
1771888916230207232,10.844207286834717,-0.765876293182373,1.7999414205551147,-1.361587405204773,-0.7281004786491394,0.46906778216362,0.4998449385166168,0.2165190577507019,-0.002606600522994995,0.19279718399047852,-0.4863911551633137,0.625309314790909,0.5990915924494614,0.11619430498205092,-0.48823493100796916,-2.172408026840467,-1.35283542497035
1771888916240238080,10.854238271713257,-0.6275104284286499,1.8179845809936523,-1.365026831626892,-0.7434151768684387,0.45540210604667664,0.48983973264694214,0.16800624132156372,0.09873607754707336,-0.03845417499542236,-0.4887301412873635,0.62187763061025,0.5984881609160282,0.12736974859899267,-0.4728238274167133,-2.1534059575513145,-1.3510224219060276
1771888916250269184,10.864269256591797,-0.42541003227233887,1.6980962753295898,-1.2975660562515259,-0.7579333782196045,0.44273510575294495,0.47908493876457214,0.10346871614456177,0.05872964859008789,-0.3183947503566742,-0.4914153688291744,0.6180544244450747,0.5979558547700218,0.13772570433384088,-0.4586467339149998,-2.1344805239636053,-1.348047483736453
1771888916260300032,10.874300241470337,-0.24287664890289307,1.719365119934082,-1.287322759628296,-0.7716648578643799,0.4312923848628998,0.4674617052078247,0.011761784553527832,0.164288729429245,-0.25095468759536743,-0.49457797671873766,0.6138168443418249,0.5974610725937874,0.1471796438475832,-0.4459247331609171,-2.1154574194071905,-1.3436982349826159
1771888916270331136,10.884331226348877,-0.09200216829776764,1.699934720993042,-1.2813303470611572,-0.7850587368011475,0.42060330510139465,0.45472607016563416,0.05120241641998291,0.10144564509391785,-0.08315926790237427,-0.4982824395755214,0.6090290863022132,0.5970314960155122,0.15605012402820126,-0.43411021995205334,-2.095800406032249,-1.3378152061239121
1771888916280361216,10.8943612575531,-0.383241206407547,1.7028977870941162,-1.2330310344696045,-0.7979356050491333,0.40945449471473694,0.44231924414634705,0.13007348775863647,-0.01174938678741455,0.17370879650115967,-0.5015802102976415,0.6044907091424698,0.5964483200547254,0.16509950792138045,-0.42185606894396843,-2.0769574502166894,-1.3332749001054751
1771888916290392064,10.90439224243164,-0.5754290223121643,1.7153244018554688,-1.318922519683838,-0.8105435967445374,0.39690765738487244,0.43067798018455505,0.15826088190078735,0.09476104378700256,0.18963754177093506,-0.5040237549566511,0.6005159170129873,0.5955834286989972,0.17498884819513655,-0.4081452989592358,-2.0592040774262217,-1.3315346591492196
1771888916300423168,10.91442322731018,-0.5483213663101196,1.7104600667953491,-1.296878695487976,-0.8230004906654358,0.3837474286556244,0.41881754994392395,0.1927362084388733,0.1366840898990631,0.07262229919433594,-0.506273580963171,0.5964646074492598,0.5946753271944307,0.18514398468760396,-0.3938510153132106,-2.0415314171464773,-1.3303506998088253
1771888916310454272,10.9244544506073,-0.45516473054885864,1.7048245668411255,-1.2379299402236938,-0.8349329233169556,0.37095820903778076,0.40654265880584717,0.18098706007003784,0.11408817768096924,-0.11014071106910706,-0.5086178966558123,0.5923129766548415,0.5936637621616915,0.19502938224291433,-0.3800406368448862,-2.0239225036764736,-1.3291160792222156
1771888916320485376,10.93448543548584,-0.27517616748809814,1.5982987880706787,-1.1840314865112305,-0.8459840416908264,0.35940054059028625,0.3938805162906647,0.07364535331726074,0.04530826210975647,-0.28665706515312195,-0.511314183159824,0.5879210698727129,0.59269644879172,0.20400344313597404,-0.36762542210362303,-2.006537849088841,-1.3267756296463238
1771888916330516224,10.94451642036438,-0.14054885506629944,1.5671308040618896,-1.0841333866119385,-0.8562153577804565,0.3488471210002899,0.3810526132583618,0.013701260089874268,0.04742366075515747,-0.30242401361465454,-0.5141979396094281,0.5835017334592633,0.5916519533156255,0.21230695577667513,-0.3563406711015951,-1.9895203217233581,-1.3240536283047546
1771888916340547328,10.95454740524292,-0.10377875715494156,1.484796404838562,-1.0936633348464966,-0.8655709028244019,0.33911964297294617,0.3684905767440796,0.04525822401046753,0.0683969259262085,-0.009374886751174927,-0.5171543691991431,0.5789590149130879,0.5908060202797548,0.21978680404773976,-0.3459809201642706,-1.9732764001779362,-1.3205145847124746
1771888916350577408,10.964577436447144,-0.280179888010025,1.6247847080230713,-1.1430678367614746,-0.8749845623970032,0.3286607563495636,0.3555050492286682,0.041229188442230225,0.009687662124633789,0.2799166142940521,-0.5199801882356796,0.574358125194049,0.5898010441433377,0.2277453925476676,-0.3348852021760071,-1.9567207676255856,-1.3177031582368421
1771888916360608256,10.974608421325684,-0.3504573106765747,1.613071322441101,-1.14752995967865,-0.884401798248291,0.31734317541122437,0.34223780035972595,0.11943292617797852,0.04856261610984802,0.21804964542388916,-0.5224719655073123,0.5699800888402347,0.5884229715443016,0.2364405215056168,-0.3229265200899865,-1.940020541467922,-1.3166352031458206
1771888916370639360,10.984639406204224,-0.29675573110580444,1.6260651350021362,-1.184891700744629,-0.8934935927391052,0.3058166205883026,0.328854501247406,0.16015625,0.1628265678882599,0.08346840739250183,-0.5248907334217543,0.5654429822105704,0.5871128318009409,0.24507636201460722,-0.31079601283663255,-1.923464080054111,-1.315510644485634
1771888916380670208,10.994670391082764,-0.2113836109638214,1.5947989225387573,-1.172080636024475,-0.9022692441940308,0.2944156527519226,0.31500813364982605,0.11554110050201416,0.08838161826133728,-0.08005324006080627,-0.5274901048120261,0.5605980678148879,0.5858616490154327,0.2534764090088874,-0.2988440132811752,-1.9066947735351274,-1.3137479852695768
1771888916390701312,11.004701375961304,-0.22076858580112457,1.6555252075195312,-1.1370187997817993,-0.910636305809021,0.2831885516643524,0.3009086549282074,0.041861772537231445,0.06349116563796997,-0.015966027975082397,-0.5301371210188753,0.5556723040637643,0.5845362456041843,0.2617258395914388,-0.28711713371495756,-1.8899386413239057,-1.311984102631477
1771888916400732160,11.014732360839844,-0.2350936383008957,1.6305627822875977,-1.0463114976882935,-0.9185436367988586,0.27250900864601135,0.2863851487636566,0.08231627941131592,0.03271251916885376,-0.01290181279182434,-0.5328965317912664,0.5508638405092494,0.5828735699124792,0.269867993493542,-0.275999784262959,-1.8730267057685936,-1.3106998501566043
1771888916410763264,11.024763345718384,-0.381948858499527,1.63100266456604,-1.015478253364563,-0.9258405566215515,0.26216140389442444,0.27219584584236145,0.07198929786682129,0.0010679662227630615,0.091939777135849,-0.5353818723862919,0.5464574806555856,0.5809321365996525,0.27797176981255456,-0.2652612504330722,-1.8567382138903454,-1.3106430683579986
1771888916420794368,11.034794330596924,-0.40992361307144165,1.66285240650177,-1.0063971281051636,-0.9328132271766663,0.25169381499290466,0.25789451599121094,0.08328020572662354,0.08010852336883545,0.2768802344799042,-0.5376564428216853,0.5422496699933349,0.578716300737326,0.2863183873100004,-0.25443002262540154,-1.8405283301332915,-1.311683838113014
1771888916430825216,11.044825315475464,-0.32827746868133545,1.7351526021957397,-1.003172516822815,-0.9395617246627808,0.24131914973258972,0.24287660419940948,0.1637132167816162,0.14721542596817017,0.23037472367286682,-0.5401010248784571,0.5378684399302833,0.5763122767676333,0.2947077900626114,-0.24372495206985081,-1.823758740427472,-1.3127077504784568
1771888916440855296,11.054855346679688,-0.2890472412109375,1.7697865962982178,-1.0078458786010742,-0.9460688829421997,0.23106257617473602,0.22707733511924744,0.17968082427978516,0.17822396755218506,0.18577983975410461,-0.5427923428414114,0.53320068682443,0.573790634914626,0.30304775252543076,-0.23316967107166148,-1.8063620982599116,-1.313353873253244
1771888916450886144,11.064886331558228,-0.27686646580696106,1.8472316265106201,-0.9343375563621521,-0.9522587656974792,0.22108401358127594,0.21053512394428253,0.18344473838806152,0.10154779255390167,0.0289972722530365,-0.545693831454465,0.5283934295689653,0.5710235959185848,0.31136896343122455,-0.22292585554738703,-1.7883863163627065,-1.3139987824473438
1771888916460917248,11.074917316436768,-0.09262863546609879,1.730507493019104,-0.9293089509010315,-0.9579051733016968,0.21190866827964783,0.1936812847852707,0.12939870357513428,-0.05323253571987152,-0.31132662296295166,-0.5489077474430222,0.5234135522550115,0.5682243386853559,0.31915461558038277,-0.21352756892689775,-1.7702992154951678,-1.3138497539506577
1771888916470948096,11.084948301315308,-0.052004776895046234,1.7016030550003052,-0.933153510093689,-0.9630096554756165,0.20284205675125122,0.17739060521125793,-0.03430473804473877,-0.0630715936422348,-0.1898723989725113,-0.5520770936929946,0.5182037394469549,0.5658269957957957,0.3263672263044821,-0.20425944378877334,-1.7529587009847456,-1.3127376911212134
1771888916480979200,11.094979286193848,-0.08689333498477936,1.7554097175598145,-0.9564883708953857,-0.9678207039833069,0.19360367953777313,0.16075050830841064,-0.043043553829193115,0.02503952383995056,0.057801127433776855,-0.55527573316166,0.5128095441918682,0.5633840852628776,0.33360697075768914,-0.19483399668863105,-1.7353890715659874,-1.3115883729631732
1771888916491010304,11.105010271072388,-0.16962018609046936,1.7981977462768555,-1.019826889038086,-0.9724130034446716,0.18379707634449005,0.143637552857399,0.11082541942596436,0.006296887993812561,0.1567164659500122,-0.5583273054600334,0.5073263983686827,0.5607483407236602,0.34125048831208077,-0.1848479457783038,-1.717448362857376,-1.3111804757545928
1771888916501041152,11.115041255950928,-0.3175821304321289,1.8219815492630005,-1.0804587602615356,-0.976752758026123,0.1731061041355133,0.1264447569847107,0.16654163599014282,0.04695612192153931,0.1851092427968979,-0.5608735372816699,0.5020095970367622,0.5578608615754075,0.34956897316224594,-0.17398251157122008,-1.699534571390439,-1.3125018154196615
1771888916511071232,11.125071287155151,-0.2161516398191452,1.7471299171447754,-1.128983497619629,-0.9807271957397461,0.16195225715637207,0.10929703712463379,0.15104568004608154,0.07587124407291412,0.1078508049249649,-0.5632635368625131,0.4964785061049345,0.5551194554301498,0.35789074232580304,-0.16266870108780404,-1.6817832409945443,-1.313773375984899
1771888916521102080,11.135102272033691,-0.06347092241048813,1.7031199932098389,-1.1419631242752075,-0.984247088432312,0.1506374329328537,0.09255265444517136,0.08255952596664429,0.0599338561296463,0.04766034334897995,-0.5656222376231611,0.49063121131784915,0.5527724148622319,0.3657802113845796,-0.15121302439565126,-1.66455458883272,-1.3141185498990493
1771888916531133184,11.145133256912231,0.045762885361909866,1.6826549768447876,-1.1193803548812866,-0.9873222708702087,0.13945403695106506,0.0758097767829895,0.07345819473266602,-0.03885285556316376,-0.12828469276428223,-0.568189465829892,0.48439738786911196,0.5506941608515088,0.37316987526319445,-0.13991004934183066,-1.6474291757395485,-1.3132634248598989
1771888916541164032,11.155164241790771,0.062261346727609634,1.6395148038864136,-1.0987213850021362,-0.9899301528930664,0.12855012714862823,0.05927364528179169,0.047104716300964355,-0.013163149356842041,-0.08879934996366501,-0.5708281779971408,0.4780430152797656,0.5487364564073376,0.38015582978683593,-0.12890683134180883,-1.6306015186080396,-1.3118758504270402
1771888916551195136,11.165195226669312,-0.025234147906303406,1.6816550493240356,-1.0813599824905396,-0.9921244382858276,0.11771905422210693,0.042797259986400604,0.06304711103439331,0.011080414056777954,-0.00887690857052803,-0.5733364693637945,0.4717868183874059,0.5466404929002693,0.3871521849570094,-0.11799265205811035,-1.6139065884281711,-1.3110383991207728
1771888916561226240,11.17522644996643,-0.2169303447008133,1.7461868524551392,-1.0897953510284424,-0.9939376711845398,0.10683546215295792,0.0259658545255661,0.06605064868927002,0.08682908862829208,0.13644874095916748,-0.5755908925568406,0.46580005343475933,0.5440709858108923,0.39460391026423836,-0.1070397444649193,-1.5969146150658309,-1.311808917041996
1771888916571257344,11.18525743484497,-0.2556377947330475,1.7667280435562134,-1.0542829036712646,-0.9953325390815735,0.09612231701612473,0.008570477366447449,0.11967653036117554,0.05229990929365158,0.08923840522766113,-0.5776824373048872,0.46008213577999457,0.5409340689389182,0.40248936766919097,-0.096270955593614,-1.579406780985251,-1.3141596365643307
1771888916581288448,11.19528841972351,-0.17898297309875488,1.6756840944290161,-1.0311943292617798,-0.9962813854217529,0.08575019985437393,-0.008375929668545723,0.13460242748260498,0.046192578971385956,0.03719979524612427,-0.5797118541440849,0.45440655888603565,0.5378909876721298,0.41002689001239206,-0.08585563740090289,-1.5623893324625784,-1.3163470942451188
1771888916591318272,11.205318450927734,-0.16307272017002106,1.614731788635254,-1.018118143081665,-0.9968388676643372,0.07553710788488388,-0.02462148666381836,0.08486694097518921,-0.017446890473365784,0.003671173006296158,-0.5816362069143627,0.4487135881124795,0.5351124861940205,0.417145034588046,-0.07560912466328387,-1.5461017836520827,-1.3181092976118132
1771888916601349376,11.215349435806274,-0.035279057919979095,1.511805534362793,-0.9691421389579773,-0.9970332384109497,0.0656139999628067,-0.040239717811346054,0.10447055101394653,-0.014863230288028717,-0.08254778385162354,-0.5834424991508667,0.4431209285710729,0.5324697029010389,0.42392755757422623,-0.06566117436675994,-1.530458766501504,-1.3197745612291025
1771888916611380224,11.225380420684814,0.04203037545084953,1.4164201021194458,-0.9557493925094604,-0.9969220161437988,0.055971890687942505,-0.05489383265376091,0.13092488050460815,-0.04948689788579941,-0.1991954892873764,-0.5854176778160414,0.4372475970170725,0.5304409697444029,0.42980565282414074,-0.056001157740575874,-1.515788558993418,-1.3196102860145211
1771888916621411840,11.235411882400513,-0.12434324622154236,1.3680267333984375,-0.9191985726356506,-0.9965420365333557,0.046616747975349426,-0.0687803402543068,0.08716404438018799,-0.12713739275932312,-0.11064773052930832,-0.5869711420633381,0.431875047722492,0.5282932626140636,0.43572354903971966,-0.046633649848323834,-1.5018866006462368,-1.3206693666125764
1771888916631442688,11.245442867279053,-0.31542345881462097,1.353866457939148,-0.8814343810081482,-0.995894193649292,0.03778583183884621,-0.08226142078638077,0.08805727958679199,-0.05103044956922531,0.012360930442810059,-0.5880794944504367,0.42718563527384606,0.5257201957072215,0.4419198609760928,-0.037794830614900375,-1.4883828568476116,-1.3236755351723275
1771888916641473792,11.255473852157593,-0.2769450545310974,1.330713152885437,-0.8676272034645081,-0.9949953556060791,0.029375802725553513,-0.0955045223236084,0.09152257442474365,0.07783245295286179,0.04687477648258209,-0.5890030290690882,0.42281674444088985,0.5229471661189339,0.448137894351914,-0.029380029226423354,-1.4751045849787614,-1.3275024050324464
1771888916651504640,11.265504837036133,-0.15769001841545105,1.3048583269119263,-0.8771283030509949,-0.9938594102859497,0.02083854004740715,-0.10867112129926682,0.10022830963134766,0.11047860234975815,0.021680757403373718,-0.5900241240578499,0.41816471591000026,0.5203870757502315,0.45410044055981297,-0.02084004817959176,-1.4618864361730428,-1.3305789557140446
1771888916661535744,11.275535821914673,0.06823667883872986,1.1934994459152222,-0.8515798449516296,-0.9925617575645447,0.012294171378016472,-0.12112075835466385,0.14463073015213013,0.03729688748717308,-0.09592027962207794,-0.5912182796760546,0.4131778286974485,0.5183856710722369,0.4593707211226129,-0.012294480810267426,-1.4493682457984374,-1.3319898969152641
1771888916671565824,11.285565853118896,0.19271203875541687,1.046256422996521,-0.7437540292739868,-0.9912203550338745,0.004228067118674517,-0.1321522295475006,0.1840457320213318,-0.09277480095624924,-0.1541636437177658,-0.5925173589405783,0.4081733903862899,0.5170284010965747,0.4636801094174712,-0.004228079935525734,-1.4382551869500158,-1.3317330938756207
1771888916681596672,11.295596837997437,0.07710296660661697,0.9038716554641724,-0.7224388718605042,-0.9898817539215088,-0.003155807964503765,-0.14185957610607147,0.1618788242340088,-0.06718720495700836,-0.18550246953964233,-0.5936147798419502,0.40363205456818835,0.5158986125347128,0.46749468076904177,0.0031558131711196835,-1.428455879234381,-1.3314568772141673
1771888916691627776,11.305627822875977,0.11144789308309555,0.7698182463645935,-0.6652171611785889,-0.988639235496521,-0.010150253772735596,-0.14996519684791565,0.17435389757156372,-0.0803343653678894,-0.21580320596694946,-0.5956404260257409,0.39816209820253023,0.516221218946218,0.46924953877326947,0.010150428490563768,-1.4202554511112624,-1.3257965441286517
1771888916701658624,11.315658807754517,0.18915022909641266,0.631898045539856,-0.6243301630020142,-0.9874870181083679,-0.01677514798939228,-0.15680617094039917,0.14218050241470337,-0.12235450744628906,-0.14067919552326202,-0.597556185156057,0.3929318565486777,0.5169153431764683,0.47045698812253656,0.01677593534901354,-1.4133180140176267,-1.3195776984157397
1771888916711689728,11.325689792633057,0.17986458539962769,0.5892810821533203,-0.6445595026016235,-0.9863795638084412,-0.023284023627638817,-0.1628299057483673,0.047399282455444336,-0.01329132728278637,-0.0038113147020339966,-0.5993064732608087,0.38789437545537087,0.5178059454783696,0.4714307049789614,0.023286127937123098,-1.4071934311252012,-1.3133094477003695
1771888916721720576,11.335720777511597,0.2940477728843689,0.6237989664077759,-0.6716055274009705,-0.9851931929588318,-0.03015247918665409,-0.16877563297748566,0.03325837850570679,0.12648120522499084,0.07566656172275543,-0.6009707896234338,0.3827485898245259,0.5187636249299438,0.47246366140460094,0.03015704960273026,-1.401131077222075,-1.3070680317368921
1771888916731751680,11.345751762390137,0.2288493514060974,0.6248503923416138,-0.689578652381897,-0.9838746190071106,-0.037369828671216965,-0.17491212487220764,0.0865510106086731,0.23477277159690857,0.10545414686203003,-0.60145547817141,0.37870871748344476,0.518771281242228,0.47508672028491045,0.0373785309662901,-1.3948556313475942,-1.3057773497437972
1771888916741782784,11.355782747268677,0.38241708278656006,0.5220353603363037,-0.5933509469032288,-0.9825875163078308,-0.04430646449327469,-0.180439755320549,0.17094212770462036,-0.026784222573041916,-0.1682235449552536,-0.6032367185084633,0.3733570892878849,0.5199851978234667,0.4757364985931805,0.044320972799780936,-1.3891824494913214,-1.2986259558103848
1771888916751812608,11.3658127784729,0.12939199805259705,0.4091876149177551,-0.5831187963485718,-0.981469988822937,-0.05052071437239647,-0.18483608961105347,0.17113667726516724,-0.12661857903003693,-0.16727574169635773,-0.6046706929918637,0.3687036143854338,0.5211905576008758,0.4762262553908304,0.05054223089513766,-1.3846507689668406,-1.2923278876577893
1771888916761843712,11.37584376335144,0.1594102531671524,0.2905733287334442,-0.4808829724788666,-0.980544924736023,-0.0559382438659668,-0.1881558895111084,0.14239495992660522,-0.018372055143117905,-0.1855013370513916,-0.6056680190486325,0.3648907806978259,0.5222803599071639,0.4767014387254057,0.055967459105896795,-1.3812117329578262,-1.2873576360712717
1771888916771874560,11.38587474822998,0.22871290147304535,0.19312986731529236,-0.38438335061073303,-0.9798571467399597,-0.06048578768968582,-0.19031913578510284,0.1468493938446045,-0.00813298299908638,-0.16444770991802216,-0.6068168343308717,0.3613110096976561,0.5237315979696525,0.47637472866409347,0.060522731895996655,-1.3789534970896615,-1.2811995646267706
1771888916781905664,11.39590573310852,0.057912230491638184,0.11907190084457397,-0.34200286865234375,-0.9793506860733032,-0.06424921005964279,-0.19168807566165924,0.09937632083892822,-0.039098553359508514,-0.06234024465084076,-0.6076980291814792,0.3583967254098948,0.5250788049396449,0.4759696793820314,0.06429349884049565,-1.3775101162391765,-1.275932311108842
1771888916791936768,11.40593695640564,-0.130044624209404,0.19755472242832184,-0.3807004392147064,-0.9788355231285095,-0.06763853132724762,-0.1931474506855011,0.0488581657409668,-0.11220154911279678,0.052491962909698486,-0.6082395464421627,0.3560572848278678,0.5259747958699157,0.476044457886711,0.06769021077899605,-1.375975453491582,-1.2725098292324222
1771888916801967872,11.41596794128418,-0.3553914725780487,0.19961920380592346,-0.388913094997406,-0.9782015681266785,-0.07083606719970703,-0.1952020823955536,0.022680997848510742,0.13618946075439453,0.1501428633928299,-0.6083731917148066,0.3543001835596485,0.5261846985231462,0.4769518529716811,0.0708954406937151,-1.3738315704738224,-1.2716370129185677
1771888916811998720,11.42599892616272,-0.09644538909196854,0.28509122133255005,-0.40173035860061646,-0.9774402976036072,-0.07431890815496445,-0.19770464301109314,0.11435747146606445,0.13543033599853516,-0.04739731550216675,-0.6087146158869671,0.3521807910828938,0.5264184362157096,0.47782720328637984,0.07438749321366829,-1.3712212047865844,-1.2701698792391225
1771888916822029824,11.43602991104126,0.04237508028745651,0.2677045166492462,-0.4048713147640228,-0.9765914678573608,-0.07807891815900803,-0.2004319578409195,0.07752835750579834,0.18632474541664124,0.0384904146194458,-0.6093589759141798,0.3495866505633412,0.5268521533764914,0.47843255775274873,0.0781584705797408,-1.3683710205273802,-1.267471637482328
1771888916832059904,11.446059942245483,0.36913001537323,0.29082101583480835,-0.39131394028663635,-0.9756942391395569,-0.0824793353676796,-0.20302154123783112,0.036866843700408936,0.041082270443439484,-0.10084196925163269,-0.6105240339340683,0.34606129912526745,0.5279496234095138,0.4783001982312394,0.08257314148807768,-1.3656446425429694,-1.261932175537639
1771888916842090752,11.456090927124023,0.23016725480556488,0.249374121427536,-0.3948809802532196,-0.9748216867446899,-0.08688544481992722,-0.20536218583583832,0.02566397190093994,-0.04263114929199219,-0.06839573383331299,-0.611803347387482,0.34238640019690786,0.5292357339714457,0.4778888690324919,0.08699513179890148,-1.3631659588744278,-1.2556456486563001
1771888916852121856,11.466121912002563,0.23873171210289001,0.2022782266139984,-0.3897424042224884,-0.9740017056465149,-0.0911935418844223,-0.20737522840499878,0.012301266193389893,-0.0486532524228096,-0.06565028429031372,-0.6127889490261511,0.3390643354941362,0.5304222482725924,0.47767915274658174,0.09132041832762901,-1.3610181649562685,-1.2503094748148467
1771888916862152704,11.476152896881104,0.21514010429382324,0.13126744329929352,-0.37354692816734314,-0.9733219742774963,-0.09537343680858612,-0.20868219435214996,0.0007877945899963379,-0.024041838943958282,-0.07323920726776123,-0.6136480175181125,0.33590469897338804,0.5318147595501914,0.47726011224207743,0.0955186211334218,-1.3595918044369504,-1.2448119937069415
1771888916872183808,11.486183881759644,0.15159042179584503,0.13920845091342926,-0.41612449288368225,-0.9726783633232117,-0.09961006045341492,-0.20970101654529572,-0.040062665939331055,-0.021575219929218292,0.017486050724983215,-0.6142494451258705,0.3329761817440415,0.5331757237100359,0.47701996449716483,0.0997755242598761,-1.3584550327457423,-1.2400247337023296
1771888916882214912,11.496214866638184,0.060611605644226074,0.20217931270599365,-0.47467541694641113,-0.9718496799468994,-0.104176826775074,-0.2113177627325058,-0.07456743717193604,0.1410268396139145,0.10276676714420319,-0.6146817885654525,0.3300853958947793,0.5342141393922334,0.4773102689971174,0.10436618759319116,-1.356690354157342,-1.2363745581809307
1771888916892245760,11.506245851516724,0.18024985492229462,0.2434612214565277,-0.46623560786247253,-0.970832109451294,-0.10906965285539627,-0.21351568400859833,-0.009514570236206055,0.08955363929271698,-0.03250175714492798,-0.6153219956477983,0.32681240310909576,0.53519698647906,0.47763663290547387,0.10928707108761046,-1.354312228872716,-1.232272535656345
1771888916902276864,11.516276836395264,0.21869702637195587,0.25673776865005493,-0.48635709285736084,-0.969784140586853,-0.11407610774040222,-0.2156507819890976,-0.0456119179725647,-0.027967944741249084,-0.13188335299491882,-0.6160544286951343,0.32336208094375224,0.536294298018358,0.4778098425302799,0.11432498316277606,-1.3519866745688747,-1.2276348665074948
1771888916912306688,11.526306867599487,0.1392621248960495,0.2455844134092331,-0.431230753660202,-0.9687105417251587,-0.1188749223947525,-0.21787281334400177,-0.05889254808425903,-0.0505891889333725,-0.15021495521068573,-0.6167660925475765,0.32004844040350455,0.5372453733195016,0.47805434618967885,0.11915668997446953,-1.3495674331244154,-1.2233686038917468
1771888916922337792,11.536337852478027,0.14828358590602875,0.1953606754541397,-0.3862856328487396,-0.9677347540855408,-0.12315481901168823,-0.21982388198375702,-0.01987522840499878,-0.006254993379116058,-0.12851908802986145,-0.6174760473093136,0.3170008537086008,0.5381435876545518,0.4781583364672295,0.12346827829565105,-1.3474335523735514,-1.219226924112788
1771888916932368640,11.546368837356567,0.1004481390118599,0.1594058722257614,-0.32506462931632996,-0.9669331908226013,-0.12679149210453033,-0.2212778478860855,-0.01767057180404663,-0.07438033819198608,-0.1131642758846283,-0.6181637777390607,0.3142977809127361,0.5390528570196693,0.4780296533460799,0.127133693391564,-1.345825173790965,-1.2151252914332296
1771888916942399744,11.556399822235107,0.0160195492208004,0.12020706385374069,-0.28709086775779724,-0.9662403464317322,-0.12985898554325104,-0.22252251207828522,-0.04357105493545532,-0.014916405081748962,-0.03921151161193848,-0.6187297817407572,0.312031435053854,0.5397917456607878,0.4779484574106619,0.13022675500674394,-1.3444456262626647,-1.2117531168172695
1771888916952430848,11.566430807113647,0.12558971345424652,0.12746071815490723,-0.25539925694465637,-0.9656285047531128,-0.13260005414485931,-0.22355960309505463,-0.013589024543762207,0.07345698773860931,-0.06522822380065918,-0.6193792532826486,0.3098356271544863,0.5405756976925445,0.4776496342783269,0.13299173636948988,-1.3432874508293813,-1.2080547132808293
1771888916962461696,11.576461791992188,0.135790154337883,0.0972394347190857,-0.22463496029376984,-0.965071439743042,-0.13510392606258392,-0.22446385025978088,-0.017991304397583008,0.10199235379695892,0.0032724738121032715,-0.6201307585098748,0.30764433168517014,0.5414083886785515,0.4771475278216068,0.135518346238777,-1.3422715516564245,-1.2039656320224126
1771888916972492800,11.586492776870728,0.13279090821743011,0.01820560172200203,-0.14652283489704132,-0.9646678566932678,-0.13727344572544098,-0.22488237917423248,0.04810285568237305,-0.04900588095188141,-0.1619279384613037,-0.6209197001240752,0.30555933627092163,0.5423949676821198,0.47634020977667674,0.1377082699963446,-1.3417676890574297,-1.1994154633859937
1771888916982523648,11.596523761749268,0.09308841079473495,-0.08947411924600601,-0.10342597216367722,-0.964606523513794,-0.13857927918434143,-0.2243436872959137,0.044730424880981445,-0.05745039880275726,-0.12303787469863892,-0.6214957501105772,0.30412697427971985,0.5434472751491333,0.47530510156761735,0.13902670922232216,-1.3422833801670844,-1.1953131909708865
1771888916992553728,11.606553792953491,0.17587170004844666,-0.16989147663116455,-0.06664345413446426,-0.9647751450538635,-0.13968369364738464,-0.22292931377887726,0.020896971225738525,-0.010340750217437744,-0.11819618940353394,-0.6219899542496755,0.30282803693106153,0.5448215513685893,0.47391268575447915,0.1401419714714387,-1.3437131970727172,-1.190665996213435
1771888917002584576,11.616584777832031,0.17975424230098724,-0.2720814645290375,-0.04705643653869629,-0.9651926159858704,-0.14060942828655243,-0.22052738070487976,0.09454131126403809,-0.05583222210407257,-0.13849663734436035,-0.6223282227971975,0.3017196945892053,0.5465359432274416,0.4721983940820198,0.14107692993494406,-1.3461718786107724,-1.1856221885767788
1771888917012615680,11.626615762710571,0.11830180138349533,-0.31179025769233704,0.006963921710848808,-0.9658273458480835,-0.14108721911907196,-0.2174215167760849,0.08232808113098145,-0.06215988099575043,-0.0921182930469513,-0.6224890295256625,0.3009971832427205,0.5483520206459473,0.47033847463581346,0.14155953106830887,-1.3493731269900762,-1.1808188819551508
1771888917022646784,11.636646747589111,0.032535143196582794,-0.32661035656929016,0.04705887660384178,-0.9665598273277283,-0.1409534513950348,-0.21422939002513885,0.03498023748397827,0.03350105881690979,-0.06084078550338745,-0.6225444759815703,0.30072260115190336,0.5499556538306248,0.4685649007147781,0.1414244081794344,-1.3526812142593527,-1.1768255068599245
1771888917032677632,11.646677732467651,0.13728179037570953,-0.3861333429813385,0.09729035198688507,-0.967409074306488,-0.1404401808977127,-0.2107045203447342,0.11898988485336304,-0.02719290554523468,-0.1350443959236145,-0.6226807193842078,0.30052392059510047,0.5516639487493146,0.46649874774502104,0.14090598732997808,-1.3563426354882884,-1.172364259884487
1771888917042708992,11.65670895576477,0.17433391511440277,-0.45317286252975464,0.16966281831264496,-0.9684906601905823,-0.13939616084098816,-0.20638407766819,0.12040722370147705,-0.01145218312740326,-0.05141310393810272,-0.6228394418265301,0.300504473236417,0.5536289554482515,0.4639643867838886,0.13985159579133477,-1.3608381856471792,-1.1672281982785915
1771888917052739840,11.66673994064331,0.2386236935853958,-0.518230676651001,0.1979096382856369,-0.9697387218475342,-0.13800540566444397,-0.20139779150485992,0.05993354320526123,0.03596992790699005,-0.025698751211166382,-0.622995941931121,0.3005910608817863,0.5558292171482483,0.4610583688613469,0.1384472632012666,-1.3660247545596311,-1.1615170892167035
1771888917062770944,11.67677092552185,0.2623146176338196,-0.6345258951187134,0.2335757613182068,-0.9711868166923523,-0.13640841841697693,-0.19541971385478973,0.11776280403137207,-0.021352186799049377,-0.07978777587413788,-0.6230185923249453,0.30081466263407075,0.5583911529118756,0.4577746837521454,0.13683502443509504,-1.3722304323634102,-1.155261744262989
1771888917072800768,11.686800956726074,0.2663399875164032,-0.7497389912605286,0.28140026330947876,-0.9728695750236511,-0.13441146910190582,-0.18830446898937225,0.13252216577529907,-0.05447709560394287,-0.06699040532112122,-0.6228003698283128,0.301386027140499,0.5612612865806968,0.45417182764436803,0.13481951934640438,-1.3796048053710672,-1.14888512336321
1771888917082831872,11.696831941604614,0.24075651168823242,-0.8061739206314087,0.29994121193885803,-0.9747034907341003,-0.13192534446716309,-0.1804123967885971,0.09701800346374512,-0.01918242871761322,-0.054740771651268005,-0.6223985337116273,0.30231771621831416,0.5642674881535631,0.4503622470100882,0.13231104765036075,-1.387773044440576,-1.1426506463596262
1771888917092862720,11.706862926483154,0.236190527677536,-0.8420342206954956,0.3452650010585785,-0.9765846729278564,-0.12914922833442688,-0.17205481231212616,0.09604573249816895,0.02073553204536438,-0.03959989547729492,-0.6218585813420145,0.30347178619149545,0.5673424619273739,0.4464519542459718,0.1295109792842926,-1.396405835558334,-1.1365858340909352
1771888917102893824,11.716893911361694,0.3166399896144867,-0.9086133241653442,0.39408552646636963,-0.9785259366035461,-0.12601137161254883,-0.16311970353126526,0.11808288097381592,-0.041346997022628784,-0.07320843636989594,-0.6213339360247315,0.304670465176486,0.5706277716886187,0.4421582625779409,0.12634726153128692,-1.4056157781025531,-1.1299050841624345
1771888917112924928,11.726924896240234,0.3300628662109375,-1.0062378644943237,0.43959230184555054,-0.9805680513381958,-0.12241104245185852,-0.15330378711223602,0.10671234130859375,-0.06870531290769577,-0.07318241894245148,-0.6207070684340252,0.3060613836242104,0.574172917460936,0.4374640089001199,0.12271883479567504,-1.4157099682991647,-1.1227995136972169
1771888917122955776,11.736955881118774,0.3630369007587433,-1.0688872337341309,0.48838141560554504,-0.9826688170433044,-0.1183428168296814,-0.14267750084400177,0.10119915008544922,-0.01959662139415741,-0.044166386127471924,-0.6199639416243865,0.30765748279556276,0.5779343574354345,0.43241580961487014,0.11862080256442495,-1.426610021297922,-1.1154007883835044
1771888917132986880,11.746986865997314,0.3778861463069916,-1.1113274097442627,0.5415823459625244,-0.9847754240036011,-0.11377058923244476,-0.1314297318458557,0.1131628155708313,0.00941573828458786,-0.03147310018539429,-0.6191384337845226,0.3094500851856403,0.5818296827726459,0.4270626694726145,0.11401746986601714,-1.4381187404211189,-1.107816643545291
1771888917143017728,11.757017850875854,0.366891473531723,-1.163055181503296,0.5718909502029419,-0.9868282675743103,-0.10872437804937363,-0.11978628486394882,0.11896950006484985,0.024709515273571014,-0.019236549735069275,-0.61824290999031,0.3114323864831617,0.5857616646280022,0.4215077061771569,0.10893973400452829,-1.4500021569993424,-1.1002538474355337
1771888917153047808,11.767047882080078,0.4064522087574005,-1.2230333089828491,0.6240172982215881,-0.9888224005699158,-0.10321943461894989,-0.10759253799915314,0.12250465154647827,-0.0026918351650238037,-0.017453253269195557,-0.6172583340699304,0.31358008986733454,0.5898061187011931,0.4156783627792889,0.10340360783576401,-1.4624139503770628,-1.092557592851885
1771888917163078912,11.777078866958618,0.5065222382545471,-1.2875587940216064,0.685370922088623,-0.9907539486885071,-0.0971771627664566,-0.09467526525259018,0.10340958833694458,-0.040472373366355896,-0.03055363893508911,-0.6162293607963782,0.3158196645087695,0.594070962561253,0.40938868947817325,0.09733076646217018,-1.475526803393922,-1.0843013203805878
1771888917173109760,11.787109851837158,0.5207691192626953,-1.3737341165542603,0.7337014079093933,-0.9925922751426697,-0.09059607237577438,-0.08094996958971024,0.09958690404891968,-0.06510460376739502,-0.05561613291501999,-0.6151415794262919,0.31812269931902143,0.5986008373522494,0.402586363686668,0.09072045948015368,-1.4894223123002062,-1.0753784577841858
1771888917183140864,11.797140836715698,0.5240200757980347,-1.4909672737121582,0.8260965943336487,-0.9943284392356873,-0.0831957533955574,-0.06625424325466156,0.1354110836982727,-0.07743353396654129,-0.10726869851350784,-0.6138485035324438,0.3208031489294572,0.6032894963870218,0.3953697399273092,0.08329203065203715,-1.5042625213690783,-1.0664772757777745
1771888917193171712,11.807171821594238,0.5591543316841125,-1.6358797550201416,0.9200854301452637,-0.9959309697151184,-0.07482603192329407,-0.05022596940398216,0.1718342900276184,-0.06360170990228653,-0.10947251319885254,-0.6122688844713752,0.32394645041639597,0.6082316275224119,0.38760783781457914,0.07489602927042308,-1.5204078403737022,-1.0575427253995178
1771888917203202816,11.817202806472778,0.5891720056533813,-1.723943829536438,1.0101311206817627,-0.9973151087760925,-0.06537047028541565,-0.03300772234797478,0.16859489679336548,-0.02061282843351364,-0.058834973722696304,-0.6105083430627767,0.32745220386482266,0.6134094819845053,0.37918803657950356,0.06541711703578659,-1.5377118201131532,-1.0482937363688545
1771888917213233664,11.827233791351318,0.5280154347419739,-1.7585638761520386,1.0669581890106201,-0.9983667731285095,-0.055077340453863144,-0.015187921933829784,0.11593550443649292,0.023354265838861465,0.07494133710861206,-0.6085445664978226,0.3313418627931362,0.6185617260389238,0.37049651069165856,0.05510522616953454,-1.5555847320482583,-1.039491383675662
1771888917223264768,11.837264776229858,0.42821651697158813,-1.7674802541732788,1.1351300477981567,-0.9990238547325134,-0.04409042000770569,0.002703095320612192,0.0866093635559082,-0.047782737761735916,0.08494341373443604,-0.606421127577618,0.3356202859417715,0.6234665759415077,0.3618035862026002,0.04410471918099998,-1.573502056689359,-1.0316382815189202
1771888917233294848,11.847294807434082,0.4221503734588623,-1.7849630117416382,1.179267406463623,-0.9992585778236389,-0.0324629582464695,0.02069704420864582,0.11679708957672119,-0.0720444768667221,-0.04736936092376709,-0.6041521238329467,0.3402278029814442,0.6281668284380792,0.35306039604638767,0.032468663466403556,-1.5915057669402717,-1.024576752039303
1771888917243325696,11.857325792312622,0.5376949310302734,-1.8282943964004517,1.272871732711792,-0.9990422129631042,-0.02004305087029934,0.03890008479356766,0.1342502236366272,-0.0857003778219223,-0.14714598655700684,-0.6019115900096483,0.3449017364590512,0.6328450326948263,0.34387862171512534,0.020044392230945302,-1.6097140479248935,-1.0172748296875098
1771888917253356800,11.867356777191162,0.8478080630302429,-1.8850581645965576,1.3824412822723389,-0.9983195066452026,-0.006371353752911091,0.05759713053703308,0.11445426940917969,-0.05959239974617958,-0.20263195037841797,-0.5999415702180543,0.3493101229223484,0.6377938563105093,0.33357383158679543,0.00637139665323558,-1.6284265242569291,-1.0081425952534195
1771888917263387648,11.877387762069702,1.0388600826263428,-1.9752973318099976,1.4349290132522583,-0.9969996809959412,0.008389445953071117,0.07695064693689346,0.11818492412567139,-0.043408364057540894,-0.19247496128082275,-0.5982091015956995,0.35321160993956924,0.6432082715160075,0.3219791878982582,-0.0083895443011434,-1.6478258285231981,-0.9965989918896467
1771888917273418752,11.887418746948242,0.8198872804641724,-1.9261351823806763,1.469151258468628,-0.995067298412323,0.023754972964525223,0.09631552547216415,0.10030722618103027,-0.08596505969762802,0.10648904740810394,-0.5963460180863606,0.35722574326040457,0.6484963602581653,0.3101831792919197,-0.023757208252234097,-1.6672887088145243,-0.9854258034054838
1771888917283449600,11.897449731826782,0.5046480298042297,-1.8684263229370117,1.4747846126556396,-0.9925869107246399,0.03913746029138565,0.11506322771310806,-0.0034763216972351074,-0.14404165744781494,0.15275907516479492,-0.5939792214845544,0.3621219868213196,0.6529925586268397,0.29942792339415913,-0.03914745828659435,-1.6862037926265931,-0.9777987381013263
1771888917293480960,11.907480955123901,0.4364370107650757,-1.8629382848739624,1.4399038553237915,-0.9895820021629333,0.0541963055729866,0.13337929546833038,0.018650054931640625,-0.010022111237049103,0.09824906289577484,-0.5912528454298441,0.3673939196046444,0.6570474540911219,0.28936197424867965,-0.054222870119868774,-1.7047723948269629,-0.9722879285354912
1771888917303511808,11.917511940002441,0.49555233120918274,-1.8624285459518433,1.4826781749725342,-0.9860207438468933,0.06930053979158401,0.1515275239944458,0.07941973209381104,-0.02321901172399521,-0.0278397798538208,-0.5884435304342965,0.37256117287244944,0.6610309630098061,0.27923191675628306,-0.06935612833732993,-1.7232792348959147,-0.966940580069429
1771888917313542912,11.927542924880981,0.5481191277503967,-1.8656933307647705,1.5524280071258545,-0.9818522334098816,0.08510148525238037,0.1694813072681427,0.08903002738952637,-0.11024796217679977,-0.181978240609169,-0.5856810986227703,0.3777569004531799,0.6648611714317408,0.2687693947260883,-0.08520454112932258,-1.7417258259534307,-0.9616088881537932
1771888917323572992,11.937572956085205,0.6689050793647766,-1.932249665260315,1.6030945777893066,-0.9769671559333801,0.10172169655561447,0.1875845044851303,0.06728392839431763,-0.07422537356615067,-0.196571946144104,-0.5829370185628857,0.3828452390866336,0.6687464217305439,0.25766689564223877,-0.10189794166885259,-1.7604946005066566,-0.9556624223634579
1771888917333603840,11.947603940963745,0.7548210024833679,-1.9905164241790771,1.6825451850891113,-0.9712874293327332,0.11919856816530228,0.20589512586593628,0.0702558159828186,-0.03878474980592728,-0.14151820540428162,-0.5801635610505581,0.38784076326791095,0.6727013482333246,0.24589187145729421,-0.11948265809245111,-1.7796857298204023,-0.9491360986883841
1771888917343634944,11.957634925842285,0.6684750914573669,-2.004821538925171,1.706475853919983,-0.9647650718688965,0.1372648924589157,0.224469855427742,0.09077215194702148,-0.03519885241985321,0.01808379590511322,-0.5771340955103971,0.3930488664508764,0.6765704065630412,0.2338403433914082,-0.1376996374614675,-1.7993970842285916,-0.943175100026442
1771888917353665792,11.967665910720825,0.4678432047367096,-1.9200776815414429,1.6765270233154297,-0.9576761722564697,0.15488176047801971,0.24262699484825134,-0.022151648998260498,-0.11295062303543091,0.24783621728420258,-0.5737951450411238,0.3985127476017379,0.6800743262048927,0.222363638478524,-0.15550776434943792,-1.818925179831069,-0.9389806425479855
1771888917363696896,11.977696895599365,0.31422239542007446,-1.8126263618469238,1.6370667219161987,-0.9502800107002258,0.17169317603111267,0.2597876787185669,-0.058234572410583496,0.03132501244544983,0.162316232919693,-0.5702898555487105,0.4042368876721015,0.6829980815317349,0.21183896254979898,-0.17254811712033782,-1.8376559458410238,-0.9369754006476948
1771888917373727744,11.987727880477905,0.29693102836608887,-1.7821248769760132,1.6199688911437988,-0.9425279498100281,0.1879921853542328,0.2762245535850525,0.06555956602096558,0.016200914978981018,-0.010431766510009766,-0.5667475999811628,0.4098738646241011,0.685649828749897,0.2017049124244758,-0.18911747760924297,-1.8558811917732838,-0.9357512788433254
1771888917383758848,11.997758865356445,0.2758864462375641,-1.8189620971679688,1.6531662940979004,-0.9341801404953003,0.2040945440530777,0.29266566038131714,0.09021645784378052,-0.1281668245792389,-0.16688740253448486,-0.5629393394480572,0.4156707465338148,0.6881501742846583,0.19174614251040908,-0.20553869764552601,-1.8743972098130786,-0.9355290373252947
1771888917393788928,12.007788896560669,0.39632871747016907,-1.826700210571289,1.6929265260696411,-0.9251229763031006,0.22076359391212463,0.30888721346855164,0.02694469690322876,-0.08845464885234833,-0.13080188632011414,-0.5591743022935878,0.42134643963279483,0.6905872804123442,0.18133015871584698,-0.22259731834341148,-1.8930457792196302,-0.9349927154120906
1771888917403819776,12.017819881439209,0.44945842027664185,-1.8479881286621094,1.7285680770874023,-0.915346622467041,0.23790735006332397,0.32486993074417114,0.02873474359512329,0.04061135649681091,-0.024332880973815918,-0.5554304986128651,0.4268589736594022,0.692983682374673,0.17047561479454165,-0.24021076640939729,-1.911842730262841,-0.9341163393779833
1771888917413850880,12.027850866317749,0.4888654947280884,-1.9028748273849487,1.718125820159912,-0.904816746711731,0.2552495300769806,0.3408144414424896,0.0875253677368164,0.0359797477722168,0.028753429651260376,-0.5515535246912694,0.43225374431040314,0.6953876040067103,0.15931591585088745,-0.2581057695666623,-1.931027500843621,-0.9331966934807325
1771888917423881728,12.037881851196289,0.4948174059391022,-1.9121423959732056,1.6659936904907227,-0.8936317563056946,0.2722680866718292,0.356780081987381,0.0683755874633789,-0.009282886981964111,0.07373136281967163,-0.5474369530764769,0.437429547143093,0.6978863990874014,0.1480628671975469,-0.2757493713287302,-1.9506536606910527,-0.9323096919805787
1771888917433912832,12.047912836074829,0.16380004584789276,-1.7877932786941528,1.583920955657959,-0.8822848796844482,0.28793588280677795,0.3723798394203186,-0.05648171901702881,-0.049578338861465454,0.24930909276008606,-0.5430032979973498,0.442670609864577,0.7001661600032576,0.13768682929246265,-0.29207074055883153,-1.9701767117751159,-0.9330517917321025
1771888917443943680,12.05794382095337,0.08349420130252838,-1.7261037826538086,1.5407977104187012,-0.871033251285553,0.30209261178970337,0.38735151290893555,-0.03538459539413452,-0.04977327585220337,-0.0002970695495605469,-0.5383314855798873,0.4482044897340796,0.7019889591631566,0.12854373095941138,-0.3068870724809402,-1.9892369426894732,-0.9361675546507621
1771888917453974784,12.06797480583191,0.24100925028324127,-1.7726984024047852,1.5658601522445679,-0.8593111634254456,0.3161008358001709,0.4020754098892212,0.06617456674575806,-0.06079074740409851,-0.1535097360610962,-0.5336051883421843,0.45352207244145437,0.7038149147428904,0.11928038132164401,-0.3216167644973733,-2.008439333919554,-0.9391737497813827
1771888917464005632,12.07800579071045,0.4427518844604492,-1.7895697355270386,1.6320713758468628,-0.846815288066864,0.3311774432659149,0.41620340943336487,0.05840897560119629,-0.04615852236747742,-0.15744486451148987,-0.5291421000767687,0.45845313012954864,0.7056361847216432,0.10911873925594827,-0.337551163437595,-2.027614836475114,-0.9408891372705003
1771888917474035712,12.088035821914673,0.5771967172622681,-1.8398674726486206,1.6779108047485352,-0.8334842920303345,0.34731727838516235,0.42973798513412476,0.025165200233459473,-0.022335588932037354,-0.07808399200439453,-0.5248906196282153,0.4630446819028783,0.7074310012797199,0.0980861318572811,-0.354708769300365,-2.0468397320027916,-0.9414978213430478
1771888917484066816,12.098066806793213,0.6052300930023193,-1.8525102138519287,1.708915114402771,-0.8193762302398682,0.3638632297515869,0.44297459721565247,0.04116261005401611,0.062162160873413086,-0.027965962886810303,-0.5205715527063055,0.4675949748029605,0.7091136951357436,0.08670687071752922,-0.372412079140654,-2.0664127105106225,-0.9422393002948047
1771888917494097664,12.108097791671753,0.8043309450149536,-1.8759702444076538,1.6870800256729126,-0.8045921325683594,0.380937397480011,0.45554119348526,0.06289303302764893,0.11486640572547913,-0.05202266573905945,-0.5163793557446559,0.47169709655644787,0.7108251847285565,0.07471027799191882,-0.39080991854269703,-2.085974252858968,-0.9419780475746424
1771888917504128768,12.118128776550293,0.38500645756721497,-1.6821496486663818,1.6459816694259644,-0.7898575067520142,0.39709314703941345,0.46737828850746155,-0.06373453140258789,0.00018471479415893555,0.24712985754013062,-0.512147674512466,0.47580333028604715,0.7122501914945933,0.06336958658277585,-0.4083473862943179,-2.1051089295617187,-0.9428354789675691
1771888917514159616,12.128159761428833,0.007189660333096981,-1.5658541917800903,1.7077603340148926,-0.775396466255188,0.4111992418766022,0.4792446196079254,-0.10648518800735474,-0.16467824578285217,0.06482276320457458,-0.50741787589915,0.48091759072799295,0.7129800656493003,0.05389570959703978,-0.4237692749912146,-2.1243923778095026,-0.9481153487569275
1771888917524190720,12.138190746307373,-0.01499100960791111,-1.5969053506851196,1.6796774864196777,-0.76059889793396,0.4241119921207428,0.4915466010570526,0.01726710796356201,0.07156971096992493,0.046752870082855225,-0.5021727906347442,0.48658842006259967,0.7134458672656107,0.04526687127965733,-0.43798111103232373,-2.14453969928407,-0.9559774593960276
1771888917534221568,12.148221731185913,0.03704023361206055,-1.5917129516601562,1.6539157629013062,-0.7454574108123779,0.4368448555469513,0.5034478902816772,0.03883814811706543,0.1383046805858612,0.046631455421447754,-0.4969367961435833,0.4919306059098273,0.713952538314047,0.036467397593249455,-0.45208815360219057,-2.164789366876107,-0.9634611117519225
1771888917544252928,12.158252954483032,-0.04729098081588745,-1.5955430269241333,1.655197024345398,-0.730009138584137,0.4490432143211365,0.5152156352996826,0.04316520690917969,-0.0136488676071167,-0.009798705577850342,-0.49157955771182676,0.4963507653439664,0.7150130993688217,0.02723626424008358,-0.46569422652488707,-2.185381622825514,-0.9690670967464975
1771888917554282752,12.168282747268677,0.07141117006540298,-1.6545566320419312,1.6402758359909058,-0.7140204906463623,0.46095696091651917,0.5269665122032166,0.09268248081207275,-0.04605516791343689,-0.11748164892196655,-0.4859750788224546,0.5016067089628384,0.7154536812021056,0.018575455177983563,-0.4790732606675516,-2.2065907024001836,-0.9775869783096252
1771888917564313600,12.178313732147217,0.22079293429851532,-1.6486923694610596,1.5941996574401855,-0.6974958181381226,0.4733406901359558,0.5380038619041443,0.10914742946624756,0.11363434791564941,0.017187178134918213,-0.480534395741151,0.5062331728800752,0.7160515989601126,0.009206186590722356,-0.49307938425483455,-2.227813419105683,-0.9846175346943976
1771888917574344960,12.188344955444336,0.14458045363426208,-1.5999687910079956,1.5419868230819702,-0.681100070476532,0.4852810800075531,0.5482742190361023,0.07042825222015381,0.008416950702667236,0.09936976432800293,-0.47525023210958656,0.5105417933011799,0.7165781053213369,-7.579927381359732e-06,-0.5066846030910529,-2.2485685028355475,-0.9914457067949519
1771888917584375808,12.198375940322876,-0.545453667640686,-1.4588696956634521,1.5029983520507812,-0.6650630235671997,0.49453967809677124,0.5595729947090149,-0.00014394521713256836,-0.10461655259132385,0.35104113817214966,-0.46920931798497195,0.5155387536437521,0.7169423229482134,-0.00749607437695841,-0.5173051338971331,-2.27026671938326,-1.001748204763388
1771888917594406912,12.208406925201416,-0.4243277609348297,-1.4371784925460815,1.4025872945785522,-0.6496402025222778,0.5009719729423523,0.571834146976471,0.07604718208312988,0.09784382581710815,0.09831643104553223,-0.46250121800327654,0.5210505499653747,0.717233149336827,-0.013244620455726467,-0.5247214967201643,-2.292581963224825,-1.0149645491758859
1771888917604437760,12.218437910079956,-0.2242286503314972,-1.4279648065567017,1.3316903114318848,-0.6343710422515869,0.5080810189247131,0.5826035141944885,0.1449759602546692,0.1275237798690796,0.007942020893096924,-0.4564084405072277,0.5255739162120528,0.717686433270584,-0.01973582938625751,-0.5329553386872956,-2.313682251842362,-1.0254611769571471
1771888917614468864,12.228468894958496,-0.0780424103140831,-1.3944119215011597,1.3381832838058472,-0.6192392706871033,0.5155962109565735,0.5922021269798279,0.121634840965271,-0.033708393573760986,-0.09403324127197266,-0.450768137033482,0.5295482158620998,0.7181084574325752,-0.02659017668163896,-0.5417033077685229,-2.3338800513843565,-1.0345812393585967
1771888917624499968,12.238500118255615,0.011144897900521755,-1.402360200881958,1.4173516035079956,-0.6037774682044983,0.5237465500831604,0.6009512543678284,0.1338067650794983,-0.0727272629737854,-0.11842262744903564,-0.44539867117932896,0.5333949487301979,0.7183073542384476,-0.03382935655040334,-0.5512430482523725,-2.3538485610640834,-1.0434608814766302
1771888917634530048,12.248530149459839,0.09929340332746506,-1.391736626625061,1.4407014846801758,-0.5876591205596924,0.5325466394424438,0.6091395020484924,0.16654706001281738,0.14057958126068115,-0.023400306701660156,-0.4401212400240466,0.5372449152868745,0.7182880031793196,-0.04151596095566744,-0.5616065033053707,-2.374140756735162,-1.0525259003737002
1771888917644561152,12.258561134338379,0.21742863953113556,-1.370401382446289,1.4475380182266235,-0.5713444352149963,0.542163610458374,0.616136372089386,0.11843311786651611,0.09606575965881348,0.03591734170913696,-0.43526211666050063,0.5406564728963843,0.7181634721938097,-0.049786044810305186,-0.5730098534873226,-2.393896785924813,-1.0604939383955763
1771888917654592000,12.268592119216919,-0.1985645741224289,-1.3059555292129517,1.4653388261795044,-0.5550110936164856,0.550527811050415,0.6236041784286499,0.028231799602508545,-0.10936564207077026,0.18695801496505737,-0.4300196134003641,0.5444955953258891,0.7178625529334604,-0.05728133917078005,-0.5829963736599467,-2.4143269712476556,-1.0704492535716739
1771888917664623104,12.278623104095459,-0.41175132989883423,-1.3826353549957275,1.4545434713363647,-0.5384925007820129,0.5564448237419128,0.6327676773071289,0.04651862382888794,-0.04495495557785034,0.1346120834350586,-0.4237722978861155,0.5489922949783387,0.7176289397763658,-0.06350731528294286,-0.5901008583618553,-2.4365117352688173,-1.0833687986095817
1771888917674653952,12.288654088973999,-0.5729076862335205,-1.3761532306671143,1.3906843662261963,-0.5216548442840576,0.5607373118400574,0.6430006623268127,0.1266658902168274,0.21595025062561035,0.14558881521224976,-0.4168033219601774,0.5537026118724403,0.7175749066488374,-0.06909881677916327,-0.5952760336714633,-2.460010240391519,-1.097691062659134
1771888917684685056,12.298685073852539,-0.33381879329681396,-1.4136134386062622,1.3663263320922852,-0.5048355460166931,0.5649057626724243,0.6527039408683777,0.11314249038696289,-0.013086915016174316,-0.15810567140579224,-0.4099344613304095,0.5579969837941133,0.7176289749988992,-0.07484463039635135,-0.600319012142974,-2.483250091520707,-1.111135621593319
1771888917694715904,12.308716058731079,-0.3887510299682617,-1.4852896928787231,1.425673484802246,-0.48739808797836304,0.5695466995239258,0.6618607044219971,0.11726567149162292,-0.14136987924575806,-0.11799174547195435,-0.40309850768295485,0.5620270477411209,0.717673989827871,-0.08112470042343883,-0.6059542664067765,-2.506848746508156,-1.1240837585434755
1771888917704747008,12.31874704360962,-0.4625949561595917,-1.4430313110351562,1.4665807485580444,-0.4693599343299866,0.5735635757446289,0.6713613271713257,0.08062705397605896,-0.11662393808364868,-0.07339996099472046,-0.3958739102170048,0.5663742742212932,0.7175659264666091,-0.08719615500388811,-0.6108495395051139,-2.5314597485102723,-1.1384451702757725
1771888917714777088,12.328777074813843,-0.7388063669204712,-1.4451237916946411,1.5097957849502563,-0.45092952251434326,0.5763702392578125,0.6815128922462463,0.06111326813697815,-0.08294683694839478,0.030019700527191162,-0.38812583459842276,0.5710817993927982,0.7173716124489437,-0.09274624899830188,-0.614279946774602,-2.5570645301465706,-1.1543982597230242
1771888917724807936,12.338808059692383,-0.7858116626739502,-1.4452911615371704,1.5069472789764404,-0.43224036693573,0.577691376209259,0.6924169659614563,0.06519010663032532,-0.09575766324996948,0.024364769458770752,-0.3798176302520953,0.5761722956780856,0.7171010967438745,-0.09762262991932014,-0.6158975464356038,-2.583533822751833,-1.1719588100182212
1771888917734839040,12.348839044570923,-0.6845148801803589,-1.472808837890625,1.4944541454315186,-0.4133528172969818,0.5788553357124329,0.702898383140564,0.08776074647903442,0.04771631956100464,0.06968462467193604,-0.37151136803055684,0.5810618263137289,0.7168098369479913,-0.10261661466184598,-0.6173242473021386,-2.6099920707892434,-1.189192427479728
1771888917744869888,12.358870029449463,-0.5186402797698975,-1.4827862977981567,1.4683171510696411,-0.3942994773387909,0.5805212259292603,0.7124063968658447,0.12463092803955078,0.24175959825515747,0.014140784740447998,-0.36348468172626286,0.585565995435204,0.7164605197921432,-0.10805389310819176,-0.6193686907714945,-2.636085054919377,-1.2054946611561164
1771888917754900992,12.368901014328003,-0.3304416537284851,-1.5522143840789795,1.479766607284546,-0.37471169233322144,0.5833798050880432,0.7205966114997864,0.14396825432777405,0.10914039611816406,-0.07266253232955933,-0.35583266026764376,0.5895507392818428,0.716050436943931,-0.11438928768465427,-0.6228838132385414,-2.6620717766293707,-1.220549140006284
1771888917764931840,12.378931999206543,-0.31394150853157043,-1.5397377014160156,1.5086772441864014,-0.35467207431793213,0.5864534974098206,0.728203296661377,0.12936082482337952,0.020129144191741943,-0.003609180450439453,-0.34820745852932516,0.5933812447720691,0.7155420037959137,-0.12103688915196936,-0.6266733851591039,-2.68835788259023,-1.235534692329651
1771888917774962944,12.388962984085083,-0.4519811272621155,-1.5190401077270508,1.557401180267334,-0.3344058394432068,0.5890612006187439,0.7356492280960083,0.03716462850570679,-0.1788896918296814,0.0247114896774292,-0.34046129030387706,0.5973457810710953,0.7148444834438077,-0.12752070730472262,-0.6298965681925046,-2.7149428304055307,-1.251271657050845
1771888917784994048,12.398994207382202,-0.9136919975280762,-1.564500093460083,1.6275254487991333,-0.3135968744754791,0.5891087651252747,0.7447198629379272,0.0322858989238739,-0.26688897609710693,-0.04957526922225952,-0.3316317130364905,0.6020544059443118,0.7140661190411639,-0.13289252545847677,-0.6299554599550768,-2.7430352808197203,-1.2695733137943108
1771888917795023872,12.409024000167847,-0.9755958318710327,-1.6529088020324707,1.56308913230896,-0.29204243421554565,0.586637020111084,0.7553595900535583,0.10217732191085815,-0.008191585540771484,-0.050708770751953125,-0.321598017102963,0.6070852400128564,0.7135315776654751,-0.1374586644595647,-0.6268999609708832,-2.772667601899353,-1.2891273871422457
1771888917805054976,12.419054985046387,-0.8808213472366333,-1.6458772420883179,1.4928003549575806,-0.27043578028678894,0.5839845538139343,0.7653929591178894,0.13007020950317383,0.1949918270111084,0.09297484159469604,-0.31157273366963656,0.6116309389363668,0.7131648288259381,-0.1422178387693794,-0.6236286003779842,-2.80195493553752,-1.3073855909935606
1771888917815086080,12.429086208343506,-0.7907425761222839,-1.637420892715454,1.4664016962051392,-0.24918526411056519,0.5812714099884033,0.774616003036499,0.12864090502262115,0.07006514072418213,-0.10693728923797607,-0.30179849837596734,0.6158210871438397,0.7127919588416279,-0.1470019618112475,-0.6202902832811202,-2.8303585468518584,-1.324606400682552
1771888917825117184,12.439117193222046,-0.7135183811187744,-1.6871964931488037,1.4134492874145508,-0.2278067022562027,0.5788299441337585,0.7829813361167908,0.13524693250656128,0.013378798961639404,-0.018012523651123047,-0.2921757843421964,0.61959944141639,0.7124515327513421,-0.15212688583849865,-0.617293130168998,-2.858461162651346,-1.3407912559307424
1771888917835148032,12.449148178100586,-0.7431495189666748,-1.691141128540039,1.365322232246399,-0.2063111662864685,0.576185405254364,0.7908517718315125,0.11579596996307373,0.10658442974090576,0.14118576049804688,-0.28250591918988727,0.6230456361650293,0.7122078486424398,-0.15736784545180738,-0.614053746779846,-2.886407883320665,-1.3561393885089312
1771888917845179136,12.459179162979126,-0.8741959929466248,-1.620935082435608,1.3258411884307861,-0.18542377650737762,0.5724154114723206,0.7987229228019714,0.04130454361438751,-0.005475163459777832,0.09945499897003174,-0.27273704801578386,0.6263764303917067,0.7120491857353669,-0.1620276566212778,-0.6094486243333977,-2.913482959619768,-1.3709237810186543
1771888917855209984,12.469210147857666,-1.0850211381912231,-1.6266909837722778,1.3382000923156738,-0.16470344364643097,0.5668730735778809,0.8071723580360413,0.08222973346710205,-0.19963985681533813,-0.02746373414993286,-0.26247262327895865,0.6299150297720615,0.711894115564083,-0.16589697458385433,-0.6027051491202007,-2.9403060107644188,-1.3860008037713223
1771888917865241088,12.479241132736206,-1.0248740911483765,-1.6358013153076172,1.2912219762802124,-0.14401516318321228,0.5601562261581421,0.815772294998169,0.10000884532928467,-0.053457677364349365,-0.0681833028793335,-0.25184808185166885,0.633359844829402,0.7118577551305556,-0.1693704250903386,-0.5945743776923607,-2.966854656964704,-1.4005642386900743
1771888917875271168,12.48927116394043,-0.9193943738937378,-1.6302995681762695,1.3247942924499512,-0.1233198344707489,0.5539271831512451,0.8233815431594849,0.1284620463848114,0.005017578601837158,-0.04332160949707031,-0.24153160436796034,0.6366336348348387,0.7116097079386284,-0.17312361434556306,-0.5870738359227605,-2.992925292819106,-1.4146776053403571
1771888917885302016,12.49930214881897,-0.7859516143798828,-1.6196132898330688,1.3229044675827026,-0.10247169435024261,0.5483068227767944,0.829975426197052,0.1594480276107788,0.12098944187164307,0.025096535682678223,-0.23151078870639918,0.6397696341912527,0.7111135898967712,-0.17724289311534633,-0.5803382096911979,-3.0187507806998632,-1.4285464567249466
1771888917895333120,12.50933313369751,-0.5210057497024536,-1.625771403312683,1.2682965993881226,-0.08186116069555283,0.5440051555633545,0.8350791335105896,0.15212789177894592,0.194535493850708,-0.0459098219871521,-0.22215468262073504,0.6424791425156429,0.7104647182602541,-0.1819552955565455,-0.575203000077077,-3.043876823584816,-1.4414549713017206
1771888917905363968,12.51936411857605,-0.4401952922344208,-1.6622390747070312,1.2380183935165405,-0.0612199492752552,0.5410234332084656,0.8387764096260071,0.114763043820858,0.0776747465133667,0.007643938064575195,-0.21332220720029893,0.644706120547451,0.7097480036500018,-0.18736449512474354,-0.5716535289324182,-3.0687346386082934,-1.453408910583948
1771888917915395072,12.52939510345459,-0.6952697038650513,-1.6526674032211304,1.2363134622573853,-0.0405254140496254,0.5370926856994629,0.8425490260124207,0.0838756412267685,-0.01591360569000244,0.1880599856376648,-0.20415853998998737,0.6468821872076546,0.7090965723281646,-0.1924699975369887,-0.5669866696361676,-3.093531108872555,-1.4650927438266814
1771888917925425920,12.53942608833313,-1.028071403503418,-1.6768220663070679,1.210945725440979,-0.020018896088004112,0.5302137136459351,0.8476276993751526,0.04191526770591736,-0.08415359258651733,0.1375254988670349,-0.19399735509868227,0.6492612631503742,0.7087126748683236,-0.1963445895693842,-0.5588526309227131,-3.1179794848863187,-1.4765175386790985
1771888917935457024,12.54945707321167,-1.1819597482681274,-1.7049453258514404,1.2008392810821533,0.0008010220481082797,0.5207557082176208,0.8537053465843201,0.03342442959547043,-0.15288156270980835,0.019478797912597656,-0.18278779250052063,0.6517494941952904,0.7085726929956903,-0.19933878055642468,-0.5477359534207503,3.1406543651869026,-1.4875647114479276
1771888917945487104,12.559487104415894,-1.2049788236618042,-1.75528883934021,1.2197527885437012,0.021894894540309906,0.5102545022964478,0.8597447276115417,0.0852218046784401,-0.01010197401046753,-0.06395310163497925,-0.17114808769465428,0.6541898349875572,0.7084546643282623,-0.20207912388359048,-0.5354806565296236,3.1161314163278435,-1.4981770833966093
1771888917955517952,12.569518089294434,-1.04959237575531,-1.7740859985351562,1.2453253269195557,0.04346549138426781,0.4999447464942932,0.8649658560752869,0.1348029375076294,0.1250247359275818,-0.11910104751586914,-0.15951061188240456,0.6565900380532416,0.7080765921258173,-0.20511806214190204,-0.5235349845349373,3.091383781722798,-1.5088298214885103
1771888917965549056,12.579549074172974,-0.7671568989753723,-1.7318637371063232,1.1797471046447754,0.0648294985294342,0.49143868684768677,0.868495762348175,0.1100514754652977,0.26503098011016846,-0.013683319091796875,-0.1486938333231605,0.6586657721082294,0.7073947223173369,-0.2089071392260295,-0.5137409220569417,3.067085107475846,-1.519063770986767
1771888917975579904,12.589580059051514,-0.49378502368927,-1.7352041006088257,1.197176456451416,0.08553020656108856,0.4849875867366791,0.8703285455703735,0.08841998130083084,0.19003072381019592,-0.035749077796936035,-0.1389259524887087,0.6603505081828923,0.7064711369520134,-0.21339012848469635,-0.5063489655879572,3.0436337222667866,-1.5286994664766365
1771888917985611008,12.599611043930054,-0.5870882868766785,-1.6299185752868652,1.1303337812423706,0.10583445429801941,0.4793815016746521,0.8712020516395569,0.04373221844434738,0.05434057116508484,0.21571224927902222,-0.12970600980643396,0.6619893027687329,0.7052454803958387,-0.21811803208375735,-0.49994981285044,3.020704056159485,-1.5384420558283407
1771888917995641856,12.609642028808594,-0.6644893288612366,-1.6331135034561157,1.1159167289733887,0.1256428211927414,0.4728699326515198,0.872128427028656,-0.0345936119556427,0.004043519496917725,0.14624309539794922,-0.1203275288500787,0.6634851280831722,0.7041673852894551,-0.22238950479447078,-0.4925450286570769,2.9985125139298456,-1.54734618179747
1771888918005672960,12.619673013687134,-0.8041808009147644,-1.648748517036438,1.0787861347198486,0.14502355456352234,0.4650581181049347,0.8733210563659668,-0.05089208483695984,-0.14340272545814514,0.01211613416671753,-0.11058598694692684,0.664791298019619,0.7033584086069702,-0.22607601011605277,-0.48370027179707886,2.977034450818048,-1.5551121365773741
1771888918015703808,12.629703998565674,-0.7752240300178528,-1.7657347917556763,1.116126298904419,0.16502156853675842,0.456342488527298,0.8743680119514465,0.10670694708824158,-0.20474034547805786,-0.24178439378738403,-0.10030060493092838,0.6660295305684991,0.7025586571653485,-0.2296862734521568,-0.47388037832044855,2.955054432534292,-1.5625946997974867
1771888918025733888,12.639734029769897,-0.6037817597389221,-1.8547829389572144,1.1208972930908203,0.186042919754982,0.4482358396053314,0.8743413090705872,0.2296370267868042,-0.13274505734443665,-0.2734348773956299,-0.08993466725567538,0.6672045121688884,0.7014333845508146,-0.2339681989842821,-0.4647908434106577,2.931938742546172,-1.5705792574588968
1771888918035764992,12.649765014648438,-0.29288509488105774,-1.8904404640197754,1.131371259689331,0.20749935507774353,0.4421992003917694,0.8725848197937012,0.22285956144332886,0.033005356788635254,-0.12362229824066162,-0.08055508719491256,0.6691191969062918,0.6989791990120114,-0.23920403037057603,-0.45804914367995375,2.908130320440902,-1.5818099828932721
1771888918045795840,12.659795999526978,-0.14171361923217773,-1.9206377267837524,1.1315993070602417,0.22912347316741943,0.4377788007259369,0.8693976402282715,0.11146794259548187,0.0991780161857605,-0.029172420501708984,-0.07177797583143916,0.6708615790418361,0.6961634564884562,-0.24525318835158985,-0.45312665076621456,2.88390900899601,-1.5934978217751166
1771888918055826944,12.669826984405518,0.029221639037132263,-1.9398680925369263,1.1158533096313477,0.25084778666496277,0.4345807135105133,0.8649942278862,0.05663207173347473,0.1238146722316742,0.04955649375915527,-0.06346187252958913,0.6724063996045944,0.6930849592577636,-0.2519434152391935,-0.4495726871704217,2.859335810479347,-1.6054585648011834
1771888918065858048,12.679858207702637,0.21421997249126434,-1.9401429891586304,1.0397063493728638,0.27233371138572693,0.4327320158481598,0.8594055771827698,0.05804961919784546,0.17610901594161987,0.051986873149871826,-0.055734316721127705,0.6736403704178495,0.6898633415692706,-0.25921237978818484,-0.44752101886988377,2.8347168618319745,-1.617361963906327
1771888918075889152,12.689889192581177,0.251582533121109,-1.9299752712249756,0.9820699691772461,0.2933320999145508,0.43206730484962463,0.8528037071228027,0.02089214324951172,0.11633357405662537,0.008753299713134766,-0.04858145755662928,0.6744877357366873,0.6866353811913832,-0.26690446835363224,-0.446783828658714,2.810306973974311,-1.628869549267707
1771888918085920000,12.699920177459717,-0.1299428939819336,-1.9567819833755493,1.0475794076919556,0.3141939342021942,0.42968282103538513,0.8465548157691956,0.045776188373565674,-0.20722487568855286,0.08641338348388672,-0.04083256823386907,0.675304848574301,0.6835501270187702,-0.2739623142542854,-0.4441414795328198,2.7862066583558094,-1.639716163868341
1771888918095951104,12.709951162338257,-0.39991313219070435,-1.9421387910842896,1.120988130569458,0.33542078733444214,0.4236856997013092,0.8414171934127808,0.033719778060913086,-0.34128835797309875,-0.017946302890777588,-0.031656457186681086,0.6763907793136004,0.6805910032227228,-0.27980199411000306,-0.4375104370943117,2.762261059904817,-1.6499101425748504
1771888918105981184,12.71998119354248,-0.22386761009693146,-1.9631606340408325,1.0692088603973389,0.3564082384109497,0.4171464443206787,0.8360395431518555,0.1268833875656128,0.06985306739807129,-0.05984020233154297,-0.022359251890464248,0.6773761993002825,0.6776291484062343,-0.2854475742447467,-0.4303032679448321,2.738616793032872,-1.6596391412387206
1771888918116012032,12.73001217842102,-0.07662516832351685,-2.0252254009246826,1.0998988151550293,0.3776245415210724,0.4119621217250824,0.8292688131332397,0.18914785981178284,0.05010446906089783,-0.024245738983154297,-0.013526355617286658,0.6781778951133736,0.6743212479693833,-0.2918605658257584,-0.42460634266324865,2.7142816027946313,-1.6699662639570225
1771888918126043136,12.74004316329956,0.002431567758321762,-2.0462751388549805,1.0785226821899414,0.3990252912044525,0.40746569633483887,0.8214322328567505,0.12999698519706726,0.0828298032283783,0.09832191467285156,-0.0049264028997736894,0.6788540418106283,0.6707259556706371,-0.2987636484416643,-0.4196771973402828,2.68939553421515,-1.6807448173882298
1771888918136073984,12.7500741481781,0.0642659068107605,-2.027878999710083,0.9920043349266052,0.4199415147304535,0.40339627861976624,0.8129703402519226,0.08027216792106628,0.17175331711769104,0.14467132091522217,0.0034047854936063633,0.6792369434232588,0.6671749046590474,-0.30578307832369783,-0.4152255013196937,2.6647912599773766,-1.6910082475321424
1771888918146105088,12.76010513305664,0.14940929412841797,-2.0192320346832275,0.9675514698028564,0.4402417838573456,0.40006300806999207,0.8038262128829956,0.06386277079582214,0.05814310908317566,0.045432090759277344,0.011287322567177994,0.6793638551275079,0.6636097187682979,-0.3129847242704627,-0.41158559856259536,2.6405302420840697,-1.7009958222246513
1771888918156135936,12.77013611793518,0.24516324698925018,-2.0037736892700195,1.0055944919586182,0.4603002071380615,0.39708825945854187,0.7940053343772888,0.15087532997131348,0.009573698043823242,-0.03246980905532837,0.018894669971733283,0.6794641284318714,0.6597963061136285,-0.3203752098301374,-0.4083420704179949,2.6162189506523474,-1.7114055323389756
1771888918166167040,12.78016710281372,0.36420291662216187,-1.9645460844039917,1.0222584009170532,0.4799932539463043,0.3949064016342163,0.7833614945411682,0.1435418426990509,0.03021863102912903,-0.02590000629425049,0.025965263507021618,0.6796051193791048,0.6556047902232358,-0.3280929869246162,-0.4059659852122404,2.591861555443089,-1.7226947145276394
1771888918176197888,12.79019808769226,0.31767722964286804,-1.9180339574813843,1.0880845785140991,0.4993555247783661,0.3924463093280792,0.7724184393882751,0.1370123326778412,-0.03990718722343445,0.08854365348815918,0.03290641588906514,0.6798863969438722,0.6511249501973412,-0.33572017234067086,-0.4032897738122899,2.5676936770089336,-1.7345089980814412
1771888918186227968,12.800228118896484,0.2145533263683319,-1.868417501449585,1.0462558269500732,0.5180959105491638,0.38897860050201416,0.761756420135498,0.04376333951950073,0.03025674819946289,0.07994908094406128,0.039992598512655,0.6802067029177284,0.646681577611975,-0.3428155954406026,-0.39952261041818776,2.544324883930748,-1.745808213564327
1771888918196259072,12.810259103775024,0.0384770967066288,-1.8369230031967163,1.0115346908569336,0.5361460447311401,0.38459017872810364,0.751423716545105,0.029329359531402588,0.027610689401626587,0.08913707733154297,0.04729912374337286,0.6803388868618528,0.6425347085664818,-0.34935781622320994,-0.3947638136315692,2.5218589933521494,-1.7558239358657488
1771888918206289920,12.820290088653564,-0.1324610859155655,-1.8331071138381958,0.9210788011550903,0.5536065697669983,0.37881943583488464,0.741630494594574,0.04968017339706421,0.023325949907302856,0.0774461030960083,0.05512464022022921,0.6801977637146484,0.6388632498251586,-0.3551704983364334,-0.3885203347266533,2.500353144918001,-1.76392969471772
1771888918216321024,12.830321073532104,-0.019083399325609207,-1.8278164863586426,0.8446362018585205,0.5704596638679504,0.3731966018676758,0.7316424250602722,0.07741338014602661,0.01599419116973877,0.004212915897369385,0.06285720766825276,0.6797053040351297,0.6354698274706854,-0.3608710612585167,-0.38245216103588764,2.479354536053695,-1.7709486304204183
1771888918226351872,12.840352058410645,0.26622751355171204,-1.7844537496566772,0.7877153754234314,0.5867296457290649,0.36930587887763977,0.7206676602363586,0.11364889144897461,0.03798183798789978,-0.006876647472381592,0.06972274221945116,0.6790239043136054,0.6318705346877178,-0.36715803261782226,-0.37826197482848567,2.4582846287440914,-1.7786332044516828
1771888918236382976,12.850383043289185,0.584566593170166,-1.7605617046356201,0.7603543400764465,0.6021950840950012,0.36784234642982483,0.7085570693016052,0.09902256727218628,0.03729376196861267,-0.04168701171875,0.07523499182330474,0.6783330243546432,0.6278079705477406,-0.37424747935020775,-0.37668761126235595,2.437162840494046,-1.7880032740456608
1771888918246413824,12.860414028167725,0.6145325899124146,-1.7757751941680908,0.7878626585006714,0.6175081133842468,0.367500364780426,0.6954329013824463,0.0812070369720459,-0.0087662935256958,0.014741599559783936,0.08014171406947,0.677633894730041,0.6233207529192843,-0.38191721951625934,-0.376319886324634,2.415476295966842,-1.7986682909093978
1771888918256444928,12.870445013046265,0.4763518273830414,-1.7351223230361938,0.8466229438781738,0.6327117681503296,0.3661468029022217,0.6823579668998718,0.039468467235565186,0.001727372407913208,0.14404278993606567,0.08534873037169789,0.6770199415443809,0.6187269078061886,-0.38927705679975255,-0.3748648787319199,2.393928335025503,-1.809236008461716
1771888918266475008,12.880475044250488,0.2184222787618637,-1.6598650217056274,0.8559693098068237,0.6473388671875,0.3630627393722534,0.6701773405075073,-0.044494688510894775,0.06131464242935181,0.1448860764503479,0.09107369572926408,0.676478612118396,0.6143820824849597,-0.39574849280864816,-0.37155284121761384,2.3735272174497815,-1.8185352424495604
1771888918276505856,12.890506029129028,-0.014512705616652966,-1.6724252700805664,0.7697025537490845,0.6613873243331909,0.35832616686820984,0.6589150428771973,-0.05431646108627319,0.12456867098808289,0.07600921392440796,0.09750253411253706,0.675703006393624,0.610641441569206,-0.40129252464081666,-0.3664744027208505,2.3543219965595257,-1.8254920244525759
1771888918286536960,12.900537014007568,-0.17835873365402222,-1.6882524490356445,0.7256219387054443,0.6750677227973938,0.3526511788368225,0.6480128765106201,-0.006427586078643799,0.03109210729598999,0.12978863716125488,0.10449120161174884,0.6745340651581856,0.6074621177716085,-0.4062944146855489,-0.36040279705781825,2.3357489402143763,-1.830330076270901
1771888918296567808,12.910567998886108,-0.11870791018009186,-1.7309703826904297,0.689635694026947,0.6886144876480103,0.34676024317741394,0.6368419528007507,0.05184882879257202,-0.012287557125091553,0.02508443593978882,0.1117019317963297,0.6730900312977857,0.6044590820378373,-0.41121986447395664,-0.3541148272547009,2.3171541818433252,-1.8342998726218736
1771888918306598912,12.920598983764648,0.09424271434545517,-1.7802138328552246,0.6693658232688904,0.7020257115364075,0.34189265966415405,0.6247150897979736,0.06442314386367798,0.0019030570983886719,-0.08257043361663818,0.11848204794366848,0.671481899472905,0.6012234142281753,-0.41665855916029526,-0.3489301907396672,2.297989203371115,-1.8389492584943592
1771888918316630016,12.930630207061768,0.2496088743209839,-1.829413890838623,0.6738830804824829,0.7154899835586548,0.3382743299007416,0.6112644076347351,0.08547431230545044,0.020444512367248535,-0.007428467273712158,0.12470706750631029,0.6697907147811529,0.5975053179358453,-0.4228661968476696,-0.3450825172098991,2.2777987021599606,-1.845059184587999
1771888918326661120,12.940661191940308,0.3335196375846863,-1.8621947765350342,0.6754034757614136,0.7290287017822266,0.335163414478302,0.5968103408813477,0.06368058919906616,0.06325879693031311,0.07112783193588257,0.13068935438669405,0.6680569009485998,0.5933844904204615,-0.42955222453327907,-0.34177866192657336,2.256798814861811,-1.8521870822398798
1771888918336691968,12.950692176818848,0.3691977858543396,-1.834350347518921,0.6675357222557068,0.7421873211860657,0.33229872584342957,0.5820100903511047,0.007171809673309326,0.11588242650032043,0.07794785499572754,0.1364570289067047,0.6662506192076518,0.5891647920938721,-0.43631925588182296,-0.33873975666544426,2.2358175819732327,-1.8594975851428677
1771888918346722048,12.960722208023071,0.22681692242622375,-1.7624152898788452,0.6492147445678711,0.7547686696052551,0.3291115462779999,0.5674594044685364,-0.005638301372528076,0.11418682336807251,0.08567792177200317,0.14219627445751717,0.6644345361095421,0.5850268784659809,-0.442776048149648,-0.33536255327078524,2.215469016370681,-1.86635495879355
1771888918356753152,12.970753192901611,0.21782821416854858,-1.6785619258880615,0.6399760246276855,0.7665539979934692,0.3253939151763916,0.5536371469497681,0.008317947387695312,0.11555460095405579,0.05553954839706421,0.14795303739559856,0.6626340434307014,0.5811494583060366,-0.44865512216526865,-0.3314282935767437,2.196294076866787,-1.872250122412258
1771888918366784000,12.980784177780151,0.2315380722284317,-1.6420243978500366,0.6429688334465027,0.7777374386787415,0.32164937257766724,0.5400614142417908,0.048083484172821045,0.08583658933639526,-0.004508376121520996,0.15347710225919178,0.6609190627754383,0.577249249497906,-0.4543282235872275,-0.3274709085633913,2.177754457579855,-1.8781456331424855
1771888918376815104,12.990815162658691,0.2910626530647278,-1.6534088850021362,0.6453585028648376,0.7886165976524353,0.3179616928100586,0.5262930989265442,0.11362046003341675,0.053208380937576294,0.02145165205001831,0.15885551489850325,0.6592038038289999,0.5732337285607454,-0.46002004726315104,-0.3235788335653971,2.159280483510557,-1.8842415252057134
1771888918386845952,13.000846147537231,0.39349687099456787,-1.6451871395111084,0.5837391018867493,0.7992026805877686,0.31492552161216736,0.5119540691375732,0.09462666511535645,0.08451905846595764,0.04366421699523926,0.1638554427445836,0.6574010954151785,0.5690349928397559,-0.4660196859910338,-0.3203781824220746,2.1405215863854328,-1.8909526444935645
1771888918396877056,13.010877132415771,0.32585445046424866,-1.5931329727172852,0.5538429617881775,0.8092091679573059,0.3122138977050781,0.4976973831653595,0.05993133783340454,0.05134198069572449,0.14053183794021606,0.16859202721058855,0.6555052867554636,0.5649438141505317,-0.4719405825394645,-0.3175225298453515,2.1222025681776473,-1.8974441813474254
1771888918406908160,13.020908117294312,0.17018701136112213,-1.5626883506774902,0.5376229882240295,0.8187075853347778,0.3089562952518463,0.48400843143463135,0.04539775848388672,-0.003826230764389038,0.13296550512313843,0.17354171866923265,0.653512567720819,0.5611822695123653,-0.47736689475106675,-0.3140954339042855,2.1047097004320516,-1.9027152388695803
1771888918416939008,13.030939102172852,0.05079536885023117,-1.513765811920166,0.4999997019767761,0.8276749849319458,0.30517369508743286,0.47098150849342346,0.052864134311676025,0.033998727798461914,0.14907479286193848,0.17876535918993636,0.6513584428211943,0.5578735762036774,-0.48223681750827496,-0.3101208292173495,2.0881411798938987,-1.9064129142326658
1771888918426969088,13.040969133377075,-0.0360385924577713,-1.4630032777786255,0.47511354088783264,0.8360838294029236,0.30113521218299866,0.4585644006729126,0.07358407974243164,0.04632261395454407,0.13053163886070251,0.18408866717674596,0.6490992366799533,0.5549345703961991,-0.4866509293889166,-0.30588291325721656,2.0724618140387556,-1.9089179658128739
1771888918436999936,13.051000118255615,0.09567149728536606,-1.4556865692138672,0.475941002368927,0.8441464900970459,0.297193706035614,0.4461979866027832,0.0719149112701416,0.026063740253448486,0.014434337615966797,0.18925430623071907,0.6468614000703734,0.5519685898304517,-0.49100286953580446,-0.3017522201692068,2.0570447778105128,-1.9114715791594523
1771888918447031040,13.061031103134155,0.24342074990272522,-1.4591355323791504,0.5010955929756165,0.8520309925079346,0.29380539059638977,0.4332685172557831,0.09526515007019043,0.05278274416923523,0.014668464660644531,0.19393211824154769,0.6447599337658482,0.5485607367834504,-0.4957379071269683,-0.2982055034679065,2.0412308236716896,-1.9154322068674605
1771888918457061888,13.071062088012695,0.3890112340450287,-1.4718492031097412,0.5109261274337769,0.8597986698150635,0.2907865047454834,0.41974911093711853,0.10100144147872925,0.09469625353813171,0.026249974966049194,0.19820804309277287,0.642797670491606,0.54468863733809,-0.5008382749117584,-0.29504875454525004,2.024955125051787,-1.9207686978025207
1771888918467092992,13.081093072891235,0.5025008916854858,-1.49583899974823,0.5174892544746399,0.8674736022949219,0.288178414106369,0.40551549196243286,0.06853103637695312,0.08415129780769348,0.017076730728149414,0.20210329982642108,0.6409060829421622,0.5403675924657442,-0.5063561294818586,-0.292324007411623,2.008080687585561,-1.9274338347949058
1771888918477124096,13.091124057769775,0.4836962819099426,-1.4770472049713135,0.5071175694465637,0.8749020099639893,0.2856757938861847,0.39107009768486023,0.04157137870788574,0.09081956744194031,0.07101178169250488,0.20584828076429446,0.6389882379324143,0.5359375736266849,-0.5119486666128749,-0.2897115335454554,1.9911420811655,-1.9343678710877343
1771888918487154944,13.101155042648315,0.5069164037704468,-1.4429987668991089,0.5065172910690308,0.8820041418075562,0.283098429441452,0.37672775983810425,0.009292185306549072,0.051114797592163086,0.05546209216117859,0.20950222519482534,0.6370814395722132,0.5314989381287463,-0.5174407092760615,-0.28702315268221334,1.9744671542920065,-1.9412585354286334
1771888918497186048,13.111186027526855,0.44730550050735474,-1.400930643081665,0.4738844931125641,0.8886711001396179,0.2805636525154114,0.3626954257488251,0.01863187551498413,0.0541532039642334,0.05757740139961243,0.21300590022983823,0.6351787090175409,0.5271581615154003,-0.5227627286358277,-0.28438129747255525,1.9582936431798121,-1.9479294057035814
1771888918507215872,13.121216058731079,0.41949012875556946,-1.3420501947402954,0.48093360662460327,0.8949096202850342,0.2778235375881195,0.349214643239975,0.03761601448059082,0.017189860343933105,0.06728920340538025,0.21652468325497143,0.6332719930658984,0.5230429295012202,-0.5277402063581996,-0.28152770184793485,1.9428462754846332,-1.9539012235029407
1771888918517246976,13.13124704360962,0.4604594111442566,-1.3135032653808594,0.45937347412109375,0.9007885456085205,0.27510228753089905,0.33600395917892456,0.029371917247772217,0.05837854743003845,0.004724860191345215,0.21985412587593664,0.6314452367509035,0.5189208872442919,-0.5325994529035198,-0.27869608580714994,1.927821982121049,-1.9599549528307578
1771888918527277824,13.14127802848816,0.4953392744064331,-1.2800976037979126,0.4836668074131012,0.9063816666603088,0.2724185287952423,0.322893887758255,0.016744554042816162,0.03043791651725769,0.024945497512817383,0.22296804074165447,0.6297125678193061,0.5146931323636758,-0.5374368312793131,-0.27590574506324006,1.9130236837292183,-1.966357386814397
1771888918537308928,13.1513090133667,0.49743521213531494,-1.257054090499878,0.4736935496330261,0.9117213487625122,0.2696060240268707,0.30996254086494446,-0.010766148567199707,0.05903777480125427,0.05872035026550293,0.2259843929297561,0.6280564136509456,0.5104178759420984,-0.5421713733993504,-0.27298388538705304,1.898512485642797,-1.972838858486136
1771888918547340032,13.16133999824524,0.490302175283432,-1.2020843029022217,0.44747287034988403,0.91673344373703,0.26687511801719666,0.29728320240974426,-0.01348954439163208,0.06941330432891846,0.09695813059806824,0.22881044789227822,0.6264511479913663,0.5061625893778466,-0.5468126938536053,-0.27014909022345723,1.8843816992576048,-1.9793690964481805
1771888918557370880,13.17137098312378,0.373972088098526,-1.151010513305664,0.4258570373058319,0.9213497638702393,0.2640867531299591,0.2852590084075928,0.008078277111053467,0.039486825466156006,0.10652562975883484,0.2316406342250874,0.624819692615893,0.5022249109576574,-0.5511016962170405,-0.2672569252347967,1.8710460654386218,-1.9850591190776241
1771888918567402240,13.181402206420898,0.1842101514339447,-1.0943282842636108,0.35586997866630554,0.9255500435829163,0.2612760663032532,0.27402904629707336,-0.005277276039123535,0.025283992290496826,0.09358569979667664,0.2346851430287008,0.6229800295372266,0.4989092224894534,-0.5548949085145759,-0.2643439470703701,1.8586451720499997,-1.9890139238401765
1771888918577433088,13.191433191299438,0.15706294775009155,-1.0307750701904297,0.3650389611721039,0.9293704628944397,0.2583347260951996,0.2636926770210266,-0.0026736855506896973,-0.007236093282699585,0.06394398212432861,0.23785288465903642,0.6211029003178477,0.4960620234779703,-0.5581932628239549,-0.2612980172957471,1.847262890301529,-1.9916782805529099
1771888918587462912,13.201462984085083,0.37762221693992615,-1.034730076789856,0.3398902118206024,0.9329386353492737,0.25569748878479004,0.2534654438495636,0.06191927194595337,0.061822712421417236,-0.04458782076835632,0.24062214350916952,0.6193818349790371,0.4930505732177091,-0.5615767435943005,-0.25856912000691706,1.8360780203495377,-1.9951044697984759
1771888918597494016,13.211494207382202,0.6226189136505127,-1.016133189201355,0.3388252258300781,0.9363724589347839,0.25379493832588196,0.24247698485851288,0.07295078039169312,0.08791044354438782,-0.00891062617301941,0.24253649839133065,0.6179164947555408,0.48930328147124785,-0.5656303288026754,-0.2566016538708975,1.8241839734257572,-2.0011321314079162
1771888918607525120,13.221525192260742,0.6209901571273804,-0.9390389919281006,0.33505257964134216,0.9396034479141235,0.2521176338195801,0.23147830367088318,0.020998358726501465,0.07091093063354492,0.08733880519866943,0.2439253228205774,0.6167187309956527,0.4851774500438469,-0.5698783784916849,-0.2548679700795234,1.8123437669375224,-2.0085434445280197
1771888918617555968,13.231555938720703,0.5051562190055847,-0.8671344518661499,0.345187246799469,0.9425243735313416,0.25013262033462524,0.22154352068901062,-0.0013775229454040527,0.08360758423805237,0.11462283134460449,0.24540305914585467,0.615627613501222,0.481429538774861,-0.5735900987711807,-0.2528172414732501,1.8016588524727146,-2.0149172536295357
1771888918627587072,13.241587162017822,0.421546995639801,-0.7740563154220581,0.3192216753959656,0.9451685547828674,0.24797101318836212,0.2125246822834015,-0.000664830207824707,0.10343888401985168,0.0976865142583847,0.24693087382457446,0.6146153600452405,0.4780275121412621,-0.5768559531934875,-0.2505852950542656,1.7919715528077693,-2.0203942414137845
1771888918637618176,13.251618146896362,0.4072580635547638,-0.7491216659545898,0.3283720314502716,0.9475658535957336,0.24575768411159515,0.20426082611083984,0.03627520799636841,0.043304890394210815,0.046135932207107544,0.24843109906888258,0.6136826387633146,0.47489370604130643,-0.579785934038196,-0.24830126434023478,1.7831112435257388,-2.0252583864342624
1771888918647649024,13.261649131774902,0.3419606387615204,-0.6994140148162842,0.3097861111164093,0.949819028377533,0.24347199499607086,0.19637981057167053,0.02811664342880249,0.0005312561988830566,0.08749470114707947,0.24993824389620214,0.612783202348656,0.47189686938516123,-0.5825297320593223,-0.24594397173434207,1.7746785468285857,-2.0297605022964196
1771888918657680128,13.271680116653442,0.31581372022628784,-0.6538926362991333,0.2774886190891266,0.9518494009971619,0.2412819266319275,0.18911905586719513,0.042169272899627686,0.006276711821556091,0.08808735013008118,0.25139195343490484,0.6119144940906971,0.4691696669293465,-0.5850151026604536,-0.24368658365034043,1.7669280044971638,-2.0337105066273318
1771888918667709952,13.281710147857666,0.34894779324531555,-0.6321171522140503,0.2570240795612335,0.9536953568458557,0.2393578141927719,0.18213491141796112,0.04458039999008179,-0.002770259976387024,0.06665968894958496,0.2526880362811892,0.6110449150512949,0.46657428797967193,-0.5874362349535805,-0.2417043773172736,1.7595021111941438,-2.037556216141831
1771888918677741056,13.291741132736206,0.37105682492256165,-0.6150750517845154,0.23751936852931976,0.9554194808006287,0.23761555552482605,0.17524956166744232,0.027338027954101562,0.0060214996337890625,0.05706547200679779,0.2537636974500712,0.6102470094711211,0.4639217237563606,-0.589897614902572,-0.23991036719824013,1.7522065433221052,-2.0417733568509284
1771888918687772160,13.301772117614746,0.3630147874355316,-0.5713803172111511,0.21537651121616364,0.956982433795929,0.23607634007930756,0.16867965459823608,0.002917468547821045,0.056922927498817444,0.08507406711578369,0.2546946005568175,0.6094765984747156,0.4613871530273574,-0.5922760725302627,-0.23832607189708638,1.7452662485886048,-2.045904770911956
1771888918697803008,13.311803102493286,0.3374023735523224,-0.5234375596046448,0.20625998079776764,0.9583861827850342,0.2346336990594864,0.162611722946167,-0.020764291286468506,0.06539979577064514,0.06860467791557312,0.2555024991647086,0.608793984652009,0.4589942736024544,-0.5944850468207966,-0.23684172682776292,1.7388680985472418,-2.0498654685794797
1771888918707834112,13.321834087371826,0.3168211877346039,-0.4917965531349182,0.21105286478996277,0.9596911668777466,0.23314973711967468,0.1569528877735138,-0.021107792854309082,0.06256560981273651,0.038710594177246094,0.2562873233644678,0.6081807702996628,0.4567193790967187,-0.5965236067791108,-0.2353154351449566,1.732906373270092,-2.05357564237752
1771888918717864960,13.331865072250366,0.35844454169273376,-0.45010873675346375,0.21562178432941437,0.9609178900718689,0.2316105216741562,0.15163549780845642,-0.023768842220306396,0.05136370658874512,0.03145468235015869,0.25701006087668166,0.60766756633996,0.4544863858023164,-0.5984380363039895,-0.23373289800227448,1.7273084554128353,-2.0572428240274085
1771888918727896064,13.341896057128906,0.3994726836681366,-0.430736780166626,0.20309214293956757,0.9620512127876282,0.2301725298166275,0.14655350148677826,0.0014954805374145508,0.036718934774398804,-0.015724673867225647,0.25747157078891625,0.6073184633114671,0.4521515595110585,-0.6003595407072496,-0.2322549671178589,1.7219685238672724,-2.0614313041629786
1771888918737925888,13.35192608833313,0.5533072352409363,-0.446837455034256,0.21035805344581604,0.9631813764572144,0.2288280576467514,0.14113666117191315,0.031508564949035645,0.01242867112159729,0.015815258026123047,0.25766469500286876,0.6070619740708315,0.4494931521746252,-0.6025285650534103,-0.23087362031146733,1.7162926429183978,-2.066616221584781
1771888918747956992,13.36195707321167,0.6358065605163574,-0.3801518976688385,0.17799532413482666,0.9642009139060974,0.2277921736240387,0.13574647903442383,-0.028760969638824463,0.05184035003185272,0.11178158223628998,0.25734821332484825,0.6070197954607257,0.44654250584401606,-0.6048954824182327,-0.22980963700681664,1.7106635797462824,-2.073046835740572
1771888918757988096,13.37198805809021,0.5935496091842651,-0.3291699290275574,0.1855887919664383,0.9650740027427673,0.22690972685813904,0.13093581795692444,-0.025468289852142334,0.021274462342262268,0.13638293743133545,0.2567917180009926,0.6071398874284143,0.44367675657545114,-0.6071162238125265,-0.2289034620857167,1.7056473047857608,-2.0795900814356783
1771888918768018944,13.38201904296875,0.4220319390296936,-0.30431291460990906,0.1702612340450287,0.9658911824226379,0.22584284842014313,0.1266850233078003,-0.021860480308532715,0.02925357222557068,0.11791335046291351,0.2564783797416511,0.6072267862216556,0.44115546528968197,-0.6089961120784739,-0.22780814476954314,1.701210602119076,-2.0850789978897946
1771888918778050048,13.39205002784729,0.2320537567138672,-0.3374767303466797,0.18511714041233063,0.966677188873291,0.22457727789878845,0.12288396060466766,-0.028337836265563965,0.0003373175859451294,0.029627695679664612,0.2567306769633318,0.6070470795951783,0.4392446035502832,-0.6104485909792023,-0.22650921695516568,1.6972381093772333,-2.088573692265398
1771888918788080896,13.40208101272583,0.23189307749271393,-0.35424134135246277,0.2179429978132248,0.9675615429878235,0.22284987568855286,0.11900776624679565,-0.038270652294158936,0.028523460030555725,0.024379029870033264,0.2574606025367087,0.6067120403893206,0.43749786728308265,-0.6117272965134968,-0.2247368939621005,1.6931792621008521,-2.0910735258203874
1771888918798112000,13.41211199760437,0.4877999424934387,-0.36243537068367004,0.2197001576423645,0.9684703946113586,0.22112129628658295,0.11476211249828339,-0.011210322380065918,0.10300587117671967,0.015410654246807098,0.2578221915753757,0.6065721539389264,0.4352600111870143,-0.6133079107831922,-0.22296407360474207,1.6887446254850333,-2.0950223122040454
1771888918808142848,13.42214298248291,0.7022767066955566,-0.4231821596622467,0.1962728649377823,0.9693724513053894,0.21975195407867432,0.10966318100690842,0.05849003791809082,0.08899438381195068,0.06378351897001266,0.25753149948775367,0.6065796514290271,0.4323109048109845,-0.6155045796430534,-0.2215601969712496,1.6834454138742723,-2.101263989625388
1771888918818172928,13.432173013687134,0.8263680338859558,-0.42308497428894043,0.1714114546775818,0.9702420830726624,0.21877728402614594,0.10376229137182236,0.027316391468048096,0.04516921937465668,0.12553153932094574,0.25666292318876666,0.6066560044464299,0.42877691057469014,-0.6182579834068458,-0.2205612275152623,1.6773361304973176,-2.109444287691206
1771888918828204032,13.442203998565674,0.7318570017814636,-0.3683623671531677,0.15100285410881042,0.9709904789924622,0.21802926063537598,0.0981869176030159,-0.029599547386169434,-0.00457407534122467,0.18255949020385742,0.255593191472108,0.6067882339341958,0.42532516698384065,-0.6209497831804696,-0.21979469096744397,1.671574133625831,-2.1177087576263594
1771888918838234880,13.452234983444214,0.5958650708198547,-0.326732873916626,0.13456422090530396,0.9716300964355469,0.21730084717273712,0.093354232609272,-0.017955899238586426,0.013671383261680603,0.1296834945678711,0.2547589754070964,0.6068453086476612,0.4223930476481692,-0.6232340165847231,-0.2190483926267677,1.6665823127908277,-2.1246058260064378
1771888918848265984,13.462265968322754,0.48251277208328247,-0.2887418270111084,0.12827330827713013,0.9721977114677429,0.21652014553546906,0.0891660749912262,-0.017272233963012695,0.03228963911533356,0.048452965915203094,0.2541699837794029,0.6068483785981098,0.41990247023483634,-0.6251516332391851,-0.21824864361899432,1.6622564428507898,-2.1302808758681464
1771888918858296832,13.472296953201294,0.34490272402763367,-0.2204357385635376,0.15700827538967133,0.9727198481559753,0.21552248299121857,0.08582720160484314,-0.02884155511856079,-0.0026623308658599854,0.02855265885591507,0.25390699750807555,0.6068610437823657,0.41789146284289463,-0.6265921507716282,-0.2172268628157916,1.6588026586330193,-2.1345395621625873
1771888918868327936,13.482327938079834,0.3077850043773651,-0.15402714908123016,0.14704832434654236,0.9732204675674438,0.2142655998468399,0.08326121419668198,-0.0456843376159668,0.0021803677082061768,0.004080064594745636,0.25378335950053316,0.6070206389006575,0.41612083541237394,-0.6276651316481674,-0.2159399100196057,1.6561407753975466,-2.138093872849041
1771888918878359040,13.492359161376953,0.27553224563598633,-0.10281030088663101,0.13364863395690918,0.9736168384552002,0.21316717565059662,0.08142472058534622,-0.030822038650512695,-0.009920120239257812,-0.001346588134765625,0.2536115441479689,0.6072696556884897,0.4146515726052601,-0.6284654442940133,-0.21481550705879293,1.6542333415296067,-2.1411142744528924
1771888918888390144,13.502390146255493,0.27867889404296875,-0.05611469969153404,0.09974925220012665,0.9739319086074829,0.212251678109169,0.08003683388233185,-0.00989687442779541,-0.024080291390419006,0.00736546516418457,0.25328455853040044,0.6076202491489358,0.4132989836835,-0.6291490563801945,-0.21387856418330184,1.6527911623219604,-2.1441123349170845
1771888918898419968,13.512419939041138,0.3311766982078552,-0.027708625420928,0.06389697641134262,0.9741371870040894,0.21169748902320862,0.07899769395589828,0.0008687973022460938,-0.0023164302110671997,0.011853091418743134,0.2527091369319016,0.6080407821746171,0.4120500619056619,-0.6297928992565284,-0.21331148298886007,1.6517142939218907,-2.1472559780651883
1771888918908451072,13.522451162338257,0.24130769073963165,0.003444099333137274,0.015626385807991028,0.9742264747619629,0.21156631410121918,0.07824555784463882,-0.002790987491607666,0.007397279143333435,0.018296830356121063,0.25194312334291125,0.6084570088459786,0.41097791491460745,-0.6303981449228664,-0.21317727120601376,1.6509398709019885,-2.150337557987574
1771888918918482176,13.532482147216797,0.16966067254543304,0.015863219276070595,0.02027786150574684,0.9742668271064758,0.2115069031715393,0.07790235430002213,0.006110250949859619,-0.010945424437522888,0.024224750697612762,0.2513725323735411,0.6087896322163755,0.4102759557854022,-0.6307619105625161,-0.2131164923002569,1.6505865425292576,-2.1524425973446646
1771888918928513024,13.542513132095337,0.11796348541975021,0.04235780984163284,0.03683207184076309,0.9742969274520874,0.21136565506458282,0.07791070640087128,-0.005348563194274902,0.002425253391265869,0.036179304122924805,0.25099091493414183,0.6090987201150144,0.40982203679323653,-0.6309106131991047,-0.21297197152878938,1.6505926088665686,-2.153803884413344
1771888918938544128,13.552544116973877,0.24100765585899353,0.03895695134997368,0.06584587693214417,0.9743772745132446,0.210988387465477,0.07792840898036957,-0.007855117321014404,0.00828041136264801,0.03501713275909424,0.2505424851268522,0.6095516164619444,0.4091589316435535,-0.63108184019595,-0.21258600151351745,1.6506041067046102,-2.155632293432546
1771888918948574976,13.562575101852417,0.28604188561439514,0.05248008668422699,0.0456085205078125,0.9744573831558228,0.21066617965698242,0.07779783010482788,-0.02371281385421753,0.04499480128288269,0.0594855472445488,0.24980765127119275,0.6101379097916885,0.40820417009894805,-0.6314247218046997,-0.21225637589489904,1.6504644222976996,-2.158404684268391
1771888918958606080,13.572606086730957,0.2878949046134949,0.05885676294565201,0.023678719997406006,0.9744955897331238,0.21051837503910065,0.07771844416856766,-0.00710374116897583,0.04828590154647827,0.05932080000638962,0.24890813469866357,0.6107653623071083,0.4072160291093943,-0.6318112221410268,-0.2121051926752288,1.65038036652602,-2.161469448041068
1771888918968636928,13.582637071609497,0.1951790153980255,0.031196899712085724,0.027286238968372345,0.9745107293128967,0.21047282218933105,0.07765228301286697,0.038977980613708496,-0.008705899119377136,0.04377710074186325,0.2481540973073619,0.6112572323363814,0.40643663590987733,-0.6321339560765595,-0.21205859235088562,1.6503116743668604,-2.1639500742933166
1771888918978667008,13.59266710281372,0.160364031791687,0.023305155336856842,0.01871884986758232,0.9745410680770874,0.2103864997625351,0.07750766724348068,0.0396648645401001,0.013032719492912292,0.032966017723083496,0.2476527826589183,0.6115877207409094,0.4058500878717155,-0.632387809414535,-0.21197028567464699,1.6501617501993975,-2.1657272645062915
1771888918988698112,13.60269808769226,0.12477283924818039,0.04543003439903259,0.02062487229704857,0.9745559692382812,0.21031776070594788,0.07750710844993591,0.0078660249710083,0.016458407044410706,0.015449412167072296,0.24719369110844572,0.6119106491010247,0.4053626913468202,-0.632567675144747,-0.21189998502059648,1.6501599670307423,-2.167255734406638
1771888918998728960,13.6127290725708,0.1049080491065979,0.05761319398880005,0.02051408588886261,0.9745584726333618,0.21020349860191345,0.07778392732143402,-0.013697266578674316,-0.005964592099189758,0.006871819496154785,0.24680785087291016,0.6122582505471755,0.4050083939747374,-0.6326088394243049,-0.21178309968573147,1.6504420225625525,-2.1684202043825276
1771888919008760064,13.62276005744934,0.09934648871421814,0.09884598851203918,0.01073735486716032,0.974528968334198,0.2101306915283203,0.07834813743829727,-0.034099280834198,0.011152282357215881,-0.013254165649414062,0.24640241445917904,0.612656089343066,0.40475496747926343,-0.6325438941413377,-0.21170862959700718,1.651019686380968,-2.169412257053947
1771888919018790912,13.63279104232788,0.13086046278476715,0.12103623896837234,0.006862988695502281,0.9744042754173279,0.21025830507278442,0.07954635471105576,-0.039299964904785156,-0.009620502591133118,-0.020098097622394562,0.24573986175232837,0.6132566584639237,0.40458552552287996,-0.6323279997858451,-0.21183915758875957,1.6522515778583617,-2.1705788580232137
1771888919028822016,13.642822027206421,0.044980891048908234,0.14401985704898834,-0.037510067224502563,0.9740921258926392,0.21101336181163788,0.0813499167561531,-0.028047263622283936,-0.0018611550331115723,-0.01877356320619583,0.24485166095992167,0.6138569473336652,0.40478958242721214,-0.6319593784075372,-0.21261154671617777,1.6541165555830568,-2.1713635775506255
1771888919038852864,13.652853012084961,0.011402691714465618,0.14385740458965302,-0.04115433618426323,0.9737305641174316,0.21191565692424774,0.08330968022346497,0.003671109676361084,-0.02150125801563263,-0.023373134434223175,0.24413750349947344,0.6143138763835195,0.4053064277164345,-0.6314602085041281,-0.2135347144828787,1.656145698683202,-2.1713280649857727
1771888919048883968,13.662883996963501,0.07448773831129074,0.14626862108707428,-0.0529116615653038,0.97352135181427,0.2122686356306076,0.08484296500682831,-0.00817406177520752,0.006878107786178589,-0.04735207557678223,0.24357297030101338,0.6148215377810894,0.405482377127212,-0.6310711339349276,-0.21389591215696083,1.6577272775986742,-2.17171105087718
1771888919058914048,13.672914028167725,0.15491414070129395,0.14301450550556183,-0.04749638959765434,0.9732753038406372,0.2128661423921585,0.08615780621767044,-0.011910617351531982,0.021661430597305298,-0.06568051129579544,0.24275037209997055,0.6153514111048264,0.4054892637327843,-0.6308671456438013,-0.21450739682847705,1.659089740676238,-2.1727814888235635
1771888919068944896,13.682945013046265,0.19965942203998566,0.14662988483905792,-0.04193544387817383,0.9730468392372131,0.21347929537296295,0.08721714466810226,-0.019769132137298584,0.009970471262931824,-0.02383207529783249,0.24171356843750774,0.6159638508004369,0.4052124222968888,-0.6308455810030326,-0.21513497232872886,1.6601904776850853,-2.1746821066280657
1771888919078976000,13.692975997924805,0.18816494941711426,0.1615569144487381,-0.03663894906640053,0.9728320240974426,0.21401558816432953,0.08829116821289062,-0.025429069995880127,0.005512624979019165,0.017803192138671875,0.2406948463021983,0.616599312129147,0.4049084756759343,-0.6308093948847676,-0.2156839565220157,1.661305217708268,-2.176601000762112
1771888919089006848,13.703006982803345,0.20073853433132172,0.13818034529685974,-0.04323027282953262,0.9726086854934692,0.21464508771896362,0.08921919018030167,-0.009046554565429688,0.007843360304832458,0.01664627343416214,0.23964925936301748,0.6171852910687543,0.404588569989381,-0.6308397327144639,-0.21632844074398788,1.6622721609285838,-2.178596581143055
1771888919099037952,13.713037967681885,0.2177066057920456,0.1073441281914711,-0.0468047671020031,0.9724222421646118,0.21522760391235352,0.08984561264514923,0.015920162200927734,0.018384486436843872,0.011747367680072784,0.23865001316285217,0.6177032520900048,0.40418497869996917,-0.6309702441112685,-0.2169248970506356,1.6629283746224375,-2.1806960722423363
1771888919109068800,13.723068952560425,0.26261627674102783,0.06667286902666092,-0.04725190997123718,0.9722651243209839,0.21587730944156647,0.08998743444681168,0.043329477310180664,0.02290751039981842,0.011468298733234406,0.23760122252209598,0.6181317291453547,0.4036172484771753,-0.6313097693937986,-0.21759024202119412,1.6630878164264458,-2.1831950184746205
1771888919119099904,13.733099937438965,0.24324604868888855,0.031088244169950485,-0.040167637169361115,0.9721719622612,0.21639257669448853,0.08975621312856674,0.0656089186668396,0.017097458243370056,-0.0021402761340141296,0.23666211683725097,0.6184732259074633,0.40295034089160686,-0.6317539609445788,-0.21811798305291857,1.662860784402127,-2.185741096137689
1771888919129131008,13.743131160736084,0.2562205195426941,-0.026639632880687714,-0.028035074472427368,0.9721230864524841,0.2169317603111267,0.0889788269996643,0.0870351791381836,0.002382799983024597,-0.005665905773639679,0.23580225253573317,0.6186473610576539,0.40220001979154824,-0.632382664724881,-0.21867027778314663,1.6620724086992666,-2.1883641835196808
1771888919139160832,13.753160953521729,0.2944142520427704,-0.042241763323545456,-0.013078495860099792,0.9721198081970215,0.21746563911437988,0.08770357817411423,0.055315494537353516,0.016237974166870117,0.019748806953430176,0.23498328774958496,0.618698976887627,0.4013270055862235,-0.6331912211485248,-0.21921721054095525,1.660771637707753,-2.1911856366494673
1771888919149191936,13.763191938400269,0.30093133449554443,-0.034420859068632126,0.005592393688857555,0.9721508622169495,0.21778520941734314,0.08655766397714615,0.01869380474090576,0.033069267868995667,0.03482603281736374,0.23411874624983411,0.618890156381597,0.4003171343238892,-0.6339633474615979,-0.21954463004005004,1.6595994352841272,-2.194301399996595
1771888919159223040,13.773223161697388,0.2809155583381653,-0.038088828325271606,0.01588284969329834,0.9721865653991699,0.21796849370002747,0.08569096028804779,0.030209004878997803,0.01735253632068634,0.005892269313335419,0.23329032613571815,0.6191665927232435,0.3993472304350801,-0.6346101928807898,-0.21973242874646262,1.6587116292214623,-2.197269945935655
1771888919169254144,13.783254146575928,0.25429344177246094,-0.042709145694971085,0.025513906031847,0.9722568392753601,0.21800348162651062,0.08479885011911392,0.041262269020080566,0.006849989295005798,-0.017751701176166534,0.23259500828268465,0.6194127229192491,0.39840595549350827,-0.6352165218021276,-0.21976827336539134,1.6577947412889245,-2.199997361586552
1771888919179284992,13.793285131454468,0.2282133847475052,-0.035860560834407806,0.03009001538157463,0.9723278880119324,0.21800221502780914,0.08398350328207016,0.032112300395965576,-0.02661128342151642,-0.0074302032589912415,0.23198192433828657,0.6196352175175965,0.39754741671155436,-0.635761340286028,-0.21976698319896965,1.6569561350720048,-2.2024533233928576
1771888919189316096,13.803316116333008,0.22895897924900055,-0.01588166132569313,0.028305165469646454,0.972396969795227,0.21795031428337097,0.08331752568483353,0.006164431571960449,-0.027352795004844666,-0.01793360710144043,0.23140111299019983,0.6198862589063903,0.3967364211072035,-0.6362348315431322,-0.2197138075072268,1.656270190319735,-2.2047658449388567
1771888919199346944,13.813347101211548,0.19075806438922882,-5.6891702115535736e-05,-0.009945286437869072,0.9724215865135193,0.21805427968502045,0.0827573761343956,-0.009820878505706787,-0.03151556849479675,-0.03411233425140381,0.23076764897780438,0.6201261945014658,0.3960078185670125,-0.6366849063364874,-0.21982032357711978,1.6556961773646308,-2.2069990973477474
1771888919209377024,13.823377132415771,0.13706181943416595,0.0013328786008059978,-0.017968058586120605,0.9724065661430359,0.21826380491256714,0.08237951993942261,0.004674732685089111,-0.04878443479537964,-0.015149354934692383,0.23024162208170024,0.6202918390735354,0.3955095357211831,-0.6370235894426223,-0.22003503121786824,1.6553116762979254,-2.208658257295893
1771888919219408128,13.833408117294312,0.04158350080251694,0.007684784010052681,-0.03928133472800255,0.9723248481750488,0.21863144636154175,0.082370825111866,0.013820290565490723,-0.031055107712745667,0.003032572567462921,0.2298521000413587,0.6203823785420053,0.395362008938061,-0.6371677310077866,-0.22041176322521022,1.655309874342413,-2.209476040138291
1771888919229438976,13.843439102172852,0.08110720664262772,-0.0018814236391335726,-0.02502277120947838,0.9721999764442444,0.2191440463066101,0.08248205482959747,0.008345186710357666,0.004229426383972168,-0.030647985637187958,0.2294868155699669,0.620422986701877,0.39536861847134924,-0.6372557272755932,-0.22093710136891884,1.6554342678327765,-2.2099786349153208
1771888919239470080,13.853470087051392,0.09287278354167938,-0.003940047230571508,-0.019829608500003815,0.9721353054046631,0.21950137615203857,0.08229335397481918,-0.005140066146850586,0.01394285261631012,-0.04117095470428467,0.22909555890349123,0.6204822579508924,0.39515622575083914,-0.63747045394434,-0.22130335467500858,1.6552471448660304,-2.2109272447335604
1771888919249500928,13.863501071929932,0.0707741379737854,-0.0015278887003660202,0.008916019462049007,0.9721323847770691,0.21962663531303406,0.08199407160282135,-0.02010589838027954,-0.027976185083389282,-0.02387332171201706,0.2288489503837368,0.6205237110285007,0.3949017074712023,-0.6376764377026903,-0.22143173781285852,1.6549417178406278,-2.2117517955231762
1771888919259532032,13.873532056808472,0.08163636922836304,0.014096610248088837,0.00877726823091507,0.9721959829330444,0.21940414607524872,0.08183499425649643,-0.029935240745544434,-0.01608075201511383,-0.011141061782836914,0.2287077185598181,0.6206692720256423,0.394572110278539,-0.6377894357228071,-0.22120368800929335,1.6547737647078256,-2.2125444762766113
1771888919269562880,13.883563041687012,0.13087840378284454,0.010931575670838356,0.006330622360110283,0.9722542762756348,0.2192307412624359,0.0816064327955246,-0.007868289947509766,0.00806419551372528,-0.010591983795166016,0.22846151417345711,0.6208454942751936,0.39414982926876274,-0.6379672204677479,-0.2210259588462762,1.6545353199936528,-2.2136553763961344
1771888919279593984,13.893594026565552,0.11767472326755524,-0.0019027290400117636,-0.0112539641559124,0.9723049402236938,0.21917983889579773,0.08113930374383926,0.018921375274658203,-0.007906600832939148,-0.016381017863750458,0.22813929290129437,0.6209701575915434,0.3936568487712342,-0.6382655699249331,-0.22097379194968006,1.6540538850933941,-2.215018842410306
1771888919289624064,13.903624057769775,0.05489397421479225,-0.012542590498924255,0.004694376140832901,0.9724130630493164,0.21883700788021088,0.08076842129230499,0.025878071784973145,-0.0639449805021286,-0.0010260269045829773,0.2280566692114122,0.6210843211696532,0.3932409918440593,-0.6384403713366781,-0.2206224278753127,1.653665893545879,-2.2158954370446113
1771888919299654912,13.913655042648315,0.06320570409297943,-0.028729550540447235,0.004635786637663841,0.9725094437599182,0.21850524842739105,0.08050445467233658,0.022531449794769287,-0.02812132239341736,-0.0025167465209960938,0.2280643028010529,0.6211598952797707,0.3929537016842642,-0.6385409345623787,-0.22028244418930354,1.653388139807676,-2.2164085063408496
1771888919309686016,13.923686027526855,0.13388973474502563,-0.037931568920612335,0.016986995935440063,0.9725766777992249,0.21851564943790436,0.07965859025716782,0.024814069271087646,0.012105688452720642,-0.004402279853820801,0.2278674436554333,0.6211039481397344,0.3925037318577426,-0.638942197097399,-0.22029310670714114,1.6525185969831688,-2.2175478954813075
1771888919319716864,13.933717012405396,0.1388016641139984,-0.04800044745206833,0.02623428776860237,0.9726482629776001,0.21862728893756866,0.07846983522176743,0.018028616905212402,0.0047461241483688354,-0.0012298822402954102,0.22758264816590007,0.6209901053119414,0.3919262761122555,-0.6395085857036497,-0.22040750882201673,1.6512984509644204,-2.2190646095273623
1771888919329747968,13.943747997283936,0.1552623063325882,-0.03409754857420921,0.047920409590005875,0.9728367328643799,0.2181437611579895,0.07747459411621094,-0.007794499397277832,0.01058553159236908,0.004007346928119659,0.22744442804372755,0.6210646981876566,0.39117251605343156,-0.6399467728712289,-0.21991202581499913,1.650266423267146,-2.2206609798686
1771888919339778816,13.953778982162476,0.16736717522144318,-0.024848125874996185,0.07496187835931778,0.9730185270309448,0.21756774187088013,0.0768069177865982,-0.008540987968444824,0.014732062816619873,-0.008249163627624512,0.2272221171114992,0.621293964006337,0.3903809259700843,-0.6402864134493501,-0.2193218276043244,1.6495697287851536,-2.2224143127207725
1771888919349809920,13.963809967041016,0.13550439476966858,-0.03747723251581192,0.09332037717103958,0.9732015132904053,0.2169872522354126,0.07612601667642593,0.02103060483932495,-0.0025860369205474854,-0.010284312069416046,0.2270320905405994,0.6215013109896501,0.38961407762196903,-0.6406194870628876,-0.2187271312902736,1.6488596271967286,-2.2240779363750103
1771888919359840768,13.973840951919556,0.049273375421762466,-0.057905275374650955,0.08222591876983643,0.973462700843811,0.21608781814575195,0.07534082233905792,0.02696448564529419,-0.007637545466423035,-0.0231252983212471,0.22718437796376093,0.621605459085184,0.38894352191675163,-0.6408718703419577,-0.21780584126781763,1.6480370163657152,-2.2250902015438974
1771888919369870848,13.98387098312378,0.01856197975575924,-0.07532994449138641,0.09182208776473999,0.9738895297050476,0.21438869833946228,0.07467688620090485,0.03396868705749512,-0.009753093123435974,-0.03332556039094925,0.22781787947865395,0.6217613322132935,0.3882670346978879,-0.6409060581007785,-0.21606592749784356,1.6473255844325991,-2.2254092478021725
1771888919379901952,13.99390196800232,0.06583468616008759,-0.08157611638307571,0.06763125956058502,0.974206805229187,0.21323411166667938,0.07384014129638672,0.02800571918487549,0.012138202786445618,-0.03882122039794922,0.22823284841241162,0.6217955888178033,0.3876729492846678,-0.6410848069371066,-0.21488402186033606,1.646446817751604,-2.225912058009786
1771888919389932800,14.00393295288086,0.0764426738023758,-0.06108482554554939,0.0479142852127552,0.9743504524230957,0.2128724902868271,0.07298295944929123,0.010238170623779297,0.007250800728797913,-0.01239025592803955,0.22828590226208187,0.6217282332866217,0.38722794914392283,-0.641400076147908,-0.21451389575443167,1.6455609315379842,-2.2266778167020256
1771888919399963904,14.0139639377594,0.08225822448730469,-0.020185597240924835,0.020705565810203552,0.9744340777397156,0.21267201006412506,0.07244929671287537,-0.002586543560028076,-0.03106190264225006,0.011351943016052246,0.2281894398440297,0.6217543331587473,0.38684130585766635,-0.6416423789648257,-0.21430871222179543,1.645009902576676,-2.227530437005309
1771888919409995008,14.023995161056519,0.08289667218923569,0.021294603124260902,0.0069045331329107285,0.9744147062301636,0.2127743512392044,0.07240832597017288,-0.0030249953269958496,-0.047903165221214294,0.002191893756389618,0.22789140904914043,0.6218847201432096,0.38660516937060035,-0.6417642082949335,-0.21441345458404057,1.6449695575552934,-2.2283715383516243
1771888919420026112,14.034026145935059,0.11899156123399734,0.038331642746925354,-0.024148456752300262,0.974323570728302,0.21317803859710693,0.07244744896888733,-0.003910422325134277,-0.02522030472755432,-0.04168570786714554,0.22741645082926099,0.6220188140161745,0.38641469918989385,-0.6419174335055639,-0.21482662506923275,1.6450164063012158,-2.2293816072291595
1771888919430056960,14.044057130813599,0.17232073843479156,0.05777231976389885,-0.024300258606672287,0.9742476940155029,0.21350820362567902,0.07249563187360764,-0.015629589557647705,-0.026054024696350098,-0.060303814709186554,0.22678911821270828,0.6222754453170616,0.386032491721883,-0.6421205727314329,-0.21516457397246513,1.6450713476778995,-2.2309414747667895
1771888919440088064,14.054088115692139,0.09849551320075989,0.07324821501970291,-0.023138321936130524,0.9741834402084351,0.21376203000545502,0.07261277735233307,-0.014359831809997559,-0.04133769869804382,-0.035686492919921875,0.22620946617977164,0.6225479006732983,0.38566889798279314,-0.6422795395057417,-0.21542438973718192,1.6451958115126806,-2.2323944388038806
1771888919450118144,14.064118146896362,-0.01819230616092682,0.07145816832780838,-0.02123415842652321,0.9741486310958862,0.2138323336839676,0.07287320494651794,0.0019257068634033203,-0.04124012589454651,0.002306826412677765,0.22596332934199748,0.622722753630846,0.38555540887850953,-0.6422648212010572,-0.21549636425407384,1.6454643205226178,-2.2329227375027956
1771888919460148992,14.074149131774902,-0.14400403201580048,0.039913028478622437,-0.0033449081238359213,0.9740957021713257,0.21396006643772125,0.0732024610042572,0.01679474115371704,-0.025391966104507446,0.0030456706881523132,0.22611627866385395,0.6226496504324494,0.385886826302421,-0.6420827016551796,-0.215627120462877,1.6458044824383753,-2.232101938366233
1771888919470180096,14.084180116653442,-0.14296753704547882,-0.017423365265130997,0.017336666584014893,0.9741083979606628,0.21381531655788422,0.07345696538686752,0.007886230945587158,0.012045294046401978,-0.001984834671020508,0.22658350836886718,0.6224795408086036,0.3863259014812683,-0.6418188739860161,-0.21547893670809942,1.6460633051034725,-2.2306492394665507
1771888919480210944,14.094211101531982,-0.052642691880464554,-0.04999435693025589,0.03985209763050079,0.9742468595504761,0.2131860852241516,0.07344941794872284,-0.010867953300476074,0.04064388573169708,0.016836881637573242,0.22715318460343137,0.6223845162772398,0.3864740922413865,-0.6416204120980672,-0.21483485519673395,1.6460449505930441,-2.2295740498835412
1771888919490242048,14.104242086410522,0.07129789143800735,-0.09214886277914047,0.0713018923997879,0.9745003581047058,0.21226266026496887,0.07275878638029099,-0.01153331995010376,0.027346134185791016,0.019633181393146515,0.22755708800377777,0.6223624550571989,0.38606264696868553,-0.6417464170992366,-0.21388980734118493,1.6453207115031927,-2.229762208720976
1771888919500272896,14.114273071289062,0.0970996618270874,-0.14050175249576569,0.08321288228034973,0.9748160243034363,0.21138806641101837,0.07105596363544464,-0.006951034069061279,-0.0022511035203933716,0.025135397911071777,0.2278619493517484,0.6221669298988156,0.385274310610271,-0.6423013338219498,-0.21299490294146323,1.6435593102037327,-2.2308268423646367
1771888919510304000,14.124304056167603,0.08924449235200882,-0.18017886579036713,0.09549431502819061,0.9751875996589661,0.21042825281620026,0.06876901537179947,-0.014646828174591064,-0.017938613891601562,0.014666080474853516,0.22828124754841117,0.6218112040588645,0.3843635462226829,-0.6430421553528145,-0.21201299919121186,1.6411985371886115,-2.2319829149703585
1771888919520334080,14.134334087371826,0.026941703632473946,-0.19236601889133453,0.1171703189611435,0.9756199717521667,0.20912586152553558,0.0665716752409935,-0.0244329571723938,-0.01831476390361786,0.01719903200864792,0.2289331681732318,0.6214681625901002,0.38348815096422806,-0.6436642407838677,-0.21068097730737562,1.6389259743237823,-2.232730034387633
1771888919530364928,14.144365072250366,-0.012197975069284439,-0.19616661965847015,0.14063915610313416,0.976078987121582,0.20755408704280853,0.06474024802446365,-0.02954566478729248,-0.0009652972221374512,0.014758117496967316,0.2298261984042484,0.6211636634712212,0.3827869193059405,-0.6440573451307122,-0.20907393181433992,1.6370261716588776,-2.2327944297402373
1771888919540396032,14.154396057128906,0.054076120257377625,-0.1891758143901825,0.15713956952095032,0.9765443801879883,0.2059231400489807,0.06290220469236374,-0.03341394662857056,0.04056732356548309,-0.006704099476337433,0.23065762306541834,0.6209161379673861,0.38198724214241814,-0.6444733888764952,-0.20740697564633048,1.6351205180861865,-2.2331125517614607
1771888919550426880,14.164427042007446,0.1305326372385025,-0.19641947746276855,0.1669653058052063,0.9769718647003174,0.20449036359786987,0.06090717762708664,-0.0017063617706298828,0.04926329851150513,-0.0006806850433349609,0.23122724216439303,0.6207107878620487,0.3810140505191728,-0.6450429483039639,-0.20594304280531817,1.6330585618261766,-2.2341159167201488
1771888919560457984,14.174458026885986,0.14759337902069092,-0.2102586030960083,0.1691083461046219,0.977355420589447,0.20326335728168488,0.05882587656378746,0.02255302667617798,0.014464303851127625,0.01673567295074463,0.23156570068422175,0.6205405614777882,0.3799241365325178,-0.6457278355700661,-0.20468971368463407,1.6309126287598137,-2.2356568560035255
1771888919570488832,14.184489011764526,0.09287846833467484,-0.22295215725898743,0.15828393399715424,0.9777395129203796,0.20201222598552704,0.056715019047260284,0.01875096559524536,-0.015397220849990845,0.04089546203613281,0.23199145297315477,0.6203191563938625,0.37889530826155937,-0.6463918873735316,-0.20341206841839554,1.6287376695645719,-2.23696388108766
1771888919580519936,14.194519996643066,0.017390631139278412,-0.2090054452419281,0.14982520043849945,0.978143572807312,0.2005849927663803,0.05478108301758766,-0.014505267143249512,-0.015312761068344116,0.023420214653015137,0.23264967391966485,0.6200658953993371,0.3780328387648653,-0.6469031292993416,-0.2019550162587578,1.626743038357695,-2.2376298170851308
1771888919590550784,14.204550981521606,-0.0441901721060276,-0.18580783903598785,0.15239621698856354,0.9785488843917847,0.1990608274936676,0.0530756339430809,-0.05208098888397217,0.0034385770559310913,-0.0006464719772338867,0.2335493950291666,0.6197573393701995,0.377410462655622,-0.6472379250881479,-0.2003994741152895,1.6249823561543193,-2.2375118942421466
1771888919600580864,14.21458101272583,-0.05506465956568718,-0.09947002679109573,0.14302854239940643,0.9789107441902161,0.19755400717258453,0.052019353955984116,-0.06680148839950562,0.042161524295806885,0.04464506357908249,0.23443291649901563,0.6195924925194911,0.3769811938185512,-0.6473264019762058,-0.1988621253326308,1.623886428908971,-2.237034381178262
1771888919610611968,14.22461199760437,-0.021862586960196495,0.0019411449320614338,0.12405937910079956,0.9791615605354309,0.19634504616260529,0.05187864974141121,-0.025166809558868408,0.06329850852489471,0.09916806221008301,0.23502895600802062,0.6196800946929222,0.37674381896936543,-0.6471646703192782,-0.1976290108862793,1.62372956113923,-2.236578087066978
1771888919620642560,14.234642744064331,0.16351686418056488,0.04898056015372276,0.0746055468916893,0.9792724847793579,0.1957492083311081,0.05203619599342346,0.04440915584564209,0.1031399667263031,0.12391293048858643,0.23496013069526359,0.6199837037859387,0.37634864839379106,-0.6471288118230806,-0.1970213752114425,1.6238840046118912,-2.237338574956622
1771888919630673664,14.244673728942871,0.21169300377368927,0.07480456680059433,-0.034276459366083145,0.9792409539222717,0.19583743810653687,0.05229742452502251,0.04946094751358032,0.16164550185203552,0.1263066530227661,0.23422551825820517,0.6204338482341907,0.37577992498039875,-0.647294188915443,-0.19711135782346723,1.624151722359512,-2.239358682828069
1771888919640704512,14.254704713821411,0.2148539125919342,0.08095886558294296,-0.03756066784262657,0.9791126251220703,0.19637155532836914,0.052694134414196014,-0.0045185089111328125,0.03722524642944336,0.035242319107055664,0.23323283131487743,0.6208918343829813,0.3752870869629986,-0.6474993378929985,-0.19765604961330874,1.6245627135118503,-2.2416150015290435
1771888919650735616,14.264735698699951,-0.0996137484908104,0.08839960396289825,-0.01372164860367775,0.9790247082710266,0.19662825763225555,0.05336705222725868,-0.008382618427276611,-0.12979476153850555,0.0971914529800415,0.23276422612920936,0.6212128090556782,0.3752041725357708,-0.6474081815869696,-0.19791785878491297,1.6252528537120436,-2.24238763785883
1771888919660766720,14.274766683578491,-0.4116499423980713,0.12133412063121796,-0.003459956729784608,0.9789505004882812,0.19655290246009827,0.054982829838991165,0.027900755405426025,-0.11821423470973969,0.16202771663665771,0.23336614902861846,0.6212460661232475,0.37622432229279734,-0.6465670593976524,-0.1978409976603535,1.626902456428748,-2.2396499641097205
1771888919670797568,14.284797668457031,-0.33547306060791016,0.09554752707481384,-0.038179587572813034,0.9788480997085571,0.19652441143989563,0.056873664259910583,0.07992875576019287,0.02480432391166687,0.08538401126861572,0.23434591928489243,0.6210967681285633,0.37772428610834013,-0.645480602985781,-0.19781194130594043,1.6288337190374034,-2.235520215133681
1771888919680827648,14.294827699661255,0.0817558616399765,0.023718878626823425,-0.07296500355005264,0.9786854982376099,0.1970566064119339,0.057823263108730316,0.14425456523895264,0.1120101660490036,0.0337599515914917,0.23445734667632878,0.6210314510569329,0.3784594684495313,-0.6450722153179455,-0.19835474480339405,1.6298103050775246,-2.234030185631509
1771888919690858496,14.304858684539795,0.5815909504890442,-0.10721196979284286,-0.07663776725530624,0.9785407781600952,0.19804665446281433,0.056883785873651505,0.20882201194763184,0.049588292837142944,0.0835733488202095,0.23323102297190876,0.6211636933521436,0.3776209196986382,-0.6458804479929359,-0.1993646957741931,1.628862215351567,-2.237320351404909
1771888919700889600,14.314889669418335,0.8867822885513306,-0.21346864104270935,-0.08127592504024506,0.9784740209579468,0.19924530386924744,0.05375966429710388,0.17507517337799072,-0.04944975674152374,0.17196357250213623,0.2309384190188377,0.6213536019916293,0.3752326399377045,-0.6479102444246957,-0.20058772484284312,1.6256834976247174,-2.2449705006499383
1771888919710920448,14.324920654296875,0.8237736225128174,-0.22290661931037903,-0.06656036525964737,0.9784437417984009,0.20042641460895538,0.049773480743169785,0.06257200241088867,-0.04930330812931061,0.2384803295135498,0.22834115737897429,0.6215140116599013,0.3722997088614937,-0.6503642823051751,-0.2017931414003943,1.6216225637172217,-2.2540463194101483
1771888919720951552,14.334951639175415,0.467922568321228,-0.11462701112031937,-0.056107454001903534,0.9783897399902344,0.20140086114406586,0.046810392290353775,-0.041439056396484375,0.04560843110084534,0.2509801387786865,0.2264544466946733,0.6215541173039412,0.3702373218918334,-0.6521604059695223,-0.20278787350641903,1.6186041887382934,-2.2605204750838492
1771888919730982656,14.344982624053955,0.20573018491268158,0.014853481203317642,-0.06088010594248772,0.9783104658126831,0.20208190381526947,0.04551508277654648,-0.0949181318283081,0.09012390673160553,0.1335315704345703,0.22531513236289943,0.6216488487931958,0.3692021803187958,-0.653050980572671,-0.20348322029275379,1.6172869734745605,-2.2640325602452562
1771888919741013504,14.355013608932495,0.02971121296286583,0.09128779917955399,-0.0008969304617494345,0.978212833404541,0.20246970653533936,0.04588703811168671,-0.02520996332168579,-0.012146860361099243,0.07479476928710938,0.2247857053887034,0.6218862402408689,0.36905422882207045,-0.6530909967895967,-0.2038792135304331,1.6176710193211201,-2.265023584119072
1771888919751044608,14.365044593811035,-0.029439367353916168,0.17641068994998932,-0.017427705228328705,0.9781290292739868,0.20257987082004547,0.04717051237821579,0.036565184593200684,-0.05098378658294678,0.05008900165557861,0.22453036233346532,0.6222804477359007,0.3692591233924223,-0.6526874246132924,-0.20399169419606802,1.6189842387654945,-2.2649458706671615
1771888919761074432,14.375074625015259,0.4114709198474884,0.1408606767654419,-0.007848845794796944,0.9780517816543579,0.20265062153339386,0.04844723641872406,0.11308878660202026,-0.006712555885314941,0.03533875197172165,0.22373477838954495,0.6229933533580412,0.36892126515194923,-0.6524714370563616,-0.20406394544846448,1.6202903021545936,-2.266569599104588
1771888919771105536,14.385105609893799,0.9283155202865601,0.143670454621315,0.0035787783563137054,0.9779191017150879,0.2032964825630188,0.04842235520482063,0.08838027715682983,0.018291637301445007,0.04630422219634056,0.22125047072653026,0.6241447371335084,0.3669530266784259,-0.6533276546518115,-0.20472354598573428,1.6202716235745347,-2.273500480335612
1771888919781136640,14.395136594772339,1.1329054832458496,0.07342558354139328,0.15632997453212738,0.9780383110046387,0.20296482741832733,0.04739435762166977,0.15091365575790405,-0.07106786966323853,0.06318604946136475,0.2179848778902456,0.625854948795756,0.3633218425198201,-0.6548170256595335,-0.20438482478434428,1.619217039439866,-2.284428659770512
1771888919791167488,14.405167579650879,0.8205605149269104,0.1674446165561676,0.11503446102142334,0.9782679677009583,0.20207591354846954,0.04644514247775078,0.09753769636154175,0.17425160109996796,0.12922930717468262,0.2151138472342615,0.6275457523756208,0.3597344862285973,-0.6561276412954397,-0.20347710532653443,1.61823761672213,-2.2946774834015766
1771888919801198592,14.415198564529419,0.5568934082984924,0.20020921528339386,0.24485424160957336,0.9785656332969666,0.20052292943000793,0.04690201207995415,0.07838016748428345,0.19460339844226837,0.10264933109283447,0.21324574530801102,0.6292422663143198,0.35707867020122896,-0.6565631696106496,-0.20189166808539472,1.6186890251597945,-2.301779248884098
1771888919811229696,14.425229787826538,0.28265300393104553,0.3415607511997223,0.12499254941940308,0.978804886341095,0.19893842935562134,0.048624906688928604,-0.011657118797302246,0.28212541341781616,0.19170105457305908,0.21208267316341023,0.6308578824603686,0.35543042313924744,-0.6562838239802083,-0.20027457217691486,1.6204333537513114,-2.306067100596601
1771888919821260800,14.435260772705078,0.2625211179256439,0.4620104730129242,0.10541112720966339,0.9788150787353516,0.19799090921878815,0.05215843766927719,0.006978929042816162,0.15070290863513947,0.24366366863250732,0.21089850788298797,0.6326794455434273,0.35467722949555525,-0.6553186622953501,-0.1993078325685771,1.6240332982737993,-2.308742725728982
1771888919831291648,14.445291757583618,0.6457566618919373,0.4691880941390991,0.01997692510485649,0.9787042737007141,0.19753240048885345,0.055844537913799286,0.07912641763687134,0.12046070396900177,0.12816119194030762,0.20891620495843444,0.6347898196999745,0.3535026914662768,-0.6545468745832317,-0.19884008507740453,1.6277941859598548,-2.313254655294289
1771888919841321728,14.455321788787842,0.84294193983078,0.5675817728042603,-0.06865999847650528,0.9783488512039185,0.1982565075159073,0.05939733609557152,0.08364760875701904,0.1510782092809677,0.13196313381195068,0.2054705615204841,0.6372284828575541,0.35162270694502884,-0.6542806986587332,-0.19957880327254754,1.6314337153094949,-2.3210450259407756
1771888919851352576,14.465352773666382,0.6281455159187317,0.6886822581291199,-0.20485591888427734,0.9777143001556396,0.19997844099998474,0.06390135735273361,0.05623650550842285,0.12103596329689026,0.10609686374664307,0.20147675984881844,0.6398258318150402,0.3501051011631825,-0.6538015487481277,-0.20133592014225313,1.6360614013619643,-2.3289135300043777
1771888919861383680,14.475383758544922,0.11098068207502365,0.8212762475013733,-0.2608640789985657,0.9767147302627563,0.20259235799312592,0.07060344517230988,0.07308995723724365,0.15182355046272278,-0.03489792346954346,0.19817477391368088,0.6422551038222114,0.3504427262309223,-0.6522462028259624,-0.2040044499709083,1.6429574726330471,-2.3324854383059623
1771888919871414784,14.485414743423462,-0.29536497592926025,1.016555905342102,-0.3138095736503601,0.9754495024681091,0.20528922975063324,0.07971552759408951,0.06669527292251587,0.10470831394195557,-0.10017752647399902,0.1959600014063734,0.6446317863567805,0.3525728618925832,-0.6494165840182693,-0.2067592281509187,1.6523369646515877,-2.3312697217100866
1771888919881445632,14.495445728302002,-0.34413331747055054,1.2263251543045044,-0.38078832626342773,0.9737452268600464,0.2084553986787796,0.09146901220083237,0.03502851724624634,0.06974285840988159,-0.11144280433654785,0.19395596150036168,0.6473125701182814,0.355978853090059,-0.6454816820023054,-0.20999539278227639,1.6644567516330577,-2.327322317147621
1771888919891476736,14.505476713180542,0.018176443874835968,1.447919487953186,-0.5603301525115967,0.9714367389678955,0.2128133624792099,0.10498136281967163,-0.005021393299102783,0.0681619644165039,0.013731949031352997,0.1906388536680661,0.6506417596092452,0.3593827778485694,-0.6412223717746195,-0.21445337422336397,1.6784466894892864,-2.324968933698005
1771888919901507584,14.515507698059082,0.44588810205459595,1.5590702295303345,-0.7299900054931641,0.9683439135551453,0.21935652196407318,0.11913290619850159,0.03974318504333496,0.13762281835079193,0.1328049898147583,0.1850353064474811,0.6545487795833699,0.36212200951026663,-0.6373346314992344,-0.2211548853327955,1.6932086750170974,-2.3267267764754274
1771888919911537664,14.525537729263306,0.6262867450714111,1.5963889360427856,-0.8237631320953369,0.964596152305603,0.22765158116817474,0.13315074145793915,0.14441263675689697,0.12697795033454895,0.18719232082366943,0.17782498430418237,0.6586558387015266,0.36434579633004144,-0.6338792808214745,-0.2296652483526132,1.7079672880176016,-2.331403847741456
1771888919921568512,14.535568714141846,0.5601596236228943,1.6179876327514648,-0.8532179594039917,0.960350751876831,0.2366420328617096,0.14740106463432312,0.17111897468566895,0.2201145589351654,0.11834597587585449,0.17028795502845076,0.6627143882566192,0.36675628082969264,-0.6303185724100246,-0.23890825831509735,1.7230944891083437,-2.3359631232839537
1771888919931599616,14.545599699020386,0.48019030690193176,1.7353609800338745,-0.826303243637085,0.9557457566261292,0.2455512285232544,0.16203279793262482,0.06061166524887085,0.2390678972005844,0.0163118839263916,0.1627194533751086,0.6668776540708292,0.36917555530919893,-0.6265029764677046,-0.24808829523230927,1.7387349526373335,-2.340281290716962
1771888919941630720,14.555630683898926,0.2391798496246338,1.8269153833389282,-0.7544729709625244,0.9507044553756714,0.25365135073661804,0.17838653922080994,0.08260536193847656,0.14242097735404968,-0.06339634954929352,0.15580650975162302,0.6712985437697038,0.3722251167952684,-0.6217161476125591,-0.2564532155163321,1.756275816002274,-2.34220403201375
1771888919951661568,14.565661668777466,0.2342362105846405,1.9339241981506348,-0.8813225626945496,0.9450895190238953,0.2618153691291809,0.1955980658531189,0.07351094484329224,0.1518351435661316,-0.01789414882659912,0.14896408405251121,0.6757807960955879,0.3756585492803141,-0.616450098446446,-0.26490270138981337,1.774877512346206,-2.343004187254584
1771888919961692672,14.575692653656006,0.4674963653087616,1.9455454349517822,-0.9586998820304871,0.9386523962020874,0.27112483978271484,0.21312664449214935,0.1747967004776001,0.13669681549072266,-0.11501264572143555,0.141355754249539,0.6802805873105472,0.37918550392616746,-0.6111098320115573,-0.27456143845084885,1.794066820165741,-2.3442940210695182
1771888919971723520,14.585723638534546,0.5643199682235718,2.002018451690674,-1.105218768119812,0.9313952922821045,0.2820245623588562,0.230141744017601,0.14856088161468506,0.13467776775360107,-0.13497266173362732,0.132633081938415,0.6846685835519183,0.38249156726700545,-0.6060839098640628,-0.28590367693035884,1.8130376088058064,-2.3471172282290365
1771888919981754624,14.595754623413086,0.7188684940338135,2.1071767807006836,-1.2353304624557495,0.9230877757072449,0.29450905323028564,0.24733221530914307,0.10178393125534058,0.08851704001426697,-0.08665719628334045,0.12285058909452595,0.6890508546678185,0.3858432689186146,-0.6010337481928629,-0.2989417383924969,1.8325872155407252,-2.350762926131521
1771888919991784448,14.60578465461731,0.7184799313545227,2.216331720352173,-1.2955676317214966,0.9137012958526611,0.30804526805877686,0.26506248116493225,0.12319445610046387,0.10961830615997314,-0.09836018085479736,0.11234796655445328,0.6934937053303747,0.3893555161632801,-0.5956901368963071,-0.31313769928193985,1.8531436883074635,-2.3544702739566095
1771888920001815552,14.61581563949585,0.6214170455932617,2.2413341999053955,-1.3374123573303223,0.9034081697463989,0.3218700885772705,0.283290833234787,0.19885635375976562,0.18424874544143677,-0.2155265510082245,0.10172204532804528,0.6979098634195665,0.3931503997646695,-0.5899214760396332,-0.3277040293398135,1.874664905827605,-2.357231066630833
1771888920011846656,14.62584662437439,0.4631756544113159,2.2172625064849854,-1.3448041677474976,0.8923975825309753,0.33558541536331177,0.3016769289970398,0.21091961860656738,0.11128345131874084,-0.2202407419681549,0.09143529688174763,0.7020834397523728,0.3973881020359232,-0.5837817511956876,-0.3422266291400116,1.8967877804246156,-2.3582128417025863
1771888920021877504,14.63587760925293,0.4588474929332733,2.1040332317352295,-1.3882461786270142,0.8810132741928101,0.3491050601005554,0.31928303837776184,0.185835599899292,0.04733356833457947,-0.16950270533561707,0.08153759167722756,0.7058372032743542,0.40179020245121266,-0.5776766084357161,-0.35661591902880607,1.918478769599068,-2.358029015128424
1771888920031908608,14.64590859413147,0.3453284800052643,2.0010247230529785,-1.4545814990997314,0.8691418766975403,0.362947016954422,0.33594927191734314,0.14527767896652222,0.028135746717453003,-0.008846640586853027,0.07184526362350108,0.7090266385711634,0.4065167467265607,-0.5717199122188996,-0.3714286436052279,1.9396368365008463,-2.3566131676135114
1771888920041939456,14.65593957901001,0.3011692762374878,1.896783471107483,-1.5650612115859985,0.8568055033683777,0.3772049844264984,0.3515695631504059,0.12059634923934937,-0.01113128662109375,-0.04984220862388611,0.0623393750646151,0.7115900719132154,0.4116118923379955,-0.565976290336874,-0.3867764809136514,1.9601726091746128,-2.3539162556238153
1771888920051970560,14.66597056388855,0.3071794807910919,1.817679762840271,-1.6622846126556396,0.8439175486564636,0.39195966720581055,0.366293340921402,0.10244780778884888,0.028175830841064453,0.01587831974029541,0.052891289767472864,0.7135887136524451,0.41705853306049967,-0.5604068450464427,-0.40276073301185195,1.980298333841,-2.350069838859978
1771888920062001664,14.676001787185669,0.3132392466068268,1.8033722639083862,-1.7506721019744873,0.8302802443504333,0.4075932502746582,0.3801349103450775,0.10892874002456665,0.1082301139831543,0.027885079383850098,0.04309252317098068,0.7151219381740295,0.4226914559557202,-0.5550456064248693,-0.4198168934087398,2.0001502336906554,-2.345788241845462
1771888920072031488,14.686031579971313,0.19981548190116882,1.803715705871582,-1.8263697624206543,0.8158205151557922,0.4233146607875824,0.3940073549747467,0.17352885007858276,0.0961097776889801,-0.007624268531799316,0.033406588187041224,0.7163451836272695,0.4287811349172319,-0.5494364312124261,-0.437100836810197,2.0207179452400967,-2.3398358963815555
1771888920082062592,14.696062564849854,0.09780043363571167,1.817866325378418,-1.8569422960281372,0.8005699515342712,0.4388849139213562,0.40800508856773376,0.10700768232345581,-0.012752622365951538,-0.06623870134353638,0.023876424268794653,0.7173314063159216,0.4352449868946569,-0.5435324205351332,-0.4543572930869155,2.042128765696255,-2.3322679406707554
1771888920092093696,14.706093788146973,0.06618915498256683,1.8018622398376465,-1.9163252115249634,0.78457111120224,0.4541059136390686,0.4221799373626709,0.12343358993530273,0.04566517472267151,-0.1373288929462433,0.014568230585758154,0.7181116353178428,0.44204710812651377,-0.5373060208943875,-0.4713684343751291,2.064459577116684,-2.3230378585491382
1771888920102124800,14.716124773025513,0.10253997147083282,1.71206796169281,-2.0304014682769775,0.7679215669631958,0.4698716998100281,0.43533557653427124,0.0861281156539917,-0.034309566020965576,-0.11032342910766602,0.004985229529491795,0.7184343191217082,0.44890970314646245,-0.5313260453202301,-0.4891454451423826,2.0865227718787653,-2.3133967299350595
1771888920112155648,14.726155757904053,0.0261217150837183,1.5643292665481567,-2.099950075149536,0.7506642937660217,0.48589977622032166,0.44766613841056824,0.08850818872451782,-0.0724169909954071,-0.09340262413024902,-0.004435695889034913,0.7180931053270472,0.456262374372442,-0.5254973142774167,-0.5073923642596546,2.1085350126285975,-2.3019581930509796
1771888920122186752,14.736186742782593,-0.17998778820037842,1.4624042510986328,-2.163614273071289,0.7332126498222351,0.5015330910682678,0.45919886231422424,0.03900414705276489,-0.0572582483291626,-0.02253812551498413,-0.013320835845826846,0.717133740031291,0.46402438559531556,-0.5198298201066769,-0.5253699158774029,2.130317974798581,-2.2885672147136056
1771888920132217600,14.746217727661133,-0.3305327892303467,1.3845824003219604,-2.2572600841522217,0.7153292894363403,0.5162896513938904,0.4709027111530304,0.016299188137054443,-0.05162888765335083,0.05679208040237427,-0.021384601266385674,0.7156471856217625,0.4725467803803822,-0.5138982915484616,-0.5425128105805357,2.152985639461087,-2.2719686097784813
1771888920142247680,14.756247758865356,-0.3672431409358978,1.3615703582763672,-2.285139560699463,0.6968810558319092,0.530649721622467,0.4824604392051697,-0.03184187412261963,-0.07804340124130249,0.09174323081970215,-0.029195569507023535,0.7137764008882186,0.4814077928807841,-0.5078558417627835,-0.5593669501732448,2.1763451561150235,-2.2535746022307017
1771888920152278784,14.766278743743896,-0.3318173289299011,1.360702633857727,-2.277669668197632,0.6778897047042847,0.544529378414154,0.4939165413379669,-0.004214107990264893,0.011821389198303223,-0.007344186305999756,-0.036957912103631134,0.7117474284947288,0.49027937155924356,-0.5016731342584076,-0.575827905073138,2.2004660286422104,-2.2342326451152688
1771888920162309632,14.776309728622437,-0.16297133266925812,1.346289873123169,-2.367309808731079,0.6583693027496338,0.5589743256568909,0.5040809512138367,0.04355025291442871,0.04719632863998413,-0.17305684089660645,-0.04531474277985469,0.709406091738207,0.4987819974461712,-0.495889196233496,-0.5931483059093727,2.2242389370600804,-2.215526934079506
1771888920172340736,14.786340713500977,-0.1834924966096878,1.34885835647583,-2.4598519802093506,0.6377511620521545,0.5738345384597778,0.5137971043586731,0.03568023443222046,-0.06394684314727783,-0.07121586799621582,-0.05410557645825002,0.70668824379044,0.5074349911943397,-0.49007558286177394,-0.6111803688216191,2.2489661097054072,-2.1957764806013014
1771888920182371584,14.796371698379517,-0.3922651410102844,1.341387152671814,-2.5677242279052734,0.6160886287689209,0.5880391597747803,0.5240656137466431,-0.0191953182220459,-0.18029379844665527,0.06997430324554443,-0.06263488948873829,0.7036342534989355,0.5166542896121727,-0.48378100714926725,-0.628632429240857,2.2756580811648637,-2.1731790163276
1771888920192402688,14.806402683258057,-0.5932421088218689,1.2824862003326416,-2.728351593017578,0.5933117866516113,0.6015576720237732,0.5348923802375793,-0.09488338232040405,-0.24572259187698364,0.13719624280929565,-0.0707612011369324,0.7000262890841442,0.526696671194255,-0.4770186385015956,-0.6454496088690752,2.3044598029922523,-2.1468943906053237
1771888920202433536,14.816433668136597,-0.9273311495780945,1.175761342048645,-2.8633086681365967,0.5695345401763916,0.6136971712112427,0.5468149185180664,-0.06953448057174683,-0.3645821213722229,0.18658357858657837,-0.0780192269098314,0.695791257426182,0.5378494069292115,-0.4695802930272616,-0.6607347791248945,2.3358455910770703,-2.1157215993275993
1771888920212464640,14.826464653015137,-1.1555205583572388,1.1289068460464478,-3.0497560501098633,0.5448832511901855,0.6244562268257141,0.5596041679382324,-0.04611921310424805,-0.2540033459663391,0.17931795120239258,-0.08441512392569023,0.6908105984300459,0.5500752585964114,-0.4615972874590874,-0.674435129954018,2.369521957690755,-2.0797506832888235
1771888920222494720,14.83649468421936,-1.4441571235656738,1.1225688457489014,-3.146317958831787,0.518828809261322,0.6336731314659119,0.5738247036933899,-0.016067087650299072,-0.19934707880020142,0.17275726795196533,-0.09021790032339255,0.6852787561350612,0.5632986527284836,-0.4527121589838663,-0.6862921123195289,2.4064844620842707,-2.0389954961626877
1771888920232525568,14.8465256690979,-1.6562576293945312,1.1552660465240479,-3.215273857116699,0.49189168214797974,0.6406757235527039,0.5895569920539856,-0.016855061054229736,-0.13487738370895386,0.06533503532409668,-0.09526250265155652,0.6794693465839206,0.5771480734291116,-0.44288446032308687,-0.6953780115164093,2.4462598564516895,-1.9944611455877095
1771888920242556672,14.85655665397644,-1.81380033493042,1.340334177017212,-3.264894962310791,0.4635167121887207,0.6459094285964966,0.6065917015075684,-0.026428639888763428,-0.030736029148101807,0.08971267938613892,-0.10018730426568247,0.673534258364388,0.5913099594968934,-0.43204945333930667,-0.7022139807652775,2.489107659917515,-1.9472222126337555
1771888920252587520,14.86658763885498,-2.040818691253662,1.4114311933517456,-3.0808212757110596,0.4343823492527008,0.6484341621398926,0.6251760125160217,-0.013865381479263306,-0.2650570869445801,0.081504225730896,-0.10469135759681454,0.6679209484920262,0.6053673347610402,-0.4200615393087395,-0.7055257677018153,2.534354304514333,-1.898652854027236
1771888920262618624,14.87661862373352,-2.079984188079834,1.608420729637146,-3.0114893913269043,0.40494728088378906,0.6479119062423706,0.645156979560852,-0.01862528920173645,-0.06922245025634766,0.1822202205657959,-0.10865272895599891,0.6628132402882009,0.6190776184196166,-0.40695944702065345,-0.7048399236036972,2.5810738698571036,-1.849936508980383
1771888920272649472,14.88664960861206,-2.1799161434173584,1.6883333921432495,-2.8366823196411133,0.374998539686203,0.6454771161079407,0.6653833985328674,0.05763384699821472,-0.08955377340316772,0.2697819471359253,-0.11274171241271973,0.6581191107772355,0.6321162377760514,-0.3931889082449773,-0.7016478246824078,2.6283811532371284,-1.802560942586603
1771888920282680576,14.8966805934906,-2.1981515884399414,1.7217763662338257,-2.667914628982544,0.34577709436416626,0.640507161617279,0.6857031583786011,0.16499561071395874,0.007548868656158447,0.11542904376983643,-0.11626730465987581,0.653887200769022,0.6444246436028175,-0.37898594298594585,-0.6951584990233668,2.6745377463113087,-1.7573007922313417
1771888920292710656,14.906710624694824,-2.0408058166503906,1.79978609085083,-2.661763906478882,0.31643831729888916,0.63434898853302,0.7053143978118896,0.09936368465423584,0.27946943044662476,-0.014411628246307373,-0.11996118078182873,0.6497732548411297,0.6560883337863791,-0.3646261068015537,-0.6871661109432653,2.719863099920245,-1.7139866553984904
1771888920302741504,14.916741609573364,-2.0540645122528076,1.8809988498687744,-2.6088826656341553,0.2864951193332672,0.6279500126838684,0.723601758480072,0.014164090156555176,0.11231493949890137,-0.01643317937850952,-0.12428850588741895,0.645529039719826,0.6671530165942282,-0.35035915556540864,-0.6789163197391865,2.7646004547118017,-1.6723755858141616
1771888920312772608,14.926772594451904,-2.1182408332824707,1.8278870582580566,-2.444774627685547,0.2570129930973053,0.6193209290504456,0.7418797612190247,0.09647208452224731,-0.013714909553527832,-0.05349487066268921,-0.12809728219911562,0.6415463646359045,0.6777596573810579,-0.33563539293091577,-0.6678775270491103,2.808097461000897,-1.6325645170050356
1771888920322803456,14.936803579330444,-2.1468920707702637,1.859326958656311,-2.299051523208618,0.22862519323825836,0.6089707612991333,0.7595294117927551,-0.018801584839820862,-0.006111323833465576,0.024024546146392822,-0.13139393235051083,0.6378278660932962,0.6877065616338653,-0.32089075151329494,-0.6547623694844509,2.849210426459466,-1.5954971560475828
1771888920332834560,14.946834564208984,-2.2183327674865723,1.8733980655670166,-2.0186049938201904,0.20121420919895172,0.5968987941741943,0.7766754031181335,-0.014812856912612915,-0.11223387718200684,0.07575678825378418,-0.13433264333724027,0.6347187000447208,0.6967566755937563,-0.30596903696037503,-0.6396302424214075,2.8880948015900128,-1.5620337870549137
1771888920342865664,14.956865787506104,-1.90901517868042,1.8964341878890991,-1.9204823970794678,0.17467065155506134,0.5841671824455261,0.7926152348518372,0.07191137969493866,0.16317778825759888,0.11654913425445557,-0.13728643903945054,0.6320450814939356,0.7048592926233025,-0.29128135178720954,-0.6238535651378376,2.9246870124387128,-1.5321629005769442
1771888920352896768,14.966896772384644,-1.7982717752456665,1.9458601474761963,-1.7625588178634644,0.14858321845531464,0.5724528431892395,0.8063626289367676,0.13625258207321167,0.12440073490142822,0.16292136907577515,-0.1409269647381189,0.6294914204082903,0.7119844503139311,-0.2774135013826682,-0.6094942245451695,2.9593730774371556,-1.5054221157533418
1771888920362927616,14.976927757263184,-1.7398655414581299,1.8424195051193237,-1.6555782556533813,0.12351670861244202,0.5601104497909546,0.8191580772399902,0.2557099759578705,0.2821136713027954,-0.14128637313842773,-0.14436882669093104,0.627307040352141,0.7183765783874292,-0.2637775869148658,-0.5945191125293732,2.99193511757715,-1.4815750016155846
1771888920372957696,14.986957788467407,-1.459401249885559,1.968229055404663,-1.6936633586883545,0.0984419658780098,0.5487982034683228,0.8301383852958679,0.0735550969839096,0.46031123399734497,-0.10963362455368042,-0.14840397424037455,0.6248282365719826,0.724333391393167,-0.2508128297441154,-0.5809259235130794,3.0235588625005514,-1.4588759281477306
1771888920382988800,14.996988773345947,-1.5391110181808472,1.7647851705551147,-1.6002748012542725,0.07393397390842438,0.5377823114395142,0.8398357629776001,0.14177952706813812,0.07456815242767334,-0.1864391565322876,-0.15255688618714508,0.622262332071684,0.7298681285085746,-0.23834544822398643,-0.5678044335256642,3.053785179838731,-1.4376022020864603
1771888920393019648,15.007019758224487,-1.4794847965240479,1.7506957054138184,-1.6862198114395142,0.049981094896793365,0.5260369777679443,0.8489917516708374,0.006445895880460739,-0.013982534408569336,-0.1195300817489624,-0.15634353187834615,0.6194133280873072,0.735406684038448,-0.22596644322222806,-0.5539339919237072,3.082789401107881,-1.4167028415196619
1771888920403050752,15.017050743103027,-1.5951602458953857,1.6980592012405396,-1.6780763864517212,0.026739872992038727,0.5135313868522644,0.8576541543006897,-0.008841313421726227,-0.1017729640007019,0.0017361640930175781,-0.15971797020597944,0.6163451186994435,0.7409087484082124,-0.21368933442683238,-0.5392952306723054,3.1104248289943532,-1.396371460481903
1771888920413081600,15.027081727981567,-1.519944667816162,1.7576063871383667,-1.7929567098617554,0.0028271526098251343,0.5003159046173096,0.865838348865509,0.05733824521303177,0.033055007457733154,0.11540859937667847,-0.16322386004496559,0.6129322493265701,0.7464805612657093,-0.2010940281577706,-0.5239635855129239,3.1383274451655416,-1.375820918122999
1771888920423112704,15.037112712860107,-1.521134853363037,1.7358707189559937,-1.7915902137756348,-0.021342257037758827,0.4868617057800293,0.873218297958374,0.2792005240917206,0.0485386848449707,0.13335824012756348,-0.16688249314543144,0.6091192469881924,0.7520524500517525,-0.18852344575644125,-0.508493284605066,-3.11715660000856,-1.355197724096964
1771888920433143552,15.047143697738647,-1.2935006618499756,1.739615559577942,-1.8198822736740112,-0.04522320255637169,0.47383469343185425,0.8794517517089844,0.2476005107164383,0.20621895790100098,-0.07181942462921143,-0.17078182261647978,0.6051205480717919,0.7573341294851553,-0.17637361947224445,-0.4936402821370427,-3.0902158637253434,-1.3353313350415261
1771888920443174656,15.057174682617188,-0.9648905992507935,1.7871828079223633,-1.6871263980865479,-0.06937015056610107,0.46280401945114136,0.8837422728538513,0.18541324138641357,0.2730816900730133,-0.22880446910858154,-0.17567578502381653,0.6008075362368326,0.7621689142364355,-0.16512700339245065,-0.4811557473423243,-3.063257378886082,-1.3158882852628861
1771888920453204736,15.067204713821411,-0.7064369320869446,1.6506538391113281,-1.5303248167037964,-0.09178979694843292,0.45399877429008484,0.8862618207931519,0.05602317303419113,0.17467862367630005,-0.3795478343963623,-0.18092361668385226,0.5967989238264805,0.7661344275240167,-0.15535703587086286,-0.47124819900406684,-3.038390989377769,-1.2987786607624807
1771888920463235584,15.077235698699951,-0.6018247604370117,1.6816394329071045,-1.3442989587783813,-0.1132890060544014,0.4467542767524719,0.887454628944397,-0.08190136402845383,0.06420141458511353,-0.20463931560516357,-0.18656851137777633,0.5931175321141658,0.7693756633876205,-0.1465085127279448,-0.46313414278445875,-3.014623269899238,-1.2835192979693493
1771888920473266688,15.087266683578491,-0.479825884103775,1.6603178977966309,-1.284034013748169,-0.13381104171276093,0.44031763076782227,0.8878145813941956,0.03946597874164581,0.04837554693222046,-0.06690710783004761,-0.19228794850232006,0.5897922670620669,0.7720442859885406,-0.13826781399673532,-0.455952426115108,-2.9919990281770557,-1.2699524561509907
1771888920483297536,15.097297668457031,-0.49634283781051636,1.6673156023025513,-1.3065654039382935,-0.15439462661743164,0.4342096745967865,0.8874818086624146,0.17105723917484283,0.01998332142829895,0.11668366193771362,-0.19824817558515437,0.5863624013371538,0.7745450468741483,-0.13021781868449614,-0.44916075528405525,-2.9693471982181068,-1.2565451218332881
1771888920493328640,15.107328653335571,-0.4274619519710541,1.5688544511795044,-1.3943493366241455,-0.17469602823257446,0.4277378022670746,0.886860728263855,0.31490904092788696,0.03782317042350769,0.06287693977355957,-0.20403185025141446,0.582632055485843,0.7771552255172571,-0.1222322080021853,-0.4419885779856871,-2.9471002217139683,-1.2427895967610747
1771888920503359488,15.117359638214111,-0.33773577213287354,1.4946955442428589,-1.475902795791626,-0.1944318562746048,0.42169636487960815,0.8856459856033325,0.1979413628578186,0.05701768398284912,-0.08971691131591797,-0.20975742906819345,0.5783193952629324,0.7799805579113126,-0.11479951542709337,-0.4353153470959144,-2.9254842351706523,-1.2280454935793292
1771888920513390592,15.127390623092651,-0.34778669476509094,1.4578757286071777,-1.5175162553787231,-0.21371661126613617,0.4157547056674957,0.884009599685669,0.05079856514930725,-0.1314835250377655,-0.267203688621521,-0.21540101267881973,0.5736554561248444,0.7828947614642866,-0.10769184724534439,-0.4287724618321779,-2.9043858379478147,-1.21284147449691
1771888920523421440,15.137421607971191,-0.41605257987976074,1.4004409313201904,-1.4857653379440308,-0.2325538843870163,0.4090583026409149,0.8823774456977844,-0.08907084167003632,-0.1286323070526123,-0.24410229921340942,-0.22071221114580458,0.568902950749429,0.785835952552362,-0.10048576133056626,-0.4214218372492806,-2.883898746856166,-1.1978242765854041
1771888920533451520,15.147451639175415,-0.35366690158843994,1.2770684957504272,-1.502427577972412,-0.2504954934120178,0.40197518467903137,0.8807199597358704,-0.01560249924659729,-0.00607067346572876,-0.1887340545654297,-0.2256274653586313,0.5641253595691831,0.7887474661873959,-0.09344614912784711,-0.41367295670509757,-2.864488826940665,-1.1832262648068743
1771888920543482624,15.157482624053955,-0.37910062074661255,1.1932897567749023,-1.4937247037887573,-0.26744574308395386,0.3948054313659668,0.8789775967597961,0.12349432706832886,-0.0686640739440918,0.011845827102661133,-0.230170274585804,0.559071801903674,0.7917875521898835,-0.086792228815292,-0.40585607134514845,-2.846223856290285,-1.1683988612068028
1771888920553513472,15.167513608932495,-0.5140602588653564,1.252171277999878,-1.6988277435302734,-0.284664511680603,0.3863784074783325,0.8773130178451538,0.13906511664390564,-0.10772234201431274,0.14200472831726074,-0.2345066227644141,0.5536349307354285,0.7950753837941776,-0.07968822327650515,-0.39670182031330214,-2.8278373419475624,-1.1529535474061234
1771888920563544576,15.177544593811035,-0.4409802258014679,1.2005459070205688,-1.644237756729126,-0.30184927582740784,0.3773398697376251,0.8755009770393372,0.15611258149147034,-0.19040438532829285,0.09532439708709717,-0.23874614667415733,0.5479363451699093,0.7984461552445282,-0.07245604214572893,-0.3869221404313687,-2.809581787573901,-1.1372554533310526
1771888920573575424,15.187575578689575,-0.34520548582077026,1.2814007997512817,-1.5794155597686768,-0.3186925947666168,0.36859288811683655,0.8732551336288452,0.07137811183929443,-0.04600679874420166,-0.034525156021118164,-0.24309429214148912,0.5424996971365869,0.8014497068497716,-0.06540381689267888,-0.37749488845520074,-2.791663795433355,-1.1225961419687427
1771888920583606528,15.197606563568115,-0.13113369047641754,1.284350037574768,-1.565932035446167,-0.3355765640735626,0.3615970313549042,0.8698484301567078,0.013692378997802734,0.08601957559585571,-0.16180992126464844,-0.24814061530956102,0.536819153692711,0.8042073154648688,-0.059178618196415504,-0.3699802576479983,-2.773398234058622,-1.1075162386389572
1771888920593637632,15.207637786865234,-0.09740465879440308,1.2187089920043945,-1.4898064136505127,-0.3520355224609375,0.35529980063438416,0.8659292459487915,0.07469168305397034,0.03709527850151062,-0.20943492650985718,-0.25334580499305337,0.5311781850928939,0.8067306660273809,-0.05339841937738782,-0.3632347900476353,-2.755460470121969,-1.0927884132862573
1771888920603668736,15.217668771743774,-0.09675244987010956,1.149105429649353,-1.5048319101333618,-0.3674759864807129,0.3492996096611023,0.8619462251663208,0.04188397526741028,0.0022933781147003174,-0.0806962251663208,-0.25828986523864195,0.5254925215026709,0.8092161148479373,-0.04809644648307889,-0.3568235421365645,-2.7385936046947066,-1.0782460734273114
1771888920613698560,15.227698564529419,-0.27018582820892334,1.0940943956375122,-1.3586264848709106,-0.38222232460975647,0.3422532379627228,0.8583523035049438,0.08980292081832886,-0.26991134881973267,0.09512358903884888,-0.2627137753297496,0.5201255151566154,0.8115698385598376,-0.04248861479931199,-0.3493139093547825,-2.722656019564123,-1.0648972795271918
1771888920623729152,15.23772931098938,-0.36882585287094116,1.2034661769866943,-1.3700189590454102,-0.396602600812912,0.333997905254364,0.8550740480422974,0.05718609690666199,-0.1419660449028015,0.24217009544372559,-0.2667243272520669,0.5152305605197551,0.8136796036153353,-0.0363465296676514,-0.3405418862825866,-2.7073035589754335,-1.053133929599884
1771888920633760256,15.24776029586792,-0.41750985383987427,1.2581416368484497,-1.323379635810852,-0.41171327233314514,0.3251124322414398,0.851348340511322,0.18721070885658264,0.04497423768043518,0.1769871711730957,-0.2710057078847706,0.5104691147224988,0.8155338494544785,-0.029693646889838124,-0.33113062045797825,-2.6911497572903413,-1.042010799881112
1771888920643791104,15.25779128074646,-0.37628865242004395,1.3573633432388306,-1.3356727361679077,-0.4270033836364746,0.31610190868377686,0.8471998572349548,0.222291499376297,0.10890108346939087,0.1961655616760254,-0.27545316458666813,0.5057705543557316,0.8171878997264114,-0.022926013411459775,-0.32161790503555737,-2.6747363641201556,-1.0313279816918692
1771888920653822208,15.267822265625,-0.48375964164733887,1.4520740509033203,-1.2030630111694336,-0.44305184483528137,0.30697765946388245,0.842300295829773,0.22222670912742615,0.057737886905670166,0.21998614072799683,-0.2803543072600124,0.5011981059320498,0.8185051017752403,-0.015853018614850518,-0.31201571536167366,-2.6573602734109794,-1.0212299796635222
1771888920663853056,15.27785325050354,-0.20895124971866608,1.4646228551864624,-1.1096649169921875,-0.45881617069244385,0.2989734411239624,0.8367214202880859,0.25691187381744385,0.3534008264541626,-0.23662376403808594,-0.2855781835146885,0.49709248646087334,0.8193044462754748,-0.009188215895469075,-0.3036166990414537,-2.640017149382628,-1.0123555363712473
1771888920673884160,15.28788423538208,0.28197914361953735,1.420473337173462,-1.0688189268112183,-0.47427958250045776,0.29445478320121765,0.8296719193458557,0.09967625141143799,0.22187215089797974,-0.30182456970214844,-0.2917971492126292,0.49245862435647775,0.8199515060609102,-0.0043043589701783685,-0.2988849514763148,-2.6222817913787146,-1.0017602068643456
1771888920683914240,15.297914266586304,-0.178889662027359,1.452807068824768,-0.9690563678741455,-0.48902687430381775,0.2897548973560333,0.8227366209030151,0.007947653532028198,-0.22749897837638855,0.04788440465927124,-0.2977105380283122,0.4882153125039435,0.8203743715906404,0.0005721694054622978,-0.29397074246831006,-2.6053079458686947,-0.9923235609615253
1771888920693945088,15.307945251464844,-0.2823216915130615,1.5602699518203735,-0.9513838887214661,-0.504055380821228,0.28311967849731445,0.8159483671188354,0.08109694719314575,-0.14492082595825195,0.2492983341217041,-0.30328531932990055,0.4846827779063911,0.8204003856484967,0.006627649219125965,-0.2870453337431187,-2.588220897238566,-0.98520664708621
1771888920703976192,15.317976236343384,-0.029715005308389664,1.6298232078552246,-0.9848806262016296,-0.5198898911476135,0.27674373984336853,0.8081628084182739,0.24642199277877808,0.2334948480129242,0.278552770614624,-0.30944606074941977,0.4808633728322215,0.8202754499020424,0.012714520490640238,-0.28040383613392905,-2.5699429451257774,-0.9775543227504699
1771888920714007296,15.328007459640503,0.07782681286334991,1.6148571968078613,-0.9679762125015259,-0.5355761051177979,0.2718811333179474,0.7995241284370422,0.2920458912849426,0.114501953125,0.230444073677063,-0.316094923960387,0.47661427496031167,0.8201224981069157,0.017942188429167776,-0.27534724842528285,-2.5513766057702814,-0.968703595461132
1771888920724038400,15.338038444519043,0.22865520417690277,1.6349762678146362,-0.9602741003036499,-0.551093339920044,0.26781967282295227,0.7902964353561401,0.169577956199646,0.11410775780677795,0.11650276184082031,-0.32300860777026513,0.4722876289464408,0.8198125460032262,0.02274072806308116,-0.2711293184712593,-2.532664342621512,-0.9596378812337756
1771888920734069248,15.348069429397583,0.2645318806171417,1.706479787826538,-0.8849399089813232,-0.5667940974235535,0.2646386921405792,0.7801992297172546,0.09335970878601074,0.02779597043991089,0.04462987184524536,-0.33039998987139,0.4677680204087424,0.8193245377947991,0.027133576004353042,-0.26782923439837497,-2.513319299659118,-0.9500395412449383
1771888920744100352,15.358100414276123,0.2840200960636139,1.6191773414611816,-0.7629913687705994,-0.5818735361099243,0.2618756592273712,0.769963800907135,0.08042407035827637,-0.028294146060943604,-0.2096152901649475,-0.33768749648094776,0.4638241048272419,0.8184430882709216,0.031388588156923254,-0.26496517171915845,-2.49444364783074,-0.9418482612399305
1771888920754131200,15.368131399154663,0.5161523818969727,1.628997802734375,-0.8192359805107117,-0.596238911151886,0.2602634131908417,0.759448230266571,-0.06434446573257446,0.21938130259513855,-0.06422746181488037,-0.3450552206310581,0.4596441219547916,0.8175887643033811,0.034822998671993635,-0.26329501799427507,-2.4760064974728695,-0.9328418443563201
1771888920764161280,15.378161430358887,0.30406996607780457,1.6391226053237915,-0.7790888547897339,-0.6107131838798523,0.25896868109703064,0.7483079433441162,0.03380894660949707,0.0036350488662719727,0.10954123735427856,-0.3526971488072103,0.45531451007462015,0.8166043451315317,0.03808917797498248,-0.26195430710439566,-2.4570961519638805,-0.9234792747977317
1771888920774192384,15.388192415237427,0.33330589532852173,1.7399518489837646,-0.8453983664512634,-0.6253979802131653,0.25611671805381775,0.7370765805244446,0.11653256416320801,0.06512656807899475,0.21279841661453247,-0.3601159353166052,0.45109978092187464,0.8155043100285293,0.04217005593503777,-0.25900277328187044,-2.4379791177320853,-0.9149872269297907
1771888920784223232,15.398223400115967,0.320022851228714,1.736069679260254,-0.8664075136184692,-0.6403851509094238,0.2531372308731079,0.7251403331756592,0.1639600396156311,0.04346311092376709,0.18632817268371582,-0.3678158500714138,0.44656119390654664,0.8143422346377875,0.04627497273632556,-0.2559217457468299,-2.4181827762050156,-0.905899186075801
1771888920794254336,15.408254384994507,0.2726678252220154,1.7681978940963745,-0.8596550822257996,-0.6552351713180542,0.24961510300636292,0.7129932641983032,0.10681897401809692,0.04483376443386078,0.07648128271102905,-0.3754208913772749,0.4420801847929323,0.8130570426764235,0.05062201810874134,-0.25228274982935484,-2.3983832303835877,-0.897265389071862
1771888920804285184,15.418285369873047,0.2628633975982666,1.7906688451766968,-0.8475357890129089,-0.6699272394180298,0.24585843086242676,0.7005365490913391,0.013158321380615234,0.026694104075431824,0.04868537187576294,-0.38301891421110645,0.43756488647489244,0.8116681874232777,0.055030384539507635,-0.24840520693982554,-2.3785257625753524,-0.8887719502199098
1771888920814316288,15.428316354751587,0.1864815652370453,1.7503894567489624,-0.6637066006660461,-0.6842542290687561,0.242152601480484,0.6878652572631836,0.007267415523529053,-0.14106310904026031,-0.13903707265853882,-0.3905386686958231,0.4335366718278817,0.809925052663691,0.059556787953396605,-0.24458386948418667,-2.3588262276824548,-0.8815909605567752
1771888920824347136,15.438347339630127,0.2906383275985718,1.6280070543289185,-0.6704718470573425,-0.6972836852073669,0.23905880749225616,0.6757562160491943,-0.03335291147232056,0.12165893614292145,-0.13635802268981934,-0.39758548065455745,0.42994996331392843,0.8080972303001362,0.0636216207886097,-0.24139644528074852,-2.340517082831206,-0.8752959319512815
1771888920834377216,15.44837737083435,0.41736939549446106,1.6063815355300903,-0.6366989612579346,-0.7097325325012207,0.23697566986083984,0.6634172201156616,-0.009109020233154297,0.14171695709228516,0.004795670509338379,-0.4047506868798011,0.425923360386563,0.8064105011450753,0.06684553496173039,-0.23925165359454367,-2.3224779962245474,-0.8675965651134402
1771888920844408320,15.45840835571289,0.3422061800956726,1.7554419040679932,-0.6421133875846863,-0.7223020792007446,0.23509958386421204,0.6503909230232239,0.048168718814849854,-0.04146553575992584,0.20585614442825317,-0.41217976424677755,0.42198233456148315,0.8044416450532623,0.070089347107073,-0.23732101735822966,-2.3038554081874,-0.8601543917917145
1771888920854439168,15.46843934059143,0.34716907143592834,1.798634648323059,-0.6659279465675354,-0.7353330850601196,0.2323291152715683,0.6366384029388428,0.0679289698600769,0.0486004501581192,0.12050271034240723,-0.4197741723365733,0.41807625556271905,0.8022041108431619,0.07396254708234598,-0.23447163415078454,-2.284381770099891,-0.8533351112288488
1771888920864470272,15.47847032546997,0.27070677280426025,1.7733721733093262,-0.6934314370155334,-0.7481260299682617,0.22938625514507294,0.6226469278335571,0.0689573884010315,-0.06427092850208282,-0.035046279430389404,-0.42735084950810454,0.413957384841834,0.799976708683504,0.07776715639553491,-0.2314470748603383,-2.2649099329451383,-0.8461670459002113
1771888920874501120,15.48850131034851,0.028298407793045044,1.7629884481430054,-0.6471489071846008,-0.7605230212211609,0.22526508569717407,0.6089832186698914,-0.02676945924758911,-0.24195821583271027,-0.004445195198059082,-0.4344437914259903,0.4102820133967326,0.7975965688444132,0.08226205249149846,-0.227215105997123,-2.2459899429244756,-0.840694664700388
1771888920884532224,15.49853229522705,0.11533103883266449,1.8131182193756104,-0.5525936484336853,-0.7726985812187195,0.22102512419223785,0.5950504541397095,-0.008933007717132568,0.0019821077585220337,-0.016940653324127197,-0.4414832910431931,0.4069551003994141,0.7949294184642356,0.08699050508496589,-0.22286547270501877,-2.227034000972241,-0.8362964208036439
1771888920894563072,15.50856328010559,0.2811729311943054,1.676628589630127,-0.45283669233322144,-0.7841323018074036,0.21846526861190796,0.5808697938919067,0.09240549802780151,0.006418779492378235,-0.25416380167007446,-0.4486883174117008,0.40373873965636364,0.7921047507785434,0.09079634947648645,-0.2202414754515769,-2.208370708780121,-0.8314874698179785
1771888920904594176,15.51859426498413,0.3736671805381775,1.734696865081787,-0.40518900752067566,-0.7948423624038696,0.21676397323608398,0.5667794942855835,0.04049360752105713,0.1848626285791397,-0.033210158348083496,-0.4558258712900218,0.40051023835707567,0.7892916486440255,0.09398419549343176,-0.21849840564936435,-2.1902414049576344,-0.8262635319153298
1771888920914624256,15.528624296188354,0.4114909768104553,1.845036268234253,-0.221596822142601,-0.8054140210151672,0.2163994014263153,0.5517968535423279,0.1392914056777954,0.07832412421703339,0.00905519723892212,-0.46341404311262097,0.39749473105420385,0.7860638387961049,0.09669054200291301,-0.21812497008571158,-2.1714586485128975,-0.8210616156602983
1771888920924655104,15.538655281066895,0.24911938607692719,1.614526629447937,-0.10676690936088562,-0.8149998784065247,0.21675291657447815,0.5373948216438293,0.1794561743736267,-0.05516237020492554,-0.019267380237579346,-0.47061129233462873,0.3951546863387282,0.7826558488660951,0.09913399507934556,-0.21848707381289845,-2.1537374917294203,-0.817126787465005
1771888920934686208,15.548686265945435,0.11382191628217697,1.5473092794418335,-0.09702187031507492,-0.8237553834915161,0.21670718491077423,0.5238945484161377,0.09748268127441406,-0.15362733602523804,0.017075419425964355,-0.47715380675160424,0.39343589799873885,0.7792018229842979,0.10186814291984891,-0.21844023500006118,-2.1372546972883013,-0.814870138911225
1771888920944717056,15.558717250823975,0.015291350893676281,1.451108455657959,-0.11310123652219772,-0.8318156599998474,0.2162952423095703,0.5111744403839111,0.10770970582962036,-0.2106189727783203,0.07329827547073364,-0.48314272610583603,0.392138480682172,0.7757671253593994,0.10481396702904766,-0.21801828921817284,-2.121830119304558,-0.8138024858615248
1771888920954748160,15.568748235702515,0.16378770768642426,1.319109559059143,-0.18047921359539032,-0.8391464352607727,0.21542760729789734,0.4994237720966339,0.19398963451385498,-0.10745643079280853,0.03901311755180359,-0.48857236984348257,0.390695435530302,0.772702376198782,0.10763418860874385,-0.2171296933729284,-2.1076470968345435,-0.8124924582249892
1771888920964779264,15.578779458999634,0.23670904338359833,1.2377885580062866,-0.16304323077201843,-0.845740020275116,0.21496403217315674,0.48837944865226746,0.18793362379074097,-0.04989445209503174,-0.04570662975311279,-0.49372383252354,0.3888833102834287,0.7700386279763665,0.10975935539948038,-0.21665499848785552,-2.094475986803254,-0.8099067171950719
1771888920974810368,15.588810443878174,0.2865232229232788,1.2536917924880981,-0.1169028952717781,-0.8520769476890564,0.2151244729757309,0.47716501355171204,0.11046916246414185,0.10894171893596649,-0.21610242128372192,-0.49898060328490057,0.38705018922524137,0.7673165351481535,0.11151629451030062,-0.21681929284218734,-2.0812863830355313,-0.8069452488033357
1771888920984841472,15.598841428756714,0.5128630995750427,1.2460306882858276,-0.022611547261476517,-0.8581200242042542,0.21650376915931702,0.4655704200267792,0.08474373817443848,0.1697419434785843,-0.12613877654075623,-0.5045467257594811,0.3849724416986482,0.7645792544134264,0.1124601532837083,-0.21823187034470154,-2.067899446441373,-0.8026868686726504
1771888920994871296,15.608871459960938,0.49551865458488464,1.2435238361358643,0.07865062355995178,-0.8638467788696289,0.21900680661201477,0.453656941652298,0.09779459238052368,-0.08385972678661346,-0.042493730783462524,-0.5103177333439566,0.38308307391297086,0.7616270979193182,0.11290391603257599,-0.22079645081276503,-2.0543680020264175,-0.7982739122929833
1771888921004902400,15.618902444839478,0.28361600637435913,1.17104172706604,0.16297562420368195,-0.8689520359039307,0.22184838354587555,0.44238603115081787,0.04030841588973999,-0.22921839356422424,0.07558876276016235,-0.51569725861604,0.38191286835559063,0.7585087806018307,0.11341626101923673,-0.22370967832761654,-2.041699714508541,-0.7953962143609326
1771888921014933248,15.628933429718018,0.17377464473247528,1.1672042608261108,0.1339881867170334,-0.8737742304801941,0.22425477206707,0.43154144287109375,-0.009312689304351807,-0.1748620867729187,0.1564101278781891,-0.5207143687848457,0.38125242094534484,0.7552597669886716,0.11439273487790272,-0.2261782589334757,-2.0295376409540236,-0.794032266253945
1771888921024964352,15.638964414596558,0.17657709121704102,1.1268315315246582,0.05971608683466911,-0.8784682750701904,0.22573640942573547,0.42111334204673767,0.016117870807647705,-0.09434297680854797,0.048140138387680054,-0.5254050268841415,0.3804993239088953,0.7521814538204729,0.11572746368402258,-0.22769889287631595,-2.0178060097457218,-0.7929192734751269
1771888921034995200,15.648995399475098,0.3235769271850586,1.0017098188400269,-0.0021251803264021873,-0.8827736377716064,0.22711549699306488,0.411253422498703,-0.011421918869018555,-0.02623353898525238,0.04554891586303711,-0.5298623297809,0.37938386860818135,0.7494628685386449,0.11670153965674468,-0.22911475360798816,-2.0067650535103825,-0.7908020336326704
1771888921045026304,15.659026384353638,0.49853330850601196,0.9282144904136658,-0.14954766631126404,-0.8869491815567017,0.22801606357097626,0.4016589820384979,-0.04762113094329834,-0.019001170992851257,0.03545951843261719,-0.5342486340517244,0.37740569617369135,0.7472579463247667,0.11725595440173027,-0.23003958708110903,-1.9960215735585758,-0.7866287841940625
1771888921055057408,15.669057369232178,0.5808048248291016,0.7699719071388245,-0.21831980347633362,-0.8907113075256348,0.22866566479206085,0.3928682506084442,-0.004460811614990234,-0.05170948803424835,0.0599210262298584,-0.5383537418815688,0.3747366336616503,0.7456584906043872,0.11722261475867725,-0.23070680820894615,-1.9862013897082988,-0.7806063638011135
1771888921065088256,15.679088354110718,0.6572242379188538,0.7186429500579834,-0.3078558146953583,-0.8942053914070129,0.2287599891424179,0.38479316234588623,0.004633128643035889,-0.07136556506156921,0.07374876737594604,-0.5421388996442724,0.3716495128656741,0.744495280160964,0.11699962233211922,-0.23080369712317933,-1.9771631859254881,-0.7736795849135812
1771888921075118336,15.689118385314941,0.6161718368530273,0.6927409172058105,-0.3663420081138611,-0.8976626396179199,0.22806008160114288,0.377081960439682,-0.0004546046257019043,-0.06524878740310669,0.16123288869857788,-0.5457036619296797,0.36825702815081557,0.7435911125443511,0.11690452404518509,-0.23008479770793763,-1.9684846060606258,-0.7663806962457385
1771888921085149184,15.699149370193481,0.6394516229629517,0.7375730872154236,-0.24673067033290863,-0.901040256023407,0.22759000957012177,0.36922818422317505,0.01834970712661743,-0.12318937480449677,-0.0005606114864349365,-0.5493307833238726,0.3649248206897392,0.742592736237271,0.1167119285984041,-0.2296020288828401,-1.9597051237573508,-0.7591018808299573
1771888921095180288,15.709180355072021,0.5771999359130859,0.6675443053245544,-0.14039383828639984,-0.9040659666061401,0.22802789509296417,0.3614805042743683,-0.016420483589172363,-0.17605647444725037,-0.1543424129486084,-0.5529456175401419,0.3620446918961082,0.7413932091394502,0.11623667007026814,-0.23005173492612307,-1.951163576362947,-0.7523879892687406
1771888921105211136,15.719211339950562,0.6507492661476135,0.7248057723045349,-0.0025424975901842117,-0.9067614078521729,0.22956803441047668,0.3536693751811981,-0.016944527626037598,-0.10969498753547668,-0.2543194591999054,-0.5566205491679094,0.3597347784965289,0.7398821408764262,0.11549373819120066,-0.23163383767457793,-1.942683439952816,-0.7464407502095431
1771888921115242240,15.729242324829102,0.6334468722343445,0.6836071610450745,0.07035966962575912,-0.9091119170188904,0.23222114145755768,0.34581616520881653,0.056298255920410156,-0.03454352915287018,-0.25597241520881653,-0.5603982653170927,0.35765635840801147,0.7382343839897546,0.11421769585264867,-0.23436063361685375,-1.9342831933267277,-0.7403179333697321
1771888921125273344,15.739273309707642,0.43582889437675476,0.7349110841751099,0.15162603557109833,-0.9112290143966675,0.23523524403572083,0.3381214737892151,0.09331214427947998,-0.09563261270523071,0.0016002655029296875,-0.56406333583881,0.3560592337618072,0.7363983680604507,0.11301265388285554,-0.2374606036200375,-1.9261090770120377,-0.7351747799052132
1771888921135304192,15.749304294586182,0.21478325128555298,0.8543673753738403,0.12446151673793793,-0.9135939478874207,0.23738136887550354,0.33014577627182007,0.03383314609527588,-0.03926122188568115,0.16841986775398254,-0.5675863180478837,0.3552807769799609,0.7340629833132329,0.11301731184183005,-0.23966927323326667,-1.9175645209977843,-0.7328811445860605
1771888921145334272,15.759334325790405,0.1842663437128067,0.8550517559051514,0.07554271072149277,-0.9161605834960938,0.23905184864997864,0.32172051072120667,0.08348846435546875,-0.03682713210582733,0.11022531986236572,-0.5711927632117101,0.35459454444276994,0.7315209965061391,0.11348397532453207,-0.24138927677281646,-1.9085056992274936,-0.731236501188364
1771888921155365120,15.769365310668945,0.33582940697669983,0.8516653180122375,0.06067082658410072,-0.9187549948692322,0.24038678407669067,0.3132144808769226,0.07115983963012695,-0.11860640347003937,-0.08083847165107727,-0.5748144558733161,0.35361203937921104,0.729085572021304,0.1139343922376975,-0.24276429644578026,-1.899351993805977,-0.7290243945330688
1771888921165396224,15.779396295547485,0.38533464074134827,0.7394461035728455,0.007061127573251724,-0.9211039543151855,0.24197053909301758,0.3049876391887665,0.00038880109786987305,-0.25251439213752747,-0.24982720613479614,-0.5784031436896059,0.3522242652253796,0.7269332018135612,0.1138238688082638,-0.24439623514087716,-1.8905454240927597,-0.7254541642591358
1771888921175427072,15.789427280426025,0.4338681697845459,0.6952354907989502,-0.03771992400288582,-0.9233530163764954,0.24300327897071838,0.2972688674926758,-0.05485755205154419,-0.1461862474679947,-0.1776246726512909,-0.5817548166796542,0.35056163612603924,0.7250799813496714,0.11369680832605614,-0.24546074133906273,-1.8822625981065448,-0.7214240154966753
1771888921185458176,15.799458265304565,0.2645595669746399,0.630035936832428,-0.10026160627603531,-0.9253948926925659,0.2435680776834488,0.29037660360336304,0.010600090026855469,-0.08292354643344879,-0.0491352379322052,-0.5847154234374008,0.34892018742669056,0.723493606084429,0.11366372415073527,-0.24604302993942256,-1.8748529765529907,-0.717641412924075
1771888921195489280,15.809489250183105,-0.09967304766178131,0.6758026480674744,-0.19509543478488922,-0.9276536107063293,0.24227763712406158,0.28418397903442383,-0.04414820671081543,-0.08996440470218658,0.23557615280151367,-0.5870994670522677,0.34772937477362076,0.7219253954186681,0.11498821864691533,-0.2447127375767359,-1.8680659301273892,-0.7163709859423981
1771888921205520128,15.819520235061646,-0.23573234677314758,0.7241643071174622,-0.3188759684562683,-0.9302307367324829,0.2394726425409317,0.2780715227127075,-0.032751500606536865,0.09294012188911438,0.29988566040992737,-0.5891776195816689,0.346992719035102,0.7201609679819881,0.11761818575361146,-0.24182264551018087,-1.861268865260463,-0.717507396623829
1771888921215551488,15.829551458358765,0.005554834380745888,0.7307243347167969,-0.38083308935165405,-0.9331506490707397,0.23576155304908752,0.27137863636016846,0.034819960594177246,0.06953629851341248,0.025221705436706543,-0.591459112825279,0.345527089373642,0.7185404271524372,0.1203611687375114,-0.2380021443611833,-1.853809729627381,-0.7174441218620898
1771888921225581056,15.83958125114441,-0.1261102557182312,0.8271214365959167,-0.34734195470809937,-0.9360679984092712,0.23219025135040283,0.26431915163993835,-0.027082204818725586,-0.06718169152736664,-0.0025393664836883545,-0.5938953950186748,0.34394278380701343,0.7168423347567325,0.12299902328096372,-0.23432887749406578,-1.8460029863235432,-0.7170481553756468
1771888921235612160,15.84961223602295,-0.05860196053981781,0.8964201211929321,-0.376359224319458,-0.9391657114028931,0.22848644852638245,0.25644052028656006,-0.08350884914398193,0.023146256804466248,-0.13569772243499756,-0.5965805928679572,0.3424448069906085,0.714808937079311,0.12598150019337967,-0.23052272020963993,-1.8373500541834153,-0.7171881511874822
1771888921245643264,15.859643459320068,0.050160739570856094,0.9215576648712158,-0.35788169503211975,-0.9423343539237976,0.22496595978736877,0.24778273701667786,-0.05290490388870239,0.016840055584907532,-0.19875621795654297,-0.599626899473153,0.3405222716320147,0.7126962556714573,0.12867099629686699,-0.22690809367890993,-1.8279215496439,-0.7161903668905586
1771888921255674368,15.869674444198608,-0.12760622799396515,0.9706694483757019,-0.350320965051651,-0.9453984498977661,0.2216475009918213,0.23894371092319489,-0.06926518678665161,0.002717733383178711,0.026177749037742615,-0.6027113481107655,0.33876490015903843,0.7104295885016658,0.1314045793337845,-0.22350366758631085,-1.8183558315814417,-0.7155775230778747
1771888921265705472,15.879705429077148,-0.25301796197891235,1.0667874813079834,-0.36086681485176086,-0.9485741257667542,0.21781478822231293,0.229703888297081,-0.04420846700668335,0.017368927597999573,0.1322193145751953,-0.6057594090712602,0.3374359979789664,0.7078056893425921,0.13492070069954423,-0.2195749337813368,-1.808379861458574,-0.7167124606174705
1771888921275736320,15.889736413955688,-0.19324055314064026,1.073265790939331,-0.44309911131858826,-0.9518532752990723,0.2134581059217453,0.22002534568309784,-0.02940899133682251,0.1268586665391922,0.26602816581726074,-0.6088735893939158,0.3359964067673891,0.7050667274970912,0.138781591009054,-0.21511329349814623,-1.7979611218454599,-0.7181136045299624
1771888921285767424,15.899767398834229,0.0007275892421603203,1.009381651878357,-0.49783000349998474,-0.9551376700401306,0.2087729275226593,0.21006233990192413,0.027235329151153564,0.1228768527507782,0.09833303093910217,-0.6121559218011957,0.33378144126797493,0.7025817520875453,0.14224653955182395,-0.21032006818789112,-1.7872787738420948,-0.7177132883291989
1771888921295797248,15.909797430038452,-0.14818795025348663,0.9146934151649475,-0.4860311448574066,-0.9581069350242615,0.2039683759212494,0.20106719434261322,0.036918580532073975,-0.060322120785713196,0.054303884506225586,-0.615045526339052,0.3315726061468113,0.7004235915010092,0.14555201035517287,-0.20540981068069084,-1.7776533156507675,-0.7172885984059268
1771888921305828352,15.919828414916992,-0.31253349781036377,0.9280552864074707,-0.5020478963851929,-0.9609272480010986,0.19868120551109314,0.1927291750907898,-0.04552716016769409,0.022906914353370667,0.034992918372154236,-0.6174918549109121,0.3298857662217666,0.6982406256813307,0.14946304176811434,-0.2000121226506158,-1.7687359017782591,-0.7186767249445258
1771888921315859200,15.929859399795532,-0.22678297758102417,0.9187750816345215,-0.45650628209114075,-0.96363365650177,0.1934952586889267,0.1843094825744629,-0.013325691223144531,0.1219649463891983,-0.014418110251426697,-0.6199164726275039,0.328343610404554,0.6959491481462229,0.1534565923623108,-0.19472348797401562,-1.7597790078831534,-0.7204859141726667
1771888921325890304,15.939890384674072,-0.14559997618198395,0.9427816271781921,-0.3964490592479706,-0.9661189913749695,0.18903818726539612,0.17572416365146637,0.04337412118911743,0.15637502074241638,-0.017383679747581482,-0.6224967348698883,0.32673029594316455,0.6936204973645856,0.1569582321853038,-0.19018258458955895,-1.750716114264408,-0.7215856815820515
1771888921335921408,15.949921369552612,-0.21395070850849152,1.0918645858764648,-0.3321552872657776,-0.9685341119766235,0.18522709608078003,0.16623163223266602,0.02264159917831421,0.11459283530712128,0.11065436899662018,-0.6254498633509573,0.3251602517978906,0.6909317066145986,0.16030222025021215,-0.18630295312684664,-1.740772395375672,-0.7225400988405554
1771888921345952256,15.959952354431152,-0.2908468246459961,1.2717901468276978,-0.31453821063041687,-0.9710209965705872,0.18170994520187378,0.15524157881736755,0.0020725131034851074,0.11601956188678741,0.0859236866235733,-0.628830930904787,0.32396822624702154,0.687506637563778,0.16416753631087583,-0.18272506238728584,-1.7293292978554962,-0.7247719955784345
1771888921355983360,15.969983339309692,-0.21559351682662964,1.345812439918518,-0.3102465271949768,-0.973548412322998,0.178315207362175,0.14285396039485931,0.06264442205429077,0.09420676529407501,0.03829836845397949,-0.6326975884769966,0.3225817431633264,0.6836431809103625,0.16812730720967178,-0.17927395120634967,-1.7164919405294234,-0.7267684545695218
1771888921366014208,15.980014324188232,-0.19355879724025726,1.3820469379425049,-0.29888415336608887,-0.9759438633918762,0.17511051893234253,0.12988553941249847,0.08379286527633667,0.09477166831493378,0.014981403946876526,-0.6367739898884858,0.3210453058967008,0.6796121554504102,0.17197755616672553,-0.17601802706788622,-1.7031059212033592,-0.7284044022980212
1771888921376044288,15.990044355392456,-0.09770452976226807,1.3734326362609863,-0.31175175309181213,-0.9781861901283264,0.17192447185516357,0.11659209430217743,0.10101950168609619,0.07123959064483643,-0.07199060916900635,-0.6409644372673403,0.31928553405845295,0.6755388918874918,0.17569445295354003,-0.1727828989410657,-1.6894287710272524,-0.7295469378772308
1771888921386075136,16.000075340270996,-0.015698079019784927,1.2825655937194824,-0.3038583993911743,-0.9801928997039795,0.16881467401981354,0.10355454683303833,0.12173336744308472,0.016701698303222656,-0.1408165544271469,-0.6451212371025958,0.31720990925476034,0.6716808378089968,0.17900096090312734,-0.16962695251329396,-1.6760529961059385,-0.7297055125262779
1771888921396106240,16.010106325149536,-0.11552302539348602,1.199175238609314,-0.30403709411621094,-0.981907844543457,0.16581302881240845,0.0914497971534729,0.10027027130126953,-0.006114557385444641,-0.049167752265930176,-0.6489271931191123,0.31525839589717364,0.6680846069275556,0.1821224858259645,-0.1665824001020383,-1.6636632408428613,-0.729957452526219
1771888921406137344,16.020137310028076,-0.2390154004096985,1.092027187347412,-0.3472948372364044,-0.9834191799163818,0.1625550538301468,0.08039024472236633,0.10643553733825684,-0.04231582581996918,0.04686807841062546,-0.6522003048246766,0.3137424108250054,0.6646509021729304,0.1855791805615922,-0.1632795977392992,-1.652360624732985,-0.7315352425240923
1771888921416168192,16.030168294906616,-0.38711896538734436,0.9694938063621521,-0.35306137800216675,-0.9847620725631714,0.15886065363883972,0.07076062262058258,0.1474207043647766,-0.013337582349777222,0.03505909442901611,-0.6547943885103316,0.3126355991161704,0.6615431144992295,0.1893779985145549,-0.15953654083691585,-1.6425285917468062,-0.7344263896955066
1771888921426199296,16.040199279785156,-0.2964380383491516,0.8365210890769958,-0.32715094089508057,-0.9859029054641724,0.15525920689105988,0.0623684860765934,0.17898774147033691,-0.007035315036773682,-0.12094701081514359,-0.656902521936014,0.3118349385342589,0.6587436634213181,0.19311844878831425,-0.1558898359593108,-1.6339724144696535,-0.7378735909105909
1771888921436230144,16.050230264663696,-0.12777286767959595,0.7264594435691833,-0.28634360432624817,-0.9868406653404236,0.15206429362297058,0.05497192591428757,0.10956716537475586,-0.04468819499015808,-0.20095276832580566,-0.658857248530531,0.31070225505444193,0.6564678754205336,0.1960130694976966,-0.1526565270323739,-1.626443782653878,-0.7396918002600105
1771888921446261248,16.060261249542236,-0.17105695605278015,0.6742726564407349,-0.25527408719062805,-0.9876081943511963,0.14933916926383972,0.0482485294342041,0.060560405254364014,0.017530977725982666,-0.072860948741436,-0.6606875805883012,0.3095563897581275,0.6544456481777913,0.1984129338534834,-0.14989990653783028,-1.619611433082752,-0.7408591745977999
1771888921456291072,16.07029128074646,-0.12446725368499756,0.5964612364768982,-0.19285465776920319,-0.9882270097732544,0.1470666378736496,0.04217388108372688,0.11817091703414917,0.1362280398607254,-0.06674051284790039,-0.6622975136836007,0.3087465661998388,0.6525047875800933,0.20068628608857844,-0.14760200942198823,-1.6134467548172544,-0.7424522290271658
1771888921466322176,16.080322265625,-0.11589986830949783,0.4695885181427002,-0.11874260753393173,-0.9886685013771057,0.1454661339521408,0.03706931322813034,0.1594449281692505,0.0813557505607605,-0.10545921325683594,-0.6637142187396694,0.308031389694774,0.65088502850738,0.20235793305802915,-0.14598409587058414,-1.6082729521947392,-0.7434080039746134
1771888921476353280,16.09035325050354,-0.09384303539991379,0.38186901807785034,-0.044932831078767776,-0.9889314770698547,0.14464978873729706,0.03303384408354759,0.11985176801681519,-0.020473763346672058,-0.10291910171508789,-0.6648444994886321,0.3077100298770402,0.6494855343655734,0.20362951689159703,-0.14515903142867814,-1.6041874836877932,-0.7444897945941469
1771888921486384128,16.10038423538208,-0.17619436979293823,0.37001103162765503,0.013075076974928379,-0.9890711903572083,0.14445117115974426,0.02953456901013851,0.0294763445854187,-0.011989638209342957,-0.01087307557463646,-0.6658466103058418,0.30768169954529656,0.6481506433153186,0.20464876525628972,-0.144958308583037,-1.6006483700985008,-0.7457100993002361
1771888921496415488,16.1104154586792,-0.13009922206401825,0.371879518032074,0.0227479450404644,-0.9891515374183655,0.14457114040851593,0.02604537270963192,0.036179184913635254,0.03897683322429657,-0.09522879123687744,-0.6668327883797548,0.307889590206505,0.6467044813037759,0.2056972042895035,-0.14507954579742985,-1.5971212663092385,-0.7473522964788752
1771888921506446336,16.12044644355774,-0.16814273595809937,0.30883610248565674,0.07021079957485199,-0.9891594648361206,0.14504912495613098,0.02289322018623352,0.07862186431884766,0.0009927600622177124,-0.13835644721984863,-0.6677639778038106,0.3081808895996207,0.6453457596034247,0.20650563797826485,-0.14556261516118993,-1.593936310155393,-0.748799580311518
1771888921516477440,16.13047742843628,-0.22885748744010925,0.2510581612586975,0.08586086332798004,-0.9890968799591064,0.14583684504032135,0.02046508714556694,0.041236281394958496,-0.039299994707107544,-0.13148808479309082,-0.6684154102821327,0.3088762524634997,0.6440714280847099,0.2073360476702748,-0.1463588089657759,-1.5914840551716904,-0.750965866325895
1771888921526507264,16.140507459640503,-0.34089455008506775,0.24034719169139862,0.11744275689125061,-0.988986611366272,0.14684005081653595,0.018534330651164055,0.018085122108459473,-0.015721261501312256,-0.049997925758361816,-0.6688508027016357,0.30992276347017317,0.642818050603916,0.2082581020402981,-0.14737292488495107,-1.5895348635700277,-0.7538550774091505
1771888921536538368,16.150538444519043,-0.38808947801589966,0.3171149492263794,0.04910631477832794,-0.9889108538627625,0.14760631322860718,0.01635695807635784,-0.011592626571655273,0.11724048852920532,0.0556492805480957,-0.6692360573823566,0.3111783857200978,0.6413629946127468,0.20962956117208864,-0.14814762850425417,-1.587335194376065,-0.7577215259581825
1771888921546569472,16.160569429397583,-0.24929405748844147,0.3803940415382385,0.006999874487519264,-0.9889216423034668,0.14783717691898346,0.013342269696295261,-0.017456471920013428,0.06882236897945404,-0.0071166763082146645,-0.6699045462260952,0.3119449791344423,0.6398136172538705,0.2110845470977578,-0.14838106793854391,-1.5842872443546208,-0.7608860605785737
1771888921556600320,16.170600414276123,-0.2949422597885132,0.4076646864414215,-0.036672238260507584,-0.988989531993866,0.14765657484531403,0.009863456711173058,-0.028176605701446533,0.03528103232383728,0.012917876243591309,-0.6707177573222657,0.3123931516831833,0.6382336931112715,0.21261701749275178,-0.1481984593214348,-1.5807692628539731,-0.763635455185791
1771888921566631424,16.180631399154663,-0.16930708289146423,0.4335103929042816,-0.09927703440189362,-0.9891251921653748,0.14695541560649872,0.005966590717434883,-0.017237722873687744,0.0688343495130539,-0.06633031368255615,-0.6716468466549446,0.3124964719110008,0.6366547340966325,0.21425986720895904,-0.14748956870957078,-1.5768284433314577,-0.765982069323918
1771888921576662272,16.190662384033203,-0.16748343408107758,0.40054765343666077,-0.14632657170295715,-0.9893152713775635,0.14577747881412506,0.0020847078412771225,0.018230676651000977,0.02969859540462494,-0.11844825744628906,-0.6725826619371488,0.3122398086784633,0.6352547959852928,0.21584778257511272,-0.14629880753163904,-1.5729035466891759,-0.7676877523777702
1771888921586693376,16.200693368911743,-0.16673855483531952,0.3832469582557678,-0.19901348650455475,-0.9895563125610352,0.14413785934448242,-0.0015827694442123175,-0.014044702053070068,-0.055087581276893616,-0.1397441029548645,-0.6734101362183909,0.31180770290233695,0.6340225324839277,0.21750889181073413,-0.14464167781476775,-1.569196854300097,-0.7692481590438892
1771888921596724224,16.210724353790283,-0.2761378288269043,0.40141892433166504,-0.2572123408317566,-0.9898686408996582,0.14189542829990387,-0.005086845252662897,-0.0369105339050293,-0.08479702472686768,0.021459579467773438,-0.6740470884246237,0.31138990781728165,0.6328450858792074,0.2195541266332132,-0.14237594894176353,-1.56565746278524,-0.771424011257396
1771888921606754304,16.220754384994507,-0.46104297041893005,0.4849465787410736,-0.33601874113082886,-0.9902479648590088,0.13903392851352692,-0.008868983946740627,-0.06190657615661621,0.041370734572410583,0.13963675498962402,-0.6744907040840572,0.31132510113607764,0.6313811758511709,0.2224787987442119,-0.1394857950204022,-1.5618402392282813,-0.7754654277582367
1771888921616785408,16.230785369873047,-0.3764365613460541,0.5040646195411682,-0.41348689794540405,-0.9907150268554688,0.1353083997964859,-0.013249327428638935,0.00211334228515625,0.0917728841304779,0.04408729076385498,-0.674991140475445,0.3109723979121285,0.6298186277658167,0.22585774389683264,-0.13572471674089936,-1.5574236238169454,-0.7797226548105421
1771888921626816512,16.240816593170166,-0.3523634374141693,0.5362595319747925,-0.45529904961586,-0.9912058115005493,0.13111674785614014,-0.017874576151371002,-0.012212157249450684,0.019029736518859863,0.03252297639846802,-0.6755475104665948,0.3103004746961788,0.6283122846869317,0.229287794521942,-0.13149537127577726,-1.5527651177063895,-0.7835717436415653
1771888921636847616,16.250847578048706,-0.2594706118106842,0.5617791414260864,-0.5058658123016357,-0.9917189478874207,0.12636880576610565,-0.02290431223809719,-0.021281659603118896,0.07265157997608185,-0.03027254529297352,-0.6762143803391201,0.3092218010497393,0.6268410657896769,0.23277962516604261,-0.12670757275451153,-1.5477048645044706,-0.7868898556247107
1771888921646878464,16.260878562927246,-0.20393891632556915,0.5662479400634766,-0.5107812285423279,-0.9922075271606445,0.12134074419736862,-0.02830030769109726,0.0069931745529174805,0.031231887638568878,-0.06912702322006226,-0.6770703443206323,0.30767299632189093,0.6254495772892116,0.23606361941635515,-0.12164049307142934,-1.5422814890909617,-0.7891799005286138
1771888921656909824,16.270909786224365,-0.21897156536579132,0.5485827922821045,-0.5168798565864563,-0.9926486015319824,0.11627891659736633,-0.033585913479328156,0.03874540328979492,-0.00025109201669692993,-0.045332491397857666,-0.6778694085323285,0.30612591552764623,0.6240945180251152,0.2393450541759026,-0.11654255175404492,-1.536974584593969,-0.791514198604469
1771888921666940672,16.280940771102905,-0.27221643924713135,0.5121286511421204,-0.48061320185661316,-0.9930217266082764,0.11144077777862549,-0.03858492150902748,0.03348803520202637,-0.012655362486839294,0.01934361457824707,-0.678558747047477,0.3047583660636732,0.6227598872894885,0.24259119615353447,-0.11167274151619107,-1.531959793675417,-0.7941243224659787
1771888921676970496,16.29097056388855,-0.38892173767089844,0.46056103706359863,-0.4752621054649353,-0.9933440685272217,0.10682198405265808,-0.04308661073446274,0.01704108715057373,0.034428633749485016,0.13645511865615845,-0.6789900473682038,0.3038034107116548,0.6214178806085342,0.24599951704858466,-0.10702619425788733,-1.5274481860172653,-0.7976767412668041
1771888921687001600,16.30100178718567,-0.35412994027137756,0.3863999843597412,-0.4536153972148895,-0.9936422109603882,0.10231149196624756,-0.046984657645225525,0.08566796779632568,0.09638844430446625,0.10618871450424194,-0.6791667231408499,0.3031083740718431,0.6201878618099332,0.249449216063506,-0.10249082985360428,-1.5235462320121442,-0.8017500455919906
1771888921697032704,16.31103277206421,-0.3791615962982178,0.2781413197517395,-0.42651161551475525,-0.9939135313034058,0.09820476174354553,-0.04991556704044342,0.10571479797363281,0.07197652012109756,0.10660196095705032,-0.6791003567231781,0.3025973327718037,0.6192552549154897,0.2525478363676097,-0.0983633033570953,-1.5206172483754419,-0.805629892904329
1771888921707063552,16.32106375694275,-0.3429040014743805,0.20756007730960846,-0.40730276703834534,-0.9941979646682739,0.09418531507253647,-0.05195557326078415,0.11231637001037598,0.062446169555187225,0.028655357658863068,-0.6787542483981548,0.3022247967844274,0.6186132762768347,0.25548062696685137,-0.09432512405910565,-1.5185850397246548,-0.8095196685553234
1771888921717094656,16.33109474182129,-0.2755327522754669,0.1463257521390915,-0.3548946976661682,-0.9944506287574768,0.09063661098480225,-0.053411778062582016,0.11475098133087158,0.06727658957242966,-0.020867999643087387,-0.6783448218305347,0.3019067358956421,0.6181799365192407,0.25798081605902373,-0.09076117052450675,-1.517138049371522,-0.8128576164937337
1771888921727125760,16.34112572669983,-0.23480796813964844,0.14351212978363037,-0.32044270634651184,-0.9946696758270264,0.0874650776386261,-0.05460739508271217,0.07137566804885864,0.052061282098293304,-0.03435134515166283,-0.6779749440681723,0.3015490174885205,0.6178709349427619,0.2601030883257673,-0.08757698549286122,-1.5159513537611538,-0.8155663847812231
1771888921737156608,16.35115671157837,-0.262072890996933,0.17395710945129395,-0.28980302810668945,-0.9948446750640869,0.0845845565199852,-0.055945251137018204,0.06891071796417236,0.020945221185684204,0.033011309802532196,-0.6776981279779282,0.30122260302470016,0.6174887194635222,0.2621031118052673,-0.08468574542006073,-1.5146203329963523,-0.818135115899838
1771888921747187712,16.36118769645691,-0.3396662175655365,0.2304784506559372,-0.2744104862213135,-0.9949633479118347,0.08200561255216599,-0.05764629691839218,0.06486386060714722,0.06363953649997711,0.10873275995254517,-0.6774806310573158,0.30114479727585697,0.6168376303309115,0.26427856316112397,-0.08209780209597949,-1.5129229125641395,-0.8213524035333003
1771888921757217536,16.371217727661133,-0.29034224152565,0.2337755709886551,-0.2680455446243286,-0.9950444102287292,0.07951892167329788,-0.05969270318746567,0.10116934776306152,0.13286817073822021,0.05520659685134888,-0.6773510538376928,0.30110444382290563,0.6160274041972841,0.2665367651364967,-0.07960296405861869,-1.5108781489084462,-0.8247536974450516
1771888921767248640,16.381248712539673,-0.28739410638809204,0.21778808534145355,-0.2315266877412796,-0.995103120803833,0.07719875127077103,-0.06172601878643036,0.12248355150222778,0.07760167866945267,0.07280391454696655,-0.6772921240131956,0.3009785304521664,0.6152632888935452,0.26858585122511003,-0.07727563391323466,-1.5088459286785347,-0.8277068163185788
1771888921777279488,16.391279697418213,-0.24904602766036987,0.18765482306480408,-0.23107634484767914,-0.9951483607292175,0.07513081282377243,-0.06352376937866211,0.06472843885421753,0.041110627353191376,0.020265161991119385,-0.6771917838834182,0.30095342077168746,0.6145446715299242,0.2705056018058375,-0.07520167654072968,-1.5070493500839803,-0.8306261170265709
1771888921787310592,16.401310682296753,-0.25575053691864014,0.13978663086891174,-0.2509176731109619,-0.9952223896980286,0.07287124544382095,-0.06497753411531448,0.08381497859954834,0.03500838577747345,0.0021876171231269836,-0.6769968662142778,0.30081677780475746,0.614019950478636,0.27233055387313854,-0.07293589365856731,-1.505599397843887,-0.833243722131542
1771888921797341696,16.411341667175293,-0.267791211605072,0.11144926398992538,-0.26238125562667847,-0.9953206777572632,0.07054956257343292,-0.06602656096220016,0.07379668951034546,0.0017465651035308838,-0.03079044818878174,-0.6766377456280406,0.30077439573926296,0.6136134628213241,0.27417998224626733,-0.07060821662558592,-1.504556405034615,-0.8360612219737205
1771888921807372544,16.421372652053833,-0.19397638738155365,0.10328374803066254,-0.27237504720687866,-0.9954336881637573,0.06804043054580688,-0.06694983690977097,0.06357944011688232,0.03715367615222931,-0.06665611267089844,-0.6762489329651337,0.3006020073633249,0.6133217056082377,0.27597518496394324,-0.06809303969566158,-1.5036405111749418,-0.838604306328629
1771888921817403648,16.431403636932373,-0.16311851143836975,0.11278524249792099,-0.2638188302516937,-0.9955374002456665,0.06550419330596924,-0.06792888045310974,0.03968113660812378,0.05339229106903076,-0.036624304950237274,-0.6759662631565307,0.3001979079770475,0.6131205222678507,0.2775499355593548,-0.06555112814025496,-1.502668544536116,-0.8404504802912335
1771888921827433472,16.441433668136597,-0.2399110347032547,0.10824108868837357,-0.23773451149463654,-0.9956232905387878,0.06316092610359192,-0.06888235360383987,0.03572350740432739,0.044291459023952484,0.0035899952054023743,-0.6756480871654864,0.29996886674699624,0.6128437839388562,0.2791786962049498,-0.06320299513855847,-1.501721243781136,-0.8426534216891776
1771888921837464576,16.451464653015137,-0.28762349486351013,0.053227100521326065,-0.20467349886894226,-0.9957042336463928,0.061119601130485535,-0.06955213844776154,0.04286915063858032,0.02172035723924637,0.008242368698120117,-0.6752004797204385,0.30004898545350706,0.612531255040339,0.2808565566840533,-0.06115771676059563,-1.5010574021449679,-0.8454151641732809
1771888921847495680,16.461495637893677,-0.25785550475120544,-0.002087818691506982,-0.21165737509727478,-0.9958115220069885,0.05926528945565224,-0.06962031126022339,0.0315171480178833,0.0054167211055755615,-0.0011652037501335144,-0.674570719640275,0.3003138050108699,0.6123736309491834,0.28242603339773453,-0.059300036632508775,-1.500996762749597,-0.8483036528614888
1771888921857526528,16.471526622772217,-0.22178758680820465,-0.04604329168796539,-0.23345907032489777,-0.9959587454795837,0.057267285883426666,-0.06918474286794662,0.016878604888916016,0.026396673172712326,-0.029478542506694794,-0.6738004874824948,0.3005232699560822,0.6124486867422119,0.28387534475053683,-0.057298635443569786,-1.5014422698959462,-0.8509314482408463
1771888921867557632,16.481557607650757,-0.06863825768232346,-0.09260254353284836,-0.20494087040424347,-0.9961282014846802,0.05513022467494011,-0.0684787705540657,0.027225613594055176,0.0193173848092556,-0.10542565584182739,-0.6730733669734708,0.3004083377430743,0.6127931504184925,0.28497664993418376,-0.055158189347998175,-1.502159377884545,-0.8525209614007944
1771888921877588480,16.491588592529297,0.09088127315044403,-0.12667316198349,-0.15885967016220093,-0.9962986707687378,0.05333393067121506,-0.06741339713335037,0.030615687370300293,0.04046183079481125,-0.15000909566879272,-0.6724977901298416,0.29998790975114553,0.6134334159275459,0.28540055955485544,-0.053359249658759794,-1.5032354651840432,-0.8525780605719332
1771888921887619584,16.501619577407837,0.16027365624904633,-0.1633177250623703,-0.11446903645992279,-0.9964674711227417,0.051882751286029816,-0.06603766232728958,0.0103071928024292,0.025296177715063095,-0.17636346817016602,-0.6720612621459969,0.2993182964286789,0.6143205408937622,0.28522382907989347,-0.051906054992892706,-1.5046213265181465,-0.8513087152633815
1771888921897650432,16.511650562286377,0.07849180698394775,-0.16243848204612732,-0.06520801037549973,-0.9966225028038025,0.050970956683158875,-0.06438592076301575,0.02375262975692749,-0.01726429909467697,-0.08945316076278687,-0.6716088670829151,0.298868708481762,0.6152109688835367,0.28484114434626634,-0.050993053231499885,-1.5062818630801518,-0.8500522708195493
1771888921907681792,16.521681785583496,-0.10726074874401093,-0.1272629201412201,-0.06255417317152023,-0.9967483282089233,0.05038522928953171,-0.06288173049688339,-0.04048311710357666,0.0602257177233696,0.10118133574724197,-0.6710098555540787,0.2990127132172283,0.6157520040084505,0.28493267146464274,-0.050406571065030555,-1.507792948964093,-0.8504468249853006
1771888921917711616,16.53171157836914,-0.14859195053577423,-0.08759859204292297,-0.09416162967681885,-0.9968448877334595,0.04970543459057808,-0.06188496947288513,-0.024258017539978027,0.13585668802261353,0.13959795236587524,-0.6704526180298954,0.299273807983368,0.6160297908601299,0.28536962642215136,-0.04972592365410203,-1.508795055048546,-0.8515563901372449
1771888921927742464,16.54174256324768,-0.12841662764549255,-0.10395225882530212,-0.11641580611467361,-0.9969571232795715,0.048750508576631546,-0.060826919972896576,0.03350192308425903,0.10592782497406006,0.012380242347717285,-0.66976114562577,0.2996212341519272,0.6162902361832009,0.28606555270105466,-0.0487698388577696,-1.5098592907248332,-0.8532087490312973
1771888921937773824,16.5517737865448,-0.15637068450450897,-0.18199259042739868,-0.09278237819671631,-0.9970962405204773,0.04778328537940979,-0.05929357558488846,0.035533249378204346,-0.01779976114630699,-0.07174890488386154,-0.6689434699687097,0.29998301632457086,0.6167360883237701,0.28663806198038677,-0.04780148770128888,-1.5114000248356656,-0.854696522317967
1771888921947804672,16.56180477142334,0.00442512147128582,-0.1983846127986908,-0.09483514726161957,-0.9972501397132874,0.0469767190515995,-0.057316217571496964,-0.054248154163360596,0.016118381172418594,-0.09667550772428513,-0.6680931862813133,0.3002812818130609,0.6173921305854424,0.28689630230170327,-0.04699401333599625,-1.5133852218923118,-0.8555977730656139
1771888921957835776,16.57183575630188,0.1403794139623642,-0.2521487772464752,-0.10472932457923889,-0.9974196553230286,0.0459410659968853,-0.05516752600669861,-0.039140403270721436,0.038836780935525894,-0.09249180555343628,-0.6673919244190669,0.3000255482138985,0.6183857274492293,0.28665618799181286,-0.045957241077893694,-1.5155423803344419,-0.8548671135402146
1771888921967866624,16.58186674118042,0.156533345580101,-0.3074661195278168,-0.08790507167577744,-0.9976145625114441,0.04491741955280304,-0.05241873487830162,-0.006215393543243408,1.969560980796814e-05,-0.06013005971908569,-0.6666265503715159,0.29959565219579737,0.6197040237426481,0.2860393005894335,-0.04493253898346586,-1.5183005264592941,-0.8532851295186247
1771888921977897728,16.59189772605896,0.06905639916658401,-0.2829158902168274,-0.08937566727399826,-0.9978089928627014,0.04396960139274597,-0.049435392022132874,-0.032266080379486084,-0.02257678657770157,0.00530695915222168,-0.6657276335554256,0.2993714272998202,0.6210145355588297,0.28552476887392714,-0.043983780502209587,-1.5212928625080557,-0.8521831504789467
1771888921987927552,16.601927757263184,-0.05069290101528168,-0.1875733882188797,-0.10844150185585022,-0.9979643225669861,0.04299113526940346,-0.04710638150572777,-0.08533340692520142,0.051231879740953445,0.09883368015289307,-0.6648769039475305,0.2993684144980669,0.6219528614100439,0.2854678988418794,-0.04300439009155052,-1.5236288670498082,-0.8521292854502007
1771888921997958656,16.611958742141724,0.09548711776733398,-0.14009389281272888,-0.09525033086538315,-0.9980828762054443,0.04202943667769432,-0.04543563723564148,-0.015283942222595215,0.12639707326889038,-0.03674823418259621,-0.6642319634779111,0.29927826804235735,0.6226674076653401,0.285506310218923,-0.04204181893041464,-1.5253048246807943,-0.8520799465462917
1771888922007989760,16.621989727020264,0.10095751285552979,-0.1174176037311554,-0.03327670693397522,-0.9981635808944702,0.04147890582680702,-0.04414692521095276,0.011484503746032715,0.06101439520716667,-0.04497969150543213,-0.6639045374856193,0.29895540411273464,0.6233395575929828,0.2851389662021933,-0.041490807793258255,-1.5265969861021609,-0.8510283716649784
1771888922018020608,16.632020711898804,0.154070183634758,-0.07495057582855225,-0.01745380274951458,-0.9982128143310547,0.04113982990384102,-0.04334690421819687,-0.05230915546417236,0.03387236222624779,-0.041812364012002945,-0.6637785555678989,0.2985867422461261,0.6238369212520898,0.2847307609981747,-0.041151443915288355,-1.5273990766954602,-0.8498344356367299
1771888922028051712,16.642051696777344,0.17666977643966675,-0.11261912435293198,0.022886697202920914,-0.9982444643974304,0.04114822298288345,-0.042603034526109695,0.005614340305328369,0.041432321071624756,-0.042434219270944595,-0.6637921748870717,0.29815771085614506,0.624340021662792,0.28404497060081924,-0.04115984522417113,-1.5281442524305364,-0.8481111525051195
1771888922038082560,16.652082681655884,0.1609247922897339,-0.14118991792201996,0.027044158428907394,-0.998282253742218,0.04136573523283005,-0.04149255529046059,0.0015628337860107422,0.009079806506633759,-0.011409640312194824,-0.6637164523142535,0.2978532712596126,0.6249297166458864,0.2832434491876528,-0.041377542213822754,-1.5292562839837662,-0.846404185207209
1771888922048113664,16.662113666534424,0.11789876967668533,-0.1589859575033188,0.021946601569652557,-0.9983290433883667,0.04157286509871483,-0.04013817384839058,-0.0064470767974853516,-0.0035632289946079254,0.021568235009908676,-0.6635230487552847,0.2976649425119277,0.6255609439165142,0.28250024092995146,-0.041584849989422426,-1.530612613182031,-0.844972044533214
1771888922058144512,16.672144651412964,0.0877017229795456,-0.1286417692899704,-0.005667450837790966,-0.9983843564987183,0.04157388582825661,-0.03873170167207718,-0.013273298740386963,0.04462301358580589,0.05508911982178688,-0.6633038800194033,0.2973721296273885,0.6262618991818906,0.281768929153711,-0.04158587066971082,-1.532021392624706,-0.8434001591807578
1771888922068174592,16.682174682617188,0.1542900651693344,-0.11489532887935638,-0.03273821622133255,-0.9984424114227295,0.0413639061152935,-0.03743796423077583,0.001097559928894043,0.08842736482620239,0.01795244961977005,-0.6630825852941381,0.2970114944491158,0.6269491124729174,0.28114115413178886,-0.04137570958704871,-1.5333175150427754,-0.8418853587242131
1771888922078205696,16.692205667495728,0.09839405119419098,-0.13303318619728088,-0.003590451553463936,-0.9984800815582275,0.041413988918066025,-0.0363682396709919,0.04083836078643799,-0.020448438823223114,-0.055810097604990005,-0.6630105416523119,0.29660393709124727,0.6275683105888207,0.280359188816346,-0.04142583646964046,-1.5343888207490233,-0.8400545163647236
1771888922088236544,16.702236652374268,0.09796953946352005,-0.13523562252521515,-0.0023219878785312176,-0.9985184669494629,0.041518162935972214,-0.03517569601535797,-0.01626741886138916,-0.01168723776936531,-0.03773081675171852,-0.66283048497917,0.2963997537136993,0.6281395854284086,0.27972080459399573,-0.04153010167657299,-1.5355830036083296,-0.8387633215977027
1771888922098267648,16.712267637252808,0.185781329870224,-0.15397095680236816,0.007795360870659351,-0.9985591173171997,0.04159826040267944,-0.03390441834926605,0.007058143615722656,0.021878279745578766,-0.04690611734986305,-0.662706038500753,0.29600769706551106,0.6288300514207128,0.27887814343828027,-0.04161026841635061,-1.5368560224112757,-0.8368669009890737
1771888922108298496,16.722298622131348,0.22307224571704865,-0.19769899547100067,0.02129492536187172,-0.9985993504524231,0.04183070361614227,-0.03239971026778221,0.059191882610321045,0.02596409246325493,-0.03934711590409279,-0.6626017703787243,0.29552780344901003,0.6296534456856766,0.277774853121886,-0.041842913635388,-1.5383625490560395,-0.8344345922037835
1771888922118329600,16.732329607009888,0.22569555044174194,-0.20341706275939941,0.04776674509048462,-0.9986441135406494,0.042170651257038116,-0.030526380985975266,0.03395283222198486,-0.009547378867864609,-0.043509308248758316,-0.6624170376855947,0.2950785031273241,0.6306072361198276,0.27652664230426055,-0.04218316175983816,-1.540238013523744,-0.8318323096061165
1771888922128360448,16.742360591888428,0.1893703043460846,-0.20112460851669312,0.09012698382139206,-0.9986751675605774,0.042794059962034225,-0.02857992984354496,0.017382323741912842,-0.0012596361339092255,-0.003158334642648697,-0.6622237000303361,0.29477676549964527,0.6315193531266112,0.27522692672026666,-0.042807131674159046,-1.542186291425601,-0.8293812455680329
1771888922138390528,16.75239062309265,0.21054287254810333,-0.25050243735313416,0.12647700309753418,-0.9986876845359802,0.04398118332028389,-0.026241308078169823,0.06318658590316772,-0.00014267116785049438,-0.04469674825668335,-0.6619837400294272,0.2946977586545342,0.6324812858247425,0.2736753443814408,-0.04399537296034406,-1.5445265807582482,-0.8268929022087521
1771888922148421632,16.76242160797119,0.21803487837314606,-0.3225947320461273,0.18185822665691376,-0.998673141002655,0.04584614932537079,-0.023455483838915825,0.07731693983078003,-0.020363975316286087,-0.04623138904571533,-0.6616830214775248,0.29490937175193355,0.6334830070223487,0.2718517259792756,-0.04586222629808885,-1.5473139960150206,-0.8244455698441053
1771888922158452480,16.77245259284973,0.2955087125301361,-0.4285595118999481,0.24113939702510834,-0.9986507296562195,0.047810640186071396,-0.02027216926217079,0.06267660856246948,-0.0523119792342186,-0.0839911699295044,-0.661337673529396,0.29503064777375615,0.6346816778556764,0.2697565853605885,-0.04782887349716548,-1.5504995554517567,-0.8214565275707857
1771888922168483584,16.78248357772827,0.3074636459350586,-0.49358856678009033,0.25171029567718506,-0.9986131191253662,0.05022061988711357,-0.01580749824643135,0.06141829490661621,-0.011325985193252563,-0.029404282569885254,-0.6607043580727202,0.29530077709557256,0.6363125819580578,0.2671583209557317,-0.05024175306132289,-1.5549681968719242,-0.8179611411359784
1771888922178514432,16.79251456260681,0.30855128169059753,-0.5454844832420349,0.2600550353527069,-0.9985489249229431,0.05276745185256004,-0.010754918679594994,0.08193820714950562,0.03152208402752876,-0.005465209484100342,-0.6598908762508134,0.2956837724947151,0.6381172675298631,0.2644267866095626,-0.05279196876530291,-1.5600261954626193,-0.8144683019359502
1771888922188545792,16.80254578590393,0.34726059436798096,-0.5674180388450623,0.2818266451358795,-0.998448371887207,0.055429719388484955,-0.005336994305253029,0.07153797149658203,0.017492014914751053,-0.0398138165473938,-0.6589699163011555,0.296126104853978,0.6400318999718838,0.2615859223646947,-0.055458142790922406,-1.565451089739029,-0.8109317723747909
1771888922198576640,16.81257677078247,0.3248705267906189,-0.624708890914917,0.3238385319709778,-0.9982895851135254,0.05846331641077995,0.00039349199505522847,0.08227396011352539,-0.03911519795656204,-0.05971968173980713,-0.6579934161973902,0.29669281816836846,0.6420047645041432,0.2585498914381063,-0.05849667318289725,-1.5711904929504656,-0.8073252103211799
1771888922208606464,16.822606563568115,0.28021809458732605,-0.6474376320838928,0.3586455285549164,-0.9980596303939819,0.06191672384738922,0.006582868751138449,0.043698668479919434,-0.02611960470676422,-0.0027071237564086914,-0.6568766084081704,0.29752000239185494,0.6440289454248044,0.25538536594960964,-0.061956354289000516,-1.5773918980688084,-0.8039723835082561
1771888922218637824,16.832637786865234,0.31399619579315186,-0.7031649947166443,0.3724500238895416,-0.9977598786354065,0.06559306383132935,0.013140887953341007,0.07969963550567627,-0.0008042305707931519,-0.02936100959777832,-0.6556314963041997,0.2985072569022644,0.6461144338049994,0.2521445417008411,-0.06564018984920868,-1.5839659563868829,-0.8008004863177327
1771888922228668672,16.842668771743774,0.33486685156822205,-0.7734388709068298,0.4150952100753784,-0.997368574142456,0.06959100812673569,0.020316189154982567,0.11060422658920288,-0.041102826595306396,-0.0673590898513794,-0.6542554123110099,0.2995410043363497,0.6484082675281565,0.24857921711685646,-0.06964730080904596,-1.5911633011235884,-0.7972721197562856
1771888922238699776,16.852699756622314,0.3274511992931366,-0.7939469814300537,0.4226319491863251,-0.996877133846283,0.07386188209056854,0.02793491631746292,0.057164669036865234,-0.025995060801506042,-0.051814913749694824,-0.6527447878005157,0.30070927833458155,0.6508005748390485,0.24486068431104763,-0.07392920522365465,-1.5988114224137147,-0.793787851505912
1771888922248730624,16.862730741500854,0.3393014669418335,-0.8123344779014587,0.4438118040561676,-0.9962897300720215,0.0783107802271843,0.035697296261787415,0.051465511322021484,0.0030643418431282043,-0.023307204246520996,-0.6511936070439447,0.30191453201770574,0.6532199194116881,0.24103585750827475,-0.07839104227227343,-1.6066112410388078,-0.7902614163720343
1771888922258761728,16.872761726379395,0.3253856599330902,-0.8292720317840576,0.44327598810195923,-0.9956038594245911,0.08289209753274918,0.043612558394670486,0.07086008787155151,0.02166113257408142,0.02311408892273903,-0.6495787159465056,0.30317716781545156,0.6556598841198076,0.2371525116953767,-0.08298731542700749,-1.6145734706709463,-0.7868002882397016
1771888922268792576,16.882792711257935,0.3521949052810669,-0.8400887250900269,0.43990761041641235,-0.9948261380195618,0.08745425939559937,0.0516996830701828,0.05235177278518677,0.048516787588596344,0.02520453929901123,-0.6478777857886133,0.30444024628690375,0.6581534605080077,0.2332479487565082,-0.08756612013459225,-1.6227181784542084,-0.7833723675364181
1771888922278823680,16.892823696136475,0.3157152831554413,-0.850908637046814,0.447925329208374,-0.9939569234848022,0.09205811470746994,0.05979172885417938,0.058318495750427246,0.00025754421949386597,-0.0218430757522583,-0.646162078365431,0.30567620488066577,0.6606496209395639,0.22930054081447582,-0.09218863877747674,-1.6308791753871783,-0.7798973346528599
1771888922288853760,16.9028537273407,0.3195696771144867,-0.8692505955696106,0.4938960373401642,-0.9929629564285278,0.09691791236400604,0.06805447489023209,0.06063574552536011,-0.009378232061862946,-0.0588533952832222,-0.6443463538489287,0.3071320340042407,0.663096638214869,0.2253675277365292,-0.09707028376347719,-1.6392260866012196,-0.7768635116270208
1771888922298884608,16.91288471221924,0.45932650566101074,-0.9390192627906799,0.5278888940811157,-0.9917974472045898,0.10229706764221191,0.0766371637582779,0.056021690368652344,-0.012071855366230011,-0.1157301664352417,-0.6425507521925427,0.30849054202736775,0.6656967531593503,0.22092986847079882,-0.10247633072428942,-1.6479140679959536,-0.773023938702611
1771888922308915712,16.92291569709778,0.452402800321579,-0.9915213584899902,0.5506170988082886,-0.9904370903968811,0.10805125534534454,0.08578529953956604,0.041676223278045654,0.02514270693063736,-0.04843176156282425,-0.640645269601456,0.30978948832585335,0.6685230914129658,0.21605767414457674,-0.1082626154463129,-1.6571942855764343,-0.7685661333592834
1771888922318946560,16.93294668197632,0.3661012053489685,-0.9635829925537109,0.5436584949493408,-0.9889398813247681,0.11387837678194046,0.09502401947975159,0.028261840343475342,-0.021242275834083557,0.0934983417391777,-0.6386409747797628,0.3112114035441697,0.6713117549156554,0.21124785120339953,-0.11412595891314847,-1.666588994131981,-0.7644852400957912
1771888922328977664,16.94297766685486,0.18866144120693207,-0.9229636192321777,0.5255085229873657,-0.9873657822608948,0.11947978287935257,0.10408364981412888,0.025299131870269775,0.010143622756004333,0.06373250484466553,-0.6364613387210889,0.3130775503368439,0.6738132323693744,0.20706311462841617,-0.11976589291748596,-1.6758239287612129,-0.762087102020924
1771888922339008512,16.9530086517334,0.2168971747159958,-0.9001384973526001,0.4928866922855377,-0.985755443572998,0.12472044676542282,0.11283204704523087,0.04309797286987305,0.13365662097930908,0.046927452087402344,-0.6342438220318736,0.3150225398585786,0.6761485210545336,0.20327024508394853,-0.12504607447186095,-1.6847628486039927,-0.7604277183382799
1771888922349039616,16.96303963661194,0.3865908682346344,-0.8731423020362854,0.5173938870429993,-0.9840736985206604,0.1300603449344635,0.12117364257574081,0.02995699644088745,0.09097844362258911,-0.033969663083553314,-0.6322541410411815,0.31658920039965527,0.6784969424084809,0.19916767709158423,-0.13042984248259953,-1.6933143272944033,-0.7577607790182656
1771888922359069696,16.973069667816162,0.4129410684108734,-0.9043654203414917,0.558808445930481,-0.9822356104850769,0.135903000831604,0.1293971687555313,0.041927993297576904,-0.0396505743265152,-0.09680439531803131,-0.6304154598924532,0.31798668923103746,0.6808693322277733,0.1946221048985186,-0.13632486668563656,-1.701779477873307,-0.7542652392355412
1771888922369100544,16.983100652694702,0.39671921730041504,-0.9322399497032166,0.5651201605796814,-0.980211079120636,0.14200741052627563,0.13791309297084808,0.008638262748718262,-0.046456873416900635,-0.06450308859348297,-0.6284691766334464,0.3194686328784877,0.6832981356802503,0.18992073634701537,-0.14248908052996745,-1.7105761466945268,-0.7507908135897742
1771888922379131648,16.993131637573242,0.4086257815361023,-0.9637662172317505,0.5801624655723572,-0.9780327081680298,0.14817243814468384,0.14661863446235657,0.037191033363342285,-0.0016575604677200317,-0.05292963981628418,-0.6264322664694718,0.3209393890267591,0.6857894892333771,0.18513052821737955,-0.14872005413716693,-1.7196000037431547,-0.7472708854464302
1771888922389162496,17.003162622451782,0.4265618920326233,-0.9860422015190125,0.5908409357070923,-0.9756646156311035,0.15453635156154633,0.15555526316165924,0.057283759117126465,0.012699976563453674,-0.025382503867149353,-0.624301689254586,0.3224441190898723,0.688336706102676,0.1801941279210242,-0.15515815014997483,-1.728900817994058,-0.7437117023819789
1771888922399193600,17.013193607330322,0.42287978529930115,-0.9971129298210144,0.6010059714317322,-0.9731261730194092,0.16104131937026978,0.1645938605070114,0.048977673053741455,0.016097962856292725,0.007662653923034668,-0.6221149704946595,0.32394444275687345,0.6909102160329068,0.17514580697561427,-0.16174565397596888,-1.7383498138532658,-0.7400930621897867
1771888922409224448,17.023224592208862,0.4034448564052582,-0.991009533405304,0.6145017743110657,-0.9704378247261047,0.1676594316959381,0.17361152172088623,0.033532798290252686,0.03934130072593689,0.03262628614902496,-0.6198915218698451,0.3254974040886433,0.6934386765118021,0.17008477841943584,-0.16845501602657834,-1.747823772441461,-0.7366396123842135
1771888922419255552,17.033255577087402,0.42794033885002136,-1.020677089691162,0.6243200898170471,-0.9675848484039307,0.17441381514072418,0.1826460063457489,0.06402033567428589,0.020822376012802124,-0.02470231056213379,-0.6176257239632339,0.32708733307240956,0.6959431591621444,0.1649712887846977,-0.17531043420578132,-1.7573658917875292,-0.7332773629083341
1771888922429286400,17.043286561965942,0.4825122356414795,-1.0619385242462158,0.6720671057701111,-0.9644770622253418,0.18151144683361053,0.19193138182163239,0.0836024284362793,-0.013466417789459229,-0.08797323703765869,-0.6152792605908987,0.32867433023155296,0.698526218851861,0.15957994720001972,-0.18252320835617242,-1.767230615852135,-0.7296665086574373
1771888922439316480,17.053316593170166,0.558725118637085,-1.1088738441467285,0.7091132402420044,-0.9610530734062195,0.18919245898723602,0.20145326852798462,0.06894785165786743,-0.04238763451576233,-0.112219899892807,-0.6129008322723661,0.33019642816799377,0.7012110641143361,0.15370754679610077,-0.1903396953769995,-1.7774218858576667,-0.7254497578402261
1771888922449347584,17.063347578048706,0.6552481651306152,-1.152256965637207,0.747020423412323,-0.9573037028312683,0.19740433990955353,0.21118997037410736,0.10909813642501831,-0.04551835358142853,-0.12885355949401855,-0.6104807155736439,0.3316269778220036,0.7040017962169516,0.1473713674082104,-0.1987094438138699,-1.787927596823442,-0.7206206852940934
1771888922459378432,17.073378562927246,0.8378826975822449,-1.1792997121810913,0.8140537738800049,-0.9532076716423035,0.20654813945293427,0.22075538337230682,0.12590664625167847,-0.01930752396583557,-0.1377323865890503,-0.6082526578072531,0.33270172545377924,0.7068856019434999,0.14018200123829183,-0.208045703794506,-1.7983763137102102,-0.7142102187901689
1771888922469409792,17.083409786224365,0.8015316128730774,-1.1774342060089111,0.8869823217391968,-0.9487324357032776,0.21654801070690155,0.23024757206439972,0.11012452840805054,-0.030589133501052856,-0.024070829153060913,-0.6060541008744146,0.33389036360666524,0.7096766960522066,0.13256969282251713,-0.21827718062511287,-1.8088829486928109,-0.7076119830265475
1771888922479440640,17.093440771102905,0.6589216589927673,-1.1825733184814453,0.9449412226676941,-0.9439049959182739,0.22700925171375275,0.23981299996376038,0.09861385822296143,-0.09747740626335144,0.04256618022918701,-0.6037007464013133,0.33555743009172434,0.7122553678947878,0.12505577010720081,-0.229005659357378,-1.8195969760801207,-0.702148402364512
1771888922489471744,17.103471755981445,0.6143685579299927,-1.2236778736114502,0.986339807510376,-0.9387080669403076,0.23762226104736328,0.24972602725028992,0.13989508152008057,0.009753242135047913,0.024184495210647583,-0.6010430373801285,0.33778449561735924,0.714678005298289,0.11783193178395289,-0.23991726144787423,-1.8308057418890071,-0.6982415689560924
1771888922499502592,17.113502740859985,0.7298514246940613,-1.3536391258239746,1.0409162044525146,-0.9329296350479126,0.2488933503627777,0.2601816654205322,0.2058941125869751,-0.0479656457901001,-0.10074260830879211,-0.59816603118438,0.3399885598953791,0.7172855831527033,0.11002999971921233,-0.2515374802995354,-1.84277236236519,-0.6938405824737292
1771888922509532672,17.12353277206421,0.7121760249137878,-1.4119112491607666,1.076222538948059,-0.9265385270118713,0.26065152883529663,0.2712691128253937,0.1657049059867859,-0.05545133352279663,-0.09750202298164368,-0.5949860080821084,0.3422077673003397,0.7200891564614409,0.10176944733289472,-0.2636969846635336,-1.855613339515395,-0.6892065857194172
1771888922519563776,17.13356375694275,0.6819519400596619,-1.4572862386703491,1.0842093229293823,-0.9196652770042419,0.27262255549430847,0.28265291452407837,0.17805767059326172,0.05472421646118164,-0.07638457417488098,-0.5915605401678291,0.3446024016198499,0.7228939368747207,0.09343265849421997,-0.27611779486074983,-1.8689763566068505,-0.6850752854299474
1771888922529594624,17.14359474182129,0.6859570741653442,-1.5585765838623047,1.1041343212127686,-0.912239134311676,0.28459012508392334,0.29466602206230164,0.2051621675491333,0.09304961562156677,-0.02684381604194641,-0.5877382519132704,0.34711972633895727,0.725838069692343,0.08503339495319134,-0.28857885344891965,-1.8832309134562877,-0.6814338606352917
1771888922539625728,17.15362572669983,0.47822073101997375,-1.5945301055908203,1.1116324663162231,-0.904261589050293,0.2965463101863861,0.3071994483470917,0.14116942882537842,-0.02754908800125122,0.22350123524665833,-0.5835364642667357,0.34991036252150576,0.728808932332158,0.0767173596077237,-0.30107426198695775,-1.8982874961358238,-0.6787366777385998
1771888922549656576,17.16365671157837,0.3829570710659027,-1.638838529586792,1.0998293161392212,-0.8958209753036499,0.30788543820381165,0.3204861283302307,0.1277393102645874,-0.047097474336624146,0.13475990295410156,-0.5787904405607689,0.3531892129424277,0.731778955035685,0.06898233957295956,-0.3129696994401937,-1.9143647297012985,-0.6779971391827273
1771888922559687680,17.17368769645691,0.29803428053855896,-1.695987582206726,1.0982085466384888,-0.8868972063064575,0.3187485337257385,0.33438393473625183,0.1638900637626648,-0.026710599660873413,0.028210610151290894,-0.5736071923134991,0.356638755621808,0.7348474447384349,0.06150431619146677,-0.3244088552828454,-1.93134265656306,-0.6782564149866619
1771888922569718528,17.18371868133545,0.3916449248790741,-1.7629724740982056,1.1098167896270752,-0.8773802518844604,0.3296654224395752,0.348603218793869,0.12387090921401978,-0.08012321591377258,-0.13331705331802368,-0.5681516537021667,0.36009440410393084,0.7379929698121096,0.053869773069944754,-0.33594917758836684,-1.9489926691109463,-0.6787264205984439
1771888922579749632,17.19374966621399,0.4774003028869629,-1.7774871587753296,1.145630121231079,-0.8672659993171692,0.3411076068878174,0.3626232445240021,0.04898279905319214,-0.025662660598754883,-0.1044292151927948,-0.562680517040287,0.36317579449944637,0.7412253132244215,0.0455976525035352,-0.34809493383660156,-1.966827094000831,-0.6781179455639776
1771888922589779712,17.203779697418213,0.5175637006759644,-1.8162287473678589,1.1926215887069702,-0.8565565943717957,0.3530665338039398,0.3763706088066101,0.06876063346862793,0.04119005799293518,-0.09577667713165283,-0.5571704774378623,0.36638613629009315,0.7442758285025154,0.03709144609270312,-0.36084671354914444,-1.9848000573622866,-0.677829482545129
1771888922599810560,17.213810682296753,0.5454964637756348,-1.9097694158554077,1.2380125522613525,-0.8449853658676147,0.36553746461868286,0.39036139845848083,0.09385627508163452,0.06030482053756714,-0.05517163872718811,-0.5513852508109777,0.36965429336548744,0.7473529259441418,0.028170359019351197,-0.3742101463257153,-2.0035632167355755,-0.6776691828482677
1771888922609841664,17.223841667175293,0.5296759009361267,-1.8144646883010864,1.2208178043365479,-0.8329405188560486,0.37803885340690613,0.40409955382347107,0.029611170291900635,0.0557989776134491,0.21526986360549927,-0.5455104211209736,0.3729044182942663,0.7503279763738266,0.019196689377015453,-0.3876770419505694,-2.022492019921054,-0.6778003304313213
1771888922619872512,17.233872652053833,0.43594011664390564,-1.756434440612793,1.2811903953552246,-0.8207648396492004,0.39042434096336365,0.4170299768447876,-0.0025231242179870605,-0.04490432143211365,0.1668018102645874,-0.5397913673628333,0.37629417471998533,0.7529393576032599,0.010503064135775573,-0.4010924833060049,-2.040902300835748,-0.6787482093527047
1771888922629902592,17.243902683258057,0.3561430275440216,-1.7772691249847412,1.3012734651565552,-0.8080956339836121,0.40265995264053345,0.42993807792663574,0.04179912805557251,0.013538837432861328,0.03960543870925903,-0.533878901517054,0.3800744171913314,0.7553227603185022,0.00209677678394332,-0.4144209210689321,-2.0597451009681103,-0.6811681955733377
1771888922639933952,17.253933906555176,0.3800085186958313,-1.7673372030258179,1.3288185596466064,-0.7949615716934204,0.41484498977661133,0.4426504373550415,-0.001089334487915039,0.017146557569503784,-0.019539564847946167,-0.5278588945778153,0.3839128120172179,0.7575857506423621,-0.006297236152731554,-0.42777242218403894,-2.078860471423882,-0.6841225476285098
1771888922649964800,17.263964891433716,0.3769959509372711,-1.7721916437149048,1.4232406616210938,-0.7811771035194397,0.42744749784469604,0.4550289213657379,-0.02479231357574463,-0.07660207152366638,-0.04520833492279053,-0.521789303810911,0.38792669763568455,0.7596231558710207,-0.01488598709688627,-0.44166743183984986,-2.098242330722583,-0.6876591399884944
1771888922659994624,17.27399468421936,0.5075252652168274,-1.7566388845443726,1.4951785802841187,-0.766687273979187,0.4407815635204315,0.466800332069397,-0.043234169483184814,-0.03752225637435913,-0.0844150185585022,-0.5157811212726785,0.3920593685135423,0.761373505742785,-0.02386997016817265,-0.4564692033413167,-2.1177004288150365,-0.6914727077369387
1771888922670025728,17.28402590751648,0.6336171627044678,-1.7643638849258423,1.5632787942886353,-0.7514588832855225,0.45516225695610046,0.4776371717453003,-0.037878453731536865,0.0192946195602417,-0.07060885429382324,-0.5099549718231698,0.39604608533307734,0.762867016751693,-0.03357788816874725,-0.4725544448326646,-2.1369912234275104,-0.6947220528844197
1771888922680056832,17.29405689239502,0.6053503751754761,-1.7763007879257202,1.6081703901290894,-0.7355335354804993,0.4700610041618347,0.4878864586353302,-0.0016643404960632324,-0.03138607740402222,-0.030382156372070312,-0.5041321726645852,0.40000476859900286,0.7641592883980418,-0.043675744108413864,-0.48935988491296667,-2.156471204085619,-0.6980604974185222
1771888922690087680,17.30408787727356,0.46790704131126404,-1.7809959650039673,1.648347020149231,-0.7189391255378723,0.48460662364959717,0.49828022718429565,0.03537583351135254,-0.06767541170120239,-0.0008741021156311035,-0.49798985529144024,0.4042900794671128,0.765303626050275,-0.053535553439651724,-0.5059133999103026,-2.17686091513374,-0.7029497653296517
1771888922700118784,17.3141188621521,0.20142695307731628,-1.779288411140442,1.6737391948699951,-0.7017674446105957,0.49807581305503845,0.5093554258346558,0.024582386016845703,-0.14768823981285095,0.07253849506378174,-0.49131949427398613,0.4091252440062822,0.7663512520540092,-0.06266930188431101,-0.5213783359949372,-2.198640465157727,-0.7103940699448069
1771888922710149888,17.32414984703064,-0.04452688619494438,-1.8024208545684814,1.7166565656661987,-0.6838985085487366,0.5103011727333069,0.5214167833328247,0.028594553470611572,-0.17405849695205688,0.03511703014373779,-0.48400370260314524,0.4147122236500298,0.7672823182885432,-0.07093651970680427,-0.5355349627299709,-2.2221979360570026,-0.7210330653955903
1771888922720180736,17.33418083190918,0.2097192406654358,-1.8049407005310059,1.7639250755310059,-0.66538405418396,0.5223541259765625,0.533301055431366,0.021035969257354736,-0.1450958251953125,-0.06569552421569824,-0.4765202404251469,0.42038216972235887,0.768068581877762,-0.0792331020902004,-0.5496093353902723,-2.2464472874700223,-0.7325105555606641
1771888922730210816,17.344210863113403,0.32421278953552246,-1.8339446783065796,1.8710744380950928,-0.6458701491355896,0.5358341336250305,0.5438138246536255,0.0023002028465270996,-0.16208535432815552,-0.210363507270813,-0.4692950287054408,0.42574917263257306,0.7685340249527273,-0.08862992012764417,-0.5654953992801118,-2.2706195712754598,-0.743053676236416
1771888922740241664,17.354241847991943,0.31627631187438965,-1.8334388732910156,1.8992706537246704,-0.6254905462265015,0.549599826335907,0.5538063049316406,0.01686328649520874,-0.10323452949523926,-0.1498757004737854,-0.46197974623279203,0.4311824175751415,0.7687554073245699,-0.09834385997800953,-0.5818851695490186,-2.2954835949606864,-0.7542976372017137
1771888922750272768,17.364272832870483,0.3645671606063843,-1.8915573358535767,1.9197272062301636,-0.6044129729270935,0.5633698105812073,0.5632933974266052,0.0781983733177185,-0.06861883401870728,-0.09616076946258545,-0.4545647287025865,0.4365473547976572,0.7688127864734714,-0.10827847966398255,-0.5984588279324047,-2.320995048259566,-0.7660572174820612
1771888922760303616,17.374303817749023,0.2674969732761383,-1.8741068840026855,1.8815547227859497,-0.5827975869178772,0.5765038728713989,0.5727043151855469,0.08630716800689697,-0.002437770366668701,0.06309884786605835,-0.4468816615441678,0.44186735256084286,0.7688338010365134,-0.11808732680943741,-0.6144434895892534,-2.3474597704012488,-0.7787222556422112
1771888922770334720,17.384334802627563,0.04466521739959717,-1.851128101348877,1.859415888786316,-0.5611295104026794,0.5881008505821228,0.5824699401855469,0.05894750356674194,-0.0750545859336853,0.13928604125976562,-0.43886522776422066,0.44729657759977637,0.7688697841739824,-0.12713143103012894,-0.6287086994612393,-2.3748530790587252,-0.7930147673585644
1771888922780365824,17.394365787506104,-0.030200233682990074,-1.8544279336929321,1.7846622467041016,-0.53937828540802,0.5980492830276489,0.5927967429161072,0.043421924114227295,-0.0443384051322937,0.12573951482772827,-0.43043096711876583,0.45282526605208745,0.7689913217270282,-0.13539116334955723,-0.6410649491026031,-2.403341692475562,-0.8089105332575495
1771888922790396672,17.404396772384644,0.04335707426071167,-1.911049485206604,1.7269127368927002,-0.5176801681518555,0.6073739528656006,0.6025811433792114,0.038691580295562744,-0.06184178590774536,0.014636814594268799,-0.42200765920361305,0.4579080589235992,0.7691623933661453,-0.14359290440226605,-0.652750749143074,-2.4318366822228117,-0.8244068515849683
1771888922800426752,17.414426803588867,0.03932806849479675,-1.9239506721496582,1.6934231519699097,-0.4955381453037262,0.6162590384483337,0.61210036277771,0.036889463663101196,-0.23320239782333374,-0.02701735496520996,-0.41335614374288676,0.462596694742428,0.7694507590032311,-0.1519425753338423,-0.6639836502979538,-2.461043471683431,-0.8396939281045481
1771888922810457600,17.424457788467407,0.08690250664949417,-1.991215467453003,1.6664762496948242,-0.47278499603271484,0.62481689453125,0.6213517785072327,-0.00037476420402526855,-0.14932256937026978,-0.11343258619308472,-0.4044751276343999,0.4671736318812117,0.7696912992124847,-0.16038680714183629,-0.6748969847575539,-2.491153578798488,-0.8555206937366004
1771888922820488704,17.434488773345947,0.05751772224903107,-1.954525113105774,1.6791406869888306,-0.44987329840660095,0.6330733299255371,0.629946231842041,-0.010636985301971436,-0.05189657211303711,-0.048693180084228516,-0.3956065108217846,0.47147401049087867,0.7698606224471705,-0.16888572981554473,-0.6855170271682869,-2.5214360064931265,-0.8713095522878798
1771888922830519552,17.444519758224487,-0.11814544349908829,-1.9326211214065552,1.707061767578125,-0.42664584517478943,0.6403747797012329,0.6386656761169434,0.03528836369514465,-0.10920101404190063,-0.029733002185821533,-0.38647590230218176,0.47602329346504124,0.769892624759309,-0.17692837850328855,-0.6949861099409851,-2.5526489472664067,-0.8887117684214408
1771888922840550656,17.454550743103027,-0.32050973176956177,-1.9339795112609863,1.7207727432250977,-0.4030633866786957,0.6461967825889587,0.6480505466461182,0.042406678199768066,0.001294553279876709,0.11147087812423706,-0.3768525519295512,0.48088411446265045,0.769919316623625,-0.1842738539114888,-0.7025904523686675,-2.5851803378963862,-0.9080161525338093
1771888922850581760,17.464581727981567,-0.4823566973209381,-1.897397518157959,1.759231448173523,-0.37917202711105347,0.650363028049469,0.6582223176956177,0.02675500512123108,-0.013323843479156494,0.15583407878875732,-0.36673104997226696,0.4861922225071013,0.7698884859495002,-0.19078052310520133,-0.7080622397604787,-2.6189661527566757,-0.9294890950426886
1771888922860612608,17.474612712860107,-0.3665336072444916,-1.9409401416778564,1.72245454788208,-0.35502538084983826,0.6539069414138794,0.6681041121482849,0.04034331440925598,0.0018243193626403809,0.02713221311569214,-0.35646624835813867,0.491394462816511,0.7697944718604176,-0.19717979868826518,-0.7127369416398818,-2.6531477289313927,-0.9512729061522038
1771888922870643712,17.484643697738647,-0.19309815764427185,-1.951634407043457,1.7085886001586914,-0.3306041359901428,0.6578964591026306,0.6766635179519653,0.028251200914382935,0.01898348331451416,-0.061108529567718506,-0.3464007908764527,0.49609262071151056,0.769560826845761,-0.20414416671739727,-0.7180221971841927,-2.6871228649844965,-0.9720868282437433
1771888922880673536,17.49467372894287,-0.06811699271202087,-1.89299738407135,1.7096996307373047,-0.3061905801296234,0.6623331308364868,0.6837853789329529,0.00780487060546875,0.03691619634628296,-0.08097165822982788,-0.3367100892918263,0.5004632301385007,0.7690443663603533,-0.21150347754918825,-0.7239286448924775,-2.720580132024892,-0.9923578414397858
1771888922890704640,17.50470471382141,0.10462069511413574,-1.8766069412231445,1.7468363046646118,-0.2817079722881317,0.6677277684211731,0.6890432238578796,-0.03886398673057556,-0.0631592869758606,-0.1794605851173401,-0.3275578211081281,0.5045132637882163,0.7681067450717057,-0.21950937604828796,-0.7311522180113702,-2.7534894718211076,-1.0121497749479853
1771888922900735744,17.51473569869995,-0.2766275703907013,-1.8188319206237793,1.8574970960617065,-0.2568078339099884,0.6721193194389343,0.694482147693634,-0.056073665618896484,-0.13323992490768433,0.010840058326721191,-0.3181043925612721,0.5089271861734231,0.7669642718506336,-0.2270870859403669,-0.7370673020967411,-2.787403451490243,-1.0336897945566905
1771888922910766592,17.52476668357849,-0.683059811592102,-1.8064045906066895,1.9162160158157349,-0.23135529458522797,0.6732639074325562,0.7022753357887268,-0.012251272797584534,-0.09086644649505615,0.14058971405029297,-0.30751604532166027,0.5143342762942472,0.7658968134724077,-0.23301560418618203,-0.7386142107492717,-2.823353134474404,-1.0586742716904076
1771888922920797952,17.53479790687561,-0.8002338409423828,-1.8212125301361084,1.9107863903045654,-0.20555172860622406,0.6720837354660034,0.7113730907440186,0.030808106064796448,0.11342334747314453,0.19841688871383667,-0.29614425268524236,0.5201397663368335,0.7649451968543748,-0.23793270159279878,-0.7370192905824849,-2.8603034239119,-1.0850792666302236
1771888922930828800,17.54482889175415,-0.7591077089309692,-1.8186811208724976,1.899074912071228,-0.17964501678943634,0.6700809597969055,0.7202216386795044,0.07570214569568634,0.16092795133590698,0.1387108564376831,-0.2846166570984847,0.5258592228510444,0.7639259848671133,-0.2426572434037695,-0.7343178172933513,-2.8971503612814415,-1.1113349423842107
1771888922940859904,17.55485987663269,-0.4487931430339813,-1.8021090030670166,1.8153363466262817,-0.1539934128522873,0.6686815023422241,0.7274274230003357,0.043550342321395874,0.09001582860946655,-0.05172264575958252,-0.2735545516901551,0.5310370640461746,0.7627013589036579,-0.2478993161198,-0.7324341213117116,-2.932976748426478,-1.136164215389872
1771888922950889728,17.564889907836914,-0.19765597581863403,-1.7869199514389038,1.7944153547286987,-0.1287819743156433,0.6690976023674011,0.7319313883781433,0.045087531208992004,0.0592043399810791,-0.03806847333908081,-0.2634505756411722,0.535441776856815,0.7610964374203126,-0.25422056113216535,-0.7329938930967725,-2.967427158091475,-1.1591646474409711
1771888922960920832,17.574920892715454,-0.25931650400161743,-1.792581558227539,1.8522663116455078,-0.10341276228427887,0.6696661114692688,0.7354273796081543,0.040149807929992676,-0.04747366905212402,-0.03218024969100952,-0.25350499610416755,0.5397102675908195,0.7592275697190062,-0.2608095697180001,-0.7337591381366162,-3.0018927294885676,-1.1822069643223985
1771888922970951680,17.584951877593994,-0.5557947754859924,-1.7822636365890503,1.9355522394180298,-0.07746143639087677,0.6683202385902405,0.7398298978805542,0.020851291716098785,-0.16278111934661865,0.011619865894317627,-0.24283886747635566,0.5444019328965546,0.7573252141954327,-0.26667296593916895,-0.7319483377424122,-3.0372710637918847,-1.206517383371076
1771888922980982784,17.594982862472534,-0.8076357245445251,-1.8362205028533936,1.9602782726287842,-0.05094766989350319,0.6644047498703003,0.7456343770027161,0.055937301367521286,-0.05274099111557007,0.022569358348846436,-0.2311972065716614,0.5495024121556495,0.7555556240128949,-0.2715338662421877,-0.7266970457158103,-3.0733707409698616,-1.231656724952137
1771888922991013888,17.605013847351074,-0.8433761596679688,-1.887445330619812,1.9488736391067505,-0.023905916139483452,0.6589153409004211,0.7518368363380432,0.1173049658536911,0.0991106629371643,0.14075636863708496,-0.21888665257079054,0.5545953467311471,0.7538848750125036,-0.27598929496119784,-0.7193759087699562,-3.109806680745885,-1.2565531944267687
1771888923001044736,17.615044832229614,-0.813089907169342,-1.8639745712280273,1.8963954448699951,0.002941995393484831,0.6527534127235413,0.7575646638870239,0.09222707897424698,0.12823712825775146,0.2023809552192688,-0.2065112183635724,0.5594299889296963,0.7522103581414936,-0.2803047356970303,-0.711213269616123,3.13770918245073,-1.2803751412286912
1771888923011075840,17.625075817108154,-0.6480945348739624,-1.8451298475265503,1.8332005739212036,0.02930918149650097,0.6469446420669556,0.7619738578796387,0.08133228123188019,0.10575634241104126,0.07977741956710815,-0.19452653046304522,0.5637957975186848,0.7504140420568503,-0.2849081725193024,-0.7035707929668099,3.103146796248613,-1.3027951467787322
1771888923021106688,17.635106801986694,-0.5219866633415222,-1.8114994764328003,1.7518599033355713,0.05488063022494316,0.6417518854141235,0.7649464011192322,0.15465307235717773,0.1669488549232483,0.024421393871307373,-0.1831416287209833,0.5676831620553636,0.7484711264358253,-0.28980344629397753,-0.6967803933666842,3.0699709564403057,-1.323806455367915
1771888923031136768,17.645136833190918,-0.4854675531387329,-1.8235983848571777,1.74897301197052,0.08008379489183426,0.636817216873169,0.766844630241394,0.16173748672008514,-0.09250563383102417,-0.174452543258667,-0.17206029889889748,0.5712437146355122,0.7463932864267838,-0.2949118635660659,-0.6903631246330346,3.0375369661972136,-1.3439373238208485
1771888923041167616,17.655167818069458,-0.5096533298492432,-1.825055718421936,1.7648459672927856,0.10531821101903915,0.6313042044639587,0.7683510780334473,0.18246257305145264,-0.14142072200775146,-0.14298474788665771,-0.16088764480335388,0.5748087615124218,0.7441575233395108,-0.29989949111678277,-0.6832337153071149,3.005371118674089,-1.3639036385069165
1771888923051198720,17.665198802947998,-0.4571283161640167,-1.8468225002288818,1.791999340057373,0.13058117032051086,0.625462532043457,0.7692499756813049,0.16922353208065033,-0.09750837087631226,-0.0830620527267456,-0.14969046884811466,0.5782911447672852,0.7417576008446743,-0.3049063281088754,-0.6757241708286639,2.9734442334296567,-1.3835820177819353
1771888923061229824,17.675229787826538,-0.47056978940963745,-1.9012619256973267,1.8748595714569092,0.1566101312637329,0.6193021535873413,0.769375205039978,0.2170013040304184,-0.09472024440765381,0.06477701663970947,-0.13821929179126136,0.5817928127183213,0.7390566435739769,-0.31017391346866646,-0.6678536010918197,2.9407812145558454,-1.4036585879224135
1771888923071260672,17.685260772705078,-0.526931881904602,-1.868390440940857,1.8430778980255127,0.18260705471038818,0.6120799779891968,0.76942378282547,0.22010290622711182,0.1261250376701355,0.2608344554901123,-0.12648536625898285,0.5853120691073606,0.7362891302773137,-0.31510255682371796,-0.6586881809908842,2.9085741423067555,-1.423270231801893
1771888923081291776,17.695291757583618,-0.35828927159309387,-1.8536232709884644,1.7940824031829834,0.20806623995304108,0.6050933003425598,0.7684856653213501,0.15484878420829773,0.07940059900283813,0.010475397109985352,-0.11510402010827539,0.5885817720655495,0.7333582515560503,-0.3201689363518918,-0.6498830743523185,2.8771834353079315,-1.4421669297637574
1771888923091322624,17.705322742462158,-0.30082303285598755,-1.8729426860809326,1.795238971710205,0.23320862650871277,0.5987273454666138,0.7662497162818909,0.21013543009757996,0.013287246227264404,-0.10700929164886475,-0.10414290275346182,0.591619024830003,0.7301450413619859,-0.32562126984337847,-0.6419112512611951,2.8461491928438103,-1.4608111343998584
1771888923101352704,17.715352773666382,-0.28192904591560364,-1.9211750030517578,1.7641535997390747,0.25842225551605225,0.5921152830123901,0.7632938623428345,0.20979371666908264,0.08268940448760986,-0.09343302249908447,-0.09308589255335907,0.5944286944020087,0.7268434982854486,-0.3311919463328514,-0.6336812082338693,2.8151437791637863,-1.478922341173585
1771888923111383552,17.725383758544922,-0.305023193359375,-1.987586498260498,1.8622617721557617,0.28392598032951355,0.5849157571792603,0.7597758173942566,0.19182777404785156,0.02514582872390747,-0.08797729015350342,-0.08176423164043378,0.5971436568066036,0.7233998665341592,-0.33678869148778096,-0.6247762107969468,2.783964775807718,-1.4967722531597498
1771888923121414656,17.735414743423462,-0.24361521005630493,-2.0062646865844727,1.9471185207366943,0.31028980016708374,0.5772018432617188,0.7553533315658569,0.18618547916412354,-0.2232130765914917,-0.1743747591972351,-0.07014290975361312,0.6000684728768465,0.7194404077117708,-0.34264180411148015,-0.6152979030435775,2.7518213364178905,-1.5156265950522485
1771888923131445760,17.745445728302002,-0.23954670131206512,-2.0144312381744385,1.966780662536621,0.33679115772247314,0.5689704418182373,0.7502298355102539,0.23858731985092163,-0.035950303077697754,-0.00552445650100708,-0.05840121740384155,0.6029978792008529,0.7151982102199631,-0.34853194691662237,-0.6052533875058838,2.7196394650784956,-1.5345048020301633
1771888923141476608,17.755476713180542,-0.2774069011211395,-1.8445733785629272,1.9337290525436401,0.3623295724391937,0.5602092146873474,0.744904637336731,0.19931593537330627,3.248453140258789e-05,0.21131789684295654,-0.04690335748192435,0.605877768704594,0.710889903675641,-0.3540448528205759,-0.5946383594679175,2.688875497443782,-1.5525316280450865
1771888923151507712,17.765507698059082,-0.23645415902137756,-1.654121994972229,1.8569468259811401,0.3859504759311676,0.5510919094085693,0.7398241758346558,0.14017254114151,-0.04601079225540161,0.16166502237319946,-0.03611494366020225,0.608844194103978,0.7065556179582574,-0.3588643035544908,-0.5836722408516309,2.6607529363620412,-1.5695376233673672
1771888923161538560,17.775538682937622,0.13778948783874512,-1.5198922157287598,1.6631590127944946,0.4073902368545532,0.5435301065444946,0.7338992357254028,0.2166942059993744,0.1491425633430481,-0.012280642986297607,-0.026687536879467875,0.6114495722726693,0.7021958751180164,-0.3637830664790058,-0.5746369706981554,2.6348394456151882,-1.585590231972504
1771888923171568640,17.785568714141846,0.48667076230049133,-1.4311623573303223,1.5839898586273193,0.4269467294216156,0.539231538772583,0.7259101867675781,0.23557457327842712,0.030867278575897217,-0.0957680344581604,-0.019179101820821262,0.6136077530721645,0.697452951043095,-0.36969852326860836,-0.5695243568183141,2.609929252684524,-1.6021292591051763
1771888923181599744,17.795599699020386,0.5007657408714294,-1.3331271409988403,1.5479602813720703,0.44538331031799316,0.5360026955604553,0.7171716094017029,0.2432307004928589,-0.07932227849960327,-0.02037888765335083,-0.012993826618037262,0.616456495060219,0.6917855194821333,-0.3758263511791307,-0.5656950439084105,2.5858550655321655,-1.6211935021226906
1771888923191630592,17.805630683898926,0.4491536617279053,-1.2460154294967651,1.5392818450927734,0.46282511949539185,0.5325012803077698,0.7086855173110962,0.19159379601478577,-0.059448421001434326,0.17608004808425903,-0.007145689029322092,0.6193020880176945,0.6861542778065773,-0.38158373669245466,-0.5615529560489819,2.5630584740471134,-1.639707708678525
1771888923201661952,17.815661907196045,0.11419609189033508,-1.1843349933624268,1.6439487934112549,0.47987815737724304,0.527090311050415,0.7013506293296814,0.12704017758369446,-0.37549424171447754,0.26273012161254883,-0.0008595971782560408,0.6224349519900267,0.680624752985611,-0.3864245535428111,-0.5551729931381864,2.541535957784682,-1.6573926409261663
1771888923211692800,17.825692892074585,-0.1238606795668602,-1.1960371732711792,1.563173532485962,0.4965987503528595,0.5190081596374512,0.6957153081893921,0.17211759090423584,-0.12081491947174072,0.18605941534042358,0.006398430918111294,0.6255774470289543,0.6756556068207992,-0.3900016438581084,-0.5456901891126792,2.521667559600265,-1.672633452658634
1771888923221723904,17.835723876953125,-0.26822414994239807,-1.2077322006225586,1.4453086853027344,0.5127712488174438,0.5100492835044861,0.6905906796455383,0.18417394161224365,0.006079256534576416,0.18450093269348145,0.014038934821162107,0.6282833752241924,0.671234193095358,-0.39307453788931546,-0.5352420840778549,2.502901719800694,-1.6855580159125303
1771888923231754752,17.845754861831665,-0.3905812203884125,-1.162787914276123,1.3202978372573853,0.5280024409294128,0.500487208366394,0.6860949993133545,0.18673455715179443,0.03553885221481323,0.18791323900222778,0.02183584412394543,0.6305517328296313,0.6674219238647237,-0.3955702295953771,-0.5241614701796508,2.4856800202083105,-1.696036352855119
1771888923241784832,17.85578489303589,-0.34381258487701416,-1.1827123165130615,1.1827630996704102,0.5422019362449646,0.4912585914134979,0.6816763877868652,0.18098855018615723,0.0568525493144989,-0.019505739212036133,0.02938634558777523,0.6323373755847365,0.664068994137788,-0.39786737051409093,-0.5135341477426374,2.469665986182978,-1.7047165119697305
1771888923251815680,17.86581587791443,-0.3096540868282318,-1.2083619832992554,1.1950567960739136,0.5561193823814392,0.48246899247169495,0.6767236590385437,0.15852594375610352,-0.051392972469329834,-0.1232873797416687,0.03679351950740374,0.6338033949978993,0.660798822455911,-0.40035535746512513,-0.5034712841111453,2.4537103293052556,-1.7128196627315517
1771888923261846784,17.87584686279297,-0.23328837752342224,-1.1928683519363403,1.1949774026870728,0.5700184106826782,0.4738062918186188,0.671257495880127,0.15527760982513428,-0.0026301443576812744,-0.10872697830200195,0.044068571061168266,0.635304976441434,0.6572794998837078,-0.40302509056227204,-0.49360802263656567,2.4375748539348856,-1.7213518583646066
1771888923271877888,17.88587784767151,-0.12492141127586365,-1.173224925994873,1.2421339750289917,0.5837099552154541,0.4657001197338104,0.6651358008384705,0.12367212772369385,0.11596480011940002,0.016077399253845215,0.050953552686280844,0.636846602455513,0.6534480210340683,-0.40599963463856087,-0.4844255960349001,2.4213032165501476,-1.730603062860488
1771888923281908736,17.89590883255005,-0.13365419209003448,-1.111698031425476,1.275720238685608,0.5971331596374512,0.4573075771331787,0.6590156555175781,0.05693477392196655,0.1284010112285614,0.1373710036277771,0.05770056420890898,0.6386049764533501,0.6493777873964914,-0.40885545426613695,-0.4749652743289664,2.4054183388304966,-1.7402291895184485
1771888923291939840,17.90593981742859,-0.14115391671657562,-1.0732358694076538,1.3113434314727783,0.6102283596992493,0.44862493872642517,0.6529601812362671,0.006882846355438232,0.08259454369544983,0.1261688470840454,0.06432663631066164,0.6405239554269899,0.6451427287844254,-0.4115604282802707,-0.4652261553023971,2.3900101213572444,-1.7500042799536204
1771888923301970688,17.91597080230713,-0.1646295040845871,-1.0769659280776978,1.2631183862686157,0.6229972839355469,0.43956518173217773,0.6470370292663574,0.016315460205078125,0.036737918853759766,0.07368135452270508,0.07099131526905875,0.6424185059945715,0.6409500598118864,-0.41405524233043145,-0.45511453726756895,2.3751206605954396,-1.7592676938937617
1771888923312001792,17.92600178718567,-0.14598791301250458,-1.1243129968643188,1.1643606424331665,0.6354078054428101,0.4309634566307068,0.6407239437103271,0.028471529483795166,0.08891868591308594,0.045036494731903076,0.07751306572637708,0.6439677797979563,0.6369203092448087,-0.4166889373106585,-0.4455602052241262,2.3603603151411225,-1.7678293137348287
1771888923322031616,17.936031818389893,-0.20793817937374115,-1.1303362846374512,1.1095824241638184,0.6475027203559875,0.422509104013443,0.634212851524353,0.00023281574249267578,0.046011924743652344,0.12433195114135742,0.08407149133064312,0.6451485851505202,0.6331585449796484,-0.41931544165473933,-0.4362118724672514,2.345826091690623,-1.7753224139786647
1771888923332062720,17.946062803268433,-0.19861125946044922,-1.1616688966751099,1.0729931592941284,0.6593135595321655,0.4140434265136719,0.6275936365127563,-0.012798666954040527,0.040637969970703125,0.009720206260681152,0.09066865686452652,0.646095698924071,0.6295690249371192,-0.42187962999042505,-0.42689167934324707,2.3315512645303906,-1.7820231292258866
1771888923342093824,17.956093788146973,-0.04675816744565964,-1.2465543746948242,1.0856727361679077,0.6712837219238281,0.40608781576156616,0.6200570464134216,-0.000965118408203125,0.04262739419937134,-0.0937356948852539,0.0971445891532759,0.6468729191462358,0.6257666831748175,-0.42489336330324545,-0.41816890015859054,2.3165459009455094,-1.7891508013894335
1771888923352124672,17.966124773025513,0.0422675758600235,-1.2670170068740845,1.1207064390182495,0.6835262179374695,0.3985839784145355,0.6114920973777771,-0.009316682815551758,0.13132315874099731,0.0518837571144104,0.10346538545089037,0.6476079191586002,0.6215706069339358,-0.4284259833158043,-0.40997237350464244,2.300627724682871,-1.7972190736945126
1771888923362155776,17.976155757904053,0.048537008464336395,-1.2741518020629883,1.1289494037628174,0.695732057094574,0.3911162316799164,0.6024825572967529,-0.0596998929977417,0.2000703513622284,0.12961894273757935,0.10967117858809856,0.6483945596558671,0.6171108276756221,-0.432123862009269,-0.4018441319598256,2.2844886020472925,-1.805794133263197
1771888923372186624,17.986186742782593,0.02126437798142433,-1.2783257961273193,1.1031452417373657,0.7077726721763611,0.38348665833473206,0.593292772769928,-0.09284329414367676,0.16859170794487,0.10836756229400635,0.11592831858491676,0.6490769316197224,0.6126544865185917,-0.43579168121023026,-0.39356864869559594,2.26843116905222,-1.8140315093995032
1771888923382217728,17.996217727661133,-0.05193153768777847,-1.2942699193954468,1.0777390003204346,0.7195368409156799,0.3755437731742859,0.5841522216796875,-0.06943607330322266,0.07997691631317139,0.09774786233901978,0.12233531802774827,0.6495850861904263,0.608371049539082,-0.4392698859150633,-0.38498341618244836,2.2527180716142627,-1.8214004593127635
1771888923392247552,18.006247758865356,-0.02550499141216278,-1.2911287546157837,1.0348458290100098,0.7309755682945251,0.3676028549671173,0.574928879737854,-0.03781449794769287,0.12119725346565247,0.06200355291366577,0.12874118864669004,0.6499124802037614,0.604217024364828,-0.44267525642663524,-0.3764300665861467,2.237265207105927,-1.8281431446016851
1771888923402278656,18.016278743743896,0.09439335763454437,-1.3091120719909668,1.0207462310791016,0.7421509027481079,0.360205739736557,0.5652116537094116,-0.038842737674713135,0.11911863088607788,0.031803786754608154,0.1348480496740856,0.6501344136082152,0.599942552753267,-0.4463297895714179,-0.36848844062305286,2.2216712696795624,-1.8351765743328394
1771888923412309760,18.026309728622437,0.1889776587486267,-1.316705346107483,0.9987964630126953,0.7531369924545288,0.35346806049346924,0.5548378229141235,-0.04575479030609131,0.13905510306358337,0.040575385093688965,0.14058015881689406,0.6502962926223421,0.595427284452102,-0.4503535533531526,-0.361275918677578,2.2057325031965553,-1.842897930558487
1771888923422340608,18.036340713500977,0.27516233921051025,-1.3789483308792114,0.9927716255187988,0.7640525102615356,0.3471682071685791,0.5437812209129333,-0.032164692878723145,0.1293179988861084,0.038097500801086426,0.14606864664934552,0.6503943905927781,0.5906587429734179,-0.45472337848275335,-0.3545498211666108,2.1893359452299612,-1.8512460519639673
1771888923432371712,18.046371698379517,0.2750971019268036,-1.429555058479309,0.9932770729064941,0.7750484943389893,0.3409601151943207,0.5320207476615906,-0.007592439651489258,0.14693966507911682,0.13922858238220215,0.15159563331256196,0.6503183398858274,0.5857443354773341,-0.4593565234298498,-0.34793803045195615,2.1723604067229596,-1.8597168021365706
1771888923442402560,18.056402683258057,0.1750011295080185,-1.4391517639160156,0.931794285774231,0.785927414894104,0.334644615650177,0.5199337601661682,-0.030312180519104004,0.172771155834198,0.205896258354187,0.15726857768648453,0.6500027520416025,0.5809159235923576,-0.4640040187994278,-0.34122809181203057,2.155251342046178,-1.8676041311730236
1771888923452433920,18.066433906555176,0.06933701038360596,-1.4127920866012573,0.8389058709144592,0.7962166666984558,0.32825806736946106,0.5082184076309204,-0.05094677209854126,0.15707829594612122,0.13558048009872437,0.16307909511157645,0.6493301957213083,0.5766103440999011,-0.4682906129693894,-0.3344588577827538,2.138896584822676,-1.8737971765626096
1771888923462463744,18.07646369934082,0.010873432271182537,-1.3842568397521973,0.7730408310890198,0.8058937191963196,0.3219433128833771,0.4968784749507904,-0.022415757179260254,0.06610304117202759,0.009103059768676758,0.16891318075325476,0.6483731392735754,0.5727578117840428,-0.472259698590504,-0.327781380463831,2.123300392485101,-1.8785975925554865
1771888923472494592,18.08649468421936,0.13442014157772064,-1.3540669679641724,0.756877064704895,0.8151028156280518,0.31602245569229126,0.48552781343460083,0.014181852340698242,0.07559436559677124,-0.049446821212768555,0.17446290015669091,0.6473536386333848,0.5689439101889229,-0.4762339712682014,-0.3215341391786378,2.1080218723927575,-1.8833497590473793
1771888923482525952,18.09652590751648,0.3521192669868469,-1.3372917175292969,0.7904832363128662,0.8240035176277161,0.31084784865379333,0.47369998693466187,0.02690279483795166,0.17589223384857178,-0.012503176927566528,0.17937096992733537,0.6465110523129658,0.5646888064730977,-0.48059963063429206,-0.3160849282976993,2.092537539683038,-1.8896020313734205
1771888923492556800,18.10655689239502,0.5547797083854675,-1.3155624866485596,0.8517476320266724,0.8327465653419495,0.30622029304504395,0.46126148104667664,0.007585406303405762,0.17914649844169617,0.03631231188774109,0.1836118257956127,0.6460021629160259,0.5597427552111607,-0.48544402586085006,-0.31122002498482176,2.076631763920012,-1.8979919614774448
1771888923502587904,18.11658787727356,0.5820783376693726,-1.2843332290649414,0.8514608144760132,0.8413205146789551,0.30164608359336853,0.4485412538051605,-0.022320330142974854,0.13152039051055908,0.0826629102230072,0.18747633846429404,0.6457584647768704,0.55431636608086,-0.4904915046372469,-0.3064186755042193,2.060602800252091,-1.9077035875727202
1771888923512618752,18.1266188621521,0.4707299768924713,-1.2874195575714111,0.7980710864067078,0.8494809865951538,0.29701536893844604,0.43607744574546814,-0.0007262229919433594,0.06748649477958679,0.10354951024055481,0.19133204174247287,0.6453833208236728,0.5491075391827777,-0.4953313819305711,-0.30156545001334906,2.0450634457142063,-1.9166988869511408
1771888923522649856,18.13664984703064,0.23437948524951935,-1.3487263917922974,0.7038961052894592,0.8574219942092896,0.29206451773643494,0.4237045347690582,0.05027741193771362,-0.0130423903465271,0.113526850938797,0.19570189557621442,0.6445019433514569,0.544490141124271,-0.4998483689118294,-0.296384761617479,2.0297618594220075,-1.923597533650052
1771888923532680704,18.14668083190918,0.08566884696483612,-1.4024689197540283,0.6355119943618774,0.8651302456855774,0.28690212965011597,0.41138407588005066,0.04836767911911011,-0.03305691480636597,0.13301897048950195,0.20065600611672488,0.6430033328631053,0.5405911162762639,-0.5040288891308146,-0.2909914321907072,2.014666362246418,-1.9280452310168052
1771888923542710784,18.156710863113403,0.06230609118938446,-1.4582077264785767,0.5479283928871155,0.8726428151130676,0.28202304244041443,0.3986951410770416,0.046104252338409424,0.03671786189079285,0.08030885457992554,0.2058143511739962,0.6410303410796299,0.5370546306224107,-0.5082253131818439,-0.2859020798515232,1.999358912279196,-1.931298765616791
1771888923552741888,18.166741847991943,0.09495377540588379,-1.4404324293136597,0.49708300828933716,0.8798144459724426,0.27777352929115295,0.3857056200504303,0.046989262104034424,0.09469357132911682,0.049566686153411865,0.21078506078656592,0.6387920035398957,0.5336642941537556,-0.5125592501639663,-0.28147563926798647,1.9839571260414859,-1.9342836967914594
1771888923562772736,18.176772832870483,0.18581123650074005,-1.426790475845337,0.4911937117576599,0.8866369128227234,0.2739289700984955,0.37260955572128296,0.04782658815383911,0.06948533654212952,-0.07587194442749023,0.21544306777890376,0.6365526423338441,0.5301938405562715,-0.5169907921544341,-0.27747588788495076,1.9686371948240362,-1.9376464476392015
1771888923572803840,18.186803817749023,0.23179471492767334,-1.3527653217315674,0.48510119318962097,0.8930938839912415,0.2702926695346832,0.35961785912513733,0.045062124729156494,0.067781001329422,-0.07697930932044983,0.21974731768164676,0.6344664205661364,0.5265560614318423,-0.5214423605325353,-0.2736970169648922,1.9535981912482383,-1.9416254502481773
1771888923582834688,18.196834802627563,0.27762681245803833,-1.278482437133789,0.4813280403614044,0.8990527391433716,0.26685184240341187,0.3471226692199707,0.07369500398635864,0.10497429966926575,-0.04977467656135559,0.22364764416031757,0.6325881738223927,0.5228704844099965,-0.5257569168132183,-0.2701249294281237,1.9392612933492364,-1.9460034115090175
1771888923592865792,18.206865787506104,0.2312401533126831,-1.2104690074920654,0.46463242173194885,0.9045710563659668,0.2634245455265045,0.3351994752883911,0.0852055549621582,0.08140882849693298,-0.0015355348587036133,0.2273473225112004,0.6308276823143427,0.5192842838628441,-0.5298239721317644,-0.2665704300285518,1.9256702982602423,-1.9502320914165878
1771888923602896640,18.216896772384644,0.17461451888084412,-1.1818524599075317,0.44040003418922424,0.909707248210907,0.2599780857563019,0.3237963616847992,0.09256631135940552,0.03564569354057312,0.009043574333190918,0.2310100972880949,0.6290536553707076,0.5159357331622141,-0.5336067417394235,-0.2629995010118517,1.9127483498546347,-1.9538348915557302
1771888923612926720,18.226926803588867,0.2198680192232132,-1.2100971937179565,0.43363693356513977,0.9146619439125061,0.25654706358909607,0.3123738169670105,0.13418155908584595,0.015868157148361206,0.040668874979019165,0.23468724694703968,0.6271964284087657,0.5126514884910597,-0.5373407396778278,-0.259447988002807,1.8998952076865954,-1.9571709198120175
1771888923622958080,18.236958265304565,0.2015540897846222,-1.2462096214294434,0.37531664967536926,0.9194860458374023,0.25346288084983826,0.3005034923553467,0.09395706653594971,0.06443879008293152,0.05325630307197571,0.23825815451179305,0.625174567082318,0.5093216192936332,-0.541277589713279,-0.25625836245254163,1.8866706028539673,-1.9606575838408828
1771888923632989184,18.246989250183105,0.15937946736812592,-1.2705916166305542,0.3478618562221527,0.9241253733634949,0.2507355213165283,0.2883119583129883,0.06470507383346558,0.049221694469451904,0.07413002848625183,0.241851396437696,0.6228637930307545,0.5061587507055221,-0.5452997584074903,-0.2534399846165372,1.8732106855232014,-1.9636781837403932
1771888923643020032,18.257020235061646,0.04875441640615463,-1.2587114572525024,0.34700536727905273,0.928593099117279,0.2477533519268036,0.2762840986251831,0.029353559017181396,0.008304357528686523,0.090827077627182,0.24571322836791645,0.6203963252028529,0.5032399468432276,-0.5490745726163481,-0.2503606171605197,1.8599853093230887,-1.9657269244701527
1771888923653051136,18.267051219940186,-0.036271531134843826,-1.2013068199157715,0.3431813418865204,0.932807207107544,0.24453295767307281,0.2647160589694977,0.029229044914245605,0.06772296130657196,0.0709926187992096,0.24977412207666622,0.6178521544125065,0.5006163662791886,-0.5524988335573305,-0.24703799835864246,1.8473107699704427,-1.9667648676009604
1771888923663082240,18.277082204818726,-0.0268990658223629,-1.1401740312576294,0.33069270849227905,0.9367035031318665,0.2412486970424652,0.25374317169189453,0.03755486011505127,0.07001534104347229,-0.007542639970779419,0.2537674847271117,0.6153972058264715,0.4981544556925451,-0.5556351917959409,-0.24365234139212064,1.8353370606243073,-1.9674113537995621
1771888923673113088,18.287113189697266,-0.008379711769521236,-1.0690032243728638,0.3342491090297699,0.940274178981781,0.23805692791938782,0.24333776533603668,0.04732036590576172,0.07581636309623718,-0.04221166670322418,0.25754201715006375,0.6130894686943633,0.4957723093821557,-0.558572465517895,-0.2403647698906786,1.8240348550937044,-1.9680488964432157
1771888923683143168,18.29714322090149,0.07914818078279495,-0.9910392165184021,0.3184983730316162,0.9435304403305054,0.2350243777036667,0.23348262906074524,0.04079890251159668,0.10149301588535309,-0.06731435656547546,0.26092377715273557,0.6110504875957371,0.49331391426008553,-0.5614068084748708,-0.23724364838561385,1.8133795643606883,-1.9692442158388979
1771888923693174016,18.30717420578003,0.15248072147369385,-0.9335423707962036,0.30338332056999207,0.9464797973632812,0.23231865465641022,0.22406314313411713,0.0262528657913208,0.09618785977363586,-0.06763002276420593,0.2638441735082284,0.6092449980997275,0.4907668526255645,-0.5642293620739088,-0.23446088064199416,1.8032501003221437,-1.9711364478449074
1771888923703205120,18.31720519065857,0.095098115503788,-0.8679817318916321,0.27200862765312195,0.9491539597511292,0.22987772524356842,0.21508903801441193,0.0108528733253479,0.06441856920719147,-0.04226800799369812,0.26645761654437,0.6075718478357827,0.4882632154192813,-0.5669708487418091,-0.23195204274906017,1.793643920852031,-1.9732623638773845
1771888923713235968,18.32723617553711,0.0036108149215579033,-0.8353263139724731,0.2776412069797516,0.9516163468360901,0.2273077517747879,0.2067790925502777,0.026929795742034912,0.0319390743970871,0.017601370811462402,0.2692097558717989,0.6058718153619985,0.4861161282284921,-0.5693299628661829,-0.22931216461633028,1.7847626573597772,-1.9743778081666552
1771888923723267072,18.33726716041565,-0.09775753319263458,-0.7770701050758362,0.23320238292217255,0.9538527727127075,0.22475840151309967,0.19912010431289673,-0.013712882995605469,0.06834772229194641,0.07379856705665588,0.2720790798084988,0.604096060910449,0.4843841494851089,-0.5713256716516845,-0.2266950836297641,1.776594378506444,-1.974403786492872
1771888923733298176,18.34729814529419,-0.12348926067352295,-0.7228547930717468,0.21698293089866638,0.9558291435241699,0.2223876565694809,0.1921825259923935,-0.018054604530334473,0.05709227919578552,0.06541630625724792,0.2748853839357954,0.6023314100312345,0.4829991067184242,-0.5730154109941147,-0.22426277756833243,1.769214449070702,-1.9737302121673774
1771888923743329024,18.35732913017273,-0.06158443167805672,-0.7160225510597229,0.20595690608024597,0.9576665759086609,0.22015920281410217,0.18548431992530823,0.03528374433517456,0.05365970730781555,0.019975274801254272,0.27753370420508716,0.6006392383384311,0.4816374848759402,-0.5746588247653694,-0.22197766842693203,1.7621111321076228,-1.9731760661751852
1771888923753360128,18.36736011505127,0.07553906738758087,-0.7236695289611816,0.19454127550125122,0.959441065788269,0.21821534633636475,0.17847897112369537,0.05424600839614868,0.07768306136131287,0.029910311102867126,0.27985550603924975,0.5990390965458793,0.47999130192616607,-0.5765772521622751,-0.21998537734977275,1.7547179405050757,-1.9736291204273833
1771888923763389952,18.377390146255493,0.14018374681472778,-0.6762531995773315,0.19254736602306366,0.9610924124717712,0.21657337248325348,0.17145542800426483,0.013379454612731934,0.04912784695625305,0.05695328116416931,0.2817564864617999,0.5976220873057748,0.4780957589011131,-0.5786928333619151,-0.21830317197829838,1.7473355615109947,-1.9751366009202407
1771888923773421056,18.387421131134033,0.12170194834470749,-0.6279152035713196,0.17033952474594116,0.9626144170761108,0.21499289572238922,0.16477777063846588,0.00354158878326416,0.07141458988189697,0.05232429504394531,0.283466953595364,0.596349269250799,0.4761894932367407,-0.5807388924495145,-0.2166845562785079,1.7403305281193504,-1.9768831526426434
1771888923783452160,18.397452116012573,0.09111784398555756,-0.5866377353668213,0.1424351930618286,0.9639224410057068,0.21369630098342896,0.15870600938796997,0.01724827289581299,0.09138798713684082,0.0066993385553359985,0.28504481775892837,0.5950909065233523,0.4745733017579,-0.5825774980341925,-0.2153571026444202,1.7339783422044615,-1.9781836598714604
1771888923793483008,18.407483100891113,0.029510945081710815,-0.5651063323020935,0.12750284373760223,0.9651299715042114,0.21245622634887695,0.15292635560035706,0.026462435722351074,0.04651592671871185,0.004117131233215332,0.2866406681792166,0.5938090253033921,0.4731321404993846,-0.5842721369580461,-0.21408788209942575,1.7279414497963033,-1.9790750856239714
1771888923803514368,18.417514324188232,-0.02539890818297863,-0.5257273316383362,0.1343437135219574,0.9662198424339294,0.21122652292251587,0.1476568728685379,-0.004763603210449219,0.017151743173599243,0.012072071433067322,0.2883167229191687,0.5925023032610197,0.4719845975324121,-0.5857004383827418,-0.21282962933592092,1.722442229802299,-1.9792266511955199
1771888923813545216,18.427545309066772,0.00973457656800747,-0.5150172114372253,0.13317857682704926,0.9672693610191345,0.2098677009344101,0.14263758063316345,0.006577014923095703,0.018159642815589905,-0.0034927278757095337,0.28999822487153254,0.5912747813423513,0.4708640217240058,-0.5870112697764374,-0.21143964491409173,1.7172053389007713,-1.979284585964271
1771888923823576320,18.437576293945312,0.1682395339012146,-0.5176469087600708,0.11246291548013687,0.9682527780532837,0.208783820271492,0.1374618262052536,0.03679782152175903,0.07081820070743561,0.003987178206443787,0.2913347825469523,0.5901661872979129,0.46950482590803977,-0.5885516672623312,-0.21033120840521513,1.7118228370105224,-1.9802988091861469
1771888923833606144,18.447606325149536,0.31301987171173096,-0.5146732330322266,0.07727909833192825,0.969152569770813,0.2081926465034485,0.13190580904483795,0.02480494976043701,0.06977669894695282,0.05142855644226074,0.2921003148283289,0.5892212602594289,0.4677298502569877,-0.5905290022404371,-0.20972675737195468,1.7060694117922715,-1.98295721069026
1771888923843637248,18.457637310028076,0.30009451508522034,-0.485469788312912,0.05649525672197342,0.9699485898017883,0.2079220414161682,0.12636545300483704,-0.01392441987991333,0.020227357745170593,0.08878350257873535,0.29253919143840706,0.5883673040007394,0.4658397179119661,-0.5926534530185978,-0.20945009471451367,1.7003472289690433,-1.9862991232408638
1771888923853668096,18.467668294906616,0.1648314893245697,-0.46811261773109436,0.042626045644283295,0.9706388711929321,0.2077265828847885,0.12128439545631409,-0.01760542392730713,0.0024022161960601807,0.0696488618850708,0.2931123228445195,0.5874118521227707,0.4643161789258054,-0.5945107080813655,-0.2092502633749445,1.6951052050461481,-1.9886984710442661
1771888923863699200,18.477699279785156,-0.001436229795217514,-0.4640842080116272,0.026630036532878876,0.9712676405906677,0.2074832022190094,0.11657725274562836,0.004501521587371826,0.009939327836036682,0.04258717596530914,0.2940645248800775,0.5862193042125244,0.463287766646251,-0.5960181196923099,-0.20900147193505772,1.6902507658069683,-1.9895587155948251
1771888923873730304,18.487730264663696,-0.07003233581781387,-0.4525119662284851,0.04872415214776993,0.9718775749206543,0.20704643428325653,0.1121860146522522,-0.00024372339248657227,-0.0038909316062927246,0.05169343203306198,0.2953922928945632,0.5848606257651521,0.46263490409249386,-0.5972021023950949,-0.20855500425449808,1.685719939234074,-1.989117667508699
1771888923883761152,18.497761249542236,0.041996024549007416,-0.40284496545791626,0.048159029334783554,0.9724507927894592,0.20655499398708344,0.10804854333400726,-0.042442917823791504,0.052432432770729065,0.016325823962688446,0.2965964749241398,0.5836518033029563,0.46192515144675195,-0.5983362517740749,-0.20805270647571517,1.6814519799093486,-1.9889438224617555
1771888923893792256,18.507792234420776,0.1262400597333908,-0.3659849464893341,0.024808697402477264,0.972942590713501,0.20630714297294617,0.10401920229196548,-0.05569106340408325,0.052893877029418945,-0.020492561161518097,0.29731070672220605,0.5827147189020387,0.4609264124691581,-0.599663830701034,-0.20779940465247623,1.6773037200608794,-1.9900330176270542
1771888923903822080,18.517822265625,0.17689721286296844,-0.32837843894958496,0.01175894308835268,0.9733316898345947,0.2062986046075821,0.10033063590526581,-0.041858971118927,0.013931483030319214,-0.012104280292987823,0.2977227255317498,0.5819342512637116,0.4599106923987034,-0.6009957121154182,-0.20779067576381685,1.6735131415100584,-1.991577140627779
1771888923913853184,18.52785325050354,0.20113570988178253,-0.3068965971469879,-0.002459673210978508,0.973655104637146,0.2064352035522461,0.09685245156288147,-0.016150832176208496,-0.0019826740026474,-0.016408085823059082,0.29792984164290626,0.581263439814051,0.45886712772457766,-0.602338472860847,-0.20793027602798642,1.6699432332857975,-1.9934620669049266
1771888923923884032,18.53788423538208,0.17297907173633575,-0.27692803740501404,-0.03527754172682762,0.9739029407501221,0.20676960051059723,0.09359165281057358,-0.00809788703918457,0.009538978338241577,0.0037899017333984375,0.29799159296151273,0.5806328674598633,0.4578878688310592,-0.6036598381165748,-0.20827205653188133,1.6666016937347654,-1.9954250719681024
1771888923933915136,18.54791522026062,0.12819509208202362,-0.2732398211956024,-0.04403720796108246,0.9740712642669678,0.20730744302272797,0.09060350805521011,0.0072214603424072266,0.006849661469459534,0.02200639247894287,0.2980880114878768,0.5799117415318054,0.4571696919197678,-0.6048486225454391,-0.20882180174733714,1.6635447403726185,-1.996823737816009
1771888923943946240,18.55794620513916,0.12422414124011993,-0.2549942433834076,-0.06137465313076973,0.9741976261138916,0.20795978605747223,0.08770272135734558,-0.0052950382232666016,0.032076239585876465,0.04469776153564453,0.2981542695272714,0.5791676373326425,0.4565262420043648,-0.6060137820341875,-0.20948867539378882,1.66057989192174,-1.998119708331749
1771888923953977088,18.5679771900177,0.1366826742887497,-0.23384235799312592,-0.0585346594452858,0.9742788076400757,0.20867682993412018,0.08505778014659882,-0.017751097679138184,0.027056202292442322,0.038828372955322266,0.2981546430188049,0.5784740313543486,0.4559568897687725,-0.6071037340575655,-0.21022180214112993,1.657878856183538,-1.999358071499844
1771888923964008192,18.57800817489624,0.10740920901298523,-0.220722958445549,-0.047509703785181046,0.9743555188179016,0.2093220055103302,0.08255559206008911,-0.0018672347068786621,0.0013255327939987183,0.019342534244060516,0.298150021234019,0.577834298924504,0.45539578483527404,-0.6081354280668865,-0.2108815522765264,1.655322853062832,-2.0005787777916906
1771888923974039040,18.58803915977478,0.10691439360380173,-0.20604415237903595,-0.01363509614020586,0.9744674563407898,0.2097076028585434,0.0802249014377594,0.007984936237335205,0.002755790948867798,0.02152073383331299,0.29823970750323864,0.5772663681221869,0.45483622501294874,-0.6090490189830435,-0.21127590843781838,1.6529379999240517,-2.001643702686494
1771888923984069120,18.598069190979004,0.19226567447185516,-0.188669815659523,0.016528930515050888,0.9746212363243103,0.20983460545539856,0.0779944509267807,0.03166550397872925,-0.0017962157726287842,0.0324791744351387,0.29825893585664365,0.5768831173360142,0.4540959082963928,-0.6099545123798485,-0.21140579794457356,1.650651545782237,-2.0031461578552765
1771888923994099968,18.608100175857544,0.24266892671585083,-0.19691282510757446,-0.01252455823123455,0.974777102470398,0.20997034013271332,0.07564451545476913,0.07084667682647705,0.012273907661437988,0.060997962951660156,0.2980694606750131,0.5766310722203757,0.45312124580686985,-0.6110092719798392,-0.2115446230151433,1.6482429728426768,-2.0054075241630134
1771888924004131072,18.618131160736084,0.0975722000002861,-0.1815803498029709,-0.09380955994129181,0.9748086929321289,0.21064148843288422,0.07333401590585709,0.06989938020706177,0.03529961407184601,0.1929776519536972,0.29778400045452863,0.5762031198157774,0.45239028971841716,-0.6120927499136423,-0.21223112943694425,1.6458840289237648,-2.0073533670617
1771888924014162176,18.628162145614624,-0.01264884788542986,-0.13372920453548431,-0.08954077959060669,0.9747205972671509,0.21159589290618896,0.07174144685268402,0.009410202503204346,0.012662500143051147,0.23401415348052979,0.29777896454478786,0.575536637122246,0.4523586016123573,-0.6127454023867442,-0.2132075437025663,1.6442659155236596,-2.0075234676509286
1771888924024193024,18.638193130493164,-0.036159321665763855,-0.12205550074577332,-0.07850197702646255,0.9746284484863281,0.21242161095142365,0.0705418512225151,0.003108799457550049,-0.0020640045404434204,0.1213679164648056,0.2978641317702969,0.5749187558508062,0.4524813244770297,-0.6131932165022218,-0.21405245690427382,1.6430485304577067,-2.0072435309224654
1771888924034224128,18.648224115371704,-0.08297556638717651,-0.1708746999502182,-0.07167203724384308,0.9745728373527527,0.21310538053512573,0.06923830509185791,0.054769814014434814,-0.0008861273527145386,0.03911435604095459,0.29815170239560357,0.5742022062124759,0.4526709384522384,-0.6135849037614624,-0.2147522520005322,1.6417219295450833,-2.0065401306178985
1771888924044254976,18.658255100250244,-0.1250624805688858,-0.18784263730049133,-0.0433485172688961,0.9745796918869019,0.21358317136764526,0.06764930486679077,0.031249046325683594,-0.019552454352378845,0.023140422999858856,0.29868214427206874,0.5733608075344532,0.45285984428576703,-0.6139741122974908,-0.21524130452224186,1.6400989927360576,-2.0054886690154
1771888924054285056,18.668285131454468,-0.21716256439685822,-0.16184113919734955,-0.027245715260505676,0.9746192097663879,0.2138189822435379,0.06632477790117264,0.01396721601486206,-0.039243146777153015,0.07567358016967773,0.29945953940062825,0.5724875609275222,0.4532332531292481,-0.6141348848067507,-0.21548269063675507,1.6387435583069028,-2.0037008511972934
1771888924064316160,18.678316116333008,-0.2397431582212448,-0.1287917047739029,-0.03425488620996475,0.9746516346931458,0.21395322680473328,0.0654081255197525,0.013446509838104248,-0.00773070752620697,0.05525839328765869,0.3003759666881067,0.5716169830402867,0.4538260533534956,-0.6140604258878697,-0.2156201216871756,1.6378050873867656,-2.0012633878978954
1771888924074347008,18.688347101211548,-0.17880497872829437,-0.10225676000118256,-0.03446154668927193,0.9746503829956055,0.21413296461105347,0.06483427435159683,-0.0043898820877075195,-0.0006473064422607422,-0.0021816566586494446,0.30112231646647847,0.5708993190954971,0.4544129245959714,-0.613928422541613,-0.21580412367633142,1.637219016692632,-1.9990704941806814
1771888924084378368,18.698378324508667,-0.1184588074684143,-0.07451207935810089,-0.03502187877893448,0.9746158123016357,0.21438169479370117,0.06453577429056168,0.005380034446716309,-0.014933988451957703,-0.020346276462078094,0.3016007269775409,0.5703866203283282,0.45489228362844214,-0.613815343073232,-0.2160587554119247,1.636916430391628,-1.9974668228139116
1771888924094409216,18.708409309387207,-0.01733538880944252,-0.06118296459317207,-0.02599988505244255,0.9745787978172302,0.21462382376194,0.0642896220088005,0.016555964946746826,0.009924590587615967,-0.02768372744321823,0.3018214409127681,0.5700750470686639,0.45514750474870996,-0.6138071273140226,-0.21630665870606347,1.636667459146683,-1.9966697282265284
1771888924104440320,18.718440294265747,0.04450560361146927,-0.02212544158101082,-0.0488431490957737,0.9745243787765503,0.21497176587581635,0.0639483630657196,-0.015784144401550293,0.03260211646556854,-0.03550601005554199,0.3017485693414791,0.5699181211134073,0.4551565861848816,-0.6139817952261638,-0.2166629141243273,1.6363224591064192,-1.9967853465576784
1771888924114471168,18.728471279144287,0.054128408432006836,-0.0036367131397128105,-0.05343737080693245,0.9744164943695068,0.21551206707954407,0.06377537548542023,-0.029851555824279785,-0.024883955717086792,-0.03240334242582321,0.30145438939868713,0.5698592669441506,0.4551352579202296,-0.6141967808598252,-0.21721618785478705,1.636152920608241,-1.9972836682117427
1771888924124501248,18.73850131034851,0.021075204014778137,0.00843273289501667,-0.04044833406805992,0.9743244647979736,0.21594075858592987,0.0637311041355133,-0.024617314338684082,-0.06429886817932129,0.011296398937702179,0.30121093738464033,0.5698331096186448,0.4551436894932033,-0.6143342156430434,-0.21765521214782654,1.636113830882834,-1.9976405810576028
1771888924134532096,18.74853229522705,-0.07911371439695358,0.03164457902312279,-0.06781764328479767,0.9741989970207214,0.21640551090240479,0.06406819075345993,-0.037141621112823486,-0.04590384662151337,0.034854523837566376,0.3010733760354439,0.5697656946710552,0.45541316106562524,-0.6142642851547307,-0.21813123202004792,1.6364667515202864,-1.9973224453457137
1771888924144563200,18.75856328010559,-0.12101242691278458,0.02880178764462471,-0.046602100133895874,0.974058210849762,0.21686747670173645,0.06464604288339615,-0.03797727823257446,-0.07470133900642395,0.07001280784606934,0.3011211716707204,0.569596049952135,0.4559422798510181,-0.6140057181911814,-0.21860442620998075,1.6370668840593974,-1.9962206960595386
1771888924154594304,18.76859426498413,-0.07106537371873856,0.03890209272503853,-0.048055388033390045,0.9739342331886292,0.2172524780035019,0.06521579623222351,-0.04771065711975098,-0.01568394899368286,0.06520102918148041,0.30119893064892866,0.5694382626806872,0.4564514905119622,-0.6137353916404825,-0.21899883244233925,1.637657706225456,-1.9951099808177017
1771888924164625152,18.77862524986267,0.04708763211965561,0.027093902230262756,-0.03155071288347244,0.9738282561302185,0.21762609481811523,0.06555403769016266,-0.03860187530517578,0.023401707410812378,0.029782883822917938,0.3010357848943705,0.5694321174264094,0.45664437034070454,-0.6136777619460397,-0.2193816155278677,1.6380107309431884,-1.9949736358233403
1771888924174656256,18.78865623474121,0.12736542522907257,-0.005868841893970966,-0.017843956127762794,0.9737686514854431,0.21795105934143066,0.06536174565553665,-0.01391446590423584,0.012487202882766724,0.0030434206128120422,0.3006844563071318,0.5695140643735268,0.45643685723869293,-0.6139284205312395,-0.21971457028349045,1.6378182526355385,-1.995909036549409
1771888924184687104,18.79868721961975,0.15360714495182037,-0.02923501655459404,-0.0025427639484405518,0.9737319946289062,0.21831370890140533,0.0646921694278717,-0.018577635288238525,-0.00031141936779022217,-0.004892952740192413,0.30025803814676477,0.5695662202050178,0.4560048309523248,-0.6144094798483226,-0.22008616476047488,1.637136181299928,-1.997410234708524
1771888924194718208,18.80871820449829,0.1741238832473755,-0.05190783739089966,0.009667030535638332,0.9738010764122009,0.21827512979507446,0.06377587467432022,-0.018829822540283203,-0.006147474050521851,0.0022030994296073914,0.29995381837693735,0.5696795467470915,0.45536046387565143,-0.6149306803966679,-0.22004663022120027,1.6361946196405746,-1.9991399552146154
1771888924204748032,18.818748235702515,0.17769144475460052,-0.05060422047972679,0.03199657052755356,0.9739428758621216,0.21788617968559265,0.06293578445911407,-0.023976445198059082,-0.018636897206306458,0.013846397399902344,0.2997272622113237,0.5699086613571805,0.45461193335955863,-0.6153825516134505,-0.21964808592973553,1.6353261929112113,-2.000940602308616
1771888924214779136,18.828779220581055,0.16653306782245636,-0.05175124481320381,0.05064082890748978,0.9740995168685913,0.21736517548561096,0.062309641391038895,-0.023843228816986084,-0.033924028277397156,0.0241314135491848,0.2995087627900535,0.570222742688445,0.4538731587422218,-0.615743171061599,-0.21911429433075966,1.6346756996499268,-2.0026948592774287
1771888924224810240,18.838810205459595,0.1496361941099167,-0.03374801203608513,0.05347336828708649,0.9742982387542725,0.21656186878681183,0.061998553574085236,-0.033990681171417236,-0.03374633193016052,0.04495024308562279,0.29936687741010076,0.570656186929395,0.45315647677704957,-0.6159384475223417,-0.21829138473778104,1.6343447027686333,-2.0042691746553714
1771888924234841088,18.848841190338135,0.17096732556819916,-0.019397566094994545,0.04288703575730324,0.9744017124176025,0.21615125238895416,0.06180407479405403,-0.03737485408782959,-0.02276138961315155,0.027780286967754364,0.2990694715946718,0.571037383560074,0.4525686075151246,-0.6161617679333453,-0.21787080038952514,1.63413918991464,-2.0058300686913157
1771888924244872192,18.858872175216675,0.18667997419834137,-0.013129950501024723,0.028245776891708374,0.9744477272033691,0.21604318916797638,0.06145497038960457,-0.02574789524078369,-0.020211949944496155,0.0034406110644340515,0.2986265661702581,0.5713615733079901,0.4519661909050928,-0.6165181058402908,-0.217760126339567,1.6337793741064306,-2.007648179035148
1771888924254903040,18.868903160095215,0.2148897647857666,-0.00617617042735219,0.025362368673086166,0.9744986295700073,0.21594806015491486,0.06098294258117676,-0.009578585624694824,-0.030065491795539856,0.004095792770385742,0.29813436288235173,0.5716968668957223,0.4512805826654628,-0.616947691766758,-0.21766270135507254,1.6332936189559593,-2.0097032788270464
1771888924264934144,18.878934144973755,0.23318693041801453,0.0023202458396553993,0.014554197899997234,0.9745384454727173,0.2159077227115631,0.06048766151070595,-0.005132317543029785,-0.02288404107093811,-0.008333086967468262,0.29754957210138006,0.5720696516133629,0.4505331787446684,-0.6174305364353739,-0.2176213857795939,1.6327848166057992,-2.012013682885491
1771888924274963968,18.88896417617798,0.21608756482601166,0.010147009044885635,0.0148881571367383,0.9745603799819946,0.21592365205287933,0.06007613241672516,-0.009396195411682129,-0.032299384474754333,-0.015535712242126465,0.29691572934132465,0.5724631080979713,0.4498044633779411,-0.6179021095766443,-0.2176376972786423,1.6323627613453249,-2.0143564185468947
1771888924284995072,18.89899516105652,0.18355466425418854,0.029671043157577515,0.02984979748725891,0.9746030569076538,0.21577291190624237,0.05992421135306358,-0.004464507102966309,-0.04365377128124237,-0.0066252946853637695,0.29638733669862755,0.5728941908342735,0.44917073768415616,-0.6182171232116742,-0.21748332278357427,1.6322047825512782,-2.0163438766563626
1771888924295026176,18.90902614593506,0.16580016911029816,0.0370304211974144,0.04842907562851906,0.9746931195259094,0.21532899141311646,0.06005680188536644,0.013740718364715576,-0.033016979694366455,-0.011579636484384537,0.29596623402498456,0.5734242564268758,0.44856774542191585,-0.6183652616393641,-0.21702870742585195,1.6323346412276576,-2.01809148953751
1771888924305057024,18.9190571308136,0.1886918991804123,0.03336391597986221,0.05820846930146217,0.9748031497001648,0.21474087238311768,0.060374315828084946,0.01858973503112793,-0.0028268247842788696,-0.002207878977060318,0.29553570584393474,0.5740545651846687,0.4479380699431574,-0.6184427637905064,-0.21642650629872212,1.6326521951414152,-2.01988909175787
1771888924315088128,18.92908811569214,0.22140882909297943,0.03873817250132561,0.06319043785333633,0.9749206304550171,0.2141333371400833,0.06063450500369072,0.01914358139038086,-0.0018378347158432007,0.01755153387784958,0.29504303396424736,0.574729323155721,0.4472174606766092,-0.6185727878266686,-0.21580449971649263,1.6329106182322635,-2.0219517170335473
1771888924325118976,18.93911910057068,0.21437126398086548,0.033359918743371964,0.06716494262218475,0.9750752449035645,0.2134394496679306,0.060594040900468826,0.039710402488708496,-0.00022843480110168457,0.023695461452007294,0.29457130063082804,0.5753818003755085,0.44635501954358453,-0.6188138973483547,-0.21509418911649864,1.6328594537419618,-2.0242634420442207
1771888924335150336,18.949150323867798,0.19078576564788818,0.01529170386493206,0.07249791920185089,0.975252091884613,0.21266421675682068,0.06047656014561653,0.05937010049819946,-0.01600894331932068,0.01889967918395996,0.294213508424177,0.5759762235667094,0.4455217955933109,-0.6190316498204946,-0.21430073756624157,1.6327282329802566,-2.026352153243689
1771888924345180160,18.959180116653442,0.19914232194423676,-0.0002245376817882061,0.07921095192432404,0.9754382371902466,0.2119290828704834,0.060055457055568695,0.04992198944091797,-0.013473212718963623,0.014331109821796417,0.29391518963683216,0.5764615681240762,0.44465693376898013,-0.6193434290098163,-0.21354845410044476,1.6322863787993878,-2.028427608048628
1771888924355211008,18.969211101531982,0.21121416985988617,-0.00557323032990098,0.08189888298511505,0.9756600856781006,0.21106290817260742,0.059496115893125534,0.03073328733444214,-0.00784638524055481,-0.00030720606446266174,0.29366843548326077,0.576946506378019,0.44371250454570743,-0.6196860083169408,-0.21266223461072953,1.6317012815773333,-2.0305782815291447
1771888924365242368,18.9792423248291,0.2440640777349472,0.0007270094938576221,0.09170730412006378,0.9759053587913513,0.21007634699344635,0.05896274745464325,0.029175758361816406,-0.00028327107429504395,0.010159607976675034,0.29338601160195965,0.5775137256137911,0.442672871022129,-0.6200348916918521,-0.21165305590625588,1.6311414794684282,-2.032954131175289
1771888924375273216,18.98927330970764,0.20772898197174072,0.015267602168023586,0.08980447053909302,0.9761455059051514,0.20909562706947327,0.05847173184156418,0.028615176677703857,-0.01192156970500946,0.01391589269042015,0.2930794934940319,0.5780998016545466,0.44162935283342825,-0.6203777129767224,-0.2106500468493985,1.6306254705401502,-2.035367679829008
1771888924385304320,18.99930429458618,0.19856050610542297,0.010379103943705559,0.07266809791326523,0.9763220548629761,0.20835241675376892,0.05817699059844017,0.042293667793273926,-0.02814611792564392,-0.007502555847167969,0.29273230283226537,0.5786362357538873,0.44075912100959636,-0.6206603875342034,-0.20989010524648674,1.6303138620415585,-2.0375092214876283
1771888924395335168,19.00933527946472,-0.1664278358221054,0.01966048590838909,-0.1580870896577835,0.9762375950813293,0.20874254405498505,0.058194104582071304,0.0072370171546936035,0.17316965758800507,0.06450187414884567,0.2924283602199778,0.5786785952855885,0.44071321254926915,-0.6207966907004963,-0.2102890003052045,1.6303364653805101,-2.038051972828514
1771888924405366272,19.01936626434326,-0.12200001627206802,0.11762700229883194,-0.13585315644741058,0.9758349061012268,0.21028807759284973,0.05937253311276436,-0.06119263172149658,0.3150414824485779,0.06576478481292725,0.29239152988918177,0.5781910290383696,0.44201968404809944,-0.6203393339117712,-0.2118696128941061,1.6315642230530023,-2.0356312070476603
1771888924415396096,19.029396295547485,0.1210523173213005,0.1411999613046646,-0.012362903915345669,0.9756163358688354,0.21094299852848053,0.06062751263380051,-0.033492982387542725,0.037607401609420776,-0.07210206985473633,0.2917494061812597,0.5785481679637962,0.44226210868628685,-0.6201358347466832,-0.21253956188555903,1.6328592995632878,-2.0360714566172917
1771888924425427200,19.039427280426025,-0.06742030382156372,0.045314714312553406,-0.0019909569527953863,0.9755430817604065,0.21101920306682587,0.061537064611911774,0.07034021615982056,-0.08247913420200348,-0.06153701990842819,0.2914348336752457,0.5788800287038216,0.44234199954765563,-0.6199171876421649,-0.21261752882250493,1.6337926610755964,-2.036338421025467
1771888924435458304,19.049458265304565,-0.062402643263339996,0.029714452102780342,0.01667007803916931,0.9755386114120483,0.21091249585151672,0.0619700588285923,0.020951807498931885,-0.05956058204174042,-0.014728907495737076,0.2915980477388337,0.5788793110399155,0.44258758732425646,-0.6196656424903672,-0.21250835413403146,1.6342350306325362,-2.0356109781292964
1771888924445489152,19.059489250183105,-0.04127827286720276,0.040563371032476425,0.007560203783214092,0.9755499362945557,0.21072891354560852,0.06241310387849808,-0.021067023277282715,-0.019109070301055908,0.029826276004314423,0.29168931052351266,0.578966254246378,0.44272409967507265,-0.6194438558893995,-0.21232055571378639,1.6346866052265403,-2.035192167713245
1771888924455520256,19.069520235061646,-0.007511521689593792,0.02247225120663643,0.009371952153742313,0.9755412936210632,0.21064697206020355,0.06282298266887665,0.0018144845962524414,-0.012328565120697021,0.001965746283531189,0.2917276310308553,0.5790396475173725,0.4428595478737584,-0.6192603289529426,-0.2122367316923619,1.6351056040670817,-2.0348574520588714
1771888924465551104,19.079551219940186,0.0923864096403122,0.014767061918973923,-0.0052370838820934296,0.9755429029464722,0.21062205731868744,0.06288415193557739,-0.017214655876159668,-0.012227296829223633,-0.03210711479187012,0.29158931522627374,0.5791593940654663,0.4427374775848553,-0.6193009111703777,-0.21221125512681457,1.6351679425471546,-2.0352869237334716
1771888924475582208,19.089582204818726,0.1548018455505371,0.03669899329543114,-0.016595998778939247,0.9754706025123596,0.21096082031726837,0.06287149339914322,-0.03441518545150757,-0.02738228440284729,-0.019948475062847137,0.29106973887336623,0.5793749995322686,0.44244813854867554,-0.6195504457801722,-0.2125578006271984,1.635159771573954,-2.036603854490057
1771888924485613056,19.099613189697266,0.11538342386484146,0.03198106959462166,-0.028077151626348495,0.9753488302230835,0.21149948239326477,0.06294883042573929,-0.01564735174179077,-0.07371261715888977,-0.007116921246051788,0.29041289543886906,0.5796115858318949,0.4421818900069517,-0.6198273217830493,-0.2131088873693274,1.6352467487436264,-2.0380782922387657
1771888924495643136,19.10964322090149,0.036799125373363495,0.0331382118165493,-0.02473009005188942,0.9752702116966248,0.21182626485824585,0.06306979805231094,-0.015889108180999756,-0.06872934103012085,-0.005712032318115234,0.29006319954597126,0.5797317775373232,0.4420927101164587,-0.6199423388693881,-0.21344325662908117,1.6353754509150926,-2.0387611303838353
1771888924505674240,19.11967420578003,0.04940182715654373,0.04847855120897293,-0.014424190856516361,0.9752153754234314,0.21199621260166168,0.06334744393825531,-0.030970871448516846,-0.024343565106391907,-0.017494790256023407,0.28980976443901163,0.5798788649472497,0.44205680898348226,-0.6199489630149613,-0.21361714304562104,1.635662581761659,-2.0391901207803476
1771888924515705088,19.12970519065857,0.10866542160511017,0.04755949601531029,0.003432304598391056,0.9751827716827393,0.21205614507198334,0.06364380568265915,-0.02253091335296631,0.004664376378059387,-0.026320822536945343,0.28947183423828343,0.5801388555440253,0.44188325315035343,-0.6199871399950542,-0.21367848294169417,1.6359673640479497,-2.039997500095868
1771888924525736192,19.13973617553711,0.12546828389167786,0.049169111996889114,0.013569093309342861,0.9751675128936768,0.21204499900341034,0.0639178454875946,-0.007821202278137207,0.0035464614629745483,-0.023619405925273895,0.2890405115306083,0.5804941658218765,0.4415715642744355,-0.6200780413333019,-0.21366707214305006,1.6362482059713068,-2.0412013085066296
1771888924535767040,19.14976716041565,0.13717633485794067,0.037190213799476624,0.03032384067773819,0.9751887321472168,0.2119051069021225,0.06405866891145706,0.010590195655822754,-0.008917361497879028,-0.017900817096233368,0.2886218658040596,0.5808775446478873,0.44114692869629657,-0.620216292736301,-0.21352392283394137,1.6363905728229564,-2.0426018663738272
1771888924545798144,19.15979814529419,0.15266206860542297,0.03584424778819084,0.034375838935375214,0.9752371311187744,0.21167364716529846,0.06408378481864929,0.01206749677658081,-0.017688676714897156,-0.013729818165302277,0.28824007672525864,0.5812574576375973,0.44066048324348506,-0.6203835486667949,-0.2132870867603943,1.6364129706439101,-2.0440673729388252
1771888924555828992,19.16982913017273,0.15705229341983795,0.028125612065196037,0.04138527810573578,0.9753028750419617,0.21138249337673187,0.06404397636651993,0.010582685470581055,-0.018816575407981873,-0.005755431950092316,0.28784075583444474,0.5816660432003365,0.44009840078903756,-0.6205849358400173,-0.21298919429322857,1.6363679177032087,-2.0457019520743867
1771888924565859072,19.179859161376953,0.1008029654622078,0.03747890144586563,-0.04436344653367996,0.9753996133804321,0.21094505488872528,0.06401455402374268,0.003939986228942871,0.024025052785873413,0.006877779960632324,0.28753700938572174,0.5820739144237059,0.43954207385976873,-0.6207376686561217,-0.2125416736294221,1.6363313959859784,-2.047180914477399
1771888924575890176,19.189890146255493,0.028377238661050797,0.032748326659202576,-0.13788966834545135,0.9751745462417603,0.2119118869304657,0.0642494261264801,0.003280043601989746,0.2186301052570343,0.013677239418029785,0.28704353256786147,0.582024798963062,0.4397406597971969,-0.6208714040568046,-0.2135308698124738,1.6365862984038955,-2.0475421436321306
1771888924585921024,19.199921131134033,0.3119949996471405,0.06091564893722534,-0.051481544971466064,0.9749440550804138,0.21296414732933044,0.0642671212553978,-0.040144920349121094,0.14464080333709717,-0.07287312299013138,0.2861380233109845,0.5821941257100947,0.43952651917641733,-0.621282071871912,-0.21460769618353512,1.636619876504126,-2.049293299625471
1771888924595952128,19.209952116012573,0.24274668097496033,0.07388817518949509,-0.0008226281497627497,0.9748561382293701,0.2133612185716629,0.06428591907024384,-0.030230283737182617,-0.03555053472518921,-0.050140976905822754,0.28504286773700116,0.5827920856777805,0.43874405204486006,-0.6217778516565212,-0.21501411000670292,1.6366449900893623,-2.0523693736110116
1771888924605982976,19.219983100891113,0.10452837496995926,0.03870515152812004,0.008758093230426311,0.9748250246047974,0.2134479284286499,0.0644698217511177,0.03326225280761719,-0.07114441692829132,-0.0070662423968315125,0.28444841805102333,0.5832017523118002,0.43830426299696174,-0.6219761108187245,-0.21510287130553898,1.6368349216080509,-2.054053190874477
1771888924616014336,19.230014324188232,0.0821133479475975,0.0249794851988554,0.006849939003586769,0.9748255610466003,0.21342037618160248,0.0645509883761406,0.04545336961746216,-0.05794857442378998,0.02214944362640381,0.2841367736414992,0.5834466690432336,0.4380245179839831,-0.6220858290390169,-0.21507467411277323,1.636917784914635,-2.055026454215957
1771888924626045952,19.24004602432251,0.05539989098906517,-0.005277619697153568,0.023333840072155,0.9748560190200806,0.21329666674137115,0.06450017541646957,0.048535704612731934,-0.058084264397621155,0.02305471897125244,0.2839784242877012,0.5836055277951187,0.43778382267871424,-0.6221785673980661,-0.21494804261162284,1.6368638282543648,-2.0557077415059593
1771888924636075776,19.250075817108154,0.11487200856208801,-0.026067053899168968,0.009384202770888805,0.9749069809913635,0.21316640079021454,0.06416042894124985,0.026512086391448975,-0.007279545068740845,-0.003140568733215332,0.2838397626815306,0.5837067293848893,0.437454762723148,-0.6223783659662081,-0.21481471106827824,1.6365134060864088,-2.05654123598284
1771888924646106880,19.260107040405273,0.19189967215061188,0.00021381862461566925,-0.02804040163755417,0.9748920202255249,0.2133718729019165,0.0637023001909256,-0.015816092491149902,0.052283644676208496,-0.00484919548034668,0.2833643495642406,0.5838742828511471,0.4369690747443121,-0.622778842254246,-0.2150250240760195,1.6360464963331554,-2.0581734490064805
1771888924656137984,19.270138025283813,0.2042846977710724,0.035581398755311966,-0.04098043218255043,0.9747409224510193,0.21412929892539978,0.0634721964597702,-0.016962051391601562,0.054104939103126526,-0.001124747097492218,0.2825487438804072,0.5840693151995789,0.43657660623734995,-0.6232415992513067,-0.21580036934183028,1.6358215140665469,-2.0601284211054733
1771888924666168832,19.280169010162354,0.21114501357078552,0.02413739264011383,-0.006887445226311684,0.974638819694519,0.21466678380966187,0.06322260946035385,0.023438453674316406,-0.02449655532836914,-0.030523069202899933,0.281729280184686,0.5843614164020691,0.4360424736491194,-0.6237124437585276,-0.21635065487028807,1.635573300402195,-2.062348061419363
1771888924676199936,19.290199995040894,0.11346133053302765,0.004831074271351099,0.0010527698323130608,0.9746317267417908,0.2147751748561859,0.06296437978744507,0.028038501739501953,-0.05204020440578461,-0.02843380719423294,0.2812419187309063,0.5846110911841157,0.4355594820899471,-0.6240358489484648,-0.2164616243167572,1.6353099293473508,-2.0639770559565953
1771888924686230784,19.300230979919434,0.09112095832824707,0.008365089073777199,0.0021934015676379204,0.9746562242507935,0.21471479535102844,0.06279017776250839,0.003508329391479492,-0.02315598726272583,-0.010696657001972198,0.28095959175567237,0.5848063653957964,0.4351972013483716,-0.6242327714411149,-0.21639980460409286,1.6351303188320019,-2.065072434881686
1771888924696261888,19.310261964797974,0.0672324001789093,0.023737387731671333,-0.010737843811511993,0.9746485948562622,0.21474120020866394,0.06282146275043488,0.009711265563964844,0.02175481617450714,0.01402176171541214,0.28070606235443546,0.584976477800795,0.4349864980661462,-0.6243344255910827,-0.21642684395331585,1.6351627916205764,-2.065833799787484
1771888924706292992,19.320292949676514,0.0969766303896904,0.01616482064127922,-0.0033835237845778465,0.9746358394622803,0.21477758884429932,0.06289541721343994,0.031055808067321777,0.02945461869239807,0.0012067630887031555,0.2804337669560301,0.5851621016666243,0.4347792800922197,-0.6244271980459617,-0.2164641001109076,1.6352391909160537,-2.066613438574481
1771888924716322816,19.330322980880737,0.11839590221643448,0.006842958740890026,0.00541076622903347,0.9746408462524414,0.21479462087154388,0.06275665760040283,0.02462667226791382,0.013324260711669922,-0.02335847169160843,0.28010433833668347,0.5853607792730129,0.4344319125178149,-0.6246304514865453,-0.2164815323673837,1.635097080703364,-2.0677484825463384
1771888924726353920,19.340353965759277,0.11732105165719986,-0.0035907733254134655,0.021138861775398254,0.9746584296226501,0.2147831916809082,0.06252140551805496,0.022259175777435303,-0.013458788394927979,-0.013433940708637238,0.27977600195751556,0.5855550786331051,0.43403450607888305,-0.6248716487110227,-0.216469840884876,1.6348555503578892,-2.0689796433804357
1771888924736384768,19.350384950637817,0.11227568984031677,-0.010829245671629906,0.012050825171172619,0.9746667742729187,0.21484319865703583,0.062187157571315765,0.012149631977081299,-0.012206465005874634,0.00243377685546875,0.27946421745123173,0.5856893253037044,0.43366068868317004,-0.6251449928002009,-0.21653127619049461,1.6345134637767935,-2.070150267597018
1771888924746415872,19.360415935516357,0.08660521358251572,-0.00784756988286972,0.010568244382739067,0.9747340679168701,0.2146708369255066,0.06172662228345871,-0.0036493539810180664,-0.013819366693496704,0.0023298338055610657,0.279301886246249,0.5858017756259474,0.43324310729690685,-0.6254016669993464,-0.21635480156087525,1.634038506012117,-2.07118537878263
1771888924756446720,19.370446920394897,0.04319009184837341,-0.00034837471321225166,-0.0022290435153990984,0.9748191833496094,0.21438851952552795,0.061362430453300476,-0.010860323905944824,-0.01745852828025818,0.013024218380451202,0.27925741708083485,0.5858971709268515,0.432903823583035,-0.6255670948235986,-0.21606574357499103,1.633660882914845,-2.071894598298852
1771888924766477824,19.380477905273438,0.05569017678499222,-0.007690044119954109,0.0028067277744412422,0.9748556017875671,0.2142806053161621,0.06115899607539177,-0.009050548076629639,0.0034928470849990845,0.0006848573684692383,0.27919116115313003,0.5859568551774709,0.43270551473474145,-0.6256778984544356,-0.21595526754053035,1.6334506801481925,-2.0723684012247157
1771888924776507904,19.39050793647766,0.06806161999702454,0.0033791186287999153,0.00014330027624964714,0.9748188853263855,0.21445585787296295,0.061131663620471954,-0.006480753421783447,0.00299718976020813,-0.011052362620830536,0.27893970250256894,0.5860483806205429,0.4325657501468212,-0.6258010325983813,-0.21613469846634928,1.6334251066554168,-2.073000399753659
1771888924786538752,19.4005389213562,0.05333300679922104,5.882233381271362e-05,-0.0036556990817189217,0.9747704863548279,0.21470670402050018,0.06101931631565094,-0.006402075290679932,-0.0028842389583587646,-0.014739401638507843,0.27868709402586417,0.5860927408905082,0.43244069751068187,-0.6259582873232142,-0.21639152787318147,1.6333134005597567,-2.073613002211449
1771888924796569856,19.41056990623474,0.032972343266010284,0.007721802219748497,0.0009105568751692772,0.9747622013092041,0.21481424570083618,0.06077415496110916,-0.008102715015411377,0.0019215792417526245,-0.016142133623361588,0.27856816221792896,0.5860860366468816,0.43230803292882014,-0.6261091831566754,-0.21650162406453544,1.6330634010534706,-2.074049484692159
1771888924806600704,19.42060089111328,0.029064243659377098,0.008328735828399658,0.0018053790554404259,0.9748208522796631,0.21459484100341797,0.060609135776758194,-0.004987478256225586,0.011067390441894531,-0.021638154983520508,0.278572992161869,0.5861522489488254,0.4321227947619187,-0.6261729576583335,-0.2162769921879427,1.632891037971176,-2.074390404939107
1771888924816631808,19.43063187599182,0.03918532282114029,0.005965181160718203,0.0019830120727419853,0.9748697280883789,0.21434850990772247,0.06069355830550194,-0.0012522339820861816,0.003226548433303833,-0.01880813017487526,0.27853753661455605,0.5863000682437919,0.43197107503740145,-0.6261549623815105,-0.21602478927548904,1.6329741982493766,-2.0747124732661986
1771888924826662656,19.44066286087036,0.04760437086224556,0.006064383778721094,0.007258467376232147,0.9749190807342529,0.21411669254302979,0.06071741133928299,-0.01135718822479248,0.007425636053085327,-0.012209780514240265,0.27847597937846014,0.5864492120514476,0.43178238414259695,-0.6261727536968856,-0.21578745967674137,1.6329954286732338,-2.0751449442920316
1771888924836693760,19.4506938457489,0.09122242778539658,0.0064324322156608105,0.0013891272246837616,0.9749617576599121,0.21387986838817596,0.060870494693517685,-0.02299630641937256,0.007326826453208923,-0.004580847918987274,0.27831117114681814,0.5866935500984691,0.4315390198488375,-0.6261851053231298,-0.21554502702668116,1.6331491181636884,-2.075822050182117
1771888924846724864,19.46072483062744,0.0930318683385849,0.011302022263407707,0.007523185573518276,0.9749367833137512,0.21401000022888184,0.06081221252679825,-0.02190333604812622,0.006708398461341858,0.004815816879272461,0.27799276547493407,0.586845451579637,0.43129864567237736,-0.6263497311485594,-0.21567823784259196,1.6330911631454401,-2.076737919645696
1771888924856754688,19.470754861831665,0.07706088572740555,0.006861201021820307,-0.0005328762345016003,0.9749289751052856,0.21411967277526855,0.06054859608411789,-0.006362199783325195,-0.009102612733840942,-0.003633268177509308,0.2777186399417232,0.5869410050881176,0.4310157246656439,-0.6265764258451101,-0.21579050795373725,1.632822309278753,-2.077679270723958
1771888924866785792,19.480785846710205,0.0189112089574337,-0.00321020744740963,-0.003679933724924922,0.9749376773834229,0.21417184174060822,0.06022316962480545,-0.005653679370880127,-0.02352854609489441,-0.003735184669494629,0.27760912618543715,0.5869381204516162,0.43083085783029484,-0.6267547837469789,-0.21584392268890862,1.632489240530211,-2.078201439173236
1771888924876816640,19.490816831588745,-0.015768207609653473,-0.015773138031363487,0.00033584702759981155,0.9749414920806885,0.21424582600593567,0.059898681938648224,-0.0067408084869384766,-0.01960471272468567,-0.0033038854598999023,0.2776453140567464,0.5868255356530913,0.43079592794929633,-0.6268682195927406,-0.2159196685730591,1.6321574303220572,-2.0782341900325085
1771888924886847744,19.500847816467285,0.02321212738752365,-0.009024553932249546,-0.0038272065576165915,0.9749200344085693,0.21446733176708221,0.059454288333654404,-0.009008169174194336,0.01893112063407898,-0.00311887264251709,0.2776412392466113,0.5866550329169221,0.4307702591468336,-0.6270472329377552,-0.21614644480402878,1.631704654998357,-2.07831898981495
1771888924896878848,19.510879039764404,0.05533704161643982,-0.01780632883310318,0.0014322702772915363,0.9749289155006409,0.21456490457057953,0.05895477160811424,-0.005232870578765869,0.01669730246067047,-0.010645389556884766,0.27757299738111574,0.5865739076587211,0.4305907989230994,-0.6272766024840442,-0.21624634441103227,1.6311936187051546,-2.078782294435842
1771888924906909952,19.520910024642944,0.055585332214832306,-0.016894593834877014,0.0010999077931046486,0.9749202728271484,0.21472124755382538,0.05852697789669037,-0.0006923675537109375,0.004929021000862122,-0.014856338500976562,0.2774381558298954,0.5865245590402067,0.43040960713611714,-0.6275067093078002,-0.2164064122728114,1.6307569413129508,-2.079342998064819
1771888924916940800,19.530941009521484,0.02955879457294941,-0.02108294889330864,-0.0025813798420131207,0.9748936891555786,0.21492740511894226,0.058213431388139725,-0.0062351226806640625,0.00804932415485382,-0.02343868464231491,0.277295820119722,0.5864776993807957,0.4302913236790771,-0.6276945466674106,-0.21661749754417914,1.630438101754546,-2.079792813692226
1771888924926970880,19.540971040725708,0.012476211413741112,-0.019062673673033714,0.011268389411270618,0.9748740792274475,0.21503902971744537,0.05812584236264229,-0.0013481378555297852,-0.021649152040481567,-0.019017580896615982,0.27721949013288366,0.5864657454298758,0.4302567256810481,-0.6277629909089131,-0.21673179266982925,1.630349770027803,-2.07997566681071
1771888924937001984,19.551002025604248,-0.0410730317234993,-0.019558554515242577,0.0018455926328897476,0.9749351739883423,0.2148042917251587,0.05797070637345314,0.005991339683532715,-0.012045517563819885,-0.012056946754455566,0.27739695191111535,0.5864212501645629,0.4302272322681745,-0.6277464418592079,-0.21649144172193166,1.6301874890429684,-2.0797749543846518
1771888924947032832,19.561033010482788,-0.03765513002872467,-0.017716046422719955,0.004918081685900688,0.9750269651412964,0.21441183984279633,0.057878416031599045,-0.004369676113128662,-0.00818932056427002,-0.00274837389588356,0.2776729463369896,0.5863895009707006,0.4302168772327942,-0.6276611450651645,-0.21608962025723383,1.6300875859298753,-2.079387353923968
1771888924957063936,19.571063995361328,0.013968114741146564,-0.01251143030822277,0.005394521169364452,0.9751050472259521,0.21408988535404205,0.057756997644901276,-0.0034099817276000977,0.010260149836540222,-0.01053106039762497,0.2778445425395931,0.5863932407485389,0.43014121594495464,-0.6276336501080183,-0.21576001098318123,1.6299587677236624,-2.079276339330276
1771888924967094784,19.581094980239868,0.01360370498150587,-0.018902352079749107,-0.0011712359264492989,0.9750570058822632,0.21436576545238495,0.05754264444112778,0.009211182594299316,8.125603199005127e-05,-0.005021929740905762,0.27774605601100816,0.5863024105387926,0.43014044774656773,-0.6277625560751025,-0.2160424585462908,1.629742602477975,-2.0794405930030355
1771888924977125888,19.591125965118408,-0.003436796832829714,-0.02151145040988922,-0.004394460003823042,0.9750131964683533,0.21465761959552765,0.05719493329524994,0.013939380645751953,-0.015759333968162537,-0.0009205378592014313,0.2776956152996539,0.5861487955088135,0.4301477143528188,-0.6279232644062033,-0.21634125767779602,1.6293898560517988,-2.0795281094245253
1771888924987156992,19.60115694999695,0.005966559052467346,-0.027786923572421074,-0.00031982362270355225,0.9750182032585144,0.21475036442279816,0.05675990507006645,0.01028752326965332,-0.0004864335060119629,-0.013409733772277832,0.2777471777298127,0.5859981946340852,0.4301000682005184,-0.6280736665531139,-0.21643622347471564,1.628944898945837,-2.0795687495036086
1771888924997186816,19.611186981201172,-0.005561732221394777,-0.023108281195163727,0.007168453186750412,0.9750249981880188,0.21487382054328918,0.05617649853229523,0.003231346607208252,0.0029454678297042847,-0.02459084242582321,0.27780598433952153,0.5858036890965737,0.43002591419569086,-0.6282799919430655,-0.21656262490986183,1.6283481439003078,-2.079657482119801
1771888925007217920,19.621217966079712,-0.0451754555106163,-0.03171148896217346,0.015034898184239864,0.975142240524292,0.21445631980895996,0.05573370307683945,0.006058931350708008,-0.018472418189048767,-0.028817176818847656,0.2781098779179873,0.5857039416032621,0.4299043428379248,-0.628321658387569,-0.21613516077951442,1.6278886484094999,-2.0794539436450847
1771888925017248768,19.631248950958252,-0.08045275509357452,-0.03174584358930588,0.017191261053085327,0.9752489328384399,0.21405333280563354,0.05541572719812393,0.0005202293395996094,-0.0003844648599624634,-0.011623017489910126,0.27852337956568046,0.5855441914888757,0.42993704481700395,-0.628265033126018,-0.2157225933754584,1.6275574247099358,-2.0787981565101408
1771888925027279872,19.641279935836792,-0.050001103430986404,-0.020346051082015038,0.016196034848690033,0.975319504737854,0.21375775337219238,0.05531150475144386,0.0006631016731262207,0.03648637235164642,0.0021530352532863617,0.27884878508081895,0.5854338965595731,0.4300266330006795,-0.6281620324381652,-0.21542000656976842,1.627446811027605,-2.0781556355761595
1771888925037310720,19.651310920715332,-0.02747422084212303,-0.028884146362543106,0.017700456082820892,0.9753383994102478,0.21374157071113586,0.05504109710454941,0.021060526371002197,0.013278692960739136,-0.009341001510620117,0.27902532758709087,0.5852739187339703,0.43008718617113095,-0.6281913069276021,-0.2154034472244718,1.627169352740426,-2.077801054721678
1771888925047341824,19.661341905593872,-0.004903842695057392,-0.0442856065928936,0.01810232549905777,0.9754047393798828,0.2135319709777832,0.054679062217473984,0.021726608276367188,-0.0023350566625595093,-0.029807209968566895,0.279243812358783,0.5851548323070851,0.43003878175761373,-0.6282383478668152,-0.21518889981456607,1.6267955364602982,-2.0775869587339715
1771888925057372928,19.671372890472412,0.0021277014166116714,-0.05127160996198654,0.012745910324156284,0.9755117297172546,0.2131555825471878,0.054234579205513,0.0064370036125183105,0.010019436478614807,-0.03032410889863968,0.27947461580977584,0.5850866495415461,0.4298731222510361,-0.6283124957028123,-0.214803630028752,1.6263351782661724,-2.0775716836683817
1771888925067403776,19.681403875350952,0.012897348031401634,-0.05290719121694565,0.007688301615417004,0.9755809307098389,0.21301645040512085,0.05353254824876785,-0.0027874112129211426,-0.0044288188219070435,-0.02168751135468483,0.2796149204723357,0.5849316285623775,0.429675766259498,-0.6285293719775427,-0.21466124194007186,1.6256138360794656,-2.077767974515937
1771888925077433856,19.691433906555176,0.0014508143067359924,-0.026420187205076218,0.007229971699416637,0.9756201505661011,0.21300987899303436,0.05284286290407181,-0.0024449825286865234,-0.009732231497764587,0.002653367817401886,0.2797403393394539,0.5847304454354104,0.42954829555735713,-0.6287479950247248,-0.21465450256885243,1.6249068119818377,-2.077859619596352
1771888925087464704,19.701464891433716,-0.025717511773109436,-0.027933930978178978,0.0069655198603868484,0.9757224321365356,0.21268707513809204,0.05225210636854172,0.021866798400878906,-0.010309681296348572,0.018609769642353058,0.27999551277243706,0.5845966992122898,0.4293864839772224,-0.628869322043063,-0.21432412840087176,1.6242974458036692,-2.0778106920063535
1771888925097495808,19.711495876312256,-0.03174398094415665,-0.01964564062654972,0.0046019647270441055,0.9757517576217651,0.21262386441230774,0.05195896700024605,0.02160853147506714,-0.010566934943199158,0.02155793458223343,0.28015832922900874,0.5844628953576797,0.42939795992375385,-0.6289132827043855,-0.2142594444819461,1.6239962705401536,-2.0775661685067104
1771888925107526656,19.721526861190796,-0.04453913867473602,-0.02321813814342022,0.0051617613062262535,0.9756677150726318,0.21302208304405212,0.05190490558743477,0.013513803482055664,-0.014947742223739624,0.018544912338256836,0.28016214057470185,0.5842756742289461,0.42962121686684374,-0.6289330076314288,-0.21466699758320487,1.623945593283827,-2.077161362959881
1771888925117557760,19.731557846069336,-0.03843890130519867,-0.024510569870471954,0.0018898011185228825,0.9756684899330139,0.2130790501832962,0.051657535135746,0.009362757205963135,-0.003896281123161316,0.004082806408405304,0.2803309961281347,0.584092731805374,0.42972601506498664,-0.6289561470941704,-0.21472529791956477,1.6236927229359477,-2.0767362214007252
1771888925127588864,19.741588830947876,-0.03774425759911537,-0.023188309744000435,0.008392175659537315,0.975724995136261,0.21295051276683807,0.05111696571111679,-0.006425678730010986,0.0028240233659744263,-0.007537841796875,0.2805868906503709,0.5838816000306543,0.42969845237336657,-0.629056904613835,-0.2145937473055348,1.6231371781894808,-2.076439905576286
1771888925137618688,19.7516188621521,-0.020933587104082108,-0.03168885409832001,0.012383454479277134,0.9757536053657532,0.21294645965099335,0.05058199539780617,-0.020248353481292725,0.007924482226371765,-0.03472817689180374,0.2807816660370844,0.5836582938997082,0.4296905792515041,-0.6291824726345232,-0.21458960685154932,1.6225888685307062,-2.076199202105493
1771888925147649792,19.76164984703064,0.003183910623192787,-0.021219434216618538,0.006378825753927231,0.9758116006851196,0.2127949446439743,0.05009794235229492,-0.03030085563659668,0.021625816822052002,-0.02620268240571022,0.2809556839136281,0.5835228806847871,0.42959285218691395,-0.6292971074217084,-0.21443452496206067,1.622091058559809,-2.0761482646582246
1771888925157680640,19.77168083190918,0.015038706362247467,-0.00774011155590415,0.006938888691365719,0.9758548736572266,0.21261711418628693,0.05001213774085045,-0.021173536777496338,0.019408032298088074,0.009146209806203842,0.28100969196033954,0.5835495389301426,0.4295066983230526,-0.6293071379572109,-0.2142525315657602,1.6220010920193217,-2.0762285936991773
1771888925167711744,19.78171181678772,0.010187314823269844,-0.009506452828645706,0.0037398990243673325,0.975898265838623,0.21238695085048676,0.05014287680387497,0.0035786032676696777,0.0022889375686645508,0.017896052449941635,0.2810272516499467,0.583661359892189,0.4294308511469396,-0.6292473480740245,-0.21401699510728284,1.6221324372646762,-2.0763295455126007
1771888925177742848,19.79174304008484,-0.0290724728256464,-0.009917378425598145,0.0026943422853946686,0.9759396314620972,0.2121514230966568,0.05033582076430321,0.009945988655090332,-0.015450358390808105,0.01105034351348877,0.281102003904898,0.583747226816437,0.4294264615087079,-0.629137351531011,-0.2137759725766606,1.6223274422434435,-2.0762112070357905
1771888925187773952,19.80177402496338,-0.04265192896127701,-0.028178807348012924,0.007472852244973183,0.9759907126426697,0.2118782103061676,0.050494514405727386,0.003791332244873047,-0.026163503527641296,0.0012174807488918304,0.2813029359545432,0.5837575602550747,0.42950479384739676,-0.6289844086654829,-0.21349640041406528,1.6224869140224172,-2.07575592929801
1771888925197804800,19.81180500984192,-0.03226161003112793,-0.02755802497267723,0.0018479898571968079,0.9760252833366394,0.21174943447113037,0.05036914721131325,-0.012005448341369629,0.0036283880472183228,-0.0025175809860229492,0.2815178756030297,0.5836459183293494,0.42958353688279927,-0.6289381483673657,-0.21336463471914055,1.6223569832400957,-2.07529930910931
1771888925207835904,19.82183599472046,-0.015559772029519081,-0.018695557489991188,0.007888837717473507,0.9760426878929138,0.21173229813575745,0.050102438777685165,-0.02302449941635132,0.020308122038841248,0.0058362483978271484,0.2816502656365164,0.5835171885184232,0.4296032013581875,-0.6289848781001554,-0.21334709883645145,1.6220835331309462,-2.075083420892287
1771888925217865984,19.831866025924683,0.008594034239649773,-0.012682672590017319,0.00949925184249878,0.9760515093803406,0.21181708574295044,0.04957059025764465,-0.006721556186676025,0.021184667944908142,0.008016116917133331,0.28172368120720837,0.5833382781157838,0.42953666790692474,-0.629163406604219,-0.21343386697443115,1.621539590070515,-2.0751308081813296
1771888925227896832,19.841897010803223,0.030032392591238022,-0.021308517083525658,0.014180821366608143,0.9760162830352783,0.21209955215454102,0.049052149057388306,0.01307368278503418,0.009274989366531372,-0.001902461051940918,0.2816578578019111,0.5831696238670018,0.42946392760988744,-0.6293987993086623,-0.2137228884136655,1.6210115886673684,-2.075398106062183
1771888925237927936,19.851927995681763,0.0016809124499559402,-0.03226875886321068,0.014965656213462353,0.9759848117828369,0.21229048073291779,0.048854392021894455,0.010816454887390137,-0.012705475091934204,-0.006099216639995575,0.28158397397373985,0.5831019568015531,0.4294406878202326,-0.6295104587597984,-0.21391826727258154,1.6208110917242733,-2.0755656233945072
1771888925247958784,19.861958980560303,-0.0010607242584228516,-0.041380494832992554,0.019238699227571487,0.9760213494300842,0.212149977684021,0.04872996732592583,0.0003122091293334961,-0.012336164712905884,-0.0036402978003025055,0.28166881965682095,0.5830843789751632,0.4293921179596109,-0.629521756168851,-0.21377449894807116,1.6206820577749437,-2.075533870501149
1771888925257989888,19.871989965438843,-0.017994966357946396,-0.04035091772675514,0.012614351697266102,0.9761093258857727,0.21179839968681335,0.04850175231695175,-0.0008435845375061035,0.0020993798971176147,0.016027700155973434,0.2818762807174262,0.583058241228733,0.4292947289787596,-0.6295196972300376,-0.21341473937110947,1.6204443492591547,-2.0754132599756243
1771888925268020992,19.882020950317383,-0.028897948563098907,-0.03444642573595047,0.017002973705530167,0.9762184023857117,0.21135279536247253,0.0482458733022213,0.0030295848846435547,0.00765661895275116,0.018297672271728516,0.2821702780187674,0.583009534325908,0.4292118594259553,-0.629489510028775,-0.21295882085754408,1.6201773374728354,-2.075137266654287
1771888925278051840,19.892051935195923,-0.02289491705596447,-0.03437744826078415,0.011371186934411526,0.9762462973594666,0.21128569543361664,0.04797595366835594,-0.0008739829063415527,0.008486658334732056,-0.0023827552795410156,0.28233104509373963,0.5828828693157422,0.4292266738867824,-0.6295246693214684,-0.21289016967656793,1.6199001103165278,-2.074887348735501
1771888925288081920,19.902081966400146,-0.03071369230747223,-0.04457322880625725,0.012320072390139103,0.9762229919433594,0.21144117414951324,0.047762349247932434,0.00925058126449585,0.0020597875118255615,-0.002413276582956314,0.28240002344496523,0.5827305809312125,0.42930903258853226,-0.6295784551596877,-0.21304923848203178,1.6196830008394876,-2.0746498786078122
1771888925298112768,19.912112951278687,-0.04171813651919365,-0.0449276939034462,0.01709432154893875,0.9762157201766968,0.21152447164058685,0.04754217714071274,0.014567971229553223,-0.003867596387863159,-0.0023304224014282227,0.2825481040688088,0.5825549862122695,0.4294191155496295,-0.629599453109398,-0.21313445724135754,1.6194583635971531,-2.074243734845568
1771888925308143872,19.922143936157227,-0.05325140058994293,-0.04460345208644867,0.019213929772377014,0.9762580990791321,0.2114061415195465,0.0471971221268177,0.01075667142868042,0.0011945515871047974,-0.008104085922241211,0.28282626243298814,0.582357807201967,0.4294856755534349,-0.6296115733829146,-0.21301339239360426,1.6191036382727417,-2.0737284424496605
1771888925318174720,19.932174921035767,-0.04822415113449097,-0.03768828883767128,0.018374234437942505,0.9763513803482056,0.211048886179924,0.04686601459980011,-0.0027948617935180664,0.012217730283737183,-0.005835175514221191,0.2831822440986764,0.5822150567645794,0.4294864775844303,-0.6295830555467058,-0.21264789081078553,1.618760687105152,-2.0732129665021577
1771888925328205824,19.942205905914307,-0.026935376226902008,-0.03418716415762901,0.016814690083265305,0.9764342904090881,0.2107313871383667,0.04656633362174034,-0.006982386112213135,0.0136643648147583,-0.017284750938415527,0.2834545855139704,0.5821172731404677,0.42944457889116455,-0.6295795020995402,-0.212323088384161,1.6184504070684655,-2.072898264469499
1771888925338236928,19.952236890792847,0.003700830042362213,-0.03145449608564377,0.021028075367212296,0.9764710068702698,0.21057379245758057,0.04650934413075447,-0.008926451206207275,0.004010558128356934,-0.029389023780822754,0.28358219917799987,0.5820897246743606,0.4294487447790418,-0.6295446929541128,-0.2121618711287806,1.6183903869200245,-2.0727020200668616
1771888925348267776,19.962267875671387,0.03245276212692261,-0.028167355805635452,0.01537365186959505,0.9764901399612427,0.21050730347633362,0.04640780761837959,-0.004734158515930176,0.009921163320541382,-0.02095615863800049,0.2835840976773586,0.5821001538613455,0.4293754944997905,-0.629584126312251,-0.21209385606889672,1.6182857113426832,-2.0728382239060728
1771888925358297856,19.97229790687561,0.045019686222076416,-0.017128819599747658,0.009572754614055157,0.9765014052391052,0.21052047610282898,0.04611160606145859,0.007370054721832275,-0.003458678722381592,0.003113269805908203,0.2835041120419465,0.5820977981668363,0.42920619361098755,-0.6297377827682263,-0.2121073354300748,1.6179825147732354,-2.0732850402787895
1771888925368328704,19.98232889175415,0.017811235040426254,-0.028537003323435783,0.004733524285256863,0.9765303730964661,0.2104552686214447,0.04579661786556244,0.023240864276885986,-0.012823373079299927,0.0028331317007541656,0.2834903056147071,0.5820814600387267,0.4290448504124494,-0.6298690880644997,-0.21204064195038938,1.6176592732891781,-2.0736188082452207
1771888925378359808,19.99235987663269,-0.0066653466783463955,-0.030365262180566788,0.011473984457552433,0.9765709042549133,0.21033348143100739,0.04549000784754753,0.01775294542312622,-0.014380067586898804,0.012340787798166275,0.2835851848180318,0.5820173151373051,0.42895320200812603,-0.6299480424758639,-0.2119160621689601,1.6173440490959547,-2.07366198681982
1771888925388390656,20.00239086151123,-0.04404476284980774,-0.021033013239502907,0.004874938167631626,0.9766059517860413,0.2102333903312683,0.04519808292388916,0.00497668981552124,-0.004239723086357117,0.02026212215423584,0.28376447123116005,0.5818886914030915,0.4289575642639155,-0.629983134176753,-0.2118136766648336,1.6170441028808222,-2.0734036204582145
1771888925398421760,20.01242184638977,-0.0568724125623703,-0.023860758170485497,0.01731695979833603,0.9766095876693726,0.2102450728416443,0.04506181553006172,0.0028214454650878906,-0.0037174075841903687,-0.005465272814035416,0.2839557316460071,0.5817297026574124,0.4290937666861848,-0.6299509361309447,-0.2118256292887196,1.6169046965919498,-2.072878634212209
1771888925408452864,20.02245283126831,-0.05296032130718231,-0.02631552703678608,0.01200235728174448,0.9766214489936829,0.210251122713089,0.04478039965033531,-0.01206749677658081,-0.0033571571111679077,-0.018306370824575424,0.28419292208457064,0.5815168698815084,0.4292182785137886,-0.6299557941098203,-0.21183182031185227,1.6166165968521833,-2.0723158063214817
1771888925418483712,20.03248381614685,-0.038827985525131226,-0.004445115569978952,0.012469741515815258,0.9766550064086914,0.21016594767570496,0.04444195702672005,-0.015076756477355957,-0.0003118664026260376,-0.008126024156808853,0.284418943155063,0.5813417637396713,0.4292583509508593,-0.6299879318326559,-0.21174468887314793,1.6162692110247139,-2.071925170534374
1771888925428513792,20.042513847351074,-0.03979027643799782,-0.009249058552086353,0.01356003899127245,0.976669430732727,0.21013738214969635,0.04426246136426926,0.02082812786102295,-0.0035943984985351562,0.00011014938354492188,0.2845760973634518,0.5812162524648705,0.42932376920757465,-0.6299882798204213,-0.2117154751265755,1.616085136852797,-2.071582350862432
1771888925438544640,20.052544832229614,-0.047054313123226166,-0.02195047214627266,0.00489917304366827,0.9767003655433655,0.20999273657798767,0.04426470026373863,0.031249403953552246,-0.001908630132675171,-0.000609278678894043,0.28477812562122273,0.5811425117346605,0.4294248849135052,-0.6298960652089174,-0.211567534386802,1.6160859910312144,-2.071094240773216
1771888925448575744,20.062575817108154,-0.039422761648893356,-0.030081769451498985,0.015198149718344212,0.9767724871635437,0.20969004929065704,0.04411130025982857,0.01422494649887085,0.001827329397201538,0.003908161073923111,0.2850437016307948,0.5810680857545799,0.4294362922002186,-0.6298369065878776,-0.2112579571719829,1.6159259235083585,-2.070682502961294
1771888925458606848,20.072607040405273,-0.024960197508335114,-0.022683242335915565,0.013250580988824368,0.9768462181091309,0.20934955775737762,0.04409479349851608,0.004110813140869141,0.0074320584535598755,0.01115727424621582,0.285287599962727,0.5810486096150517,0.42945303628751114,-0.6297329835823515,-0.21090972956673215,1.6159056606106288,-2.0702840315054987
1771888925468637952,20.082638025283813,-0.013421431183815002,-0.030522389337420464,0.014868183992803097,0.976884126663208,0.20916932821273804,0.04410984739661217,0.004027128219604492,0.014539778232574463,-0.003231525421142578,0.2854134797109443,0.5810445872385478,0.42946724088217025,-0.6296699691319233,-0.21072542560017576,1.615919288692055,-2.0700667279662293
1771888925478669056,20.092669010162354,-0.008396312594413757,-0.021867383271455765,0.016395241022109985,0.9769412279129028,0.20896296203136444,0.043821923434734344,-0.008648991584777832,0.009115666151046753,-0.012831330299377441,0.28556566860448723,0.580981873720667,0.42938447117412293,-0.6297152718121323,-0.2105143919993212,1.6156225309523593,-2.070005278645593
1771888925488699904,20.102699995040894,0.022479312494397163,-0.032184600830078125,0.022114910185337067,0.9769989252090454,0.2087899148464203,0.043360836803913116,-0.01456594467163086,0.0013236701488494873,-0.02588951215147972,0.2856983091283605,0.5808879731913039,0.429243031860635,-0.6298382255019919,-0.21033744081946407,1.615148883066236,-2.070091198443357
1771888925498729984,20.112730026245117,0.005499262362718582,-0.013758189976215363,0.010213777422904968,0.9770351648330688,0.2086898386478424,0.04302142560482025,-0.017577767372131348,0.0015304982662200928,0.0036551952362060547,0.28575933754340077,0.5808317002086263,0.4291214847255929,-0.6299451618724907,-0.21023511371617618,1.6148005285057414,-2.0702409159733275
1771888925508760832,20.122761011123657,-0.005312548950314522,-0.019124992191791534,0.00826753955334425,0.977079451084137,0.20850977301597595,0.04288654774427414,0.0003222227096557617,-0.013578757643699646,0.01602768525481224,0.28583766509326847,0.5808340968369874,0.4290396543366517,-0.6299630868912723,-0.21005098654920804,1.6146607596821563,-2.070278655150406
1771888925518791936,20.132791996002197,-0.01841982826590538,-0.020771890878677368,-0.004168357700109482,0.9770998954772949,0.20844165980815887,0.04274937883019447,0.010967552661895752,-0.014334678649902344,0.02153586596250534,0.28593505235428107,0.5807739401055105,0.4290411635051861,-0.6299732463293568,-0.20998134559437243,1.6145197306008996,-2.070137680029983
1771888925528822784,20.142822980880737,-0.006000976078212261,-0.026103006675839424,-0.009773246943950653,0.9770985245704651,0.20848031342029572,0.04259716346859932,0.010038316249847412,-0.0075830817222595215,0.021504998207092285,0.2859897395668082,0.5806934708632734,0.4290613885862885,-0.6300089965449651,-0.21002087966468302,1.6143643064594817,-2.070029317883156
1771888925538853888,20.152853965759277,-0.016775593161582947,-0.023744778707623482,-0.0031291921623051167,0.9770709276199341,0.20862554013729095,0.042519520968198776,-0.003880620002746582,0.0024493038654327393,0.013724327087402344,0.2860050850520634,0.5806058319707497,0.42913474357669945,-0.630032868023869,-0.21016936986525606,1.6142862190111842,-2.0698795616328494
1771888925548884992,20.162884950637817,0.004290010780096054,-0.025095533579587936,-0.0017387557309120893,0.9770415425300598,0.20881284773349762,0.042274829000234604,-0.010748207569122314,0.01173768937587738,-0.009086966514587402,0.2860109223396735,0.5804772898062496,0.42916608689140257,-0.6301272977093272,-0.21036088514611373,1.6140375548294594,-2.069831390192681
1771888925558915840,20.172915935516357,0.016757864505052567,-0.02396688610315323,0.0003313194029033184,0.9770320653915405,0.20893354713916779,0.041895557194948196,-0.017757773399353027,0.014561936259269714,-0.021158814430236816,0.28600740863722063,0.5803610668652779,0.4291023305687735,-0.6302793563567404,-0.21048431643795806,1.613650503784936,-2.0699779149291437
1771888925568945920,20.18294596672058,0.006659957580268383,-0.019973209127783775,0.0032560029067099094,0.9770447611808777,0.20897269248962402,0.041405390948057175,-0.018273770809173584,0.014385521411895752,-0.012047398835420609,0.2860541626075283,0.580227218257267,0.42899775039171356,-0.6304526316798719,-0.21052434762925354,1.6131491767343196,-2.0701294971784194
1771888925578976768,20.19297695159912,0.009068254381418228,-0.015537714585661888,0.007491494528949261,0.9770472645759583,0.20898371934890747,0.041286688297986984,-0.012234032154083252,0.01413029432296753,-0.0007593631744384766,0.28605388510914476,0.5802019597356862,0.42896273656495365,-0.6304997175137341,-0.21053561607164317,1.6130277938301916,-2.0702009596921647
1771888925589007872,20.20300793647766,-0.006194588262587786,-0.01645171083509922,0.007629712112247944,0.9770887494087219,0.20877988636493683,0.04133524373173714,-0.006004154682159424,-0.0013366490602493286,0.0045021772384643555,0.2861193115599664,0.5802553360117009,0.42891883404643005,-0.630450756444957,-0.21032719163766264,1.6130756077700328,-2.07017716881044
1771888925599038720,20.2130389213562,-0.02149737812578678,-0.015264207497239113,0.004316739737987518,0.9771352410316467,0.2085423469543457,0.0414348728954792,-0.0015035271644592285,-0.004456028342247009,0.010979056358337402,0.28622819827430535,0.5803027764511202,0.4289127233624077,-0.630361790680779,-0.2100843012916261,1.6131753790291081,-2.0700158967875737
1771888925609069824,20.22306990623474,-0.014983818866312504,-0.017123360186815262,0.0037430953234434128,0.9771593809127808,0.20840340852737427,0.0415644645690918,-0.004854083061218262,-0.0007312893867492676,0.009186267852783203,0.28633012732643376,0.5803168505558916,0.42896921177425273,-0.6302641218480427,-0.2099422433393659,1.613306712432922,-2.0697506492211306
1771888925619100928,20.23310089111328,0.009351614862680435,-0.017269302159547806,-0.007108753547072411,0.9771535396575928,0.20842666923999786,0.04158586263656616,-0.0013692378997802734,0.00923997163772583,0.0006810426712036133,0.28634652238993635,0.5802991887207962,0.4290055754001324,-0.6302482003807276,-0.2099660283753246,1.6133288283707903,-2.069658920865147
1771888925629131520,20.243131637573242,0.03993961960077286,-0.012416088953614235,-0.0063745202496647835,0.9771175980567932,0.20865021646022797,0.04130847007036209,0.002695024013519287,0.010725393891334534,0.0038576126098632812,0.28624452266447753,0.5802224323279378,0.4289477409378959,-0.630404539899988,-0.21019459944633268,1.6130470118788711,-2.0699370477813734
1771888925639162624,20.253162622451782,0.030529869720339775,-0.015186576172709465,-0.0008268894162029028,0.9770846962928772,0.20888975262641907,0.04087585210800171,0.0012632012367248535,-0.008816465735435486,0.004809025675058365,0.2861119674959892,0.5801324895080116,0.4288172350348393,-0.630636315379246,-0.21043952239178834,1.612606449537382,-2.0704032346854926
1771888925649192448,20.263192653656006,0.003484671004116535,-0.01167040504515171,0.003621388226747513,0.977053701877594,0.20908884704113007,0.040594570338726044,-0.004153311252593994,-0.013150721788406372,0.0034728050231933594,0.2860441003194332,0.5800423842342051,0.4287751375086087,-0.630778463735855,-0.2106431130729194,1.612320388727376,-2.0706013438487036
1771888925659223552,20.273223638534546,-0.01230574306100607,-0.00955878384411335,0.0014165574684739113,0.9770262837409973,0.2092335820198059,0.040510084480047226,-0.0012267231941223145,-0.0062153637409210205,-0.003995776176452637,0.28603061711087724,0.5799733835778391,0.4288192113559634,-0.6308181294690713,-0.2107911216387477,1.612235224704114,-2.070548651835704
1771888925669254656,20.283254623413086,-0.035894252359867096,-0.018720723688602448,0.0004327860660851002,0.9770385026931763,0.2091837227344513,0.04047317057847977,0.0028809309005737305,0.0005635917186737061,-0.0030432939529418945,0.2861342712521885,0.5799183857093424,0.42887206911984516,-0.6307857402093342,-0.21074013928932536,1.612196993597151,-2.070298854873187
1771888925679285504,20.293285608291626,-0.014414258301258087,-0.022023309022188187,0.0036453567445278168,0.9770561456680298,0.20910459756851196,0.040456317365169525,-0.008321404457092285,0.01571841537952423,-0.012441158294677734,0.2862645976437084,0.5798615828644779,0.4289390443761864,-0.6307333088745348,-0.21065922825301192,1.6121790263315336,-2.069981821204347
1771888925689316608,20.303316593170166,0.021178269758820534,-0.0063173179514706135,0.0029018023051321507,0.977066695690155,0.2090589851140976,0.04043671488761902,-0.006821334362030029,0.022859349846839905,-0.0014810562133789062,0.28627395682427537,0.579871827392188,0.42891376916367613,-0.630736795174061,-0.21061258460785848,1.6121585523279778,-2.0700143422952486
1771888925699347456,20.313347578048706,0.040136776864528656,-0.003501025028526783,0.002599800005555153,0.9770596027374268,0.20910896360874176,0.04034655541181564,0.011023223400115967,0.005627945065498352,0.002942558377981186,0.2861725512590808,0.5799031539081541,0.4288188538153419,-0.6308184559727007,-0.21066369124023326,1.6120667318867679,-2.070345043695701
1771888925709378560,20.323378562927246,0.027250630781054497,0.00038985349237918854,-0.002521991264075041,0.9770410656929016,0.20920048654079437,0.04032329469919205,0.012766063213348389,-0.0027185678482055664,0.0075435638427734375,0.28604161235855513,0.5799479766620902,0.42874466957464485,-0.6308871442353009,-0.21075728866957957,1.6120437471134952,-2.0706789643104058
1771888925719408640,20.33340859413147,0.02420317567884922,-0.007864082232117653,0.006413979455828667,0.9770563840866089,0.20913676917552948,0.04028146341443062,0.005243420600891113,0.00103779137134552,-0.004911661148071289,0.2860100436190384,0.5799901026348767,0.42866328476391247,-0.6309179903357779,-0.2106921226404546,1.6120003589481786,-2.0708759797862335
1771888925729439488,20.34343957901001,0.0051274849101901054,-0.00412766681984067,0.00805927999317646,0.9770964980125427,0.2089609056711197,0.040219563990831375,0.0011749267578125,-0.01956886053085327,-0.004575017839670181,0.28601814529594466,0.5800509640332993,0.4285448177702553,-0.6309388018340466,-0.21051228791924487,1.6119354271618558,-2.0710807732098786
1771888925739470592,20.35347056388855,-0.020126473158597946,-0.00913813803344965,-0.0029108128510415554,0.9771174788475037,0.20887912809848785,0.0401403084397316,-0.0029504895210266113,-0.011613473296165466,-0.004892464727163315,0.28609846840480446,0.5800185533451073,0.4285424501674625,-0.6309339606157436,-0.2104286679989215,1.61185357014808,-2.0709689566453346
1771888925749501696,20.36350178718567,0.008949477225542068,-0.00836062803864479,-0.0019211822655051947,0.9771154522895813,0.20890526473522186,0.04005272313952446,-0.019031226634979248,0.008273109793663025,-0.01685940846800804,0.2861335824794116,0.5799679941178756,0.42855978323666677,-0.6309526992777765,-0.21045539060914584,1.6117641719350604,-2.0708905454356317
1771888925759532800,20.37353277206421,-0.0062744831666350365,0.002372443675994873,-0.00047375401481986046,0.9770814180374146,0.20908966660499573,0.039920683950185776,-0.010467529296875,-0.005888327956199646,0.0018883980810642242,0.28608143916649176,0.5798995738564394,0.42857534494830357,-0.6310286909821232,-0.21064395911057432,1.6116306845694703,-2.070951084245608
1771888925769563648,20.38356375694275,-0.01757241040468216,0.000807969830930233,-0.0008886747527867556,0.9770305752754211,0.20931966602802277,0.039955541491508484,0.011494755744934082,-0.006454095244407654,0.0109935961663723,0.2860280045252153,0.5798409725801907,0.4286749548159607,-0.6310389441892067,-0.21087916438107332,1.6116684255605045,-2.0708505108338584
1771888925779594752,20.39359474182129,-0.003633426036685705,-0.0015678361523896456,-0.00278697581961751,0.977021336555481,0.2093525379896164,0.04000573977828026,0.018736541271209717,-0.0012685060501098633,0.005236499011516571,0.2860373420732333,0.5798289074868133,0.42872054865487136,-0.6310147461709017,-0.2109127772658149,1.6117201056305017,-2.0707507387236674
1771888925789624576,20.403624773025513,0.004198753274977207,-0.00525911059230566,-0.004564902279525995,0.9770245552062988,0.20933333039283752,0.040029365569353104,0.010981917381286621,0.0056476891040802,0.008371468633413315,0.2860294900515118,0.5798467928586947,0.42871013512291495,-0.6310089836560047,-0.2108931330849007,1.611744111526875,-2.070779791334654
1771888925799655680,20.413655757904053,0.027969062328338623,-0.0060002682730555534,-0.001680698711425066,0.9770214557647705,0.2093747854232788,0.03988691791892052,0.002012789249420166,0.003073260188102722,-0.0026249960064888,0.285994623223266,0.5798274969997054,0.42865316024969563,-0.6310811799609216,-0.21093553562501607,1.6115986848958421,-2.0709450116339534
1771888925809686784,20.423686742782593,0.021913833916187286,-0.010262924246490002,-0.002543563023209572,0.9770596027374268,0.20923173427581787,0.03970479220151901,-0.003426849842071533,0.006191834807395935,-0.012666229158639908,0.28598439620985094,0.5798655193645085,0.4284954787194652,-0.6311580161055131,-0.21078923558271556,1.6114110019296735,-2.0712566868575997
1771888925819717632,20.433717727661133,0.0073689790442585945,-0.009274092502892017,0.0013883281499147415,0.9770932197570801,0.20910759270191193,0.03952910378575325,-0.009136855602264404,-0.0052044689655303955,-0.014855630695819855,0.28600562614376474,0.5798749313318811,0.4283802230973353,-0.631217949110738,-0.21066228172692858,1.6112300922549128,-2.0714436923473487
1771888925829748736,20.443748712539673,-0.007796213496476412,0.001288936473429203,0.0014258786104619503,0.9770777225494385,0.20921801030635834,0.03933010622859001,-0.011043846607208252,0.006175041198730469,-0.006203297525644302,0.2859921726665325,0.5798009999697941,0.42836416061144783,-0.6313029403361887,-0.2107752063058436,1.6110273995855862,-2.0715070973674536
1771888925839779584,20.453779697418213,-0.012333973310887814,0.0024474114179611206,0.002861855085939169,0.9770869016647339,0.20916348695755005,0.03939107432961464,0.0027866363525390625,-0.0032919496297836304,0.0028147660195827484,0.28602317392353854,0.5798144866775223,0.42838148665094444,-0.6312647248057873,-0.2107194426941904,1.611089317279352,-2.071424570071479
1771888925849810688,20.463810682296753,-0.01238199882209301,0.00291146757081151,0.003822723403573036,0.9771042466163635,0.20905062556266785,0.03956487029790878,0.010093748569488525,-0.0064748674631118774,0.00019956007599830627,0.28607354809903196,0.5798601163518831,0.4284211478769236,-0.6311732100690495,-0.2106040287391624,1.6112661808497684,-2.07126494372011
1771888925859840512,20.473840713500977,0.0007077036425471306,0.006334960926324129,-0.00531751150265336,0.97710782289505,0.20901291072368622,0.03967418894171715,0.003605067729949951,0.0019245892763137817,-0.005936980247497559,0.28608330746569693,0.5798890383623077,0.42844579240452363,-0.6311254141236521,-0.21056546445380955,1.6113777306444972,-2.071198061684237
1771888925869871616,20.483871698379517,0.009364663623273373,0.0006983806379139423,-0.003400568151846528,0.9770935773849487,0.20906101167201996,0.0397685207426548,0.0014982819557189941,0.0010982751846313477,-0.007297877222299576,0.28603072916383493,0.5799200351610684,0.42845888061572407,-0.6311117991313978,-0.2106146518798239,1.6114747046975784,-2.0712476374194555
1771888925879902720,20.493902683258057,-0.011691885069012642,0.0005290037952363491,-0.0049750288017094135,0.9770826697349548,0.2091180682182312,0.03974059224128723,0.0010058283805847168,-0.011165767908096313,0.0037012137472629547,0.28601577109393306,0.5799003504231758,0.428469229454514,-0.6311297566822477,-0.2106730019448045,1.6114466258676825,-2.0712539543159574
1771888925889933568,20.503933668136597,-0.02815243974328041,-0.002255331492051482,-0.005956670269370079,0.9770646691322327,0.20922064781188965,0.03964025899767876,0.001115262508392334,-0.0015180259943008423,0.010576367378234863,0.28607189625100815,0.5797997574906911,0.42854681256093813,-0.6311439811696395,-0.21077790379052488,1.6113448523203855,-2.071036236184304
1771888925899964672,20.513964653015137,-0.019340306520462036,0.0018624481745064259,-0.0030421067494899035,0.9770705699920654,0.20920640230178833,0.03956960141658783,-0.00784754753112793,0.00528639554977417,0.0014154911041259766,0.28616409410834925,0.5797311024381282,0.42859847087935454,-0.6311301639388921,-0.21076332538693396,1.6112724100618019,-2.0708083472087355
1771888925909995520,20.523995637893677,0.00789291225373745,-0.0034387067425996065,0.0005217352882027626,0.9770551323890686,0.20928801596164703,0.03952084109187126,-0.0016370415687561035,0.00781404972076416,-0.013077378273010254,0.28616523426920415,0.5796860657786009,0.42863094453916945,-0.6311490286770829,-0.2108467891557471,1.611223226704552,-2.0707518348707907
1771888925920026624,20.534026622772217,0.011188840493559837,0.0012497883290052414,-0.001686824019998312,0.977063775062561,0.2092575579881668,0.0394698828458786,-0.011395931243896484,0.0060440003871917725,-0.009577866643667221,0.2861468168481363,0.5797030777692305,0.4285782111309337,-0.6311776123654226,-0.21081565189683144,1.6111707980547731,-2.0708782039371973
1771888925930056448,20.54405665397644,0.00813978724181652,-0.0026762441266328096,0.002613116055727005,0.9770874977111816,0.20914846658706665,0.039460811764001846,0.00197756290435791,-5.723536014556885e-05,0.0026229657232761383,0.28616329106976085,0.5797381545546592,0.4285254698428877,-0.6311737037793695,-0.21070407925455717,1.6111605523543724,-2.0709484835680705
1771888925940087552,20.55408763885498,-0.005638076923787594,-0.004968160297721624,-0.004857583437114954,0.9770877361297607,0.2091657668352127,0.03936087340116501,0.014199495315551758,0.0006578564643859863,0.008154988288879395,0.2861752226171362,0.5797050480927222,0.4285119536252131,-0.6312078397876068,-0.21072177808086065,1.6110584256788687,-2.0709615644026376
1771888925950118656,20.56411862373352,-0.006092056632041931,-0.006207062862813473,0.0037114033475518227,0.97708660364151,0.20919570326805115,0.039230577647686005,0.01194232702255249,-0.0036750733852386475,0.0040891170501708984,0.28620419368012023,0.5796495707228918,0.4285109851148137,-0.631246333021592,-0.2107523885293076,1.6109253362738025,-2.0709284734899054
1771888925960149504,20.57414960861206,-0.002973495051264763,-0.011898504570126534,0.003576114773750305,0.977120578289032,0.20904813706874847,0.039174411445856094,0.0011357665061950684,-0.003908932209014893,0.0009256638586521149,0.28629116220423206,0.579645496710623,0.42848372730157447,-0.631229231198203,-0.21060149386071078,1.610866554876083,-2.070849416571425
1771888925970180608,20.5841805934906,0.004732894711196423,-0.003777061589062214,0.00038458267226815224,0.9771233797073364,0.2090252935886383,0.03922250494360924,-0.006069302558898926,0.0107012540102005,-0.0046918392181396484,0.28628791867222975,0.5796660542335842,0.4284839754034681,-0.6312115553180083,-0.21057813277476486,1.610915576425544,-2.070850331894466
1771888925980211456,20.59421157836914,-0.0104457912966609,-0.008822686970233917,3.384426236152649e-05,0.9771138429641724,0.20907919108867645,0.03917434439063072,0.0052471160888671875,-0.001635909080505371,-0.006245847791433334,0.28629180784811675,0.5796314001253302,0.42850275633324486,-0.6312288795400379,-0.21063324036771908,1.6108667616580918,-2.070814095860949
1771888925990242560,20.60424256324768,-0.06799989938735962,-0.0032191292848438025,-0.0038889918942004442,0.9771069288253784,0.20913946628570557,0.039025817066431046,-0.003702878952026367,-0.014711931347846985,-0.002221580594778061,0.2864157771306868,0.5794949459911335,0.42860064824363964,-0.6312315011619078,-0.21069488715394616,1.6107152796784585,-2.0704603915352906
1771888926000272640,20.614272594451904,-0.11830328404903412,-0.008036254905164242,0.004822207614779472,0.9770987629890442,0.20916683971881866,0.03907953202724457,-0.003954291343688965,-0.01977476477622986,0.00298893079161644,0.28669647192652276,0.5793015601643606,0.42889330726283303,-0.6310826723757559,-0.21072287770470238,1.6107705008882585,-2.0695041056080767
1771888926010303488,20.624303579330444,-0.17188900709152222,-0.011444169096648693,3.118114545941353e-05,0.9771097302436829,0.20907442271709442,0.03930088132619858,0.0027639269828796387,-0.014982625842094421,-0.0029087066650390625,0.2871489361079986,0.5790728389631394,0.4293309770589757,-0.6307892461931921,-0.21062837364225687,1.6109962228479016,-2.0680143478211597
1771888926020334592,20.634334564208984,-0.2713516652584076,-0.03241043537855148,0.008856364525854588,0.9771368503570557,0.20888783037662506,0.03961848467588425,0.018270254135131836,-0.024759992957115173,0.005135536193847656,0.2878611002874197,0.5787245447367003,0.429985050928841,-0.6303386484491144,-0.21043755611977955,1.6113196141291202,-2.0657330035893575
1771888926030365696,20.644365787506104,-0.3732283413410187,-0.05394688621163368,0.01695556938648224,0.9771813154220581,0.20862780511379242,0.03989187628030777,0.016425371170043945,-0.022134840488433838,0.008188609033823013,0.2889321179885695,0.5781543618718755,0.43091005087299866,-0.6297399373266473,-0.21017168321043406,1.6115970851509531,-2.062419229969469
1771888926040396800,20.654396772384644,-0.5582959055900574,-0.07801174372434616,0.010015638545155525,0.9772346615791321,0.20830804109573364,0.04025200754404068,0.02027815580368042,-0.03301507234573364,-0.0032341480255126953,0.29046216702816935,0.5773076878326374,0.43225205380713266,-0.6288924776832758,-0.2098447378025635,1.6119627629774353,-2.057644680341385
1771888926050427648,20.664427757263184,-0.7037973999977112,-0.1411743313074112,0.049360647797584534,0.9773279428482056,0.20784211158752441,0.04039653390645981,0.043774962425231934,-0.05023406445980072,0.016930699348449707,0.2925743387441559,0.576082757783543,0.43396650021581706,-0.6278551126151058,-0.2093683733227738,1.6121064653855721,-2.0513170308912674
1771888926060458752,20.674458742141724,-0.8244143128395081,-0.16182154417037964,0.061344604939222336,0.9774922132492065,0.20705130696296692,0.04048008471727371,0.005280554294586182,-0.01826956868171692,0.05182039365172386,0.2953388748075633,0.5745311424576353,0.43606651870030827,-0.6265260476927631,-0.20855998261299363,1.6121848576979667,-2.0432852428874724
1771888926070488576,20.684488773345947,-0.7493236660957336,-0.16337844729423523,0.09233580529689789,0.9777498245239258,0.20583058893680573,0.040484048426151276,-0.015545904636383057,0.05047126114368439,0.025189753621816635,0.2982953793153122,0.5730127534513693,0.43806210684709473,-0.6251222054957849,-0.20731239306628638,1.6121780164008774,-2.0351354078096233
1771888926080519680,20.694519758224487,-0.5654318332672119,-0.17282307147979736,0.10867296904325485,0.9780289530754089,0.2045636773109436,0.04016349837183952,-0.019059836864471436,0.0637926310300827,0.0021033287048339844,0.3008517930640376,0.5717333819724914,0.43954827795327495,-0.6240244064492263,-0.20601794068063833,1.6118390211937026,-2.0285298871105066
1771888926090550784,20.704550743103027,-0.44775158166885376,-0.15539628267288208,0.09914391487836838,0.9783005714416504,0.2033664733171463,0.039622269570827484,-0.006697237491607666,0.048739224672317505,0.002919193357229233,0.30298496792025637,0.5706800291675164,0.4406080324378752,-0.6232085738693751,-0.20479501866504415,1.6112753213826165,-2.0233538000862548
1771888926100581632,20.714581727981567,-0.3730355203151703,-0.1490640789270401,0.0990685448050499,0.9785646796226501,0.20222976803779602,0.038916006684303284,0.025173842906951904,0.007273435592651367,-0.012258883565664291,0.3047772251079145,0.5698114519905203,0.44133084205077827,-0.6226177955422345,-0.20363419658986506,1.6105438372030685,-2.019319999760496
1771888926110612736,20.724612712860107,-0.39624685049057007,-0.14212322235107422,0.08008313924074173,0.978797197341919,0.201223686337471,0.03827714920043945,0.018700361251831055,-0.025381386280059814,-0.029655933380126953,0.30647355566563494,0.5689607289255412,0.44206590427783926,-0.6220413167211764,-0.20260699259504225,1.60988272358152,-2.015400967420791
1771888926120643584,20.734643697738647,-0.3928110897541046,-0.12816719710826874,0.08081470429897308,0.979012131690979,0.2002778947353363,0.03773963823914528,0.009604871273040771,-0.025641024112701416,-0.02702796459197998,0.30815300548928437,0.5681088119396351,0.4428568576026019,-0.6214273975991034,-0.20164155273731657,1.6093259423268798,-2.0113939148419258
1771888926130674688,20.744674682617188,-0.322793573141098,-0.08571813255548477,0.053462181240320206,0.9791874289512634,0.1994786113500595,0.03742164373397827,-0.014999806880950928,0.02224688231945038,-0.024543285369873047,0.309645113001025,0.5673563407162043,0.443641301981734,-0.6208133076889412,-0.20082581001463867,1.6089947753881784,-2.007669366359449
1771888926140704512,20.75470471382141,-0.11393409967422485,-0.046202681958675385,0.04079991579055786,0.9793170094490051,0.19887371361255646,0.037249255925416946,-0.018760979175567627,0.04485490918159485,-0.049151062965393066,0.3105812665568423,0.5669342822394136,0.4440834917978933,-0.6204149242800959,-0.2002085476049826,1.6088139535881636,-2.0054200113102962
1771888926150735616,20.76473569869995,0.10746166855096817,-0.012560699135065079,0.01428468618541956,0.9793888330459595,0.19857600331306458,0.03694986179471016,-0.024402260780334473,0.04721258580684662,-0.07630228996276855,0.31073008827311993,0.5669165110524379,0.4439376086180334,-0.6204610979074496,-0.19990476886879868,1.6085059112339717,-2.0054749456884493
1771888926160766720,20.77476668357849,0.127975732088089,0.016776682808995247,-0.006450686603784561,0.9793936014175415,0.19859300553798676,0.036731064319610596,-0.021507740020751953,-0.019744694232940674,-0.08507096767425537,0.310379681806906,0.5671254788949749,0.44354731900334227,-0.6207245979600811,-0.19992212872749157,1.6082826433089443,-2.0067459412475617
1771888926170797568,20.78479766845703,-0.0526316836476326,-0.006814396940171719,-0.01176502462476492,0.9793795943260193,0.19867463409900665,0.03666134923696518,0.021581709384918213,-0.09447233378887177,-0.032327890396118164,0.3101828182104092,0.5672183146502687,0.44338928580724424,-0.6208510184711227,-0.20000540554654725,1.6082120954135521,-2.0073443593024813
1771888926180828672,20.79482865333557,-0.3118683099746704,-0.014128236100077629,0.004364410415291786,0.9793685674667358,0.1986771821975708,0.03694205731153488,0.02096712589263916,-0.082374706864357,0.0476069450378418,0.3107136086578142,0.5668812200047191,0.4439782779781063,-0.6204724817524437,-0.20000801790203362,1.6084987330827205,-2.00542643107698
1771888926190859520,20.80485963821411,-0.40564337372779846,-0.01749260723590851,0.018497541546821594,0.979396641254425,0.19842016696929932,0.03757614269852638,-0.005778968334197998,0.005681440234184265,0.05060446634888649,0.31186082326187214,0.5662729688571914,0.4451100939866831,-0.6196409461189595,-0.1997457791429328,1.6091441417316998,-2.0015346831848553
1771888926200890624,20.81489062309265,-0.3242718279361725,-0.02899932861328125,0.0406036414206028,0.9794678688049316,0.19796721637248993,0.03810213878750801,0.0010161399841308594,0.07267792522907257,0.028014183044433594,0.31305937069605305,0.5656966682487103,0.4461371417405945,-0.6188237249764166,-0.19928365069693407,1.6096775790875502,-1.9977575697314596
1771888926210921472,20.82492160797119,-0.18451248109340668,-0.0544733926653862,0.06352333724498749,0.9795827865600586,0.19737882912158966,0.03820095583796501,0.017365574836730957,0.07042820751667023,0.012290362268686295,0.3140390638742028,0.5652727109507772,0.44672949235092685,-0.6182871997483437,-0.19868342494965444,1.6097737437923212,-1.9951416830813655
1771888926220951552,20.834951639175415,-0.10147539526224136,-0.08514635264873505,0.08564568310976028,0.9797574877738953,0.19658803939819336,0.03779447078704834,0.019464313983917236,0.02435922622680664,-0.00648343563079834,0.31481159012012544,0.5650137293292004,0.44682963282414867,-0.6180585872012756,-0.19787683551726676,1.6093525423358417,-1.993781083777687
1771888926230982656,20.844982624053955,-0.0732114389538765,-0.09902075678110123,0.08463101834058762,0.9799649119377136,0.19569537043571472,0.03704548627138138,0.0021519064903259277,0.0053697675466537476,-0.008267398923635483,0.31550652552806746,0.5648056544440052,0.4466736117863057,-0.61800729916779,-0.19696647582541804,1.6085812040376928,-1.9930315827545666
1771888926241013504,20.855013608932495,-0.117528036236763,-0.09826494753360748,0.07855101674795151,0.9801579117774963,0.19487203657627106,0.036269981414079666,0.0013179183006286621,-0.006898999214172363,0.00781261920928955,0.31623248237357177,0.5645393769255017,0.44657617870368493,-0.6179499054523009,-0.19612698500360254,1.607783675172648,-1.9921259193253578
1771888926251044608,20.865044593811035,-0.17414657771587372,-0.101904958486557,0.07160177081823349,0.9803764820098877,0.19391344487667084,0.03549278900027275,0.020157694816589355,-0.026768624782562256,-0.002121802419424057,0.3171683242468187,0.5641827111872628,0.44659183041993983,-0.6177847106065187,-0.1951497444955984,1.6069837465794805,-1.9906841365913395
1771888926261075456,20.875075578689575,-0.18159542977809906,-0.10337981581687927,0.06700914353132248,0.9805638790130615,0.19305987656116486,0.034960661083459854,0.014644801616668701,-0.01337239146232605,-0.023211363703012466,0.31815891259563234,0.5637751817556138,0.4468085442504746,-0.6174905098224055,-0.19427973861844752,1.606434860320153,-1.9887710918842416
1771888926271106560,20.885106563568115,-0.11466700583696365,-0.08193618059158325,0.06161278858780861,0.9807156324386597,0.1923864781856537,0.034414466470479965,0.000714421272277832,0.010326549410820007,-0.01814866065979004,0.3189673125264373,0.5634150850437117,0.44695712912997393,-0.617294629462096,-0.19359347919674133,1.605873111315933,-1.9872671234658168
1771888926281137664,20.895137786865234,-0.06728164851665497,-0.07337384670972824,0.06364903599023819,0.9808366298675537,0.1918623149394989,0.03389240428805351,0.00364530086517334,0.026780948042869568,-0.0010402165353298187,0.3195383365631288,0.5631623670348402,0.4469836141582849,-0.6172108131443815,-0.19305935696515103,1.6053371728315455,-1.9863560012696424
1771888926291167488,20.90516757965088,-0.06441058218479156,-0.06490140408277512,0.05961701646447182,0.9809442162513733,0.19140297174453735,0.033365461975336075,0.004636168479919434,0.005954176187515259,0.0030419789254665375,0.31999637263457203,0.5629610790716922,0.44694245012741907,-0.6171868155263115,-0.19259134374407233,1.604796834770092,-1.9857450345429284
1771888926301198592,20.91519856452942,-0.13347753882408142,-0.05932420864701271,0.0512232631444931,0.9810600280761719,0.19088415801525116,0.03292889893054962,-0.0015373826026916504,-0.012325853109359741,-0.0008397139608860016,0.32056553360328527,0.5627199252793212,0.44700194016646766,-0.6170682265363713,-0.19206279251800176,1.6043483421206588,-1.984769686289067
1771888926311229696,20.925229787826538,-0.16214397549629211,-0.04312526807188988,0.05649871751666069,0.9811722040176392,0.1903444230556488,0.03270953148603439,-0.006654500961303711,-0.0009981542825698853,0.007878895848989487,0.32126146192643956,0.5624287854615844,0.44724560019543624,-0.616795118738151,-0.19151296720957697,1.6041211820235715,-1.9832445178661766
1771888926321260800,20.935260772705078,-0.1589023768901825,-0.027413949370384216,0.05456047132611275,0.9812973737716675,0.18970628082752228,0.032666005194187164,-0.01376807689666748,0.018698275089263916,0.0023224353790283203,0.32197446916961886,0.5621959802494683,0.44751388979864043,-0.6164409691767166,-0.19086299294866324,1.6040726268170105,-1.9816367394690402
1771888926331291648,20.945291757583618,-0.14692382514476776,-0.022538363933563232,0.04354830086231232,0.9814097285270691,0.18911361694335938,0.032725587487220764,-0.009791076183319092,0.02757646143436432,0.00635218620300293,0.3226467002950886,0.5619868389380102,0.44780976706727255,-0.6160651919990628,-0.19025940137607736,1.6041294661823338,-1.9800353180790313
1771888926341322752,20.955322742462158,-0.012057892978191376,-0.023278459906578064,0.04276160150766373,0.9815221428871155,0.18856631219387054,0.032514579594135284,0.0026087164878845215,0.03148069977760315,-0.0007305145263671875,0.32310942184624175,0.5618689775031497,0.44783986257710334,-0.6159083555062418,-0.18970205732660497,1.6039109079450526,-1.9792659592987094
1771888926351352576,20.965352773666382,0.10761773586273193,-0.02777387574315071,0.04123241454362869,0.981600284576416,0.1882403939962387,0.032041776925325394,-0.007418036460876465,0.018241584300994873,-0.00976395234465599,0.3231271928327934,0.5619347013112099,0.44749333032327265,-0.6160909188035848,-0.18937019755608614,1.6034271303593803,-1.9799014697926616
1771888926361383680,20.975383758544922,0.08677530288696289,-0.011723535135388374,0.02857707440853119,0.9816159009933472,0.1882220059633255,0.0316694937646389,-0.009844541549682617,0.004282921552658081,0.0376359261572361,0.32291655563409744,0.5620407207194331,0.4471520709196261,-0.6163524102400588,-0.18935148007027816,1.603047750993277,-1.9808798867966182
1771888926371414784,20.985414743423462,0.045013293623924255,-0.02346341498196125,0.02803059294819832,0.9816582798957825,0.18803705275058746,0.03145246580243111,0.01983708143234253,0.0010040849447250366,0.04363608360290527,0.3228257985049439,0.5621584360046691,0.44688267598059056,-0.6164879245237841,-0.18916316645878423,1.6028255072124558,-1.9815291311304235
1771888926381445632,20.995445728302002,-0.07306088507175446,-0.044372957199811935,0.0341835580766201,0.9817426800727844,0.18764297664165497,0.031170373782515526,0.019508540630340576,0.0017033517360687256,0.026675701141357422,0.3230528221025397,0.5621312053608669,0.44675910129480695,-0.6164833818045696,-0.18876194843574187,1.6025357088354486,-1.9814152983087743
1771888926391476736,21.005476713180542,-0.1426946371793747,-0.06388194859027863,0.04718777537345886,0.9818216562271118,0.1872614473104477,0.030975308269262314,0.014501035213470459,-0.008046939969062805,-0.0057983361184597015,0.32358645956097143,0.5618889359594273,0.4469546712110596,-0.6162825798879749,-0.188373537511183,1.6023346790995812,-1.9802289379040925
1771888926401507584,21.015507698059082,-0.1021466851234436,-0.0713939219713211,0.059711556881666183,0.9818989038467407,0.18692384660243988,0.030567388981580734,-0.005534648895263672,0.019848063588142395,-0.030201192945241928,0.3241808626612851,0.5615508283636846,0.4471513860474635,-0.6161357536125787,-0.18802986471027236,1.6019171682120836,-1.9789562266830583
1771888926411538688,21.025538682937622,-0.05061620473861694,-0.06017095968127251,0.05994192138314247,0.9819666743278503,0.18663592636585236,0.030139319598674774,-0.024492979049682617,0.039484038949012756,-0.02545488066971302,0.3246049376255709,0.5613105255232905,0.4472137677310857,-0.6160859846250963,-0.18773679124054427,1.6014795074367398,-1.97819790898739
1771888926421569536,21.035569667816162,0.0015167715027928352,-0.050531916320323944,0.053151924163103104,0.9820244908332825,0.18640881776809692,0.029661718755960464,-0.01446467638015747,0.02605457603931427,-0.01740884780883789,0.3248659025518597,0.5611536727092197,0.44714361766699284,-0.6161423157751219,-0.18750562119853206,1.6009918094198006,-1.9779424647279675
1771888926431599616,21.045599699020386,0.02437557280063629,-0.043889060616493225,0.033486612141132355,0.9820812940597534,0.18620264530181885,0.029068412259221077,-0.003260493278503418,0.011490225791931152,-0.004593372344970703,0.32500860964177225,0.5610558075783345,0.44693465613595634,-0.616307750220485,-0.18729577669812403,1.6003864712732212,-1.9781338500292258
1771888926441630720,21.055630683898926,-0.01406103279441595,-0.03250031918287277,0.013757911510765553,0.9821080565452576,0.18605493009090424,0.02911241352558136,0.004677951335906982,-0.026844710111618042,0.00032174959778785706,0.32503409196776034,0.5611111079431851,0.44688984250369157,-0.6162764993590343,-0.18714543718368565,1.6004304298740752,-1.9781737134453499
1771888926451661568,21.065661668777466,-0.0802215039730072,-0.032365962862968445,0.014912125654518604,0.9821311831474304,0.18590743839740753,0.029268324375152588,0.010071516036987305,-0.05437667667865753,0.007886765524744987,0.32524022296130645,0.5610518415733523,0.4470514439537315,-0.6161043577470079,-0.18699531492005203,1.6005883398309764,-1.9775438853853777
1771888926461692672,21.075692653656006,-0.08152858167886734,-0.02042914181947708,0.009660106152296066,0.9821542501449585,0.18577662110328674,0.029329858720302582,-0.007956862449645996,-0.03237999975681305,0.0003942251205444336,0.3255340093960289,0.5609073190371449,0.4472671564305973,-0.6159243279077828,-0.18686219093798292,1.6006502372208817,-1.9766821734668945
1771888926471723520,21.085723638534546,-0.053551629185676575,-0.01292675081640482,0.010933896526694298,0.9821870923042297,0.1856100857257843,0.029282335191965103,-0.017190754413604736,-0.007082238793373108,-0.015869855880737305,0.3258296927464274,0.5607613351320246,0.447423616341142,-0.6157872006902357,-0.186692699998368,1.6006008962192673,-1.9759316385887922
1771888926481754624,21.095754623413086,-0.03765308856964111,0.005981958471238613,0.0029707783833146095,0.9821742177009583,0.1856977492570877,0.029157809913158417,-0.03803664445877075,0.031556904315948486,-0.013242840766906738,0.325954895977239,0.5606119860907529,0.4475411775345561,-0.6157714828890085,-0.1867819113915197,1.6004746131139074,-1.9755251350923175
1771888926491785472,21.105785608291626,0.013948407024145126,0.015311811119318008,-0.002236500382423401,0.9821198582649231,0.18599256873130798,0.029113391414284706,-0.027804553508758545,0.01707141101360321,-0.01782190427184105,0.325864390679999,0.5605368741319969,0.44761044302845926,-0.6158374881709803,-0.18708196061000482,1.6004310692487833,-1.975542927012366
1771888926501815552,21.11581563949585,-0.06791502982378006,0.004042379092425108,-0.011783400550484657,0.9820602536201477,0.18630053102970123,0.029154110699892044,0.005381762981414795,-0.004446253180503845,-0.005670785903930664,0.3258561364756055,0.5604084932878918,0.44779389948073056,-0.6158253000540439,-0.18739540309843936,1.6004742940407988,-1.9752164714301972
1771888926511846656,21.12584662437439,-0.08486215025186539,-0.006641024723649025,-0.008448323234915733,0.9820305705070496,0.18644487857818604,0.029228009283542633,0.021112680435180664,-0.021878838539123535,0.009514091536402702,0.3260191046831654,0.5602349951031721,0.44805217906519057,-0.6157089853585662,-0.18754232735137663,1.6005503738021007,-1.9744808324972132
1771888926521877504,21.13587760925293,-0.060356803238391876,-0.0032550818286836147,-0.011753306724131107,0.9820491075515747,0.18633446097373962,0.029314503073692322,0.008627891540527344,-0.0068452805280685425,0.015744689851999283,0.3262765172459949,0.5601107784539976,0.4482556937298761,-0.6155375861131748,-0.18742994305712463,1.6006378086913402,-1.9736965868494725
1771888926531908608,21.14590859413147,-0.023903189226984978,-0.004511428065598011,-0.011891258880496025,0.9821047186851501,0.18602648377418518,0.029407557100057602,0.005383193492889404,0.002419605851173401,0.010524753481149673,0.32649247930346664,0.5601077571008445,0.4483113634383189,-0.6153852776867371,-0.18711648028053823,1.6007307845461933,-1.9732489737312495
1771888926541939456,21.15593957901001,-0.029112864285707474,0.004327603615820408,-0.017899349331855774,0.9821168184280396,0.18595188856124878,0.029467299580574036,-0.0057070255279541016,-0.006996825337409973,0.013089414685964584,0.32659045146948656,0.5600791427031462,0.4483804230380033,-0.6153088603842991,-0.18704056460273885,1.6007911915476136,-1.9729640255005159
1771888926551970560,21.16597056388855,-0.0489971786737442,0.015400094911456108,-0.00933728739619255,0.9820998311042786,0.186034694314003,0.029510855674743652,-0.01568448543548584,-0.022658854722976685,0.006347296759486198,0.3266828119937415,0.5599804012433139,0.44852801265514364,-0.615242105118534,-0.18712483407350475,1.6008360211225652,-1.9725445175534881
1771888926562001664,21.17600178718567,-0.05139029771089554,0.025953402742743492,-0.011749844998121262,0.9820222854614258,0.18641546368598938,0.029686473309993744,-0.028653264045715332,0.0034953802824020386,-0.0030751265585422516,0.3266789789806405,0.5598349742637814,0.4488073505365217,-0.6151727484220135,-0.18751238746608945,1.6010170608568117,-1.9720268631973128
1771888926572031488,21.186031579971313,-0.04550737142562866,0.03760100528597832,-0.01933186501264572,0.9819472432136536,0.1867731362581253,0.02992818132042885,-0.010557353496551514,0.010172098875045776,0.001092914491891861,0.3266396794345186,0.5597355921328893,0.44906587263537673,-0.6150955639410403,-0.187876458104304,1.6012652964579335,-1.9716000506830291
1771888926582062592,21.196062564849854,-0.018550056964159012,0.04321441799402237,-0.02498229220509529,0.9819096922874451,0.1869056075811386,0.030325038358569145,0.006157875061035156,-0.012909650802612305,-0.0009213704615831375,0.3265981148051028,0.5597633012284634,0.44925222988109104,-0.6149561920959151,-0.18801129220266938,1.6016702489867967,-1.9713005602767093
1771888926592093696,21.206093788146973,-0.020618002861738205,0.05048404633998871,-0.02901564911007881,0.9818962812423706,0.1868780255317688,0.03092464618384838,0.0013953447341918945,-0.012027546763420105,0.007420659065246582,0.3265569992465955,0.5598934498532511,0.44942368412946015,-0.6147342595049348,-0.18798321576069968,1.602280739308104,-1.971017104662591
1771888926602124800,21.216124773025513,0.015737075358629227,0.046922869980335236,-0.03418537974357605,0.981838047504425,0.18707804381847382,0.03156121075153351,0.000797569751739502,-0.007115840911865234,0.013665799051523209,0.3263617548398007,0.5600373833216254,0.4495984159041729,-0.6145791270863569,-0.1881868225584046,1.6029302915246582,-1.9709682029416598
1771888926612155648,21.226155757904053,0.023378396406769753,0.057538360357284546,-0.03867147117853165,0.9817454218864441,0.1874648481607437,0.03213934972882271,-0.0007883906364440918,0.0017288774251937866,0.015040874481201172,0.32604992045753806,0.5601724271726597,0.4497516275200103,-0.6145093999289749,-0.1885806065744803,1.603521588352097,-1.9711449869444948
1771888926622186752,21.236186742782593,-0.012953780591487885,0.056877899914979935,-0.0336972214281559,0.9816716909408569,0.18773582577705383,0.03280119225382805,-0.006925046443939209,-0.010413438081741333,0.016911979764699936,0.32577951601452937,0.5603423277894262,0.44990784915987586,-0.6143835086619165,-0.1888564707603146,1.6041975089918108,-1.9712461790947107
1771888926632218112,21.24621820449829,-0.027224861085414886,0.06048740819096565,-0.0359949953854084,0.981626033782959,0.18785597383975983,0.033471617847681046,-0.01098400354385376,0.0007578879594802856,0.011358734220266342,0.3256610257770672,0.5604712314507498,0.4501197703101586,-0.6141734736038781,-0.18897879947317622,1.6048812558576908,-1.9710049938547907
1771888926642248192,21.256248235702515,-0.039420273154973984,0.05518026277422905,-0.035416822880506516,0.9815253019332886,0.18827693164348602,0.03405792638659477,-0.004932284355163574,0.003022506833076477,0.00012171268463134766,0.3255074155417639,0.5604755793612534,0.4504398835684468,-0.6140162796844577,-0.18940740233831305,1.6054813913926096,-1.9706235900098208
1771888926652279040,21.266279220581055,-0.04202910512685776,0.05840015783905983,-0.025800149887800217,0.9814342856407166,0.18864108622074127,0.034663353115320206,-8.040666580200195e-05,-0.005855992436408997,-0.002284165471792221,0.32538470091266447,0.5604858393942409,0.4507630197291534,-0.6138348732733513,-0.18977820606478701,1.6061007276556394,-1.9701866040875193
1771888926662310144,21.276310205459595,-0.0046881274320185184,0.0680738314986229,-0.020513776689767838,0.9814009666442871,0.18870380520820618,0.03525467962026596,-0.014649927616119385,0.008104026317596436,0.0012595616281032562,0.325304950945614,0.5606006594859484,0.4509481573300517,-0.6136361066810129,-0.189842068367291,1.6067036967971273,-1.9699371391365412
1771888926672340992,21.286341190338135,0.032179076224565506,0.07361187040805817,-0.022040031850337982,0.9813598394393921,0.1887824535369873,0.03597288206219673,-0.007162511348724365,0.007109850645065308,0.00307440385222435,0.32507492733946536,0.5608368227889697,0.45105265597396865,-0.6134654377496348,-0.1899221559886805,1.6074360794648868,-1.970066078891237
1771888926682372096,21.296372175216675,0.03588033840060234,0.07347524911165237,-0.025790829211473465,0.9812982082366943,0.18895785510540009,0.03672868385910988,0.00023877620697021484,-0.005653977394104004,0.000258568674325943,0.3247355377411925,0.5611142822936337,0.45112648249141624,-0.6133372474354448,-0.19010077311517237,1.6082075296230123,-1.9704210384268777
1771888926692403200,21.306403160095215,0.059813015162944794,0.07731033861637115,-0.03677450120449066,0.9812070727348328,0.1892753541469574,0.03751537203788757,0.001321554183959961,-0.006703972816467285,-0.0010621584951877594,0.3243137971899206,0.5613912950349096,0.4512177968289231,-0.6132395986050707,-0.1904241102262659,1.6090116126791463,-1.9708701716731654
1771888926702434048,21.316434144973755,0.06207909435033798,0.07252969592809677,-0.03970291465520859,0.981126070022583,0.18954335153102875,0.0382750928401947,0.006850004196166992,-0.010801881551742554,0.00599062442779541,0.32387911231459804,0.5616967965661214,0.4512585232431862,-0.6131596839256881,-0.19069704200064025,1.6097879445016297,-1.971434497804963
1771888926712464128,21.32646417617798,0.056087784469127655,0.07719115912914276,-0.0470535047352314,0.981013834476471,0.18997490406036377,0.03900560364127159,0.005512654781341553,-0.009982243180274963,0.0034748315811157227,0.32339904623140786,0.5619562211029896,0.4513402340388821,-0.6131152033893859,-0.19113658794430533,1.6105358973615589,-1.9719947804793416
1771888926722494976,21.33649516105652,0.04582369327545166,0.07402200251817703,-0.036261312663555145,0.9809027314186096,0.19043365120887756,0.03955880180001259,0.002068459987640381,-0.008213192224502563,-0.0037769079208374023,0.3229509563241176,0.5621542070202251,0.4514000986389097,-0.6131258382967376,-0.1916038615749719,1.611103460630903,-1.97255462378658
1771888926732526080,21.34652614593506,0.04044757038354874,0.0636814683675766,-0.036673836410045624,0.9808161854743958,0.19076427817344666,0.040108490735292435,-0.006817162036895752,-0.006972163915634155,-0.022911790758371353,0.32259228011145047,0.562344794673454,0.45146713817404815,-0.6130905272489604,-0.1919406579927291,1.611666529567484,-1.972961016631527
1771888926742556928,21.3565571308136,0.0417807474732399,0.06260502338409424,-0.0318194255232811,0.9807049036026001,0.1912296563386917,0.04061167314648628,-0.008491158485412598,-0.0026767849922180176,-0.021339774131774902,0.3221964371021205,0.5624940696034685,0.4515598052127541,-0.6130935757639807,-0.19241477474107582,1.6121833747780792,-1.9733803130128762
1771888926752588032,21.36658811569214,0.04064064845442772,0.07026081532239914,-0.025598548352718353,0.9806162714958191,0.1915656179189682,0.041163500398397446,-0.011774718761444092,-0.004431813955307007,-0.01031029224395752,0.32182953821536364,0.5626884943467344,0.4516230819797846,-0.6130612045629339,-0.19275706647513013,1.6127488710524776,-1.973805428430076
1771888926762619136,21.37661910057068,0.057046521455049515,0.06807302683591843,-0.02546379342675209,0.9805577993392944,0.19174228608608246,0.04173296317458153,0.002810239791870117,-0.01136806607246399,-0.0035401545464992523,0.3214913558622562,0.562937716274939,0.45162773305053455,-0.6130065322010362,-0.19293706001360156,1.613331087766168,-1.9742933399420255
1771888926772649984,21.38665008544922,0.07462462782859802,0.05909217894077301,-0.025808140635490417,0.9805023074150085,0.19192107021808624,0.042211029678583145,0.016552865505218506,-0.01859644055366516,0.001596931368112564,0.3211173855987122,0.5631991812981908,0.4515663813443478,-0.6130075045840233,-0.19311922541901125,1.6138201746971992,-1.974963775645642
1771888926782680064,21.396680116653442,0.100160613656044,0.053952813148498535,-0.032106779515743256,0.9804515838623047,0.1920899748802185,0.04261910170316696,0.018251538276672363,-0.011776819825172424,0.0015245713293552399,0.3207038886525531,0.5634843147706952,0.45143657195857756,-0.6130575510977213,-0.19329134067643422,1.6142378304447191,-1.9758264157819556
1771888926792710912,21.406711101531982,0.15624269843101501,0.05132320895791054,-0.017135288566350937,0.9804080724716187,0.1922508329153061,0.04289292171597481,0.010207772254943848,-0.008977487683296204,-0.010651111602783203,0.32019813106438083,0.5638217665330594,0.4511667942515393,-0.6132102254024837,-0.19345525041768705,1.6145185147023347,-1.9770992132320049
1771888926802742016,21.416742086410522,0.17149434983730316,0.04699397459626198,-0.009387354366481304,0.9803855419158936,0.19235210120677948,0.04295453429222107,0.0003732442855834961,-0.0028226226568222046,-0.01641952618956566,0.31963352178504256,0.5641991626654267,0.45072893345484644,-0.6134796188880376,-0.1935584429474729,1.614582243256172,-1.978786228251838
1771888926812772864,21.426773071289062,0.1456855684518814,0.05387558043003082,-0.006613671779632568,0.9803726077079773,0.19243308901786804,0.04288623854517937,-0.004176199436187744,0.003520295023918152,-0.02720021829009056,0.31912172273577205,0.5645278221210803,0.4502793099597136,-0.6137737913020991,-0.19364098321078263,1.6145132913150448,-1.9804190895757672
1771888926822804224,21.43680429458618,0.1077222153544426,0.04909041151404381,0.003664531745016575,0.9803581833839417,0.19250693917274475,0.04288492724299431,-0.0007132887840270996,-0.01240740716457367,-0.026924248784780502,0.3186716290644987,0.5648237478766635,0.44990731996260797,-0.6140081828091083,-0.19371623826813655,1.6145125955208992,-1.9818078959398868
1771888926832835072,21.44683527946472,0.07082580029964447,0.04584814980626106,0.005608373321592808,0.9803540110588074,0.1924871951341629,0.043067868798971176,0.013801932334899902,-0.008557751774787903,-0.0163954496383667,0.31835505591920527,0.5650912268132573,0.44967303654372714,-0.6140978474148229,-0.19369610691818223,1.6146990351409967,-1.9827231639625151
1771888926842866176,21.45686626434326,0.06359025835990906,0.031046301126480103,0.006150859408080578,0.9803739190101624,0.19233323633670807,0.04329906404018402,0.02283036708831787,-0.017360717058181763,-0.010599497705698013,0.3181540953311766,0.5653425233533683,0.4494856646846331,-0.6141078110301497,-0.19353922325888143,1.6149335087089352,-1.9833688896336392
1771888926852896000,21.466896057128906,0.09648331999778748,0.028562767431139946,0.006785490550100803,0.9804141521453857,0.19209221005439758,0.04345797374844551,0.015130221843719482,-0.012770920991897583,-0.006958965212106705,0.3179432899818273,0.5656303683860487,0.44921183650588653,-0.6141523000876424,-0.19329361103549605,1.615093470202845,-1.9841937527246738
1771888926862927104,21.476927280426025,0.12291012704372406,0.03210477530956268,0.007774322293698788,0.9804408550262451,0.1919366717338562,0.043542128056287766,-0.001376032829284668,-0.010967463254928589,-0.010598424822092056,0.31762924332296494,0.5659434584504357,0.4488641962426371,-0.6142805122958902,-0.1931351291597944,1.6151779297601514,-1.985319343021693
1771888926872958208,21.486958265304565,0.12690763175487518,0.02933681756258011,0.00148393539711833,0.9804615378379822,0.19184498488903046,0.04348191246390343,0.0026775002479553223,-0.010936781764030457,-0.010858654975891113,0.3172534958510087,0.5662510044127886,0.448442589166857,-0.6144991825399123,-0.19304170872428844,1.615115698768573,-1.9866851669749301
1771888926882989056,21.496989250183105,0.09556355327367783,0.025351928547024727,-0.0042234850116074085,0.9804578423500061,0.19188523292541504,0.04338560998439789,0.0020249485969543457,-0.01645497977733612,-0.01767456904053688,0.3169103430568779,0.5664687418980797,0.44811378973330623,-0.6147153307781692,-0.19308270921226672,1.6150178347474209,-1.9878303934905281
1771888926893020160,21.507020235061646,0.07476018369197845,0.023626599460840225,0.006819046102464199,0.9804589152336121,0.19192387163639069,0.04319079592823982,-0.002858877182006836,-0.027418896555900574,-0.017174605280160904,0.3166554518984439,0.5666081739416112,0.44782873451922595,-0.614925933927873,-0.19312208565659503,1.614819476810876,-1.9887633066463115
1771888926903051264,21.517051219940186,0.07589814811944962,0.015485316514968872,0.011587969027459621,0.9805006384849548,0.191762775182724,0.042957961559295654,-0.0034957528114318848,0.0024815797805786133,-0.027348164469003677,0.31652407610738,0.5667430205730088,0.4475280202360914,-0.6150881844608406,-0.19295793880142767,1.6145805972747878,-1.9895349766545907
1771888926913082112,21.527082204818726,0.1204088032245636,0.012716561555862427,0.012168270535767078,0.9805392622947693,0.19161206483840942,0.04274950921535492,-0.0019320845603942871,0.008903682231903076,-0.020639538764953613,0.3163067944238255,0.5669389744296673,0.44716322981043016,-0.615284672460888,-0.19280438178309933,1.6143666931133798,-1.9905565639065488
1771888926923112192,21.53711223602295,0.15445491671562195,0.004638660233467817,0.02068532630801201,0.9806108474731445,0.19130739569664001,0.042474858462810516,0.01249229907989502,0.013999655842781067,-0.022821541875600815,0.31602647209109247,0.5672407049525306,0.44662670378964847,-0.6155403950784529,-0.1924939736489185,1.6140839633094677,-1.9919958142996643
1771888926933143040,21.54714322090149,0.18577395379543304,0.0005949167534708977,0.01611693948507309,0.9806733131408691,0.19106997549533844,0.04209542274475098,0.006143033504486084,0.012299150228500366,-0.018779996782541275,0.3156513046760631,0.5675641177058139,0.4460030094508205,-0.6158867526923172,-0.19225209590226072,1.6136950150196494,-1.9937472019983247
1771888926943174144,21.55717420578003,0.18141010403633118,-0.0015553194098174572,0.014974177815020084,0.9807259440422058,0.19090226292610168,0.04162871837615967,0.0024130940437316895,-0.0028376728296279907,-0.018938899040222168,0.31521809884323987,0.5678838436932216,0.44533391940950523,-0.6162979791216697,-0.19208122677540207,1.6132177034918802,-1.9956763478727395
1771888926953204992,21.56720519065857,0.14631161093711853,-0.0025891587138175964,0.01495393831282854,0.9807817935943604,0.19070567190647125,0.04120979830622673,0.0034710168838500977,-0.02061598002910614,-0.01749766245484352,0.3148537885328943,0.5681729715970963,0.4447295504069916,-0.6166539821423049,-0.1918809607027535,1.6127889197177587,-1.9973755097016659
1771888926963236096,21.57723617553711,0.11594250798225403,-0.006336226128041744,0.019109267741441727,0.9808539748191833,0.1904350072145462,0.04074442386627197,-0.00702279806137085,-0.016698405146598816,-0.015948891639709473,0.31462736831738625,0.568388475520471,0.444192247229324,-0.6169582542857107,-0.1916052429675627,1.6123122017101503,-1.9987396070855148
1771888926973267200,21.58726716041565,0.07897179573774338,-0.006113852374255657,0.014920382760465145,0.9809430241584778,0.19005924463272095,0.040350209921598434,-0.006684660911560059,-0.007808282971382141,-0.013357404619455338,0.3145146134684362,0.5685798127402057,0.4437252550636753,-0.6171753256754535,-0.19122248351888035,1.611907253285382,-1.9997930497570615
1771888926983298048,21.59729814529419,0.07720930874347687,-0.0035950345918536186,0.031673531979322433,0.9809889197349548,0.18991442024707794,0.039912234991788864,0.006498754024505615,-0.015064015984535217,-0.011256221681833267,0.3144282740655061,0.5686406728811421,0.443400387039588,-0.6173966547851887,-0.19107498014012264,1.6114596145960218,-2.0005472797356942
1771888926993328128,21.607328176498413,0.12419137358665466,-0.011606356129050255,0.03341151028871536,0.9810429811477661,0.1897302269935608,0.03945804014801979,-0.008585214614868164,0.0011724531650543213,-0.01795840635895729,0.31426149871608894,0.5687742689308776,0.44297274242674456,-0.617665472200216,-0.19088737638685357,1.610995158368213,-2.001615314656752
1771888927003358976,21.617359161376953,0.19179093837738037,-0.010273709893226624,0.03537265956401825,0.9810965657234192,0.1895798146724701,0.03884487226605415,-0.010759711265563965,0.01047813892364502,-0.015025857836008072,0.3139279081324509,0.5689871486475502,0.4423528690721235,-0.6180831475300884,-0.19073418481745746,1.610368979300505,-2.0033024224512896
1771888927013390080,21.627390146255493,0.20750349760055542,-0.014150340110063553,0.02676399052143097,0.9811414480209351,0.1894795149564743,0.03819694742560387,0.0006853938102722168,0.006901159882545471,-0.002323504537343979,0.31345743891424266,0.5692688100732919,0.44162370464629686,-0.6185838679053877,-0.19063202886751215,1.609707809197453,-2.0054027593063086
1771888927023420928,21.637421131134033,0.17361396551132202,-0.027820346876978874,0.027586109936237335,0.9812086224555969,0.18927595019340515,0.037471987307071686,0.0121995210647583,-0.012396097183227539,-0.007396940141916275,0.31306750781599507,0.5695259752129553,0.4408811146921677,-0.6190740467982337,-0.19042472152471712,1.6089674009813872,-2.0074051729606968
1771888927033452032,21.647452116012573,0.12941481173038483,-0.03570529818534851,0.028051897883415222,0.9813145995140076,0.18887083232402802,0.03673781082034111,0.010399997234344482,-0.007275938987731934,-0.012262698262929916,0.3128786966456642,0.5697278015969278,0.4402035175953555,-0.6194659865988517,-0.19001215237888935,1.6082161928455403,-2.0089763480652323
1771888927043483136,21.657483100891113,0.12243600934743881,-0.04432808235287666,0.030414655804634094,0.9814214706420898,0.18846027553081512,0.03598160296678543,0.006783485412597656,0.0060740262269973755,-0.015015963464975357,0.31277068191072455,0.5698700673206154,0.4395894773856496,-0.6198255372378849,-0.18959408467121847,1.6074426586405446,-2.01030592057445
1771888927053513984,21.667514085769653,0.1233939453959465,-0.05042991787195206,0.04429078847169876,0.9815201163291931,0.188096284866333,0.03518759459257126,-0.00022739171981811523,0.012251630425453186,-0.025315165519714355,0.3126772294552835,0.5699743225037371,0.43900235642541185,-0.6201928772720962,-0.18922347276492654,1.6066310804814115,-2.01156524217958
1771888927063544064,21.677544116973877,0.1082831621170044,-0.04870658367872238,0.04309582710266113,0.9816487431526184,0.187570258975029,0.03439709171652794,-0.010426819324493408,0.007025077939033508,-0.022739410400390625,0.31263917242470013,0.5701114315254974,0.43837370008318793,-0.6205306087736449,-0.18868792103634058,1.6058221163777102,-2.0128125979881224
1771888927073574912,21.687575101852417,0.14670734107494354,-0.042865607887506485,0.051242172718048096,0.9817529320716858,0.1871691197156906,0.0336003415286541,-0.002565920352935791,-0.0022631287574768066,-0.021179676055908203,0.3125427840590065,0.5702320311080983,0.43776203792619134,-0.6209000397093577,-0.1882795430995469,1.605007819221633,-2.014118947525982
1771888927083606016,21.697606086730957,0.12068586051464081,-0.037996016442775726,0.013246585614979267,0.9818099141120911,0.18700912594795227,0.03281845897436142,0.0008561015129089355,0.015658140182495117,-0.008694291114807129,0.312318214302652,0.5703368888131145,0.43717852511763905,-0.6213277708096615,-0.18811666642223143,1.6042103750354546,-2.0155717418505708
1771888927093636864,21.707637071609497,-0.03219911456108093,-0.023636654019355774,-0.04532058537006378,0.981769859790802,0.1872851699590683,0.0324382409453392,-0.021427452564239502,0.0678570419549942,0.04612922668457031,0.3121826068877834,0.5702485464584075,0.437076328066673,-0.6215487887934482,-0.18839768085782257,1.6038248889669702,-2.0159896766258174
1771888927103667968,21.717668056488037,-0.05101487785577774,0.0265817753970623,-0.056106388568878174,0.9816904664039612,0.18768513202667236,0.03252901881933212,-0.05192667245864868,0.06356608867645264,0.04835784435272217,0.31219392460219647,0.5700769843618906,0.4373519655848954,-0.6215066094665956,-0.18880486464926924,1.6039199262625905,-2.0154671454581536
1771888927113699072,21.727699279785156,-0.03290298581123352,0.01342269778251648,-0.04199562966823578,0.9816073775291443,0.18807928264141083,0.03276396542787552,0.017049968242645264,-0.0013574212789535522,-0.012546058744192123,0.3121347388918245,0.5699805454017501,0.43761188317647276,-0.6214419208409243,-0.1892061597908379,1.6041618121740684,-2.0150743050891826
1771888927123730176,21.737730264663696,-0.06705722957849503,-0.0350087508559227,-0.022282913327217102,0.98154616355896,0.188413605093956,0.03267562761902809,0.06227719783782959,-0.03288070857524872,-0.015982504934072495,0.31220602645973095,0.5697671537380967,0.4378392440407078,-0.6214416409705193,-0.18954656292056862,1.6040739907246515,-2.0145561018915026
1771888927133760000,21.74776005744934,-0.10014158487319946,-0.037417180836200714,-0.012027079239487648,0.9815202951431274,0.18860693275928497,0.032329197973012924,0.017564058303833008,-0.006935819983482361,0.01926076039671898,0.31248572135276753,0.5694285037829621,0.438081930110006,-0.6214402409046119,-0.1897434207373637,1.6037223030438608,-2.0137005410976605
1771888927143791104,21.75779128074646,-0.07097464799880981,-0.03737936541438103,0.0018482557497918606,0.9815181493759155,0.1886720210313797,0.03201296925544739,0.0035739541053771973,0.023333564400672913,0.0166015587747097,0.31281244634564215,0.5691187269331545,0.43830395784025505,-0.6214030931796094,-0.1898097119052514,1.6034005384035805,-2.0128076891076456
1771888927153822208,21.767822265625,-0.06787970662117004,-0.047435861080884933,0.007074177265167236,0.9815476536750793,0.1885875165462494,0.03160492330789566,0.002827286720275879,0.01565137505531311,0.0006674490869045258,0.31314344678882605,0.5688581010310354,0.4384095376102555,-0.6214005825304052,-0.1897236502408417,1.6029842777585979,-2.012124680318286
1771888927163853056,21.77785325050354,-0.09453022480010986,-0.05545490235090256,0.00820681918412447,0.9815642237663269,0.18856970965862274,0.031192945316433907,0.005023181438446045,-0.0022904425859451294,-0.0026589669287204742,0.3134885415938452,0.5685570665305422,0.43856508596288407,-0.6213923239421424,-0.189705518522401,1.6025644467474158,-2.011328866089154
1771888927173884160,21.78788423538208,-0.09370481967926025,-0.06203370913863182,0.013232470490038395,0.9815127849578857,0.18884974718093872,0.031115051358938217,0.012139439582824707,-0.01598300039768219,0.011655326932668686,0.3137475437401295,0.5682366038217639,0.43893585822136055,-0.6212928554634755,-0.1899906854234604,1.6024868303914186,-2.010256455842943
1771888927183915264,21.79791522026062,-0.06373892724514008,-0.058449894189834595,0.005378808826208115,0.9814499616622925,0.18919037282466888,0.031029149889945984,0.005122184753417969,0.003756999969482422,0.0037609320133924484,0.31393174251496975,0.5679404448286879,0.4392701056730661,-0.6212344390940608,-0.19033755885707476,1.602401418715706,-2.0093673008959936
1771888927193946112,21.80794620513916,-0.009539962746202946,-0.05299893766641617,0.00883985310792923,0.981489360332489,0.18907701969146729,0.03047090768814087,-0.006223857402801514,0.005960807204246521,-0.0031577348709106445,0.3141869574079539,0.5677223852983482,0.43923427378390006,-0.6213301084108119,-0.19022212714968798,1.6018319393009566,-2.0090671728597695
1771888927203976192,21.817976236343384,0.00400460883975029,-0.039568617939949036,-0.003960364498198032,0.9815574288368225,0.18880802392959595,0.02994624152779579,-0.01610320806503296,-0.0038104206323623657,-0.010887976735830307,0.3144055865231433,0.5676051437136227,0.43908714577226765,-0.6214307189431735,-0.189948198169574,1.6012957697881172,-2.00902422516795
1771888927214007040,21.828007221221924,-0.023046627640724182,-0.022685769945383072,-0.009008652530610561,0.9815633893013,0.1888071596622467,0.029752004891633987,-0.01792508363723755,-0.019663482904434204,-0.020077943801879883,0.31446988608765897,0.5675292622766274,0.4390746397326093,-0.6214762124090669,-0.18994732049016338,1.601097884292788,-2.008957685571786
1771888927224038144,21.838038206100464,-0.04368079826235771,-0.02364903688430786,-0.00038187531754374504,0.9815300703048706,0.1889875829219818,0.029703468084335327,-0.01004880666732788,-0.015418872237205505,-0.011072518303990364,0.31454794541597086,0.5673856726418833,0.4392325498472999,-0.6214561863593039,-0.19013104034666417,1.6010495071685287,-2.0085518088153327
1771888927234068992,21.848069190979004,-0.08102826029062271,-0.018114322796463966,-0.006266928277909756,0.9815151691436768,0.18907473981380463,0.02964349277317524,0.003851652145385742,-0.018847689032554626,-0.003520488739013672,0.3147423726671529,0.5671997251426997,0.4394385256079524,-0.621381930179144,-0.19021980916123457,1.600988915553082,-2.0078778913541897
1771888927244100096,21.858100175857544,-0.06829328835010529,-0.021489880979061127,-0.0008173019159585238,0.9815252423286438,0.18903298676013947,0.029579468071460724,0.001522362232208252,-0.01981295645236969,-0.006340261548757553,0.31501113331130903,0.5670182077325854,0.4396363113625405,-0.6212715650326976,-0.190177280244605,1.600923436392687,-2.007102998262374
1771888927254131200,21.868131160736084,-0.05666814744472504,-0.02815377339720726,0.0010961792431771755,0.9815587401390076,0.18885868787765503,0.02957434020936489,0.0017785429954528809,-0.01074288785457611,-0.002108577638864517,0.3152746582631867,0.5669088880550156,0.43977435450293983,-0.6211397968167619,-0.18999979585632268,1.6009171887805074,-2.0064408541470264
1771888927264162048,21.878162145614624,-0.03791256994009018,-0.03150269761681557,0.007674453780055046,0.9815648794174194,0.18885353207588196,0.029409805312752724,-0.006329774856567383,-0.02436375617980957,-0.0028289519250392914,0.31547657221525865,0.5667423148756076,0.4398955007235553,-0.6211036229923949,-0.18999453958427007,1.6007495283648772,-2.0059151792273417
1771888927274192128,21.888192176818848,-0.04055362939834595,-0.030826522037386894,0.009845995344221592,0.9815783500671387,0.1888243556022644,0.029145140200853348,-0.005366802215576172,-0.01388232409954071,0.0019675493240356445,0.3156841632461439,0.5665666252708305,0.43997139548448677,-0.6211046647444393,-0.18996482222481834,1.6004797228489553,-2.005468301812896
1771888927284222976,21.898223161697388,-0.03856850415468216,-0.03423963114619255,0.012825273908674717,0.9816129803657532,0.18869952857494354,0.028787095099687576,-0.003188788890838623,-0.004770025610923767,0.005682472139596939,0.31590700123008675,0.5664082980686994,0.43997180251387963,-0.6211355048762409,-0.18983770849221324,1.6001142425599357,-2.0051402048963425
1771888927294254080,21.908254146575928,-0.05707152560353279,-0.03930230066180229,0.019420325756072998,0.9816910028457642,0.18836188316345215,0.028330156579613686,0.00028836727142333984,-0.020316854119300842,0.005284905433654785,0.3162597262842096,0.5662377147202047,0.4399317323164438,-0.6211398424249036,-0.18949390608049832,1.5996468480040522,-2.0046880615580154
1771888927304284928,21.918285131454468,-0.06380905956029892,-0.04016862437129021,0.01757129281759262,0.9817667603492737,0.18802259862422943,0.027954520657658577,-0.004212439060211182,-0.008167266845703125,-0.002014636993408203,0.316665220741347,0.5660433181668627,0.43996843378955164,-0.6210844054930376,-0.18914845079619583,1.5992623247261533,-2.004008977857152
1771888927314316032,21.928316116333008,-0.014108970761299133,-0.042685046792030334,0.028026331216096878,0.9818562865257263,0.187609001994133,0.027591489255428314,0.0024272799491882324,0.00271393358707428,-0.003986116498708725,0.31698785069678237,0.5659429463150577,0.43989126594439415,-0.6210660684930552,-0.18872735731760737,1.5988902845158235,-2.003665676481819
1771888927324347136,21.938347101211548,-0.012776857241988182,-0.05455475300550461,0.027400221675634384,0.9819538593292236,0.18716740608215332,0.02711089886724949,0.021448850631713867,-0.01138615608215332,0.005619168281555176,0.3172608533744732,0.5658716130436766,0.4397098668503837,-0.6211200488407013,-0.18827779816228118,1.598398452026003,-2.0035954222786967
1771888927334377984,21.948378086090088,-0.020893283188343048,-0.06229802966117859,0.027893707156181335,0.9820349216461182,0.18682073056697845,0.0265655517578125,0.015371203422546387,-0.02550475299358368,0.0045928992331027985,0.3175443878653162,0.5657401098280002,0.4395689976956937,-0.6211947628990107,-0.1879248918937486,1.5978412651402276,-2.0034387328992076
1771888927344408064,21.95840811729431,-0.008105051703751087,-0.05383157357573509,0.023111466318368912,0.9821372032165527,0.1863562911748886,0.026038803160190582,-0.004247188568115234,-0.01576302945613861,0.0027545690536499023,0.3178557954185416,0.5656443936727067,0.43939255934645494,-0.6212474212915191,-0.18745215641916824,1.5973025060028634,-2.003301211136545
1771888927354438912,21.96843910217285,-0.008600044064223766,-0.04471916705369949,0.03247008100152016,0.9822155237197876,0.186001718044281,0.025613918900489807,-0.0020977258682250977,-0.014737069606781006,-0.005258679389953613,0.31808938706508316,0.5655706096836554,0.4392457682842814,-0.6212987986979588,-0.18709127437420586,1.5968681152597801,-2.0032256758065223
1771888927364470016,21.97847008705139,-0.026775851845741272,-0.048952262848615646,0.035415004938840866,0.9822932481765747,0.18563878536224365,0.02526441402733326,-0.005135655403137207,-0.028366446495056152,-0.015697121620178223,0.3183458760884187,0.5654962791179261,0.43914253430526645,-0.6213080724525283,-0.18672190846173561,1.5965104869521567,-2.0030308019966205
1771888927374500864,21.98850107192993,-0.02043699473142624,-0.037415314465761185,0.04103108122944832,0.9824033379554749,0.1850941926240921,0.02497999556362629,-0.016705095767974854,0.000544235110282898,-0.007157683372497559,0.3186711657655981,0.5654648025433483,0.439021132273375,-0.6212557917927977,-0.18616770418973363,1.59621828226989,-2.0027571777339515
1771888927384531968,21.99853205680847,-0.000980740413069725,-0.03408237174153328,0.04081536456942558,0.9824918508529663,0.18466773629188538,0.024646952748298645,0.001410067081451416,0.007669270038604736,0.002193210646510124,0.31891430846543245,0.565430772921762,0.438875286386853,-0.6212649530774599,-0.18573377759999918,1.595877230362431,-2.0026588979776014
1771888927394563072,22.00856328010559,-0.007737002335488796,-0.035694777965545654,0.03836711868643761,0.9825635552406311,0.1843346506357193,0.02427688241004944,0.015437424182891846,-0.010231897234916687,0.0019835196435451508,0.3191099554666606,0.56538269464096,0.4387263951830032,-0.621313367780864,-0.18539487408954913,1.5954989972674922,-2.0026425865495034
1771888927404594176,22.01859426498413,-0.03370628505945206,-0.029152991250157356,0.032209090888500214,0.9826689958572388,0.18379808962345123,0.024079367518424988,0.010113537311553955,-0.022039666771888733,0.0031728725880384445,0.3193982205181406,0.565387410783483,0.43860775180295164,-0.6212447758924258,-0.18484897464213007,1.5952954716395842,-2.00241644350929
1771888927414624000,22.028624057769775,-0.10408724099397659,-0.0023675833363085985,-0.04188377782702446,0.9827046394348145,0.18360444903373718,0.02410309575498104,-0.013969898223876953,0.07582546770572662,0.04613316059112549,0.31966696614452106,0.5652878165782481,0.43874962356854147,-0.6210969750151739,-0.18465198448167255,1.5953187144821723,-2.0017360440583207
1771888927424655104,22.038655281066895,-0.07427874952554703,0.014517123810946941,-0.06325165182352066,0.9825985431671143,0.18413183093070984,0.024406882002949715,-0.004006624221801758,0.15310266613960266,0.05956220626831055,0.3197583064775169,0.5650356946954334,0.4392472025496127,-0.6209277470877257,-0.18518852479896886,1.5956303390205848,-2.000673429368195
1771888927434686208,22.048686265945435,-0.041490525007247925,-0.0033332458697259426,-0.019292183220386505,0.9825226068496704,0.18451429903507233,0.02457411400973797,0.01109921932220459,0.03350329399108887,-0.0139998197555542,0.3197647435831809,0.5648864741380966,0.43953421781322244,-0.6208570788446385,-0.18557765814257277,1.595802358880666,-2.000133073064885
1771888927444717056,22.058717250823975,-0.12171478569507599,-0.028874026611447334,0.018124163150787354,0.9825335741043091,0.18446189165115356,0.02452450431883335,-0.0033161044120788574,-0.04933007061481476,-0.04138541221618652,0.32002542962663566,0.5647174685974471,0.43972313168361865,-0.6207426438367267,-0.18552433655298226,1.595751618499539,-1.9993834395108305
1771888927454748160,22.068748235702515,-0.19285856187343597,-0.037278562784194946,0.021087463945150375,0.9825769662857056,0.18423619866371155,0.02448105998337269,-0.018145322799682617,-0.029771506786346436,-0.0066435374319553375,0.32063078045735643,0.5643825590524993,0.4401282274229372,-0.6204476388739297,-0.18529470141665666,1.5957063299122234,-1.9976993070600357
1771888927464779264,22.078779220581055,-0.17894168198108673,-0.03507133573293686,0.0314844474196434,0.9826261401176453,0.1839725822210312,0.0244929026812315,-0.011114358901977539,0.005678877234458923,0.021039364859461784,0.32132728741432387,0.5640080891196134,0.4406147145531625,-0.6200825106786724,-0.18502649684312472,1.5957171285971805,-1.995720232891001
1771888927474810112,22.088810205459595,-0.1343006193637848,-0.04645781219005585,0.019258670508861542,0.9826827049255371,0.1836826354265213,0.02440505288541317,0.008513092994689941,0.005389049649238586,0.002480987459421158,0.3219236477273842,0.5637004571832087,0.4409584117003855,-0.6198086263166265,-0.1847315320616812,1.5956263528489751,-1.9941626400751402
1771888927484840192,22.09884023666382,-0.07031817734241486,-0.049876511096954346,0.007203074172139168,0.9827297329902649,0.18346869945526123,0.024112213402986526,0.004742741584777832,-0.020474329590797424,-0.012134077027440071,0.3223861987566119,0.5634216737783139,0.4411486413520458,-0.6196861885048406,-0.1845138901643966,1.5953273600797557,-1.9931048088802796
1771888927494871040,22.10887122154236,-0.03917526453733444,-0.037365783005952835,-0.0039427876472473145,0.982714831829071,0.18358521163463593,0.02383866347372532,-0.007861196994781494,-0.028845787048339844,0.0076707638800144196,0.322587073711046,0.5631838624291561,0.4412972570665501,-0.6196921394932946,-0.18463242110007333,1.5950495379280236,-1.9925335665842352
1771888927504902144,22.1189022064209,-0.042867206037044525,-0.028231404721736908,-0.017318248748779297,0.982653021812439,0.18393488228321075,0.02368782088160515,0.0017219781875610352,-0.02637261152267456,0.007699489593505859,0.32262276132228535,0.5629779450949288,0.4414745114142394,-0.619734395347723,-0.18498814455181542,1.59489764637195,-1.9921630902418934
1771888927514932992,22.12893319129944,-0.05321021005511284,-0.031320806592702866,-0.009431829676032066,0.9826191067695618,0.1841401606798172,0.023493830114603043,0.009934484958648682,-0.022442802786827087,-0.0018873251974582672,0.3227787700729146,0.5627443799505689,0.4416624022222591,-0.619731307498878,-0.1851969897792658,1.594701168220728,-1.9915859554860156
1771888927524964096,22.13896417617798,-0.028117641806602478,-0.022469256073236465,-0.0021134624257683754,0.9826376438140869,0.18407507240772247,0.023229040205478668,-0.002474069595336914,0.006446182727813721,-0.007375121116638184,0.3229984581965622,0.5625759983325304,0.4417270272045088,-0.6197237139563473,-0.18513076696839367,1.594431402121539,-1.9911370246751883
1771888927534995200,22.14899516105652,-0.01452833041548729,-0.016887404024600983,0.00020828144624829292,0.9826474785804749,0.18404297530651093,0.023070765659213066,0.0006288886070251465,0.016472771763801575,-0.010329723358154297,0.3231050136791212,0.5624899326084248,0.44174705270793296,-0.6197320521465834,-0.18509812195523484,1.5942701860498956,-1.990941495717643
1771888927545026048,22.15902614593506,-0.03587250038981438,-0.027191974222660065,0.01684584841132164,0.9826684594154358,0.1839464008808136,0.022945096716284752,0.013165891170501709,-0.004533544182777405,-0.006374001502990723,0.3232472260820529,0.5624124756346435,0.44177455287756257,-0.61970855577733,-0.18499985902660862,1.5941418694021772,-1.9906742426781827
1771888927555056128,22.169056177139282,-0.0416373535990715,-0.034407809376716614,0.024085383862257004,0.9827117919921875,0.18374402821063995,0.022712107747793198,0.003997802734375,-0.0013557225465774536,-0.001868605613708496,0.32347941468900127,0.5623018272854805,0.44178355483887477,-0.6196814700991734,-0.1847939885651041,1.5939038804008376,-1.9903049279642422
1771888927565086976,22.179087162017822,-0.010165717452764511,-0.033924710005521774,0.02755521982908249,0.9827680587768555,0.1834801882505417,0.022407256066799164,-0.005442559719085693,0.002158224582672119,-0.0071027278900146484,0.3237233983599766,0.562199203616387,0.4417416474730651,-0.6196769862461173,-0.18452558394942836,1.5935925239072555,-1.9900131801754666
1771888927575118080,22.189118146896362,-0.010661863721907139,-0.02975739724934101,0.023655548691749573,0.9828355312347412,0.1831529140472412,0.022125286981463432,-0.008622884750366211,-0.007936209440231323,0.0045166015625,0.3239076870456515,0.5621712243919343,0.441617659851092,-0.6196945101582869,-0.1841926669687078,1.5933042118728495,-1.9899637666587413
1771888927585148928,22.199149131774902,-0.021732890978455544,-0.023236380890011787,0.018558792769908905,0.9829330444335938,0.1826421320438385,0.022013923153281212,-0.00278472900390625,-0.015115872025489807,0.01562952995300293,0.32414764793063616,0.5622124084759936,0.44150217370396155,-0.6196139286242174,-0.183673119461368,1.593188740490343,-1.9898014571560843
1771888927595180032,22.209180116653442,-0.046689994633197784,-0.008904978632926941,-0.008634478785097599,0.9829905033111572,0.18234609067440033,0.021902959793806076,0.009837865829467773,0.017696648836135864,0.020257115364074707,0.3243819413808571,0.562161206049966,0.4415045392010777,-0.619536079525785,-0.1833720260258419,1.593074604888912,-1.9894335996413215
1771888927605211136,22.219211101531982,-0.060048144310712814,-0.005162970628589392,-0.01938512735068798,0.9829460978507996,0.18258914351463318,0.021867647767066956,0.02025824785232544,0.05070248246192932,0.02978336811065674,0.3244794163682457,0.5619770337383506,0.4417189573590691,-0.6194992288055873,-0.18361922725669005,1.5930397040850317,-1.988891505671969
1771888927615241984,22.229242086410522,-0.019890958443284035,-0.00751374289393425,-0.00426449766382575,0.9828990697860718,0.1828525960445404,0.021782727912068367,0.004527688026428223,0.04090230166912079,0.0029670000076293945,0.32453319730828456,0.5618071416035328,0.441886976011371,-0.6195053920676773,-0.18388718410724605,1.5929544129230444,-1.9885056113235233
1771888927625271040,22.23927116394043,-0.005393242463469505,-0.011456552892923355,0.009840934537351131,0.9829154014587402,0.1827772557735443,0.021681437268853188,-0.017400145530700684,0.00690479576587677,-0.016462920233607292,0.3246164316960885,0.5617659808008386,0.4418819994711577,-0.6195027058774699,-0.1838105523117056,1.592851044498742,-1.9883889164697985
1771888927635302144,22.24930214881897,-0.03085741400718689,-0.011748701333999634,0.020469076931476593,0.9829527139663696,0.18258656561374664,0.02159632369875908,-0.012218952178955078,-0.0042112767696380615,-0.007756588980555534,0.32475034780188156,0.56174299941956,0.44186306086032534,-0.6194668459895174,-0.18361660054175255,1.5927636605847066,-1.9882166155191499
1771888927645332992,22.25933313369751,-0.04847342520952225,-0.02267059125006199,0.02695520967245102,0.9829931855201721,0.1823885142803192,0.021427882835268974,0.008355200290679932,-0.007415935397148132,0.0058243293315172195,0.3249777655340655,0.5616437368695733,0.4418939405461044,-0.6194155675514953,-0.18341517242016878,1.5925914842249704,-1.9878105739363807
1771888927655364096,22.26936411857605,-0.028288617730140686,-0.02713298425078392,0.02497461438179016,0.9830536246299744,0.18207703530788422,0.021292852237820625,0.01477956771850586,-0.00390017032623291,0.0036400537937879562,0.32523709236346154,0.561577785452466,0.44190136579798417,-0.6193337740062984,-0.18309837822190828,1.5924528501978898,-1.9873945410774878
1771888927665394944,22.27939510345459,0.00986649189144373,-0.034019388258457184,0.017219755798578262,0.9831203818321228,0.18172849714756012,0.021191876381635666,0.010577738285064697,-0.00790037214756012,-0.003934144973754883,0.3254110481145519,0.5615947466857691,0.4418226781158571,-0.6192832463055628,-0.18274393023243216,1.5923487180538072,-1.9872686361339846
1771888927675426048,22.28942608833313,-0.0007785176858305931,-0.02808213420212269,0.01001057866960764,0.98311448097229,0.18177326023578644,0.021088851615786552,0.004587054252624512,-0.02227310836315155,0.0021808166056871414,0.3254097333653477,0.5615596723911866,0.44180896351341475,-0.6193256311458318,-0.1827894578160319,1.5922441018415867,-1.987301419472245
1771888927685456896,22.29945707321167,-0.03547045215964317,-0.02767733484506607,0.005117552354931831,0.9830437898635864,0.18214929103851318,0.021130727604031563,0.0010870695114135742,-0.03452052175998688,-0.004864811897277832,0.32533983747712597,0.5614469314457293,0.44197591189620733,-0.6193452938826275,-0.18317187338316418,1.5922882217759158,-1.9871054285540823
1771888927695486976,22.309487104415894,-0.07261888682842255,-0.02406582236289978,-0.0002713538706302643,0.9829789996147156,0.18251211941242218,0.021014299243688583,-0.0009385943412780762,-0.01475699245929718,-0.0061217546463012695,0.32542468229541865,0.5612052167537946,0.442216976479348,-0.6193477410850542,-0.18354087582345074,1.5921712479373062,-1.9865389332602608
1771888927705518080,22.319518089294434,-0.1096743792295456,-0.011166800744831562,-0.0052820914424955845,0.9829635620117188,0.18261626362800598,0.020832473412156105,-0.00067901611328125,0.008286446332931519,-0.002857685089111328,0.32571303799184753,0.5609243415766294,0.44247047360099007,-0.6192695721214959,-0.18364680283444035,1.5919866909211824,-1.985631650415184
1771888927715548928,22.329549074172974,-0.09712227433919907,-0.01091127097606659,0.002079418394714594,0.9829673171043396,0.18259188532829285,0.020860543474555016,-0.0015832185745239258,0.017649143934249878,-0.00428951159119606,0.32604246427205064,0.560704103076289,0.44276537833964086,-0.6190847382808554,-0.18362200873967477,1.5920151520087142,-1.9845721362804776
1771888927725580032,22.339580059051514,-0.06254006177186966,-0.014613863080739975,0.0008698105812072754,0.9829842448234558,0.1824919581413269,0.020942484959959984,0.001848459243774414,0.03425911068916321,-0.0035779494792222977,0.3263146271471262,0.5605670268426631,0.4429851592892499,-0.6189083161193041,-0.1835203766680924,1.592098110441898,-1.983737239653893
1771888927735610880,22.349611043930054,-0.03766365349292755,-0.02018279954791069,0.0160016268491745,0.9830134510993958,0.18234124779701233,0.020888693630695343,0.008777320384979248,0.023026809096336365,-0.001616835594177246,0.3265270148497888,0.560474671966994,0.44307165169470114,-0.6188180702141934,-0.18336709334891427,1.5920427806890614,-1.9832468115787518
1771888927745641984,22.359642028808594,-0.025831760838627815,-0.02325475588440895,0.026456661522388458,0.9830691814422607,0.182061105966568,0.02070114016532898,0.00045120716094970703,0.01138979196548462,-0.0015819091349840164,0.32675657386364426,0.5604077464462331,0.4430504796632145,-0.6187725391107001,-0.18308218866200016,1.5918508786266228,-1.9829321817956136
1771888927755672832,22.369673013687134,-0.02003663405776024,-0.019706493243575096,0.02123153954744339,0.9831538796424866,0.18162232637405396,0.020535578951239586,-0.006301522254943848,0.004595905542373657,-0.0013247746974229813,0.32699594183687564,0.5604087232124679,0.44295581311609633,-0.6187130567400894,-0.18263597289207836,1.5916807410053033,-1.982735097923198
1771888927765702912,22.379703044891357,0.003422086127102375,-0.019031114876270294,0.02027253806591034,0.9832611083984375,0.18106609582901,0.020318541675806046,-0.0031431913375854492,-0.007741495966911316,-0.00368642620742321,0.32724110883747204,0.5604505135223107,0.4427804117448405,-0.6186712218018778,-0.18207036280418282,1.5914578281864358,-1.9826785278422172
1771888927775734016,22.389734029769897,-0.039951663464307785,-0.007846105843782425,0.0037526823580265045,0.9833119511604309,0.1808054894208908,0.02017526514828205,-0.011418640613555908,-0.017063438892364502,0.01163923554122448,0.32741223687389337,0.5604233767121446,0.4427338607060928,-0.6186385027994888,-0.18180537013476078,1.5913111138914593,-1.9824999602810705
1771888927785764864,22.399765014648438,-0.039114098995923996,5.309656262397766e-05,-0.0031707375310361385,0.9832994341850281,0.18087376654148102,0.02017686888575554,-0.004478514194488525,-0.01925264298915863,0.010523797944188118,0.3275076589915798,0.5603245946394344,0.4428597784238977,-0.6185874065594629,-0.18187480326445415,1.5913130056326077,-1.9821195801797347
1771888927795795968,22.409795999526978,-0.04521362483501434,0.0014864099211990833,-0.011350104585289955,0.9832531213760376,0.1811186671257019,0.020228436216711998,0.0025560855865478516,-0.014157012104988098,0.013508794829249382,0.32755823368625947,0.5601859005509956,0.4430643009518626,-0.6185396500769382,-0.18212381197068925,1.5913663943869651,-1.9816638366605606
1771888927805826816,22.419826984405518,-0.03923216462135315,0.004900582600384951,-0.010636642575263977,0.9831728935241699,0.1815447062253952,0.020309513434767723,0.005245625972747803,-0.0022539645433425903,0.00975036434829235,0.3275480317873836,0.5600135879298286,0.44332779973640796,-0.618512312447055,-0.18255703501747228,1.5914505020801248,-1.9811954303709634
1771888927815857920,22.429857969284058,-0.01952601782977581,0.0011636349372565746,-0.005467447452247143,0.983116626739502,0.18184277415275574,0.020365362986922264,0.001212477684020996,0.006969437003135681,0.00029504112899303436,0.32753288628803257,0.5598985461413302,0.44350456524592624,-0.6184977539417196,-0.18286015344440468,1.5915084676266078,-1.980894105326168
1771888927825888768,22.439888954162598,-0.02547471970319748,0.0018227673135697842,-0.005822979379445314,0.9830842018127441,0.18201394379138947,0.020404836162924767,-0.0029358863830566406,0.011803194880485535,0.004390716552734375,0.32753500337436453,0.5598258468129632,0.4436185738283739,-0.6184807179055107,-0.18303422391227533,1.5915492857577866,-1.9806808052976759
1771888927835918848,22.44991898536682,-0.025930918753147125,0.002586694899946451,-0.006727122701704502,0.9830614328384399,0.18213075399398804,0.020463211461901665,-0.0005174875259399414,0.011976301670074463,0.005705595016479492,0.32756447850010717,0.5597609153799175,0.4437333921450982,-0.6184415490066576,-0.1831530107386549,1.591609122820813,-1.9804216803827315
1771888927845949952,22.45994997024536,-0.03553401306271553,-0.0021068602800369263,0.002892215270549059,0.9830734133720398,0.1820649802684784,0.02047520875930786,0.0005845427513122559,0.0070372074842453,0.0055104512721300125,0.32767490683663325,0.5597132042760803,0.4438003301015918,-0.6183782325128605,-0.1830861276761888,1.5916210672719218,-1.9801242068899076
1771888927855980800,22.4699809551239,-0.0453646257519722,-0.0031327095348387957,0.0006889821961522102,0.9831050634384155,0.1818758249282837,0.020632656291127205,0.0006443262100219727,0.003991484642028809,0.003522038459777832,0.32783630942446496,0.5597067256432429,0.4438971836287911,-0.6182289753589761,-0.18289376001524735,1.5917804810379677,-1.9796835436721965
1771888927866011904,22.48001194000244,-0.0339396670460701,-0.005035271868109703,0.0012154891155660152,0.9831439852714539,0.1816495656967163,0.020770426839590073,-0.004185855388641357,0.009329438209533691,0.008083939552307129,0.3280118872960397,0.5597037790054271,0.44397848252452643,-0.6180801221624046,-0.1826636634299254,1.5919197197275912,-1.9792499282920952
1771888927876043008,22.49004316329956,-0.024483848363161087,-0.0023089940659701824,0.006575632840394974,0.9831758141517639,0.18146075308322906,0.020908551290631294,-0.0017916560173034668,0.0009580403566360474,0.004222629591822624,0.32813134364290764,0.5597242011881971,0.44403051079075634,-0.6179607589994309,-0.18247166338300427,1.5920594618253554,-1.978958372626097
1771888927886074112,22.5000741481781,-0.020142894238233566,-0.007271794602274895,0.0045833224430680275,0.9831887483596802,0.18138214945793152,0.02098730206489563,0.00019443035125732422,-0.008393257856369019,0.007668733596801758,0.3282144086647422,0.5597119984358389,0.4440902267460059,-0.6178848298405579,-0.18239172552088215,1.5921392429194092,-1.978713785777944
1771888927896104960,22.51010513305664,-0.006962910294532776,0.003444498870521784,-0.004950528033077717,0.9831738471984863,0.1814604103565216,0.02100371941924095,-0.002644181251525879,0.0031709223985671997,0.0122604351490736,0.3282296807029575,0.5596681376770297,0.4441547426291025,-0.6178700180474966,-0.1824713124630072,1.5921562569709844,-1.978570848906848
1771888927906135040,22.520135164260864,-0.0022166245616972446,0.0015368764288723469,-0.007460024673491716,0.9831405878067017,0.18163460493087769,0.021056147292256355,0.0043929219245910645,-0.005151480436325073,0.009659765288233757,0.3281747439100949,0.5596368962703833,0.44422361268195293,-0.6178780016481024,-0.1826484526638409,1.5922102822240287,-1.9785293496745648
1771888927916166144,22.530166149139404,0.010513551533222198,0.0003733416087925434,-0.010046486742794514,0.9830997586250305,0.1818469911813736,0.021135037764906883,0.005852937698364258,-0.0013202279806137085,0.006010415032505989,0.32808876726333946,0.5596147594901453,0.4442958925690507,-0.6178918539915028,-0.18286443599732793,1.5922913810400179,-1.978529537557391
1771888927926196992,22.540197134017944,0.01955018937587738,0.0007890611886978149,-0.00978682842105627,0.9830691814422607,0.18200808763504028,0.02117147296667099,0.005441069602966309,0.0021807700395584106,-0.00196063332259655,0.3279679419237883,0.5596343548258439,0.4442917116668532,-0.6179412417715988,-0.18302826648537032,1.5923290944522104,-1.9787264710245285
1771888927936228096,22.550228118896484,0.022365061566233635,0.004398176912218332,-0.004326283000409603,0.9830455780029297,0.18213464319705963,0.021178731694817543,-0.0036600828170776367,-0.0034694522619247437,-0.010924814268946648,0.32785671740068084,0.5596582300072092,0.4442657211306472,-0.6179973278483354,-0.1831569654938181,1.592336991222656,-1.9789495929296557
1771888927946258944,22.560259103775024,0.002725847065448761,0.01164357177913189,-0.00178802409209311,0.9830174446105957,0.18227393925189972,0.02129017561674118,-0.011505484580993652,7.584691047668457e-06,-0.005085347220301628,0.32773938102093425,0.5596965853783537,0.4442801139856017,-0.6180145604272956,-0.1832986340122976,1.5924509237310798,-1.9791032383010543
1771888927956290048,22.570290088653564,-0.021869953721761703,0.011036505922675133,0.0017182938754558563,0.9830133318901062,0.18227306008338928,0.021472489461302757,-0.006145834922790527,0.004891186952590942,0.0033383332192897797,0.327731877700372,0.5597299639249927,0.4443406490086348,-0.6179445444565194,-0.18329774095750187,1.5926363920366058,-1.9789943761218836
1771888927966320896,22.580321073532104,-0.02913052961230278,0.012896990403532982,0.00450848788022995,0.9830294847488403,0.1821594536304474,0.021700209006667137,0.007296383380889893,-0.0005493760108947754,0.009839771315455437,0.3278085386581044,0.5597607465703934,0.44442998401914846,-0.6178117870449767,-0.18318221174049473,1.5928675721124532,-1.9786979028282248
1771888927976350976,22.590351104736328,-0.022654876112937927,0.009157245978713036,-0.0011826877016574144,0.9830276370048523,0.18213871121406555,0.02195550501346588,0.01233363151550293,0.0051781535148620605,0.006715772673487663,0.3278533058899975,0.5597766128697796,0.4445535923154265,-0.6176847289961271,-0.18316110218213957,1.5931271896716679,-1.97838774115738
1771888927986382080,22.600382089614868,0.003459014929831028,0.008288523182272911,-0.0050296238623559475,0.9830318093299866,0.18209390342235565,0.022140026092529297,0.004745841026306152,0.0047346800565719604,0.003738878294825554,0.3278594516891562,0.5598203876650657,0.4446022339783846,-0.6176067885643621,-0.18311554120028087,1.5933147058596755,-1.9782793687278486
1771888927996412928,22.610413074493408,0.018606098368763924,0.01065753772854805,-0.00866723619401455,0.9830283522605896,0.18209877610206604,0.02224847674369812,-0.0032311677932739258,0.0023188889026641846,0.0018298588693141937,0.3277937976252039,0.559881821149791,0.4445858576592312,-0.6175976426046701,-0.18312049742097236,1.5934250527332057,-1.978407205260456
1771888928006444032,22.62044405937195,0.016254527494311333,0.008643122389912605,-0.00275821378454566,0.9830145239830017,0.18216729164123535,0.022301755845546722,6.335973739624023e-05,-0.008919015526771545,-0.008874060586094856,0.3277079319439728,0.5599207380459943,0.4445668063541985,-0.617621710649615,-0.18319017296365397,1.5934795428467747,-1.9785751510993383
1771888928016474880,22.63047504425049,0.025836937129497528,0.008101968094706535,-0.0016948136035352945,0.9830150604248047,0.1821763515472412,0.02220907248556614,0.0032215118408203125,-0.002336248755455017,-0.0115736722946167,0.3276590274137718,0.55993782964436,0.44449315296041886,-0.6176852387476939,-0.1831993877853156,1.5933852938017083,-1.9787921379645408
1771888928026505984,22.64050602912903,0.0014847256243228912,0.005753593519330025,-0.00731621403247118,0.9830026030540466,0.182245671749115,0.022191425785422325,0.0006399750709533691,-0.0034736692905426025,-0.0019735097885131836,0.3275949674483066,0.5599499160761168,0.4444680013529431,-0.6177263757058415,-0.18326988480148587,1.5933676365788894,-1.9789403870303943
1771888928036536832,22.65053701400757,-0.01492735929787159,0.005822301842272282,-0.001410920638591051,0.9829839468002319,0.18233263492584229,0.02230340801179409,0.006777405738830566,-0.008489251136779785,-0.002161860466003418,0.32757576179241665,0.5599413626995194,0.44454175815139835,-0.617691215011221,-0.18335834130731124,1.593481929182893,-1.97883000688624
1771888928046566912,22.660567045211792,-0.009554165415465832,0.008512360975146294,-0.0036011042539030313,0.982979953289032,0.18233314156532288,0.022473178803920746,0.0026920437812805176,0.006479129195213318,-0.0045136213302612305,0.3275800195405697,0.5599637757076059,0.4446089964317809,-0.6176202465626736,-0.18335885622187398,1.5936546412023715,-1.9786913963865824
1771888928056598016,22.670598030090332,-0.007907888852059841,0.001117961946874857,0.0013110963627696037,0.9829685688018799,0.1823781132698059,0.022600652649998665,0.005419373512268066,0.003916412591934204,-0.003832342103123665,0.3275703808691095,0.5599696288483155,0.4446732965907768,-0.6175736669073387,-0.18340458363483966,1.5937845185371557,-1.9785821675800304
1771888928066628864,22.680629014968872,-0.017177021130919456,0.002644752152264118,0.0003819195553660393,0.9829618334770203,0.18240514397621155,0.022678228095173836,-3.647804260253906e-05,0.0024550557136535645,-0.0021551866084337234,0.3275823901358192,0.5599604912421607,0.44472841379563,-0.6175359143264232,-0.18343208043339862,1.5938635554534073,-1.9784583614314308
1771888928076659968,22.690659999847412,-0.010777887888252735,0.004171409178525209,0.00231217872351408,0.9829562306404114,0.1824260950088501,0.02275281399488449,-0.0016177892684936523,-0.0010143965482711792,0.0032939892262220383,0.32760234172135955,0.5599479134816375,0.44478617436920764,-0.6174951277016638,-0.18345339059770333,1.5939395259291718,-1.9783172561875664
1771888928086690816,22.700690984725952,-0.020506149157881737,0.00782792828977108,0.0012924540787935257,0.9829729199409485,0.18233837187290192,0.022733889520168304,-0.0003832578659057617,-0.002483054995536804,-0.0018904227763414383,0.32768340571796745,0.5599263623395743,0.44480266774601857,-0.6174597870348827,-0.1833641646596553,1.5939198901834788,-1.9781599419463067
1771888928096721920,22.710721969604492,-0.002723868004977703,0.0007515102624893188,-0.0007951976731419563,0.9829817414283752,0.18230189383029938,0.022649182006716728,-0.00033098459243774414,-0.00612388551235199,-0.004933714866638184,0.32774217848304693,0.5598877660228417,0.444803643043899,-0.617462973336885,-0.18332706424049566,1.5938335558278245,-1.9780698785294373
1771888928106752768,22.720752954483032,0.0031523974612355232,0.007340437266975641,-0.0010796233545988798,0.9829822182655334,0.1822957545518875,0.022677429020404816,-0.0016131997108459473,0.0018168091773986816,-0.0029478073120117188,0.327749315053587,0.5598896622127453,0.4448171316566321,-0.6174477434017752,-0.18332083389852638,1.5938622644920493,-1.9780324241281555
1771888928116782848,22.730782985687256,0.011392838321626186,0.0046949866227805614,0.002346266992390156,0.9829999804496765,0.1821957677602768,0.022710852324962616,0.005296528339385986,0.0005892813205718994,-0.0033779144287109375,0.32774539576918466,0.5599427780822955,0.4447690542187779,-0.6174362807657549,-0.18321913546347238,1.5938958316447063,-1.978124708927866
1771888928126813952,22.740813970565796,0.00621006079018116,0.00576770817860961,-0.0022950901184231043,0.9829911589622498,0.18224512040615082,0.022693460807204247,0.00040721893310546875,-0.004632845520973206,-0.0074652452021837234,0.32770623638889,0.5599459976204869,0.4447552244693455,-0.6174640346546438,-0.183269329115469,1.5938783550608577,-1.9782126935184976
1771888928136844800,22.750844955444336,-0.003600491676479578,-0.00037993304431438446,-0.002114793984219432,0.9829814434051514,0.18229646980762482,0.022702833637595177,0.0034992098808288574,-0.005370840430259705,-0.0028053540736436844,0.3276922400656254,0.5599342648797361,0.44477526475811063,-0.6174676812685046,-0.18332156005790762,1.5938881148326607,-1.9781977291277055
1771888928146875904,22.760875940322876,-0.005484677851200104,0.001879226416349411,-0.0023345048539340496,0.9829716086387634,0.18235085904598236,0.02269015461206436,0.0003504753112792969,0.005225419998168945,0.0002895575016736984,0.3276835498094013,0.5599139977685779,0.4447936512344808,-0.6174774163957613,-0.18337686779254725,1.593875452254041,-1.9781785162668173
1771888928156907008,22.770907163619995,-0.001436939463019371,-0.0020276308059692383,0.0029545328579843044,0.9829627275466919,0.18239173293113708,0.022750357165932655,0.0036858320236206055,0.001751333475112915,-0.003524303436279297,0.327672285925297,0.5599127338368012,0.44482907799862187,-0.6174590742974562,-0.18341843913480538,1.5939368741405433,-1.9781284839850057
1771888928166938112,22.780938148498535,-0.00967489555478096,-0.00028405943885445595,-0.0007906702812761068,0.9829677939414978,0.1823675036430359,0.022722981870174408,-0.0004239082336425781,-0.0006048232316970825,-0.0036799926310777664,0.3277045911212179,0.5598962779041836,0.44483440613217357,-0.6174529856999571,-0.18339379802046468,1.5939089203402592,-1.9780690529286615
1771888928176968960,22.790969133377075,0.0011601746082305908,-0.0030308435671031475,0.0021603782661259174,0.9829792380332947,0.18230921030044556,0.02269592322409153,0.0002665519714355469,0.0008572638034820557,0.00022280029952526093,0.3277442571172422,0.5598899926445209,0.4448271095505703,-0.6174428907987831,-0.18333451485297173,1.5938811382961362,-1.9780211010830715
1771888928186999040,22.8009991645813,-0.006522955372929573,0.0029383650980889797,-0.0005797480698674917,0.9829719662666321,0.18235185742378235,0.02266721799969673,-0.008637309074401855,0.0034696608781814575,0.0013654213398694992,0.3277397417543381,0.5598696063773453,0.44483663616185176,-0.6174568918188188,-0.1833778813966037,1.5938521227822624,-1.9780123157560519
1771888928197030144,22.81103014945984,-0.020048974081873894,-0.0003475761041045189,-0.001415980514138937,0.9829720258712769,0.1823534220457077,0.022655395790934563,-0.0035103559494018555,-0.005031034350395203,0.0037575960159301758,0.32777486195996675,0.5598418303827662,0.4448649485936317,-0.6174430996264212,-0.18337948341788815,1.5938400999457072,-1.9779057708209815
1771888928207060992,22.82106113433838,-0.02266419678926468,-0.0007366640493273735,0.0018298802897334099,0.982984721660614,0.18229305744171143,0.022592879831790924,0.006685078144073486,-0.004528164863586426,0.008870720863342285,0.32786747439987823,0.5597929880241762,0.4448912798888232,-0.6174192608541139,-0.18331809021966766,1.5937762404332616,-1.9777145103040832
1771888928217092096,22.83109211921692,-0.025881387293338776,-0.0023864922113716602,-0.0004923962987959385,0.9829897284507751,0.18226264417171478,0.02261480689048767,0.008923053741455078,-0.0033838897943496704,0.007887480780482292,0.3279571573213129,0.559745398401959,0.44496347351231036,-0.6173626502652865,-0.1832871469816468,1.5937984178469338,-1.977439294400938
1771888928227122944,22.84112310409546,-0.003947058226913214,-0.00474871601909399,-0.002270056400448084,0.9829793572425842,0.18231968581676483,0.022601453587412834,0.009986162185668945,0.004768267273902893,-0.0017885006964206696,0.32798388640947834,0.5596982663050936,0.4450152552756281,-0.6173537846536856,-0.18334515874917945,1.5937850821440014,-1.9773028921401794
1771888928237154048,22.851154088974,0.004532269202172756,0.0019905464723706245,0.0027199084870517254,0.9829795956611633,0.18232594430446625,0.022545944899320602,0.0018378496170043945,0.008714094758033752,-0.005669713020324707,0.32798945493075937,0.5596830935693854,0.44500315392792356,-0.6173734272964362,-0.18335152552602443,1.5937286354227909,-1.9773194048517606
1771888928247184896,22.86118507385254,0.007256416603922844,-0.0067709870636463165,0.005505308508872986,0.9829880595207214,0.18228965997695923,0.02246939390897751,-0.00012373924255371094,0.005912229418754578,-0.011254193261265755,0.3279991161081843,0.5596809880171288,0.44496279429100555,-0.6173992534045198,-0.18331462332375764,1.593650603610812,-1.9773818917993158
1771888928257214976,22.871215105056763,-0.003915544133633375,-0.006885502953082323,0.0168924517929554,0.9830114245414734,0.18216940760612488,0.022427406162023544,-0.0032750964164733887,0.003469035029411316,-0.0042389631271362305,0.3280446464432774,0.5596962981140307,0.444919944150762,-0.617392151631171,-0.18319233528808185,1.593607369664535,-1.977390600042171
1771888928267246080,22.881246089935303,-0.0059334211982786655,-0.009930294938385487,0.015224515460431576,0.9830350875854492,0.18204598128795624,0.022395052015781403,-0.002657771110534668,0.006995201110839844,0.004338385537266731,0.32811526642162764,0.5596964053819439,0.44490162922384674,-0.6173677652853109,-0.1830668002576874,1.5935739257785186,-1.977314143132359
1771888928277276928,22.891277074813843,0.0001522572711110115,-0.004732070956379175,0.025197520852088928,0.9830745458602905,0.18183374404907227,0.02238634042441845,0.003467261791229248,0.004338756203651428,0.003095865249633789,0.32819433714542695,0.5597341442971522,0.44484925341370246,-0.6173292374657928,-0.1828509669116485,1.5935641561203318,-1.97728518108872
1771888928287308032,22.901308059692383,0.00010298937559127808,-0.00850923266261816,0.020894918590784073,0.9831262230873108,0.18154996633529663,0.02241283841431141,0.007565855979919434,0.0038137733936309814,0.012606142088770866,0.3282861634852415,0.5598003382351501,0.44478084505477267,-0.6172695842956609,-0.18256237960522606,1.5935898960355581,-1.9772633169561145
1771888928297338880,22.911339044570923,0.02828243002295494,-0.010519519448280334,0.02496449276804924,0.9831756353378296,0.1812879741191864,0.022372566163539886,0.0005280971527099609,0.01501639187335968,0.013165118172764778,0.32834396546723776,0.5598711730384303,0.44466903757618464,-0.617255268296675,-0.1822959647150788,1.5935478120753233,-1.977378548010392
1771888928307369984,22.921370029449463,0.07443927228450775,-0.013538745231926441,0.027414605021476746,0.9832190871238708,0.18108348548412323,0.02211938053369522,-0.002795994281768799,0.017326563596725464,-0.0004214029759168625,0.3282928652467735,0.5599621645447002,0.4444120438925393,-0.6173849935330271,-0.18208804019510108,1.5932894322445879,-1.977942343139701
1771888928317400064,22.931400060653687,0.08833768218755722,-0.01632441207766533,0.018666118383407593,0.9832475781440735,0.1809651404619217,0.021811822429299355,-0.0014513731002807617,0.0030253231525421143,-0.014975907281041145,0.32813450865119714,0.5600829265130717,0.4440867327197048,-0.6175935663323886,-0.18196771162003833,1.5929761367650708,-1.978803033542984
1771888928327430912,22.941431045532227,0.055461227893829346,-0.015230385586619377,0.013344324193894863,0.9832682609558105,0.1808987855911255,0.021434931084513664,-0.002417922019958496,-0.018423154950141907,-0.019512293860316277,0.3280038580303115,0.5601495954922721,0.44379037464966736,-0.6178156178352872,-0.18190024407355596,1.5925925532871898,-1.979570896236669
1771888928337462016,22.951462030410767,0.006197633221745491,-0.012660834938287735,0.0016088378615677357,0.9832771420478821,0.18087950348854065,0.021183950826525688,-0.01138383150100708,-0.023164644837379456,-0.0007829666137695312,0.3279676900317502,0.5601460573040415,0.4436534343065948,-0.617936299601444,-0.181880634379117,1.5923372260135187,-1.9798911214959627
1771888928347492864,22.961493015289307,0.007952123880386353,-0.0062964120879769325,-0.005172102712094784,0.9832659959793091,0.18094439804553986,0.021147992461919785,-0.015828192234039307,-0.003332078456878662,-0.0006554126739501953,0.3279473509526022,0.5601259034140187,0.4436586171686711,-0.6179616290505663,-0.1819466081463246,1.5923009177911636,-1.9799157351929022
1771888928357523968,22.971524000167847,0.02455098368227482,-0.000835200771689415,-0.00543522322550416,0.9832503795623779,0.1810322105884552,0.02112610638141632,-0.003025650978088379,-0.0038928985595703125,-0.012581227347254753,0.3278772959007723,0.5601332747210287,0.4436369779135093,-0.6180077378620109,-0.1820358949137893,1.5922790107623872,-1.9800674219827112
1771888928367554816,22.981554985046387,0.026839973405003548,-0.00043892255052924156,-0.007745781913399696,0.9832322597503662,0.18112346529960632,0.021180016919970512,-0.0006120204925537109,-0.0022599399089813232,-0.0045784711837768555,0.3277623573210407,0.560182771440064,0.4436048589391084,-0.6180467825781423,-0.18212868568519022,1.5923342097371063,-1.9803048363867986
1771888928377585920,22.991585969924927,-0.014603785239160061,0.003180313389748335,-0.005401134490966797,0.9831855297088623,0.18135875463485718,0.021339500322937965,0.0029289722442626953,-0.012825414538383484,-0.004249691963195801,0.32763831920632425,0.5601899675171783,0.4436856439902899,-0.6180481134893868,-0.18236793954547,1.5924973688776114,-1.9803454394424678
1771888928387616000,23.00161600112915,-0.062259189784526825,-0.008937069214880466,-0.004405112471431494,0.9831453561782837,0.1815730333328247,0.021368522197008133,0.008889555931091309,-0.015374302864074707,-0.01802682876586914,0.3276759640210298,0.5600706362438952,0.4438526149520018,-0.6180164150711434,-0.18258583807216242,1.592527761145026,-1.9799796571767159
1771888928397646848,23.01164698600769,-0.10650947690010071,-0.013990550301969051,0.0006247996352612972,0.9831429123878479,0.18159186840057373,0.0213107168674469,0.0044362545013427734,-0.006710931658744812,-0.00974452868103981,0.32795228155563644,0.5598547566846697,0.44409234416906457,-0.6178930580478277,-0.18260498749391463,1.5924690460977804,-1.9791075483085294
1771888928407677952,23.02167797088623,-0.04501602053642273,-0.005272958893328905,0.006115705706179142,0.9831878542900085,0.18136276304721832,0.021195808425545692,-0.0007354617118835449,0.023639053106307983,-0.007493376731872559,0.3283132480115899,0.5596813448631115,0.4442462115318818,-0.617747942532188,-0.1823720214595216,1.5923512373475976,-1.9782614994806544
1771888928417708800,23.03170895576477,0.0016015497967600822,-0.006702677346765995,0.008227059617638588,0.9832422137260437,0.18107551336288452,0.021129896864295006,-0.007869899272918701,0.022705629467964172,-0.0005152225494384766,0.32846858916699867,0.5596894253764781,0.444198937416893,-0.6176920462969717,-0.18207992864764702,1.5922830425954508,-1.9781053427454007
1771888928427739904,23.04173994064331,0.023131344467401505,-0.0156096201390028,0.008569009602069855,0.9832605123519897,0.18099035322666168,0.02100408263504505,0.008926928043365479,0.0018404573202133179,0.005653021857142448,0.3284679010849128,0.5597092822853544,0.4441030971929073,-0.6177432922384001,-0.18199334094669078,1.592154744538626,-1.978287952762349
1771888928437771008,23.05177116394043,0.008784539066255093,-0.031428929418325424,0.012531793676316738,0.9832919836044312,0.18086403608322144,0.02062060497701168,0.025848031044006348,-0.008790671825408936,0.009240865707397461,0.3285346943111904,0.5596601087927269,0.44394916908598964,-0.6178630361241865,-0.18186490643195724,1.5917642409143078,-1.978483493047372
1771888928447802112,23.06180214881897,-0.025184080004692078,-0.0366993248462677,0.016526002436876297,0.9833232760429382,0.18073296546936035,0.020278409123420715,0.015578210353851318,-0.023124903440475464,0.013397695496678352,0.3286770312817638,0.5595650107800256,0.4438763379248637,-0.617925821156955,-0.18173164086872406,1.5914157267227729,-1.9784089940132144
1771888928457831936,23.071831941604614,0.003031844273209572,-0.03944491222500801,0.017402715981006622,0.983383059501648,0.1804497390985489,0.01989402063190937,0.0019685029983520508,-0.00955130159854889,0.0036350488662719727,0.32890761805577096,0.5594687400860946,0.44378118385404297,-0.6179586052120077,-0.1814436795970942,1.5910237517988937,-1.9782373339790604
1771888928467863040,23.081863164901733,0.07986457645893097,-0.030755016952753067,0.013939539901912212,0.9834489226341248,0.18015243113040924,0.019324854016304016,-0.010350167751312256,0.017464160919189453,-0.011146187782287598,0.3289886933273825,0.5594579546355534,0.44347404015594716,-0.6181456617742896,-0.18114140953183233,1.5904438832599004,-1.9786988079989511
1771888928477894144,23.091894149780273,0.07928675413131714,-0.026250280439853668,0.007868331857025623,0.9834844470024109,0.180013507604599,0.018810730427503586,-0.008691847324371338,0.009256541728973389,-0.02987336926162243,0.3288867163955641,0.5595151950994123,0.4431118498548323,-0.618407906562892,-0.18100018793475045,1.5899206117358815,-1.9795478387058116
1771888928487924992,23.101925134658813,0.0845148116350174,-0.014543022960424423,0.0082976333796978,0.9834643602371216,0.1801636815071106,0.018415292724967003,0.0007429122924804688,-0.00023202598094940186,-0.017347214743494987,0.3286712886410605,0.5595412322144323,0.44285579531262775,-0.6186821644889922,-0.18115286008151635,1.5895190598679938,-1.980376500711358
1771888928497956096,23.111956119537354,0.07310210168361664,-0.00928754173219204,-0.009171904996037483,0.9834223389625549,0.18041616678237915,0.01818263716995716,0.0029210448265075684,0.0008887648582458496,-0.0020693540573120117,0.32839494783687057,0.5595895561062482,0.44266335625435344,-0.6189228526265783,-0.1814095461815659,1.5892833635207952,-1.9811772713820206
1771888928507986944,23.121987104415894,0.06648334115743637,-0.0067705875262618065,-0.012140530161559582,0.9834001064300537,0.18055084347724915,0.018048452213406563,0.013487100601196289,-0.011376634240150452,-0.003094792366027832,0.3281713471737922,0.5596681722939502,0.44248815029673333,-0.6190956350450879,-0.18154647526411105,1.5891473786522725,-1.9818577750444895
1771888928518018048,23.132018089294434,0.030973639339208603,-0.0035289879888296127,-0.015033255331218243,0.9833922982215881,0.1805962473154068,0.018017996102571487,0.010763585567474365,-0.0097283273935318,-0.004178285598754883,0.32802170892291116,0.559749964662095,0.4423674663292845,-0.6191871870802926,-0.18159263977697282,1.5891165648044112,-1.982316121399751
1771888928528048128,23.142048120498657,0.030153654515743256,-0.0017691710963845253,-0.01667935587465763,0.9834038019180298,0.18052667379379272,0.018084734678268433,0.0048773884773254395,0.0034027695655822754,-0.0009186286479234695,0.3279501763323486,0.5598426526464356,0.4422878830857607,-0.6191981344788919,-0.18152189357393872,1.589184191119765,-1.982570777608052
1771888928538078976,23.152079105377197,0.045975226908922195,0.00185778783634305,-0.019177135080099106,0.9833846688270569,0.18063302338123322,0.018065454438328743,-0.009294092655181885,0.013733431696891785,-0.015059471130371094,0.3278015337197443,0.5598980183090972,0.4422068929344463,-0.6192846427949983,-0.18163001739097076,1.589164949551975,-1.9829547593862216
1771888928548110080,23.162110090255737,0.04901842027902603,0.003731055650860071,-0.015389054082334042,0.9833241105079651,0.1809777319431305,0.017916277050971985,-0.008653640747070312,0.0166693776845932,-0.005785584449768066,0.32755716711685207,0.5598944430390008,0.4421270758176524,-0.6194741775775796,-0.18198051483142366,1.5890144251270673,-1.9834951739086604
1771888928558140928,23.172141075134277,0.03493926674127579,0.0012821457348763943,-0.007789989933371544,0.983290433883667,0.18119284510612488,0.01758238673210144,0.005036592483520508,-0.00611346960067749,-0.0011792182922363281,0.3274108690594116,0.559850467789478,0.4419939443806706,-0.6196861988260597,-0.1821992309072818,1.5886755938894879,-1.9839868370055702
1771888928568172032,23.182172060012817,0.016855869442224503,-0.0036401750985533,-0.008348189294338226,0.9832823276519775,0.18125639855861664,0.01737602986395359,0.001931905746459961,-0.002820119261741638,0.0026282072067260742,0.3273485280998023,0.5598343667770892,0.44189760861784744,-0.6198023039561554,-0.18226386289062513,1.5884659427676027,-1.9842716612337534
1771888928578202880,23.192203044891357,-0.010151602327823639,-0.006738896481692791,-0.012052113190293312,0.9832664132118225,0.18134957551956177,0.01730586402118206,0.00515216588973999,-0.0035083889961242676,0.0005316734313964844,0.32731721398336344,0.5598039617242176,0.4418964316051926,-0.6198471834894039,-0.1823586038172824,1.588394890514424,-1.9843272465484958
1771888928588233984,23.202234029769897,-0.01298227533698082,-0.01124523114413023,-0.00668717548251152,0.9832764863967896,0.181305393576622,0.017195530235767365,0.007125735282897949,-0.01309250295162201,0.001084446907043457,0.3273966265543198,0.5597500887553459,0.4419022550773471,-0.6198497112911047,-0.1823136771791238,1.5882825349608676,-1.9841966492069618
1771888928598264064,23.21226406097412,0.007640267722308636,-0.007125454023480415,-0.01793104037642479,0.9832778573036194,0.1813107281923294,0.0170588456094265,-0.00195467472076416,-0.0035000890493392944,0.001755235716700554,0.32742777874216084,0.5597042947662539,0.4418829313470953,-0.6198883874923703,-0.1823191058089082,1.5881435430541546,-1.9841897209841353
1771888928608294912,23.22229504585266,0.043467506766319275,-0.01618339866399765,-0.013645748607814312,0.9832488298416138,0.18147973716259003,0.016927022486925125,0.0022093653678894043,0.004036560654640198,-0.0003254450857639313,0.327333217345819,0.5596752549063342,0.44184513154892224,-0.619991379927325,-0.18249097137251824,1.5880100266971868,-1.984415126342327
1771888928618326016,23.2323260307312,0.05731399357318878,-0.013274160213768482,-0.016475889831781387,0.9832037091255188,0.18175837397575378,0.01656915806233883,-0.002094089984893799,-0.002757519483566284,-0.0001964569091796875,0.3271459528466654,0.5596279670958688,0.4417025216899713,-0.6202346486109171,-0.18277430923552473,1.5876469450896993,-1.9849906165216664
1771888928628357632,23.24235773086548,0.06565554440021515,-0.01762549951672554,-0.01354960910975933,0.9831482768058777,0.18208521604537964,0.016265328973531723,-0.0016571879386901855,-0.006563350558280945,-0.011275649070739746,0.3269095957384103,0.559602128882862,0.4415632706500107,-0.6204816604858866,-0.18310669955195108,1.5873389442691694,-1.9856344546176887
1771888928638388736,23.25238871574402,0.056913718581199646,-0.01939610205590725,-0.010057938285171986,0.9831458926200867,0.18212439119815826,0.01596968062222004,0.00154954195022583,-0.0037948936223983765,0.0013948678970336914,0.326763501490902,0.5596423921051923,0.4413448007764498,-0.620677758156082,-0.18314654223170432,1.5870383472984748,-1.986278848503555
1771888928648419584,23.26241970062256,0.047995857894420624,-0.016601115465164185,-0.0053127179853618145,0.9831409454345703,0.1821705847978592,0.015747802332043648,0.005415081977844238,-5.69075345993042e-05,0.008666278794407845,0.3266387460793943,0.5596756886944849,0.44117686283233765,-0.6208327735585083,-0.18319352077135953,1.5868128046638992,-1.9867934621707575
1771888928658450688,23.2724506855011,0.04525946080684662,-0.02180572971701622,0.0005989670753479004,0.983149528503418,0.18214546144008636,0.015495078638195992,0.007084846496582031,-0.0022138208150863647,0.0073168277740478516,0.32654663303172254,0.55971284442146,0.44098647506818583,-0.620982929559914,-0.1831679695974575,1.5865556750620253,-1.98729859337145
1771888928668480512,23.282480716705322,0.04177870601415634,-0.028931550681591034,-0.002436503767967224,0.9831762313842773,0.18202553689479828,0.01520488876849413,0.0027399063110351562,-0.007175073027610779,0.0003285408020019531,0.3265165175097319,0.5597425262217978,0.4407842426742034,-0.6211155584060194,-0.18304601542794907,1.5862601629266317,-1.9877289587631959
1771888928678511616,23.292511701583862,0.03519679233431816,-0.022964471951127052,-0.0005139678250998259,0.9831818342208862,0.18202099204063416,0.014904859475791454,-0.00437617301940918,-0.005797192454338074,-0.0038422327488660812,0.32648112746179847,0.5597226408803612,0.44063930241310023,-0.6212550129206215,-0.18304139014367932,1.5859549851926629,-1.988064412147614
1771888928688542720,23.302542686462402,0.05203036963939667,-0.027211414650082588,-0.001809063134714961,0.9831798076629639,0.18205904960632324,0.014570598490536213,-0.003977417945861816,-0.002569854259490967,-0.00840604119002819,0.3264018868146462,0.5597092591010581,0.4404666212045394,-0.6214311545503768,-0.18308008888493119,1.5856151132001042,-1.988521293742853
1771888928698573568,23.312573671340942,0.05890575796365738,-0.019859492778778076,-0.0014814944006502628,0.9831874966621399,0.18204355239868164,0.014236541464924812,-0.004137814044952393,-0.004583835601806641,0.0021361112594604492,0.3263097243049151,0.5597288841464777,0.4402520267912748,-0.6216138448827132,-0.18306433461988053,1.585275301629144,-1.989074370361647
1771888928708604672,23.322604656219482,0.07371373474597931,-0.02010982856154442,-0.006348687224090099,0.9831943511962891,0.18203765153884888,0.013830169104039669,0.0046291351318359375,-0.006058022379875183,0.0037631988525390625,0.32618623709346695,0.5597548326721392,0.43998819514618015,-0.6218420137678912,-0.1830583252489828,1.5848619663198134,-1.98977019228998
1771888928718635520,23.332635641098022,0.0914493277668953,-0.019440043717622757,-0.006777190137654543,0.9831869006156921,0.1821017861366272,0.013516298495233059,0.007795274257659912,-0.013446345925331116,-0.0012940149754285812,0.3259744433517637,0.5598263141053804,0.4397188275684034,-0.6220792598183863,-0.18312355335241326,1.584542896719605,-1.990610987046746
1771888928728666624,23.342666625976562,0.09025489538908005,-0.024770362302660942,0.0002671373076736927,0.9831826090812683,0.1821451038122177,0.013236167840659618,0.0029929280281066895,-0.010544776916503906,-0.0014563798904418945,0.3257520799300444,0.5599196263316044,0.43944066275311927,-0.6223082135510274,-0.18316760866910195,1.5842580873203007,-1.9914822020796237
1771888928738696448,23.352696657180786,0.08474091440439224,-0.025408053770661354,-0.002326248912140727,0.9831859469413757,0.18215064704418182,0.012910652905702591,-0.0007488131523132324,0.00394555926322937,0.001371622085571289,0.3255418564463358,0.5600138195479459,0.4391353419599331,-0.6225489799548487,-0.18317324255684672,1.5839270184017482,-1.9923857585867588
1771888928748727552,23.362727642059326,0.09665003418922424,-0.031194837763905525,0.007412398234009743,0.98320472240448,0.18207697570323944,0.012508814223110676,0.001139819622039795,0.005682423710823059,0.006991984322667122,0.3253802386063972,0.5600966302487626,0.4388008338915541,-0.622794774621452,-0.18309833085510333,1.5835181319479377,-1.9932688500883193
1771888928758758656,23.372758626937866,0.14500567317008972,-0.029911328107118607,0.011547221802175045,0.9832341074943542,0.18195411562919617,0.01198229193687439,-0.000491797924041748,0.02486354112625122,0.009929299354553223,0.3251665162701524,0.5602177851718745,0.4383459581303118,-0.6231176900602977,-0.18297337162524213,1.582982334963994,-1.9944586287182453
1771888928768789504,23.382789611816406,0.22231537103652954,-0.03997274860739708,0.021637141704559326,0.9832708835601807,0.1818021684885025,0.011236279271543026,0.00038689374923706055,0.02725847065448761,-0.005514265038073063,0.3248043255653774,0.5604202069390767,0.43766120607341275,-0.6236056207068955,-0.18281884509761617,1.5822232798048708,-1.9963099421421366
1771888928778820864,23.392820835113525,0.27201148867607117,-0.04322792962193489,0.024268075823783875,0.9833241105079651,0.1815629005432129,0.010425956919789314,0.008558213710784912,0.02057027816772461,-0.0022624731063842773,0.3242658514114965,0.5607731051213612,0.4367453525533967,-0.6242104671703459,-0.1825755386990524,1.5813986971013536,-1.9988597610242484
1771888928788851712,23.402851819992065,0.2800094783306122,-0.06456677615642548,0.0216057151556015,0.9833806753158569,0.18130987882614136,0.009440538473427296,0.014849245548248291,0.008112713694572449,0.009419321082532406,0.3236870003879669,0.5611293682916454,0.43572250464322543,-0.624905120697303,-0.18231824863667737,1.5803961170687875,-2.0016731018291725
1771888928798882816,23.412882804870605,0.2793402373790741,-0.07869737595319748,0.0159347802400589,0.9834458827972412,0.18101458251476288,0.008247137069702148,0.010618448257446289,-0.0031581372022628784,0.01818108558654785,0.323154618197052,0.5614349825077325,0.4346427604076544,-0.6256577194905165,-0.18201797721629426,1.5791820898200433,-2.004523823117848
1771888928808912640,23.42291283607483,0.275835245847702,-0.08712121844291687,0.01170381624251604,0.9834955334663391,0.18079762160778046,0.007004440762102604,0.0046790242195129395,-0.00016404688358306885,0.024047255516052246,0.3226190717108132,0.5616967934768042,0.4335884368899359,-0.6264302484619063,-0.18179738411520827,1.5779181918504508,-2.0073334506797766
1771888928818943744,23.43294382095337,0.34657609462738037,-0.1097441092133522,-0.0022716540843248367,0.9835021495819092,0.1808120757341385,0.005546899978071451,0.007541060447692871,0.013615459203720093,0.010306954383850098,0.32195691359780715,0.5619049457840692,0.4324769149979555,-0.6273519045524028,-0.18181206621540066,1.5764362142538755,-2.0104548332126018
1771888928828974848,23.44297480583191,0.4404197633266449,-0.12962140142917633,-0.01312456838786602,0.9834891557693481,0.1809266209602356,0.003810408990830183,0.01153641939163208,0.025387465953826904,0.015354633331298828,0.32105135870970114,0.5621850855858432,0.43110687085113736,-0.6285067929830225,-0.1819285413016187,1.5746706856572712,-2.014435832009691
